zone_id,centre_lat,centre_lon,n_nodes,n_edges,avg_degree,max_bc,mean_bc,p95_bc,p99_bc,tier1_count,tier2_count,art_point_count,master_node_id,master_lon,master_lat,master_degree,compute_time_s
Zone_DH378,23.90035,90.34637,11,10,1.818,0.711111,0.240404,0.611111,0.691111,1,0,7,5659977682,90.339468,23.896189,3,0.01
Zone_DH860,23.83475,90.47515,93,108,2.323,0.705447,0.104082,0.426135,0.485227,1,4,41,9810348266,90.475688,23.835922,4,0.05
Zone_DH112,23.70794,90.28353,25,26,2.08,0.695652,0.175507,0.452899,0.637391,1,2,14,5063631501,90.284997,23.705469,3,0.01
Zone_DH793,23.85807,90.46528,39,42,2.154,0.692745,0.135427,0.468279,0.618151,1,1,20,10027933284,90.456351,23.862741,4,0.02
Zone_DH762,23.88828,90.44934,33,33,2.0,0.679435,0.156891,0.479435,0.623952,1,1,18,4584044744,90.445841,23.884788,3,0.02
Zone_DH722,23.84997,90.44307,64,66,2.062,0.673835,0.138657,0.451382,0.55319,1,3,36,1795949177,90.437229,23.849023,3,0.03
Zone_DH801,23.92897,90.46245,70,80,2.286,0.670929,0.110833,0.458142,0.5374,1,3,27,262298349,90.452876,23.930105,4,0.03
Zone_DH344,23.90491,90.32781,52,61,2.346,0.669804,0.128763,0.441412,0.576204,1,2,23,11175810444,90.32815,23.89957,3,0.03
Zone_DH758,23.85983,90.45173,58,63,2.172,0.669173,0.124924,0.457707,0.558816,1,2,31,10027933284,90.456351,23.862741,4,0.02
Zone_DH389,23.68547,90.36346,33,34,2.061,0.667339,0.157625,0.493952,0.615726,1,1,19,3514169474,90.365643,23.686504,3,0.02
Zone_DH851,23.74489,90.47859,10,9,1.8,0.666667,0.269444,0.591667,0.651667,1,0,6,4876062275,90.477022,23.742463,3,0.01
Zone_DH300,23.83299,90.3212,27,30,2.222,0.661538,0.169117,0.494462,0.618338,1,1,13,2428929752,90.320159,23.833717,3,0.01
Zone_DH835,23.92046,90.46888,19,19,2.0,0.660131,0.180599,0.518954,0.631895,1,0,9,13545891986,90.468259,23.919133,3,0.01
Zone_DH194,23.81807,90.29653,58,66,2.276,0.659148,0.133221,0.441447,0.574505,1,2,27,3521871388,90.291165,23.818849,3,0.02
Zone_DH072,23.6608,90.27906,14,13,1.857,0.653846,0.188645,0.620513,0.647179,1,0,6,2447912561,90.280113,23.662369,3,0.01
Zone_DH417,23.93695,90.35826,39,39,2.0,0.652916,0.154101,0.51266,0.60643,1,1,24,4982112263,90.364877,23.934241,3,0.02
Zone_DH816,23.75044,90.47126,60,62,2.067,0.648743,0.107111,0.467446,0.58495,1,2,37,4882919231,90.470903,23.753229,3,0.02
Zone_DH107,23.66589,90.28344,25,25,2.0,0.648551,0.157101,0.554348,0.625942,1,2,13,6639105371,90.282966,23.666803,3,0.01
Zone_DH142,23.66913,90.28916,29,31,2.138,0.648148,0.141215,0.543386,0.634815,1,1,14,2447912687,90.290554,23.670266,3,0.01
Zone_DH338,23.85563,90.3367,47,52,2.213,0.646377,0.122705,0.426087,0.580155,1,2,26,5779152842,90.334244,23.854026,3,0.02
Zone_DH779,23.73191,90.46386,144,160,2.222,0.642076,0.087979,0.37582,0.523341,2,6,73,4887564547,90.459584,23.732393,3,0.09
Zone_DH120,23.78811,90.2741,28,29,2.071,0.641026,0.156085,0.426068,0.584872,1,1,17,5202869820,90.271016,23.792245,3,0.01
Zone_DH377,23.88895,90.33804,14,13,1.857,0.641026,0.215201,0.616026,0.636026,1,0,8,5659977682,90.339468,23.896189,3,0.01
Zone_DH317,23.66574,90.34008,58,66,2.276,0.639724,0.101277,0.29599,0.569367,1,2,29,3513305471,90.341117,23.666319,4,0.02
Zone_DH768,23.9422,90.45188,10,9,1.8,0.638889,0.230556,0.638889,0.638889,2,0,5,9977276288,90.449039,23.943967,3,0.01
Zone_DH011,23.74603,90.25618,17,17,2.0,0.633333,0.192157,0.586667,0.624,1,0,10,5061702744,90.253341,23.742265,3,0.01
Zone_DH387,23.66372,90.36104,99,119,2.404,0.627183,0.112125,0.383779,0.503059,1,4,40,3513305314,90.36136,23.66174,3,0.05
Zone_DH106,23.65886,90.27811,15,14,1.867,0.626374,0.189744,0.610989,0.623297,1,0,7,2447912561,90.280113,23.662369,3,0.01
Zone_DH837,23.93567,90.47037,34,36,2.118,0.625,0.136921,0.518182,0.59625,1,1,18,2251011111,90.469622,23.934906,3,0.01
Zone_DH761,23.88267,90.44932,118,125,2.119,0.623342,0.088964,0.400759,0.503148,2,4,62,3716295770,90.4452,23.881297,3,0.07
Zone_DH076,23.69947,90.27671,13,13,2.0,0.621212,0.219114,0.566667,0.610303,1,0,7,5061643263,90.277484,23.697939,3,0.01
Zone_DH820,23.79057,90.4685,18,19,2.111,0.617647,0.189542,0.586397,0.611397,1,0,9,4920104523,90.46784,23.784913,4,0.01
Zone_DH424,23.68743,90.37081,75,81,2.16,0.616438,0.116298,0.519659,0.561096,1,3,39,3514169345,90.37508,23.679732,3,0.04
Zone_DH147,23.70596,90.28956,37,40,2.162,0.612698,0.151223,0.460635,0.558413,1,1,20,5092665809,90.288319,23.703865,3,0.02
Zone_DH380,23.91647,90.35267,72,81,2.25,0.61006,0.11191,0.456922,0.525203,1,3,25,2596205112,90.353557,23.916239,3,0.03
Zone_DH547,23.84936,90.39542,111,118,2.126,0.608674,0.122067,0.493078,0.520767,2,4,57,4439972705,90.387293,23.841679,3,0.07
Zone_DH381,23.92284,90.35115,23,22,1.913,0.606061,0.140975,0.587879,0.603203,1,1,8,4976722527,90.353088,23.918635,4,0.01
Zone_DH159,23.8178,90.28793,64,76,2.375,0.605223,0.117015,0.452509,0.55619,1,3,24,3521871388,90.291165,23.818849,3,0.03
Zone_DH009,23.73211,90.2591,15,16,2.133,0.604396,0.183883,0.489011,0.581319,1,0,9,5096827668,90.260719,23.732665,3,0.02
Zone_DH189,23.7732,90.3025,112,134,2.393,0.604095,0.10657,0.431925,0.472881,2,4,37,5065549599,90.30179,23.769228,3,0.06
Zone_DH279,23.94626,90.31336,49,56,2.286,0.602837,0.112715,0.378014,0.548369,1,2,19,130022442,90.313246,23.94712,4,0.02
Zone_DH850,23.73737,90.47791,20,19,1.9,0.602339,0.187427,0.580117,0.597895,1,0,10,4876062501,90.476026,23.738154,3,0.01
Zone_DH419,23.94752,90.35646,24,24,2.0,0.600791,0.211792,0.527273,0.584427,1,1,14,4982501909,90.35896,23.948224,3,0.01
Zone_DH080,23.73661,90.27178,82,98,2.39,0.600617,0.089676,0.3475,0.513867,1,4,30,5097054880,90.273128,23.732944,4,0.04
Zone_DH297,23.7947,90.32254,17,17,2.0,0.6,0.231373,0.58,0.596,1,0,11,4939922259,90.322723,23.790367,3,0.01
Zone_DH315,23.65303,90.34735,22,22,2.0,0.6,0.191991,0.564762,0.593,1,1,13,7874589862,90.350695,23.652307,3,0.01
Zone_DH869,23.91032,90.47305,11,11,2.0,0.6,0.228283,0.566667,0.593333,1,0,5,7876452667,90.471371,23.909008,3,0.01
Zone_DH723,23.85886,90.44143,109,117,2.147,0.598996,0.099554,0.403081,0.462575,2,4,55,10027894591,90.438691,23.862744,3,0.06
Zone_DH728,23.90269,90.43806,39,40,2.051,0.59744,0.120108,0.49559,0.585007,1,1,21,3523412796,90.437985,23.906795,3,0.03
Zone_DH383,23.94471,90.35143,20,20,2.0,0.596491,0.18655,0.518713,0.580936,1,0,10,4977164727,90.352445,23.946155,3,0.01
Zone_DH133,23.90075,90.27459,237,281,2.371,0.595348,0.057737,0.24158,0.348065,3,9,85,2987350985,90.2722,23.889695,3,0.23
Zone_DH388,23.67538,90.3637,29,32,2.207,0.595238,0.170772,0.47619,0.566349,1,1,14,5063447834,90.369769,23.674556,3,0.01
Zone_DH108,23.67595,90.28435,21,21,2.0,0.594737,0.173434,0.573684,0.590526,1,2,11,6639105371,90.282966,23.666803,3,0.01
Zone_DH217,23.70971,90.31292,32,31,1.938,0.593548,0.202083,0.529677,0.578882,1,1,19,4464362716,90.321325,23.709162,3,0.01
Zone_DH795,23.87612,90.46193,46,49,2.13,0.591919,0.126614,0.454293,0.536465,1,2,21,4921527658,90.462361,23.882079,3,0.02
Zone_DH798,23.90493,90.46616,28,28,2.0,0.586895,0.166667,0.523932,0.57151,1,1,15,6638525235,90.471252,23.901006,3,0.01
Zone_DH836,23.92931,90.4696,28,29,2.071,0.586895,0.151201,0.548718,0.577664,1,1,14,2251011111,90.469622,23.934906,3,0.01
Zone_DH351,23.65721,90.35264,76,88,2.316,0.586667,0.114998,0.463604,0.547477,1,3,30,7874589862,90.350695,23.652307,3,0.04
Zone_DH191,23.79251,90.29865,197,249,2.528,0.58561,0.080799,0.372444,0.501363,2,8,66,9702608427,90.299045,23.793132,4,0.17
Zone_DH627,23.93691,90.40995,120,138,2.3,0.58439,0.08301,0.368295,0.452044,2,4,46,3523413528,90.409214,23.936397,3,0.06
Zone_DH079,23.73135,90.27078,67,76,2.269,0.584149,0.098501,0.471841,0.574918,1,3,28,5097054880,90.273128,23.732944,4,0.03
Zone_DH379,23.91438,90.35368,82,99,2.415,0.583025,0.112568,0.473519,0.538275,1,4,23,2596205112,90.353557,23.916239,3,0.04
Zone_DH595,23.65514,90.41356,80,98,2.45,0.582928,0.093407,0.267705,0.52421,1,3,32,5097254620,90.415073,23.658294,3,0.07
Zone_DH251,23.70239,90.31974,42,47,2.238,0.582927,0.131446,0.492439,0.546927,1,2,20,3470677002,90.31942,23.701866,3,0.02
Zone_DH382,23.93824,90.35154,15,14,1.867,0.582418,0.238095,0.551648,0.576264,1,0,8,4977164568,90.350935,23.938663,3,0.01
Zone_DH729,23.91071,90.44187,53,54,2.038,0.582202,0.109963,0.473756,0.579457,1,2,28,3523412718,90.445807,23.905974,3,0.03
Zone_DH262,23.79486,90.31407,59,62,2.102,0.581367,0.140915,0.509195,0.56663,1,2,32,3270375091,90.309362,23.790864,3,0.02
Zone_DH794,23.86681,90.46169,44,48,2.182,0.580288,0.137647,0.510963,0.570764,1,2,24,10027933284,90.456351,23.862741,4,0.02
Zone_DH848,23.71933,90.47703,42,44,2.095,0.578049,0.152875,0.509756,0.559049,1,2,26,11113026243,90.474586,23.716998,3,0.02
Zone_DH796,23.88304,90.46221,46,49,2.13,0.577778,0.1287,0.436869,0.522323,1,2,22,4921527658,90.462361,23.882079,3,0.02
Zone_DH834,23.91223,90.46952,28,31,2.214,0.575499,0.160053,0.523219,0.567037,1,1,13,7876452667,90.471371,23.909008,3,0.01
Zone_DH489,23.94741,90.37751,48,53,2.208,0.575393,0.175725,0.521415,0.554958,1,2,24,5002493382,90.38188,23.946974,3,0.02
Zone_DH826,23.84031,90.47403,257,322,2.506,0.575306,0.062161,0.265012,0.499153,3,10,68,9810348266,90.475688,23.835922,4,0.25
Zone_DH759,23.86614,90.45103,83,88,2.12,0.574526,0.119782,0.50265,0.527859,1,4,45,10027933284,90.456351,23.862741,4,0.04
Zone_DH185,23.7349,90.29757,40,48,2.4,0.573549,0.12446,0.416532,0.518812,1,1,14,5068209020,90.297073,23.729822,4,0.02
Zone_DH423,23.67323,90.37083,66,74,2.242,0.572115,0.129057,0.491106,0.56024,1,3,31,3513305560,90.372231,23.673401,3,0.03
Zone_DH815,23.73701,90.47537,44,43,1.955,0.571429,0.142631,0.533278,0.564762,1,2,25,4876062621,90.475801,23.739245,3,0.02
Zone_DH390,23.69739,90.36425,169,189,2.237,0.569219,0.069381,0.315098,0.456196,2,7,61,3514169576,90.367332,23.698854,3,0.12
Zone_DH694,23.91051,90.43427,30,30,2.0,0.568966,0.144581,0.506897,0.568966,2,0,15,3523412909,90.437924,23.90803,4,0.01
Zone_DH492,23.66772,90.39017,179,226,2.525,0.568781,0.072182,0.267555,0.514779,2,7,53,7873459648,90.394258,23.6666,3,0.15
Zone_DH310,23.91684,90.32093,77,93,2.416,0.568421,0.109,0.488632,0.531354,1,3,28,123047119,90.318023,23.913941,3,0.04
Zone_DH287,23.71318,90.33001,66,71,2.152,0.567308,0.116783,0.425962,0.555745,1,3,34,3424288158,90.327708,23.719265,3,0.03
Zone_DH625,23.91852,90.40766,225,269,2.391,0.566944,0.081065,0.495772,0.512292,3,9,85,4989868039,90.402392,23.917632,3,0.2
Zone_DH491,23.66258,90.38848,76,91,2.395,0.565766,0.098065,0.317117,0.53036,1,3,21,7874589846,90.387982,23.662999,3,0.04
Zone_DH301,23.83874,90.32083,57,69,2.421,0.565584,0.135862,0.494026,0.55613,1,2,20,4311323063,90.319207,23.839232,4,0.02
Zone_DH284,23.68479,90.32908,61,65,2.131,0.564407,0.128888,0.533333,0.552203,1,3,33,4465068174,90.323674,23.685342,3,0.02
Zone_DH799,23.91271,90.46727,32,35,2.188,0.563441,0.162634,0.52172,0.553441,1,1,16,7876452667,90.471371,23.909008,3,0.04
Zone_DH760,23.87764,90.45013,134,143,2.134,0.563226,0.090894,0.449248,0.492077,2,5,71,3716295770,90.4452,23.881297,3,0.08
Zone_DH872,23.93536,90.47325,21,22,2.095,0.563158,0.201504,0.505263,0.551579,1,1,11,10750055861,90.470599,23.935033,3,0.01
Zone_DH513,23.85843,90.38447,413,530,2.567,0.562528,0.04904,0.243073,0.44562,5,16,113,4928313877,90.385563,23.85654,3,0.69
Zone_DH832,23.8933,90.46985,16,16,2.0,0.561905,0.217857,0.540476,0.557619,1,0,9,6638525217,90.469597,23.89647,3,0.01
Zone_DH346,23.92562,90.32748,20,24,2.4,0.561404,0.189181,0.516959,0.552515,1,0,8,5636829952,90.325098,23.921022,3,0.01
Zone_DH800,23.92167,90.46275,50,55,2.2,0.559524,0.129881,0.483163,0.535357,1,2,23,262298349,90.452876,23.930105,3,0.02
Zone_DH260,23.78314,90.31911,148,168,2.27,0.559128,0.087779,0.430165,0.499106,2,6,61,2987261760,90.312844,23.790056,3,0.1
Zone_DH453,23.94251,90.36711,97,103,2.124,0.558553,0.108019,0.435526,0.524447,1,4,48,4982539289,90.372576,23.941131,3,0.05
Zone_DH010,23.73645,90.25833,25,27,2.16,0.557971,0.171594,0.548551,0.557101,1,1,15,6052126670,90.260456,23.732888,3,0.02
Zone_DH212,23.66916,90.31113,49,57,2.327,0.557624,0.126827,0.512943,0.542305,1,2,17,6710514846,90.308436,23.666652,3,0.02
Zone_DH123,23.80592,90.28222,70,81,2.314,0.556692,0.100061,0.43896,0.504928,1,3,23,5523579940,90.285719,23.803951,3,0.03
Zone_DH780,23.73853,90.46307,142,155,2.183,0.553495,0.078568,0.425187,0.54174,2,6,69,4895018554,90.461846,23.738906,3,0.09
Zone_DH083,23.76358,90.27012,43,49,2.279,0.552846,0.132863,0.376307,0.533333,1,2,17,2299717915,90.270954,23.767719,3,0.02
Zone_DH856,23.80034,90.4768,60,66,2.2,0.551724,0.097526,0.377791,0.488276,1,2,25,4537372570,90.476887,23.80001,3,0.02
Zone_DH700,23.6548,90.44424,30,33,2.2,0.551724,0.144663,0.4367,0.520296,1,1,17,3450204085,90.448555,23.657629,4,0.01
Zone_DH830,23.87639,90.47072,51,58,2.275,0.550204,0.125026,0.442041,0.52,1,2,23,4921527257,90.472484,23.879741,3,0.02
Zone_DH665,23.65543,90.43895,73,87,2.384,0.549687,0.100006,0.406808,0.514194,1,3,28,3514901431,90.433744,23.657115,4,0.03
Zone_DH454,23.94739,90.3644,30,30,2.0,0.549261,0.224056,0.530788,0.547118,1,1,19,4995956935,90.365368,23.948182,3,0.01
Zone_DH353,23.67582,90.34937,30,30,2.0,0.549261,0.187767,0.540394,0.549261,2,0,17,4092042404,90.346662,23.674573,3,0.01
Zone_DH668,23.68054,90.43914,413,540,2.615,0.549052,0.044205,0.181886,0.302335,5,16,97,4879713922,90.442238,23.685394,4,0.64
Zone_DH735,23.65639,90.45783,28,30,2.143,0.547009,0.158323,0.519231,0.540855,1,1,14,6054492625,90.465624,23.656488,3,0.02
Zone_DH868,23.90471,90.47311,13,13,2.0,0.545455,0.227273,0.536364,0.543636,1,0,8,7876452735,90.471023,23.903629,3,0.01
Zone_DH733,23.94184,90.43775,24,25,2.083,0.545455,0.15975,0.491897,0.535455,1,1,11,5718230379,90.433074,23.94192,3,0.01
Zone_DH045,23.73567,90.26326,47,51,2.17,0.544928,0.142152,0.487633,0.51915,1,2,23,5096827668,90.260719,23.732665,3,0.02
Zone_DH659,23.9101,90.42069,75,79,2.107,0.544613,0.130589,0.513551,0.541873,1,3,41,5229565225,90.417137,23.906689,3,0.03
Zone_DH318,23.67559,90.33877,44,48,2.182,0.542636,0.156775,0.506312,0.535017,1,2,25,4092053606,90.331412,23.675598,3,0.02
Zone_DH230,23.82941,90.30934,72,85,2.361,0.542455,0.126995,0.475533,0.52474,1,3,32,5653487352,90.310294,23.826776,4,0.03
Zone_DH143,23.67729,90.2917,43,47,2.186,0.542393,0.147125,0.512195,0.536539,1,3,23,5097594902,90.296934,23.673674,3,0.02
Zone_DH833,23.90545,90.47003,29,30,2.069,0.542328,0.159551,0.528571,0.540847,1,1,15,6638525235,90.471252,23.901006,3,0.01
Zone_DH696,23.93168,90.43124,57,64,2.246,0.542208,0.116302,0.390649,0.53639,1,2,25,6689681268,90.434087,23.933118,3,0.02
Zone_DH075,23.68987,90.27724,17,19,2.235,0.541667,0.167647,0.535,0.540333,1,0,7,5061716666,90.279864,23.688486,3,0.01
Zone_DH144,23.6858,90.29221,84,98,2.333,0.540406,0.110484,0.479709,0.512357,1,4,33,5100162509,90.298267,23.684116,3,0.04
Zone_DH743,23.72168,90.4549,401,535,2.668,0.539699,0.045868,0.217143,0.491429,5,16,102,11780297961,90.459993,23.731511,3,0.6
Zone_DH247,23.66874,90.32025,64,75,2.344,0.539171,0.130232,0.448618,0.497235,1,3,25,4092058938,90.322278,23.669069,4,0.03
Zone_DH074,23.68514,90.27705,14,15,2.143,0.538462,0.195055,0.488462,0.528462,1,0,6,5061716666,90.279864,23.688486,3,0.01
Zone_DH664,23.94771,90.42356,14,15,2.143,0.538462,0.224359,0.538462,0.538462,2,0,7,13545813092,90.414706,23.949701,2,0.01
Zone_DH802,23.93459,90.46271,41,43,2.098,0.538462,0.130769,0.432051,0.501538,1,2,21,2251011111,90.469622,23.934906,3,0.02
Zone_DH764,23.9124,90.45058,33,33,2.0,0.538306,0.136364,0.531855,0.537016,1,1,16,3523413410,90.445388,23.915516,3,0.01
Zone_DH148,23.72405,90.29172,39,43,2.205,0.537696,0.157311,0.430725,0.515533,1,1,20,2299717655,90.293618,23.728458,3,0.02
Zone_DH766,23.92872,90.45139,73,89,2.438,0.536776,0.085933,0.348983,0.510016,1,3,18,262298349,90.452876,23.930105,4,0.03
Zone_DH421,23.66011,90.37036,129,166,2.574,0.536294,0.091332,0.453002,0.504646,2,5,32,5061678284,90.364543,23.657976,3,0.09
Zone_DH345,23.91851,90.32702,25,29,2.32,0.536232,0.211014,0.521014,0.532754,1,1,12,2596205132,90.323833,23.918461,3,0.05
Zone_DH767,23.93409,90.44987,53,64,2.415,0.534691,0.113037,0.315837,0.527632,1,2,16,262298349,90.452876,23.930105,3,0.02
Zone_DH708,23.7218,90.44558,303,404,2.667,0.534378,0.052215,0.224118,0.503714,4,12,77,5831375268,90.447052,23.729901,3,0.4
Zone_DH069,23.94467,90.26212,33,39,2.364,0.534274,0.149682,0.457661,0.527177,1,1,15,5638898164,90.263524,23.944949,3,0.01
Zone_DH871,23.93206,90.47275,22,23,2.091,0.533333,0.184416,0.464762,0.519333,1,1,12,10750055861,90.470599,23.935033,3,0.01
Zone_DH866,23.88013,90.47527,16,17,2.125,0.533333,0.245833,0.533333,0.533333,2,0,10,4916594997,90.475943,23.875451,3,0.01
Zone_DH319,23.68623,90.3389,60,64,2.133,0.533022,0.149727,0.505172,0.528194,1,2,33,4092039752,90.347848,23.685463,3,0.03
Zone_DH014,23.77429,90.25611,30,34,2.267,0.53202,0.150411,0.449138,0.526305,1,1,15,5063572156,90.25424,23.77246,3,0.01
Zone_DH117,23.75487,90.28054,44,53,2.409,0.531561,0.137572,0.514175,0.525371,1,2,14,5608498696,90.286307,23.76286,3,0.02
Zone_DH101,23.92799,90.26666,759,1089,2.87,0.531071,0.029841,0.104849,0.257285,8,30,74,11868739212,90.265435,23.928735,3,2.19
Zone_DH261,23.78999,90.31672,104,113,2.173,0.530744,0.100569,0.422901,0.465441,2,4,47,3521870864,90.312864,23.790153,3,0.05
Zone_DH844,23.68768,90.47737,120,155,2.583,0.529839,0.107743,0.461743,0.501164,2,4,22,4872439910,90.476873,23.687517,3,0.08
Zone_DH053,23.80945,90.2577,161,190,2.36,0.529167,0.086473,0.465094,0.515849,2,7,53,5613294285,90.257264,23.814426,3,0.12
Zone_DH814,23.73153,90.47454,48,51,2.125,0.52914,0.124595,0.458141,0.520009,1,2,24,4882841074,90.475733,23.73055,4,0.02
Zone_DH113,23.7235,90.27999,22,22,2.0,0.528571,0.216667,0.52381,0.527571,1,2,14,5099860254,90.280697,23.729551,3,0.01
Zone_DH849,23.73354,90.47768,22,23,2.091,0.528571,0.179437,0.404524,0.502571,1,1,7,4882841087,90.479593,23.732427,3,0.01
Zone_DH350,23.65406,90.35314,41,47,2.293,0.528205,0.149468,0.507692,0.526667,1,2,17,7892631512,90.350641,23.651949,3,0.02
Zone_DH027,23.88645,90.25557,50,58,2.32,0.526361,0.132024,0.476446,0.511361,1,2,21,5717267096,90.258553,23.885946,3,0.02
Zone_DH303,23.85845,90.32323,86,93,2.163,0.52605,0.112084,0.408964,0.525574,1,4,46,5651545186,90.319969,23.857935,3,0.09
Zone_DH630,23.65562,90.43011,52,62,2.385,0.52549,0.109925,0.386196,0.47829,1,2,15,3514901431,90.433744,23.657115,4,0.02
Zone_DH715,23.78751,90.44294,317,381,2.404,0.525176,0.086388,0.453888,0.503997,4,12,110,3640489590,90.445861,23.787253,4,0.36
Zone_DH456,23.66212,90.38078,94,113,2.404,0.525012,0.090694,0.465299,0.515881,1,4,33,7873459632,90.385495,23.663033,3,0.07
Zone_DH104,23.94549,90.27077,71,86,2.423,0.524638,0.108104,0.40766,0.508406,1,3,29,5638849187,90.266901,23.945243,3,0.04
Zone_DH412,23.88986,90.3624,96,110,2.292,0.520941,0.089217,0.285274,0.501792,1,4,41,4926477661,90.360406,23.885366,3,0.05
Zone_DH177,23.66955,90.30385,39,46,2.359,0.520626,0.115512,0.325605,0.47522,1,1,15,2447912589,90.306249,23.666306,4,0.02
Zone_DH841,23.65866,90.4772,49,57,2.327,0.519504,0.146819,0.506383,0.516525,1,2,18,5002913385,90.47661,23.653498,4,0.02
Zone_DH019,23.81917,90.25579,159,192,2.415,0.51931,0.070011,0.304483,0.429862,2,6,61,3431911487,90.257424,23.820474,3,0.11
Zone_DH561,23.65977,90.41137,171,209,2.444,0.517856,0.061877,0.209537,0.362979,2,7,52,5097254620,90.415073,23.658294,3,0.12
Zone_DH770,23.65513,90.4724,89,107,2.404,0.51698,0.100777,0.489812,0.506865,1,4,33,6056722166,90.476055,23.656137,3,0.06
Zone_DH560,23.65471,90.41019,87,110,2.529,0.516553,0.084388,0.278605,0.492317,1,4,30,5097254620,90.415073,23.658294,3,0.04
Zone_DH161,23.84099,90.28674,148,190,2.568,0.516261,0.089427,0.428255,0.506919,2,6,46,5631697257,90.287892,23.838445,3,0.1
Zone_DH156,23.79545,90.28869,154,180,2.338,0.516168,0.082269,0.350219,0.408886,2,6,52,5118060339,90.287203,23.795395,4,0.11
Zone_DH556,23.92733,90.39471,348,435,2.5,0.515567,0.075905,0.496755,0.504564,4,14,99,4992370647,90.398682,23.926616,3,0.48
Zone_DH418,23.94431,90.35673,34,35,2.059,0.515152,0.158088,0.438258,0.507652,1,1,19,4982501909,90.35896,23.948224,3,0.01
Zone_DH763,23.90208,90.45145,18,18,2.0,0.514706,0.163399,0.464706,0.504706,1,0,9,3523412822,90.448529,23.907208,4,0.01
Zone_DH084,23.77366,90.26679,56,68,2.429,0.514478,0.119036,0.457576,0.511515,1,2,17,5603513874,90.261168,23.778043,3,0.02
Zone_DH493,23.67694,90.39228,316,420,2.658,0.514447,0.051434,0.217556,0.304963,4,12,69,2490648198,90.391815,23.682819,3,0.4
Zone_DH102,23.93494,90.26867,726,1031,2.84,0.513645,0.031792,0.104906,0.322454,8,29,70,11868739212,90.265435,23.928735,3,2.04
Zone_DH797,23.89105,90.4641,14,14,2.0,0.512821,0.215201,0.479487,0.506154,1,0,8,4928334279,90.463006,23.883267,3,0.01
Zone_DH626,23.92792,90.41027,109,128,2.349,0.512461,0.09151,0.395016,0.503877,2,4,37,3523413516,90.410901,23.93609,3,0.06
Zone_DH354,23.68698,90.34642,32,33,2.062,0.511828,0.156519,0.42957,0.499161,1,1,18,4092039752,90.347848,23.685463,3,0.01
Zone_DH134,23.90935,90.27645,276,355,2.572,0.511639,0.073122,0.328242,0.483411,3,11,63,13039723387,90.280684,23.903294,3,0.29
Zone_DH709,23.73108,90.4453,485,620,2.557,0.511592,0.043743,0.216356,0.467854,5,20,154,4896967247,90.441292,23.730733,4,0.89
Zone_DH840,23.65287,90.47677,35,44,2.514,0.511586,0.124726,0.46328,0.500677,1,1,6,5002913196,90.47665,23.653028,3,0.01
Zone_DH824,23.81997,90.46917,294,346,2.354,0.511174,0.070902,0.222308,0.443089,3,12,107,4912273266,90.466647,23.818935,3,0.33
Zone_DH805,23.65498,90.47368,78,93,2.385,0.510936,0.103984,0.441012,0.505936,1,3,29,6056722166,90.476055,23.656137,3,0.03
Zone_DH329,23.77505,90.34217,448,553,2.469,0.510699,0.053952,0.284623,0.505297,5,18,150,9594393837,90.344473,23.772881,4,0.76
Zone_DH124,23.82071,90.27601,86,107,2.488,0.510644,0.107306,0.426541,0.50612,1,4,30,5623560848,90.274042,23.825313,3,0.05
Zone_DH233,23.85643,90.30364,286,392,2.741,0.510156,0.060254,0.345787,0.449944,3,12,62,4662755319,90.298865,23.854418,3,0.34
Zone_DH414,23.91289,90.35774,130,153,2.354,0.509932,0.075775,0.25665,0.473275,2,5,43,2596205114,90.355424,23.916642,3,0.07
Zone_DH121,23.79551,90.27924,164,192,2.341,0.509733,0.076938,0.327073,0.376117,2,7,57,4274104127,90.281311,23.795012,3,0.11
Zone_DH599,23.68652,90.4184,519,683,2.632,0.50972,0.043255,0.198668,0.425626,6,20,117,7770748036,90.41984,23.682969,3,1.02
Zone_DH806,23.66174,90.47308,172,208,2.419,0.509598,0.075829,0.388617,0.503168,2,7,57,5004321144,90.474808,23.663174,4,0.12
Zone_DH154,23.7709,90.29339,59,68,2.305,0.509377,0.110913,0.450333,0.505166,1,2,21,5065538402,90.291067,23.766825,3,0.03
Zone_DH786,23.79664,90.46127,379,500,2.639,0.508849,0.042666,0.175623,0.354969,4,15,91,12669395278,90.457354,23.796554,3,0.55
Zone_DH226,23.78932,90.30662,165,203,2.461,0.508679,0.061739,0.280293,0.408107,2,7,55,2987261760,90.312844,23.790056,4,0.12
Zone_DH192,23.79829,90.29495,155,194,2.503,0.508616,0.092054,0.443409,0.478635,2,6,47,4599529222,90.288445,23.800685,3,0.11
Zone_DH296,23.78712,90.33197,133,155,2.331,0.507287,0.086444,0.299121,0.502443,2,5,52,3919400710,90.331929,23.785485,3,0.09
Zone_DH781,23.74937,90.4616,148,163,2.203,0.506011,0.067825,0.282937,0.412152,2,6,64,4882981818,90.461921,23.744962,4,0.09
Zone_DH184,23.72885,90.29815,50,60,2.4,0.505952,0.105187,0.332823,0.462202,1,2,14,5068209020,90.297073,23.729822,4,0.02
Zone_DH294,23.77913,90.33172,146,178,2.438,0.505939,0.087297,0.329334,0.467716,2,6,43,9958549790,90.33323,23.784296,3,0.09
Zone_DH842,23.67093,90.4775,83,105,2.53,0.505872,0.125525,0.482626,0.491304,1,4,19,5007298432,90.47742,23.672512,4,0.04
Zone_DH703,23.68025,90.4492,672,847,2.521,0.505839,0.042468,0.285677,0.48811,7,27,183,3096939054,90.444721,23.676925,3,1.66
Zone_DH525,23.65489,90.40155,72,94,2.611,0.504628,0.112866,0.472072,0.502913,1,3,20,3514168446,90.405473,23.654904,3,0.03
Zone_DH153,23.76492,90.29172,76,89,2.342,0.504505,0.097994,0.408559,0.482072,1,3,22,5631685685,90.294701,23.767978,3,0.03
Zone_DH726,23.88262,90.44031,253,279,2.206,0.504363,0.065466,0.343268,0.44062,3,10,115,10015455589,90.440419,23.881149,4,0.26
Zone_DH221,23.74854,90.31393,62,75,2.419,0.503825,0.107668,0.374699,0.503825,2,2,19,5070654492,90.315835,23.753602,3,0.03
Zone_DH736,23.66475,90.46097,214,244,2.28,0.50248,0.056803,0.232992,0.338482,3,8,91,12683833055,90.460411,23.665447,3,0.23
Zone_DH791,23.83599,90.46391,211,262,2.483,0.502301,0.06655,0.309661,0.412486,3,8,53,4910032210,90.462122,23.832993,4,0.18
Zone_DH335,23.82527,90.34536,146,200,2.74,0.502299,0.083338,0.338554,0.48977,2,6,32,5660209428,90.343951,23.825015,3,0.12
Zone_DH518,23.89944,90.38455,414,526,2.541,0.502186,0.043076,0.179372,0.344594,5,16,115,11305104291,90.377596,23.898759,3,0.61
Zone_DH582,23.85114,90.40913,337,435,2.582,0.501137,0.049919,0.220313,0.382256,4,13,71,12615643886,90.412345,23.846268,3,0.56
Zone_DH624,23.91063,90.40937,149,166,2.228,0.501103,0.078482,0.334988,0.421287,2,6,67,3603400449,90.403557,23.91143,3,0.1
Zone_DH415,23.9159,90.35754,143,171,2.392,0.500749,0.068982,0.274668,0.440114,2,6,45,2596205114,90.355424,23.916642,3,0.09
Zone_DH220,23.7351,90.3142,81,92,2.272,0.500633,0.095003,0.35538,0.451266,1,4,31,4447098726,90.319095,23.737156,4,0.04
Zone_DH741,23.70301,90.455,899,1186,2.638,0.500416,0.026904,0.132625,0.205921,9,36,178,5641275842,90.450361,23.702537,4,3.11
Zone_DH082,23.75424,90.2709,17,20,2.353,0.5,0.157843,0.393333,0.478667,1,0,5,5068332623,90.271627,23.750741,3,0.01
Zone_DH337,23.84981,90.33778,29,31,2.138,0.5,0.179164,0.473545,0.498519,1,1,19,5779152842,90.334244,23.854026,3,0.01
Zone_DH512,23.84611,90.38132,284,324,2.282,0.499386,0.077607,0.477859,0.494682,3,12,122,1683117713,90.387552,23.850506,3,0.32
Zone_DH309,23.90669,90.32352,135,164,2.43,0.498822,0.102546,0.462597,0.496844,2,5,49,9173295732,90.32122,23.907059,3,0.08
Zone_DH094,23.86134,90.26529,440,573,2.605,0.497935,0.046583,0.231434,0.391137,5,17,99,11243784791,90.266938,23.862852,3,0.73
Zone_DH701,23.66139,90.44651,70,78,2.229,0.497869,0.108623,0.440835,0.491986,1,3,32,3448928793,90.445675,23.66093,3,0.04
Zone_DH416,23.92486,90.35779,82,87,2.122,0.497531,0.180725,0.480741,0.494031,1,4,43,9981134117,90.36557,23.923893,3,0.04
Zone_DH227,23.79519,90.30765,77,86,2.234,0.497193,0.112627,0.397684,0.449193,1,3,33,3270375091,90.309362,23.790864,3,0.04
Zone_DH359,23.73162,90.34869,353,465,2.635,0.497151,0.051104,0.256481,0.446129,4,14,76,3829443899,90.349654,23.729946,4,0.61
Zone_DH326,23.74681,90.34039,744,999,2.685,0.495692,0.039768,0.205919,0.386595,8,30,175,6050657342,90.348279,23.74536,3,2.08
Zone_DH336,23.83343,90.34404,56,67,2.393,0.495623,0.125529,0.482828,0.495623,2,1,24,9969773057,90.345333,23.82856,3,0.02
Zone_DH656,23.88306,90.42341,350,397,2.269,0.494665,0.044984,0.186638,0.38231,4,14,129,3715185180,90.424078,23.878836,3,0.45
Zone_DH193,23.8074,90.29408,114,137,2.404,0.494153,0.09406,0.417525,0.49083,2,4,43,5604113795,90.294966,23.808355,3,0.06
Zone_DH449,23.91156,90.36497,242,272,2.248,0.493257,0.072352,0.297085,0.468447,3,10,98,3952791987,90.370278,23.917328,3,0.24
Zone_DH831,23.88135,90.46946,42,46,2.19,0.492683,0.126132,0.391341,0.459683,1,2,21,4921527257,90.472484,23.879741,3,0.02
Zone_DH139,23.94563,90.27617,135,179,2.652,0.491527,0.090489,0.380339,0.484765,2,5,24,5634137065,90.278158,23.949738,3,0.1
Zone_DH026,23.8792,90.25591,131,160,2.443,0.489803,0.109971,0.4613,0.485128,2,5,43,12037066266,90.259223,23.876632,3,0.1
Zone_DH823,23.81184,90.46964,344,423,2.459,0.488705,0.071066,0.258755,0.290619,4,14,114,9976863777,90.467372,23.811682,5,0.45
Zone_DH225,23.78501,90.30713,198,248,2.505,0.488501,0.059541,0.223045,0.362715,2,8,67,2987261760,90.312844,23.790056,4,0.16
Zone_DH195,23.82849,90.29556,35,43,2.457,0.488414,0.174586,0.464528,0.481141,1,1,9,5607037489,90.287683,23.821302,3,0.02
Zone_DH327,23.75568,90.34289,568,805,2.835,0.488237,0.044541,0.236122,0.380209,6,23,119,3269803479,90.344616,23.755595,3,1.29
Zone_DH095,23.87328,90.26519,397,503,2.534,0.488173,0.06452,0.327932,0.47283,4,16,106,3633147973,90.260144,23.879679,3,0.6
Zone_DH660,23.92034,90.41981,57,65,2.281,0.487662,0.110139,0.388182,0.47639,1,2,21,4994039541,90.418207,23.923149,3,0.06
Zone_DH747,23.76004,90.4531,466,590,2.532,0.487532,0.050614,0.312375,0.441515,5,19,123,7301378000,90.444976,23.761427,4,0.93
Zone_DH552,23.89072,90.39441,463,607,2.622,0.487515,0.037869,0.164303,0.321789,5,19,104,9926313706,90.401883,23.892745,3,0.79
Zone_DH554,23.91337,90.39614,511,643,2.517,0.487345,0.04125,0.183451,0.340032,6,20,153,12522672979,90.399299,23.90379,3,1.02
Zone_DH566,23.7042,90.40777,1280,1707,2.667,0.487096,0.023383,0.119276,0.289914,13,51,249,11478105723,90.398076,23.703213,3,6.1
Zone_DH483,23.89847,90.3767,367,459,2.501,0.486938,0.044111,0.174181,0.294332,4,15,98,11305104291,90.377596,23.898759,3,0.53
Zone_DH361,23.74893,90.35028,943,1232,2.613,0.48624,0.030566,0.133003,0.318646,10,38,239,3270180478,90.354684,23.75304,3,3.52
Zone_DH455,23.65456,90.37798,34,37,2.176,0.482955,0.154356,0.442803,0.48108,1,1,15,3514168453,90.381402,23.654999,3,0.01
Zone_DH628,23.94197,90.41069,63,73,2.317,0.482285,0.112244,0.338657,0.482285,2,2,20,9970727968,90.408447,23.94356,3,0.03
Zone_DH408,23.85837,90.35823,387,563,2.91,0.481771,0.041901,0.171975,0.249675,4,16,32,9470195301,90.359384,23.8583,4,0.6
Zone_DH264,23.81816,90.31068,47,61,2.596,0.481159,0.146079,0.463478,0.478937,1,2,16,5606708901,90.311029,23.817491,3,0.02
Zone_DH413,23.90266,90.35981,36,40,2.222,0.480672,0.143091,0.436134,0.47479,1,1,17,4974866681,90.360878,23.899037,3,0.02
Zone_DH125,23.82749,90.27389,156,199,2.551,0.480436,0.086897,0.395371,0.478077,2,6,42,5623560854,90.271126,23.824922,3,0.11
Zone_DH563,23.67753,90.4081,386,497,2.575,0.480222,0.042479,0.204515,0.405927,4,16,87,9676763338,90.406681,23.676539,3,0.6
Zone_DH490,23.65613,90.3927,26,30,2.308,0.48,0.160641,0.473333,0.48,2,0,9,5068047206,90.394907,23.657314,3,0.01
Zone_DH360,23.73882,90.34914,522,696,2.667,0.479736,0.037077,0.159839,0.261169,6,21,116,6050657342,90.348279,23.74536,3,1.09
Zone_DH114,23.73133,90.27914,67,79,2.358,0.479254,0.097332,0.315431,0.445408,1,3,21,5205650247,90.27973,23.729856,3,0.03
Zone_DH857,23.80349,90.47642,64,72,2.25,0.478751,0.089782,0.323912,0.423589,1,3,24,4537372570,90.476887,23.80001,3,0.03
Zone_DH530,23.69522,90.39918,1059,1400,2.644,0.478744,0.024893,0.096274,0.263999,11,42,200,12217492489,90.397478,23.701139,3,3.93
Zone_DH756,23.83421,90.45413,306,400,2.614,0.478516,0.046953,0.20694,0.411228,4,12,71,11054234623,90.448003,23.830616,4,0.36
Zone_DH017,23.8016,90.25538,101,119,2.356,0.478384,0.103709,0.445455,0.473535,2,4,30,5606333138,90.251847,23.803593,3,0.05
Zone_DH784,23.77322,90.46003,176,257,2.92,0.477898,0.091682,0.376634,0.473399,2,7,14,9972850017,90.45802,23.767393,3,0.14
Zone_DH450,23.91803,90.36517,247,282,2.283,0.477418,0.059086,0.293144,0.357337,3,10,89,1640130657,90.37014,23.918212,3,0.25
Zone_DH324,23.73145,90.33815,612,784,2.562,0.476521,0.033127,0.153339,0.252992,7,24,159,3307943551,90.33408,23.730343,4,1.39
Zone_DH211,23.66535,90.31056,16,18,2.25,0.47619,0.170238,0.390476,0.459048,1,0,7,6710514848,90.308399,23.666428,3,0.01
Zone_DH691,23.88242,90.43351,323,363,2.248,0.475629,0.052455,0.251317,0.391733,4,13,130,9410190883,90.435577,23.881015,3,0.4
Zone_DH374,23.86324,90.3526,266,378,2.842,0.474757,0.056012,0.272885,0.406326,3,11,25,9488681018,90.350928,23.859329,4,0.54
Zone_DH476,23.83666,90.3751,793,1055,2.661,0.47468,0.030855,0.12844,0.283497,8,32,171,4901515582,90.375704,23.837464,5,2.35
Zone_DH727,23.88822,90.4399,45,48,2.133,0.47463,0.141649,0.459408,0.474165,1,2,22,4921652139,90.437689,23.884644,3,0.03
Zone_DH526,23.65922,90.3986,107,136,2.542,0.474394,0.092499,0.3331,0.469229,2,4,33,3514168496,90.40517,23.655619,3,0.06
Zone_DH050,23.78485,90.25988,98,117,2.388,0.474227,0.081328,0.348271,0.433185,1,4,35,2299718046,90.259098,23.785901,3,0.05
Zone_DH847,23.71198,90.47679,98,111,2.265,0.474012,0.100202,0.445833,0.471512,1,4,37,4979388364,90.475628,23.713416,3,0.05
Zone_DH174,23.94624,90.2865,242,334,2.76,0.473721,0.081951,0.440399,0.465365,3,10,42,5636512397,90.28809,23.944768,3,0.25
Zone_DH259,23.77539,90.31817,98,117,2.388,0.473582,0.102617,0.354854,0.391499,1,4,35,3521870443,90.312883,23.769512,3,0.06
Zone_DH033,23.93906,90.25507,31,36,2.323,0.473563,0.120727,0.43908,0.467356,1,1,9,5645294585,90.255295,23.940016,4,0.01
Zone_DH162,23.84882,90.28571,440,599,2.723,0.473398,0.051281,0.239769,0.357526,5,17,68,5606201257,90.28674,23.850592,3,0.76
Zone_DH146,23.69851,90.29205,78,91,2.333,0.473342,0.090528,0.319275,0.467553,1,3,26,5070818720,90.287777,23.696878,3,0.04
Zone_DH452,23.93701,90.36823,164,183,2.232,0.473302,0.069268,0.303598,0.414968,2,7,72,1640145645,90.371521,23.936476,3,0.11
Zone_DH783,23.76654,90.46,181,260,2.873,0.47275,0.068302,0.215829,0.467821,2,8,17,9972850017,90.45802,23.767393,3,0.2
Zone_DH693,23.89878,90.42908,88,101,2.295,0.471532,0.096553,0.40147,0.462229,1,4,32,4914068082,90.429105,23.896433,3,0.05
Zone_DH060,23.87183,90.26,346,439,2.538,0.471368,0.064145,0.337395,0.442712,4,14,91,5613100593,90.259241,23.875574,3,0.7
Zone_DH458,23.6744,90.38149,148,172,2.324,0.470413,0.070206,0.27154,0.372737,2,6,52,3514168853,90.380307,23.667526,3,0.1
Zone_DH616,23.83784,90.41799,413,553,2.678,0.469799,0.041477,0.169313,0.41052,5,16,86,12673142452,90.417665,23.8389,3,0.64
Zone_DH316,23.65757,90.34539,48,53,2.208,0.46901,0.125501,0.342646,0.416401,1,2,19,7874589862,90.350695,23.652307,3,0.02
Zone_DH744,23.73158,90.4535,260,352,2.708,0.468828,0.05058,0.230321,0.372411,3,10,72,4887564547,90.459584,23.732393,3,0.27
Zone_DH821,23.79934,90.47113,142,167,2.352,0.467984,0.073857,0.301039,0.415856,2,6,53,4920001234,90.473253,23.799787,3,0.09
Zone_DH150,23.73516,90.28827,82,96,2.341,0.466667,0.098355,0.306435,0.452917,1,4,29,3521863459,90.289401,23.744118,3,0.04
Zone_DH012,23.75501,90.25611,11,12,2.182,0.466667,0.2,0.455556,0.464444,1,0,4,5068079070,90.25618,23.762426,3,0.01
Zone_DH049,23.77498,90.26026,66,81,2.455,0.465865,0.099082,0.285577,0.42274,1,3,20,2299718004,90.26123,23.771879,4,0.35
Zone_DH730,23.92187,90.44493,59,68,2.305,0.465215,0.096855,0.362069,0.422057,1,2,20,262298572,90.44771,23.927726,3,0.03
Zone_DH695,23.91893,90.43257,40,44,2.2,0.464238,0.131478,0.401552,0.44529,1,1,19,7560167373,90.435083,23.922542,3,0.02
Zone_DH224,23.77347,90.30716,153,184,2.405,0.463489,0.090602,0.377135,0.461115,2,6,48,3521870505,90.309127,23.771865,3,0.1
Zone_DH313,23.94255,90.31804,58,68,2.345,0.461153,0.104291,0.348528,0.440439,1,2,19,5646818358,90.318091,23.943645,3,0.02
Zone_DH411,23.87956,90.35975,243,314,2.584,0.460787,0.068493,0.356363,0.446695,3,10,72,4926476307,90.360257,23.882164,4,0.24
Zone_DH391,23.70413,90.365,201,236,2.348,0.459698,0.065828,0.258291,0.436935,3,8,71,3514169576,90.367332,23.698854,3,0.17
Zone_DH732,23.93698,90.44135,87,104,2.391,0.459371,0.102612,0.347551,0.451135,1,4,31,13545904957,90.45261,23.93001,3,0.04
Zone_DH065,23.91827,90.25988,397,539,2.715,0.458995,0.044086,0.208183,0.295112,4,16,75,11248430736,90.258462,23.913523,3,0.63
Zone_DH631,23.66211,90.42803,128,159,2.484,0.458943,0.089769,0.344951,0.428971,2,5,43,3514901595,90.428925,23.66429,3,0.09
Zone_DH119,23.76933,90.2812,32,38,2.375,0.458065,0.144153,0.378065,0.434731,1,1,9,3521870363,90.287099,23.765545,3,0.01
Zone_DH322,23.71329,90.34217,102,118,2.314,0.45703,0.088344,0.385495,0.421889,2,4,38,3324542135,90.344906,23.717924,4,0.06
Zone_DH562,23.67005,90.40985,263,317,2.411,0.45626,0.059469,0.366064,0.405786,3,11,84,5102592498,90.412419,23.670498,3,0.26
Zone_DH214,23.68483,90.30979,107,133,2.486,0.454447,0.075368,0.239946,0.419551,2,4,34,1699576512,90.307967,23.685588,3,0.06
Zone_DH385,23.65418,90.35907,66,81,2.455,0.453846,0.127914,0.435817,0.445096,1,3,22,3514168348,90.362946,23.654081,3,0.04
Zone_DH843,23.67673,90.47759,106,137,2.585,0.452381,0.115749,0.388278,0.435147,2,4,17,4986469386,90.478315,23.675024,3,0.07
Zone_DH196,23.84185,90.29634,123,161,2.618,0.451836,0.070395,0.309619,0.424639,2,5,28,5631697181,90.295207,23.841476,4,0.08
Zone_DH822,23.80592,90.47044,257,317,2.467,0.451379,0.078033,0.390588,0.439018,3,10,84,4920056867,90.47058,23.802822,3,0.25
Zone_DH111,23.69867,90.28503,49,58,2.367,0.451241,0.114398,0.367908,0.433369,1,2,20,5092594161,90.283373,23.703645,4,0.02
Zone_DH258,23.76287,90.3172,86,100,2.326,0.45098,0.091574,0.347549,0.412409,1,4,35,7345240467,90.317112,23.757465,3,0.04
Zone_DH044,23.73082,90.26442,34,37,2.176,0.450758,0.139149,0.42822,0.445758,1,1,16,5096827664,90.261875,23.733331,4,0.01
Zone_DH252,23.71419,90.32127,51,54,2.118,0.450612,0.121281,0.32,0.400408,1,2,23,4464362716,90.321325,23.709162,4,0.02
Zone_DH176,23.66556,90.30745,15,17,2.267,0.450549,0.161905,0.381319,0.436703,1,0,6,2447912589,90.306249,23.666306,4,0.01
Zone_DH099,23.90913,90.26459,368,479,2.603,0.448951,0.041152,0.170292,0.278068,4,15,80,5623596726,90.263314,23.909818,4,0.49
Zone_DH686,23.83535,90.43274,294,361,2.456,0.447403,0.068899,0.406305,0.438967,3,12,91,4914078100,90.437381,23.833216,3,0.35
Zone_DH586,23.88187,90.40504,787,1028,2.612,0.447383,0.02672,0.113239,0.248087,8,32,168,391698054,90.40135,23.87961,3,2.28
Zone_DH015,23.78406,90.25672,55,61,2.218,0.44724,0.118951,0.386094,0.424976,1,2,27,5229170576,90.259074,23.783913,3,0.02
Zone_DH373,23.85737,90.35218,231,325,2.814,0.4472,0.057938,0.210347,0.397019,3,9,35,9488681018,90.350928,23.859329,4,0.24
Zone_DH358,23.72238,90.34923,225,288,2.56,0.445788,0.060049,0.273222,0.420376,3,9,55,3312452772,90.344311,23.724155,3,0.24
Zone_DH745,23.74045,90.45335,374,438,2.342,0.445343,0.047108,0.256414,0.303569,4,15,140,4885118372,90.45689,23.738542,3,0.52
Zone_DH286,23.70107,90.32976,56,64,2.286,0.443098,0.115176,0.359428,0.410505,1,2,20,5065442724,90.334024,23.698106,3,0.02
Zone_DH813,23.7188,90.473,190,220,2.316,0.442756,0.060433,0.281732,0.377098,2,8,79,12878332590,90.46867,23.717051,4,0.14
Zone_DH047,23.75482,90.26142,24,27,2.25,0.442688,0.188241,0.436759,0.442688,2,0,11,5061858600,90.25963,23.754505,3,0.01
Zone_DH782,23.76172,90.46131,98,108,2.204,0.44244,0.079051,0.30203,0.436398,1,4,38,387416509,90.462194,23.759631,3,0.06
Zone_DH698,23.94183,90.43126,55,62,2.255,0.442348,0.104479,0.373934,0.441593,1,2,19,5718230292,90.431551,23.941481,3,0.02
Zone_DH817,23.7583,90.468,48,52,2.167,0.442183,0.108715,0.38876,0.423053,1,2,23,4882911403,90.471405,23.760225,3,0.02
Zone_DH651,23.83594,90.42342,514,666,2.591,0.441292,0.044701,0.307418,0.372702,6,20,141,11171013378,90.416925,23.840533,3,0.99
Zone_DH188,23.76584,90.29957,99,121,2.444,0.440985,0.091202,0.35809,0.426552,1,5,27,5065549858,90.298513,23.768687,3,0.05
Zone_DH859,23.81965,90.47636,47,50,2.128,0.44058,0.122171,0.311304,0.388135,1,2,20,9977733304,90.479528,23.815137,3,0.02
Zone_DH091,23.83767,90.26607,395,521,2.638,0.440346,0.04942,0.252039,0.394485,4,16,71,5610449634,90.262473,23.833557,3,0.58
Zone_DH295,23.78272,90.33217,240,291,2.425,0.43912,0.058076,0.224502,0.353733,3,9,75,9958549790,90.33323,23.784296,3,0.24
Zone_DH420,23.65465,90.36811,46,56,2.435,0.438384,0.121629,0.345707,0.415202,1,2,11,5097287392,90.365761,23.653399,3,0.02
Zone_DH265,23.83112,90.31412,80,96,2.4,0.438169,0.12214,0.375998,0.436375,1,3,32,5653487164,90.309624,23.833092,3,0.09
Zone_DH016,23.79102,90.25638,76,87,2.289,0.437117,0.092997,0.338739,0.411441,1,3,31,8962309906,90.256298,23.792249,5,0.04
Zone_DH234,23.86595,90.30615,476,663,2.786,0.436402,0.049124,0.302538,0.380584,5,19,76,2428930042,90.30987,23.869739,3,0.87
Zone_DH527,23.67048,90.39852,245,317,2.588,0.43618,0.053412,0.187236,0.366234,3,10,67,7873459653,90.403056,23.673623,3,0.25
Zone_DH775,23.69464,90.46707,753,966,2.566,0.435703,0.030309,0.124972,0.271064,8,30,180,11068154609,90.469019,23.693724,3,2.0
Zone_DH122,23.79859,90.28141,197,237,2.406,0.435583,0.068043,0.262459,0.342204,2,8,55,4274104127,90.281311,23.795012,3,0.15
Zone_DH281,23.66307,90.33014,33,41,2.485,0.435484,0.150904,0.397984,0.425806,1,1,9,4092058920,90.330845,23.664036,3,0.01
Zone_DH564,23.68737,90.40721,674,892,2.647,0.434869,0.03327,0.124657,0.270859,7,27,135,346621362,90.403418,23.680603,4,1.68
Zone_DH662,23.93835,90.42363,101,114,2.257,0.434747,0.091313,0.405051,0.433333,2,4,35,6689682230,90.423858,23.939715,3,0.05
Zone_DH529,23.68696,90.39865,753,1019,2.707,0.433543,0.031115,0.133054,0.209812,8,30,132,346621362,90.403418,23.680603,4,2.05
Zone_DH190,23.78449,90.3036,145,192,2.648,0.433372,0.077479,0.365093,0.420936,2,6,42,5657783648,90.301171,23.782863,4,0.1
Zone_DH152,23.75551,90.28928,66,79,2.394,0.433173,0.09973,0.280409,0.357236,1,3,19,5068373920,90.291188,23.752813,4,0.03
Zone_DH407,23.84668,90.35882,307,411,2.678,0.432765,0.06216,0.265861,0.37742,4,12,69,11882938881,90.363696,23.837825,3,0.38
Zone_DH545,23.82694,90.39276,563,667,2.369,0.432026,0.035349,0.168654,0.209794,6,23,191,1758058493,90.391167,23.829633,3,1.09
Zone_DH013,23.7666,90.2564,29,34,2.345,0.431217,0.143769,0.346561,0.414921,1,1,9,5065565601,90.255088,23.76493,3,0.01
Zone_DH109,23.68464,90.28424,43,50,2.326,0.430894,0.133404,0.355749,0.400163,1,2,19,5068128706,90.290902,23.687744,3,0.02
Zone_DH266,23.83744,90.31578,104,128,2.462,0.430611,0.093178,0.302713,0.357896,2,4,35,4311323063,90.319207,23.839232,4,0.06
Zone_DH057,23.8465,90.25953,488,658,2.697,0.430265,0.043899,0.177722,0.33336,5,20,69,12609336779,90.256893,23.84312,3,0.9
Zone_DH343,23.89637,90.32999,149,179,2.403,0.429583,0.078048,0.331311,0.367192,2,6,53,2428930088,90.331191,23.897597,3,0.1
Zone_DH179,23.68613,90.30135,109,134,2.459,0.427657,0.077164,0.277501,0.419993,2,4,32,5100162509,90.298267,23.684116,3,0.06
Zone_DH465,23.73833,90.37727,1170,1472,2.516,0.426853,0.024326,0.118787,0.217405,12,47,332,10031329938,90.375493,23.739188,4,5.1
Zone_DH181,23.69698,90.30031,86,97,2.256,0.426611,0.087929,0.330112,0.365182,1,4,33,5070858500,90.293972,23.697678,3,0.04
Zone_DH810,23.6951,90.47324,439,560,2.551,0.426507,0.04267,0.192266,0.370643,5,17,104,10095139117,90.46982,23.693411,3,0.75
Zone_DH182,23.70687,90.29931,29,29,2.0,0.425926,0.157635,0.362434,0.417037,1,1,15,5092786385,90.294047,23.700813,3,0.01
Zone_DH285,23.69223,90.33009,56,59,2.107,0.424916,0.118807,0.317508,0.380842,1,2,25,4465068518,90.325257,23.687642,3,0.02
Zone_DH064,23.90938,90.25936,319,412,2.583,0.424618,0.046188,0.188896,0.387418,4,12,78,11264736965,90.262441,23.910455,3,0.4
Zone_DH591,23.9272,90.40055,192,240,2.5,0.42458,0.069342,0.264029,0.388973,2,8,59,4989868204,90.401615,23.923442,4,0.18
Zone_DH063,23.90097,90.25914,235,287,2.443,0.424012,0.062813,0.258534,0.368862,3,9,81,5716562950,90.260972,23.897828,4,0.21
Zone_DH692,23.8907,90.43062,112,131,2.339,0.42326,0.08898,0.280803,0.410426,2,4,38,4914068082,90.429105,23.896433,3,0.07
Zone_DH116,23.74445,90.27984,56,71,2.536,0.422896,0.090188,0.273737,0.414007,1,2,17,3521863449,90.283352,23.743081,4,0.03
Zone_DH229,23.81803,90.30814,57,71,2.491,0.420779,0.127979,0.397792,0.414597,1,2,23,5606708901,90.311029,23.817491,3,0.02
Zone_DH066,23.92574,90.26022,461,666,2.889,0.420119,0.042864,0.154864,0.318162,5,19,49,5645480766,90.265349,23.928768,3,0.89
Zone_DH314,23.94649,90.319,26,30,2.308,0.42,0.154103,0.365833,0.4075,1,1,10,5603720325,90.313541,23.947123,3,0.01
Zone_DH151,23.74684,90.28755,47,55,2.34,0.419324,0.116805,0.371304,0.417101,1,2,16,3521863449,90.283352,23.743081,4,0.02
Zone_DH787,23.80439,90.46255,459,582,2.536,0.418717,0.045714,0.172958,0.254423,5,18,124,12896019450,90.462859,23.80193,3,0.75
Zone_DH497,23.71284,90.38832,1026,1390,2.71,0.41871,0.026272,0.109022,0.303885,11,41,171,3314975628,90.380733,23.712494,3,3.96
Zone_DH283,23.6729,90.32859,67,79,2.358,0.418182,0.118818,0.400559,0.41572,1,3,21,5063399229,90.321637,23.67525,4,0.03
Zone_DH706,23.70206,90.44635,1222,1639,2.682,0.418143,0.021945,0.100678,0.174611,13,49,228,5641275842,90.450361,23.702537,4,5.59
Zone_DH507,23.80199,90.38461,1092,1403,2.57,0.415335,0.02363,0.105126,0.198221,11,44,261,386744405,90.378532,23.803189,4,4.33
Zone_DH341,23.88189,90.33364,194,238,2.454,0.413374,0.066146,0.248411,0.391341,2,8,52,5637012989,90.329077,23.886364,4,0.17
Zone_DH685,23.82724,90.43399,685,955,2.788,0.413017,0.031898,0.120963,0.323437,7,28,120,12106066726,90.429936,23.826078,3,1.87
Zone_DH061,23.88006,90.26136,335,420,2.507,0.407761,0.051936,0.203375,0.376554,4,13,90,5717490873,90.259229,23.878552,4,0.54
Zone_DH160,23.82896,90.28668,80,101,2.525,0.407011,0.119783,0.369815,0.39778,1,3,24,5631740851,90.286181,23.834696,3,0.04
Zone_DH724,23.86744,90.44122,196,217,2.214,0.406926,0.059839,0.259318,0.342873,2,9,76,3715177933,90.438539,23.862692,3,0.15
Zone_DH135,23.91948,90.27606,440,599,2.723,0.406413,0.040409,0.166636,0.269703,5,17,73,5666764547,90.275509,23.920905,4,0.79
Zone_DH364,23.77387,90.3516,1060,1314,2.479,0.405797,0.029676,0.138508,0.316357,11,42,333,2320076194,90.34742,23.782804,3,4.14
Zone_DH213,23.67472,90.31113,81,99,2.444,0.405696,0.083783,0.299684,0.40038,1,4,24,6710514830,90.309244,23.672853,3,0.04
Zone_DH268,23.85912,90.31495,148,187,2.527,0.405554,0.070897,0.283911,0.380266,2,6,36,5611902660,90.314564,23.857741,4,0.11
Zone_DH825,23.83099,90.4696,219,258,2.356,0.405403,0.068831,0.286289,0.369053,3,8,74,9810348266,90.475688,23.835922,4,0.19
Zone_DH158,23.80578,90.28813,145,170,2.345,0.404817,0.076375,0.326243,0.395521,2,6,59,5609157961,90.294052,23.804148,3,0.09
Zone_DH130,23.87317,90.27721,338,438,2.592,0.404073,0.044966,0.157831,0.338083,4,13,73,12204950148,90.273227,23.875856,4,0.44
Zone_DH054,23.8205,90.25981,285,358,2.512,0.40315,0.048221,0.202966,0.313693,3,12,84,7330743609,90.257538,23.820474,4,0.33
Zone_DH399,23.77408,90.35865,1600,2052,2.565,0.402827,0.019528,0.076206,0.256489,16,64,391,5764912911,90.36397,23.774512,4,9.52
Zone_DH081,23.7436,90.2726,29,37,2.552,0.402116,0.136198,0.37037,0.402116,2,0,7,5648808303,90.2762,23.738087,3,0.02
Zone_DH750,23.7883,90.45557,218,295,2.706,0.401391,0.074272,0.292147,0.353821,3,8,59,4920214374,90.455864,23.793766,4,0.25
Zone_DH149,23.73011,90.28998,63,74,2.349,0.401375,0.116458,0.373189,0.400719,1,3,22,4151658990,90.293502,23.728471,3,0.04
Zone_DH183,23.72468,90.29927,41,46,2.244,0.401282,0.11873,0.317949,0.39,1,2,16,5068209020,90.297073,23.729822,4,0.02
Zone_DH216,23.69814,90.30879,63,69,2.19,0.400846,0.118859,0.366631,0.399207,1,3,26,4447075478,90.308103,23.692241,3,0.03
Zone_DH861,23.84277,90.47668,188,246,2.617,0.400667,0.070516,0.275786,0.394825,2,8,43,9810348266,90.475688,23.835922,4,0.15
Zone_DH088,23.80934,90.2643,59,68,2.305,0.400484,0.11324,0.348094,0.393116,1,2,23,5613294592,90.258824,23.809444,3,0.03
Zone_DH340,23.87367,90.33258,221,299,2.706,0.400291,0.061185,0.234537,0.306675,3,9,47,11876896446,90.330022,23.875955,3,0.21
Zone_DH617,23.84998,90.41532,483,604,2.501,0.399643,0.037707,0.155273,0.307063,5,20,124,10008603472,90.416419,23.849384,4,0.84
Zone_DH263,23.81182,90.31153,40,50,2.5,0.39946,0.146424,0.37058,0.394197,1,1,11,5606708902,90.311061,23.817012,3,0.02
Zone_DH594,23.94719,90.39765,56,67,2.393,0.398653,0.106469,0.3133,0.387912,1,2,16,4996492524,90.39773,23.947337,4,0.02
Zone_DH623,23.89954,90.4133,322,368,2.286,0.397995,0.055421,0.288738,0.363429,4,13,118,1640117772,90.410605,23.892806,4,0.63
Zone_DH092,23.84705,90.26792,550,742,2.698,0.397624,0.04233,0.171533,0.376457,6,22,87,5624392083,90.265009,23.848163,3,1.14
Zone_DH663,23.94221,90.42567,66,72,2.182,0.397115,0.100743,0.302885,0.37774,1,3,32,5718237037,90.429883,23.941052,3,0.03
Zone_DH580,23.82684,90.40567,245,286,2.335,0.396107,0.060584,0.313277,0.346868,3,10,82,4386344723,90.405211,23.826352,3,0.25
Zone_DH725,23.87788,90.44035,290,323,2.228,0.395978,0.04967,0.221862,0.283735,3,12,124,10015455589,90.440419,23.881149,4,0.32
Zone_DH059,23.86155,90.25872,453,600,2.649,0.395463,0.045723,0.19606,0.366895,5,18,89,5623480317,90.259899,23.862778,3,0.86
Zone_DH228,23.81198,90.30852,48,58,2.417,0.395005,0.13427,0.367576,0.395005,2,1,18,5606708902,90.311061,23.817012,3,0.02
Zone_DH320,23.69472,90.34126,93,105,2.258,0.39441,0.09596,0.275968,0.356828,1,4,43,3798642926,90.343685,23.697874,3,0.04
Zone_DH710,23.74139,90.44548,529,631,2.386,0.393981,0.035298,0.144642,0.253598,6,21,178,2451398395,90.444276,23.744919,3,1.02
Zone_DH596,23.66195,90.41863,195,229,2.349,0.393462,0.0667,0.27185,0.342154,2,8,70,5097254620,90.415073,23.658294,3,0.15
Zone_DH531,23.70346,90.39919,1170,1547,2.644,0.391539,0.01995,0.082723,0.18517,12,47,235,11478105723,90.398076,23.703213,3,5.01
Zone_DH622,23.89022,90.41246,455,581,2.554,0.39138,0.039039,0.149199,0.308214,5,18,107,1640119237,90.412567,23.892807,3,0.79
Zone_DH778,23.71966,90.46655,287,336,2.341,0.391044,0.045589,0.17045,0.318803,3,12,120,12878332590,90.46867,23.717051,4,0.31
Zone_DH164,23.86308,90.28919,472,664,2.814,0.390911,0.042402,0.178217,0.356763,5,19,60,5665994545,90.290616,23.864298,4,0.87
Zone_DH422,23.6648,90.37109,129,164,2.543,0.390748,0.090304,0.30502,0.375817,2,5,36,3513305314,90.36136,23.66174,3,0.08
Zone_DH157,23.79997,90.28699,205,243,2.371,0.390177,0.062932,0.226244,0.34237,3,8,69,4599529222,90.288445,23.800685,3,0.17
Zone_DH505,23.78544,90.38674,840,1079,2.569,0.389761,0.035718,0.193472,0.35651,9,33,212,386804914,90.379023,23.792851,3,2.62
Zone_DH018,23.80844,90.25513,97,114,2.351,0.388048,0.10278,0.36307,0.376259,1,4,29,3446253840,90.250586,23.806678,3,0.05
Zone_DH302,23.84627,90.32223,50,61,2.44,0.387755,0.117857,0.279549,0.365672,1,2,16,5643054970,90.31999,23.843318,3,0.02
Zone_DH697,23.93982,90.43178,70,80,2.286,0.387468,0.09483,0.317775,0.386292,1,3,22,5718237037,90.429883,23.941052,3,0.03
Zone_DH731,23.93058,90.44539,79,97,2.456,0.387279,0.092296,0.291908,0.361305,1,3,20,13545904957,90.45261,23.93001,4,0.04
Zone_DH219,23.72956,90.31332,106,124,2.34,0.385897,0.08003,0.256868,0.333919,2,4,35,387181386,90.316802,23.730985,3,0.06
Zone_DH376,23.87823,90.34676,73,90,2.466,0.385759,0.1017,0.283333,0.372801,1,3,22,7311763783,90.341429,23.878406,4,0.04
Zone_DH290,23.73711,90.33105,631,790,2.504,0.383829,0.033843,0.174906,0.35131,7,25,180,5104637082,90.334822,23.738085,3,1.49
Zone_DH022,23.84566,90.25461,252,328,2.603,0.383554,0.067213,0.284104,0.345947,3,10,44,12609336788,90.256596,23.843158,3,0.3
Zone_DH199,23.86436,90.29647,454,637,2.806,0.383442,0.045597,0.181975,0.299954,5,18,68,5665993985,90.292605,23.859002,3,0.77
Zone_DH187,23.75722,90.29857,60,72,2.4,0.382233,0.092743,0.272472,0.366715,1,2,16,3521870209,90.293465,23.756631,3,0.03
Zone_DH372,23.84832,90.35196,96,134,2.792,0.382083,0.095224,0.36467,0.373998,1,4,11,12848320651,90.355833,23.854151,4,0.06
Zone_DH666,23.66129,90.43672,176,213,2.42,0.382003,0.069864,0.234975,0.332315,2,7,66,3514901595,90.428925,23.66429,3,0.14
Zone_DH765,23.92398,90.45148,66,75,2.273,0.381731,0.102244,0.355529,0.373606,1,3,26,9873623820,90.448411,23.924772,3,0.03
Zone_DH323,23.72427,90.33891,325,406,2.498,0.381474,0.047711,0.221706,0.306912,4,13,91,3307953662,90.338444,23.728708,4,0.48
Zone_DH488,23.94318,90.37781,153,167,2.183,0.381056,0.074327,0.30298,0.371948,2,6,69,4996711915,90.382705,23.944767,3,0.11
Zone_DH865,23.87327,90.47577,22,26,2.364,0.380952,0.17381,0.36,0.376952,1,1,10,4916594997,90.475943,23.875451,3,0.01
Zone_DH246,23.66481,90.3236,22,27,2.455,0.380952,0.155628,0.368095,0.378952,1,1,6,4092058932,90.32669,23.666844,3,0.01
Zone_DH448,23.89891,90.3673,105,128,2.438,0.379948,0.079998,0.288163,0.36351,2,4,35,11326038771,90.366662,23.891849,3,0.07
Zone_DH621,23.88319,90.41201,343,449,2.618,0.378162,0.045746,0.182873,0.271137,4,14,72,1640119237,90.412567,23.892807,3,0.51
Zone_DH634,23.68702,90.42971,773,1019,2.636,0.377754,0.029009,0.135382,0.250272,8,31,181,1556433632,90.431876,23.691316,4,2.26
Zone_DH406,23.83382,90.35798,575,778,2.706,0.377596,0.036578,0.159997,0.255148,6,23,104,4439373548,90.355489,23.834396,3,1.28
Zone_DH085,23.78657,90.26608,81,97,2.395,0.376582,0.08324,0.257595,0.346203,1,4,24,5202869806,90.265847,23.787306,3,0.04
Zone_DH365,23.78536,90.35026,1320,1583,2.398,0.376572,0.02095,0.094919,0.178588,14,52,425,4415297337,90.347264,23.782944,4,6.4
Zone_DH311,23.92763,90.32048,80,101,2.525,0.375852,0.091659,0.299789,0.33739,1,3,20,5636723933,90.32414,23.920847,3,0.04
Zone_DH858,23.81124,90.47646,58,61,2.103,0.375313,0.124103,0.323308,0.356742,1,3,27,9977733304,90.479528,23.815137,3,0.03
Zone_DH289,23.73138,90.3313,541,674,2.492,0.375167,0.034001,0.135663,0.225233,6,22,159,3307943551,90.33408,23.730343,4,1.04
Zone_DH342,23.89186,90.33106,177,218,2.463,0.375065,0.07122,0.296779,0.367361,2,7,58,2642633580,90.329163,23.892682,3,0.13
Zone_DH089,23.82164,90.2638,238,299,2.513,0.374204,0.055644,0.21077,0.293919,3,9,72,7330743609,90.257538,23.820474,4,0.23
Zone_DH863,23.85535,90.4779,224,298,2.661,0.374015,0.060646,0.301679,0.33469,3,9,32,9388094416,90.477764,23.855018,3,0.19
Zone_DH457,23.66557,90.3811,134,163,2.433,0.374003,0.067298,0.250376,0.311293,2,5,39,3514168853,90.380307,23.667526,3,0.1
Zone_DH178,23.67506,90.30273,71,87,2.451,0.373499,0.086951,0.236646,0.326253,1,3,22,5100162509,90.298267,23.684116,3,0.03
Zone_DH321,23.70182,90.34191,114,134,2.351,0.372946,0.076244,0.314412,0.335624,2,4,40,6052588416,90.344991,23.69873,3,0.07
Zone_DH223,23.76619,90.30777,116,136,2.345,0.371472,0.078661,0.288558,0.323722,2,4,39,5065549599,90.30179,23.769228,3,0.07
Zone_DH132,23.8882,90.27212,248,287,2.315,0.371416,0.052121,0.187049,0.323687,3,10,101,123045829,90.272352,23.888374,3,0.23
Zone_DH714,23.77228,90.4448,325,452,2.782,0.371173,0.051767,0.261713,0.300721,4,13,65,9756751144,90.453373,23.773705,4,0.45
Zone_DH163,23.85376,90.28691,551,775,2.813,0.371088,0.041177,0.175489,0.27895,6,22,74,5606362519,90.2872,23.850728,3,1.14
Zone_DH553,23.9011,90.39476,380,475,2.5,0.370817,0.047318,0.250194,0.298629,4,15,106,4989194971,90.3977,23.895772,3,0.53
Zone_DH231,23.83925,90.30749,137,166,2.423,0.370261,0.069382,0.23037,0.331795,2,5,48,5603630058,90.306455,23.837286,3,0.08
Zone_DH425,23.69765,90.372,292,347,2.377,0.369641,0.045918,0.168321,0.270891,3,12,94,4462892669,90.37251,23.70021,4,0.33
Zone_DH721,23.83425,90.44555,269,339,2.52,0.369193,0.05151,0.203304,0.273612,3,11,73,11054234623,90.448003,23.830616,4,0.28
Zone_DH356,23.70323,90.34858,128,150,2.344,0.367704,0.076218,0.255206,0.329375,2,5,44,6052588416,90.344991,23.69873,3,0.07
Zone_DH355,23.69556,90.34655,74,84,2.27,0.36758,0.098785,0.323383,0.349802,1,3,32,10159258491,90.346751,23.694974,3,0.03
Zone_DH828,23.85506,90.47768,231,309,2.675,0.36723,0.059653,0.293564,0.329254,3,9,32,9388094416,90.477764,23.855018,3,0.21
Zone_DH129,23.86213,90.27832,341,443,2.598,0.366788,0.053872,0.215131,0.327867,4,14,75,5603524475,90.278063,23.868674,3,0.48
Zone_DH052,23.79983,90.25985,183,219,2.393,0.364944,0.064581,0.218833,0.360771,2,8,50,2987554514,90.264288,23.796775,3,0.14
Zone_DH352,23.66252,90.35299,45,49,2.178,0.364693,0.125628,0.313742,0.354461,1,2,19,7873459662,90.356198,23.660302,3,0.02
Zone_DH678,23.76621,90.4342,837,1092,2.609,0.364688,0.031334,0.121768,0.255643,9,33,203,12211737795,90.432941,23.763326,3,2.58
Zone_DH048,23.76471,90.26049,39,46,2.359,0.364154,0.124193,0.335846,0.358748,1,1,13,5065578590,90.262016,23.764997,3,0.02
Zone_DH674,23.73065,90.43524,702,860,2.45,0.363579,0.029812,0.126167,0.205224,8,28,216,5885367124,90.434837,23.72881,3,1.76
Zone_DH508,23.81175,90.38346,1086,1456,2.681,0.363474,0.029112,0.124486,0.238945,11,44,215,9985599853,90.38747,23.813393,3,4.27
Zone_DH293,23.76088,90.33185,85,121,2.847,0.363454,0.096877,0.334194,0.357912,1,4,17,11417098324,90.339732,23.759414,3,0.05
Zone_DH248,23.67493,90.32047,84,101,2.405,0.363209,0.092576,0.329974,0.362477,1,4,29,4092058938,90.322278,23.669069,4,0.04
Zone_DH110,23.69105,90.28483,62,79,2.548,0.362295,0.098396,0.29877,0.349295,1,3,15,5068128706,90.290902,23.687744,3,0.03
Zone_DH244,23.94611,90.3006,120,160,2.667,0.361202,0.080467,0.280565,0.340164,2,4,25,5649001845,90.301976,23.946081,3,0.07
Zone_DH673,23.72113,90.43499,768,953,2.482,0.359238,0.035978,0.166751,0.317133,8,31,212,2313096207,90.432567,23.722615,3,2.15
Zone_DH757,23.84645,90.45444,32,45,2.812,0.35914,0.166801,0.323441,0.352473,1,1,2,9916581306,90.457727,23.841214,3,0.02
Zone_DH753,23.81215,90.45454,639,803,2.513,0.358715,0.040491,0.133932,0.225323,7,25,167,9977456261,90.453006,23.812432,4,1.6
Zone_DH334,23.82125,90.34589,160,212,2.65,0.357774,0.076799,0.29879,0.345968,2,6,44,9752354874,90.346619,23.823329,5,0.15
Zone_DH332,23.79838,90.34545,403,504,2.501,0.356596,0.044158,0.144393,0.287166,5,16,115,12054475956,90.344062,23.800598,3,0.58
Zone_DH546,23.83344,90.39087,322,363,2.255,0.356445,0.050313,0.217844,0.298988,4,13,128,11090813762,90.387203,23.836818,3,0.51
Zone_DH312,23.93725,90.31844,74,92,2.486,0.356164,0.096317,0.256621,0.345331,1,3,23,5646818326,90.316338,23.938425,3,0.04
Zone_DH702,23.67051,90.45214,245,304,2.482,0.353538,0.055779,0.171753,0.32707,3,10,63,12683833021,90.453463,23.672922,3,0.28
Zone_DH030,23.91742,90.25536,136,178,2.618,0.352349,0.086128,0.292316,0.340006,2,5,33,5666052409,90.258274,23.918534,3,0.1
Zone_DH277,23.93555,90.31163,210,270,2.571,0.349926,0.051624,0.188365,0.325715,3,8,48,5646818446,90.309978,23.935986,3,0.18
Zone_DH269,23.86741,90.31578,409,558,2.729,0.349798,0.038762,0.14094,0.276687,5,16,83,2428930042,90.30987,23.869739,3,0.63
Zone_DH477,23.84592,90.37454,642,852,2.654,0.34923,0.040074,0.169229,0.26318,7,26,139,9769610119,90.371004,23.847179,4,1.58
Zone_DH032,23.93268,90.25635,112,155,2.768,0.347093,0.07918,0.260729,0.299261,2,4,17,5643554102,90.255582,23.935349,3,0.07
Zone_DH446,23.88177,90.36739,519,666,2.566,0.347012,0.037687,0.145011,0.300155,6,20,117,4006480271,90.371161,23.883329,3,1.03
Zone_DH396,23.74808,90.36005,1450,1838,2.535,0.347003,0.0219,0.123533,0.204207,15,58,375,366217885,90.356693,23.756075,4,7.6
Zone_DH749,23.77212,90.45579,307,459,2.99,0.346812,0.052847,0.212204,0.290501,4,12,22,9972850017,90.45802,23.767393,3,0.39
Zone_DH511,23.83586,90.38283,551,652,2.367,0.345607,0.037826,0.172856,0.303554,6,22,184,4959351777,90.376559,23.835659,3,1.12
Zone_DH579,23.81925,90.40475,544,683,2.511,0.345368,0.032199,0.125545,0.261621,6,22,158,9645240426,90.409503,23.816938,3,1.06
Zone_DH581,23.83769,90.40919,156,207,2.654,0.344952,0.073979,0.255237,0.32638,2,6,20,7451329486,90.410117,23.848401,3,0.13
Zone_DH126,23.83956,90.27496,225,289,2.569,0.344651,0.060614,0.244643,0.339004,3,9,62,5622247374,90.274477,23.834751,4,0.2
Zone_DH255,23.73764,90.32448,190,227,2.389,0.344647,0.060462,0.212214,0.246914,2,8,66,3948567375,90.323514,23.733375,4,0.17
Zone_DH339,23.86871,90.33082,162,212,2.617,0.343323,0.078927,0.303284,0.326078,2,7,49,5614590359,90.332599,23.866287,4,0.12
Zone_DH789,23.8207,90.46295,496,631,2.544,0.341897,0.047838,0.132646,0.25255,5,20,124,4912273266,90.466647,23.818935,3,0.93
Zone_DH222,23.75608,90.31257,83,100,2.41,0.341765,0.083935,0.256489,0.312382,1,4,22,5070654492,90.315835,23.753602,3,0.04
Zone_DH687,23.84889,90.42988,180,205,2.278,0.341598,0.070179,0.234216,0.275284,2,7,67,1794641079,90.427061,23.855667,3,0.14
Zone_DH862,23.85055,90.47749,261,349,2.674,0.34158,0.0546,0.235848,0.333519,3,11,36,9570545717,90.477742,23.85065,3,0.25
Zone_DH827,23.85037,90.47731,260,348,2.677,0.341205,0.054433,0.235427,0.333918,3,10,36,9570545717,90.477742,23.85065,3,0.34
Zone_DH426,23.70533,90.37183,337,419,2.487,0.341027,0.041705,0.148902,0.243176,4,13,86,4462892669,90.37251,23.70021,4,0.48
Zone_DH739,23.68723,90.45519,894,1115,2.494,0.34081,0.029201,0.127195,0.266452,9,36,240,3530319257,90.457551,23.688156,3,3.02
Zone_DH097,23.88782,90.2672,338,403,2.385,0.339798,0.042538,0.142232,0.230877,4,13,113,2521523158,90.267818,23.886365,4,0.44
Zone_DH204,23.90927,90.29488,290,391,2.697,0.339797,0.043206,0.13619,0.207507,3,12,50,5609016056,90.296272,23.909119,4,0.34
Zone_DH257,23.7524,90.32173,151,192,2.543,0.33915,0.068411,0.262371,0.29132,2,6,37,9602837770,90.324549,23.749324,3,0.1
Zone_DH658,23.89812,90.42318,162,187,2.309,0.33882,0.073778,0.287333,0.329556,2,7,57,3523412314,90.421503,23.894473,3,0.13
Zone_DH250,23.69055,90.31856,76,85,2.237,0.338378,0.097601,0.276396,0.338108,1,3,29,4465068174,90.323674,23.685342,3,0.03
Zone_DH751,23.79662,90.45428,456,594,2.605,0.337435,0.036645,0.163409,0.258491,5,18,116,12669395278,90.457354,23.796554,3,0.8
Zone_DH031,23.92539,90.25602,174,240,2.759,0.335462,0.08325,0.30158,0.334048,2,7,26,5652008686,90.25537,23.924111,4,0.14
Zone_DH249,23.6836,90.31851,91,105,2.308,0.334332,0.084279,0.249938,0.292534,1,4,30,4465068174,90.323674,23.685342,3,0.04
Zone_DH218,23.72283,90.3141,58,63,2.172,0.33396,0.113009,0.304073,0.327531,1,2,26,3424478646,90.316144,23.724779,3,0.02
Zone_DH672,23.71125,90.43544,914,1168,2.556,0.332781,0.026926,0.122219,0.162946,10,36,222,1556433655,90.434739,23.710128,4,3.06
Zone_DH267,23.84453,90.31437,109,134,2.459,0.332641,0.089371,0.284562,0.329436,2,4,30,2428929836,90.319046,23.839875,3,0.06
Zone_DH485,23.91938,90.37618,314,351,2.236,0.330528,0.04302,0.178469,0.281428,4,12,121,1640130579,90.375355,23.919353,3,0.39
Zone_DH215,23.69089,90.3081,99,119,2.404,0.330318,0.075081,0.246202,0.309699,1,4,33,2447912809,90.308291,23.690505,3,0.05
Zone_DH864,23.86096,90.4778,135,177,2.622,0.329817,0.070985,0.257143,0.314903,2,5,28,9520399570,90.4771,23.859542,3,0.08
Zone_DH792,23.84605,90.46628,36,49,2.722,0.329412,0.114379,0.295378,0.318824,1,1,4,9570518562,90.473087,23.845056,3,0.02
Zone_DH275,23.91906,90.31267,194,242,2.495,0.328422,0.062094,0.239697,0.288833,2,8,51,2598342907,90.314242,23.916643,3,0.17
Zone_DH333,23.80786,90.34626,187,236,2.524,0.328277,0.071499,0.222284,0.307335,2,8,60,4476151948,90.342475,23.806201,3,0.15
Zone_DH459,23.68904,90.38259,250,312,2.496,0.327925,0.049245,0.163496,0.239214,3,10,73,5063529042,90.386826,23.687309,3,0.26
Zone_DH166,23.88019,90.2901,309,441,2.854,0.327785,0.048862,0.142024,0.305193,4,12,37,5637118822,90.293473,23.878546,3,0.41
Zone_DH291,23.74501,90.33069,363,458,2.523,0.327497,0.041925,0.173181,0.265621,4,15,102,3522486261,90.33264,23.74025,3,0.52
Zone_DH028,23.90269,90.25476,104,130,2.5,0.327242,0.079936,0.271645,0.308477,2,4,29,5715068190,90.258936,23.903203,3,0.06
Zone_DH657,23.89167,90.42374,199,233,2.342,0.32636,0.068501,0.252079,0.292541,2,8,69,4916336136,90.421945,23.892561,3,0.18
Zone_DH145,23.69106,90.29236,102,123,2.412,0.326139,0.092293,0.266891,0.309059,2,4,28,5070818720,90.287777,23.696878,3,0.05
Zone_DH451,23.9274,90.36806,186,214,2.301,0.326028,0.069287,0.258989,0.307435,2,8,67,1640145645,90.371521,23.936476,3,0.14
Zone_DH443,23.85712,90.36639,568,815,2.87,0.325207,0.034188,0.131309,0.221717,6,23,62,9470195301,90.359384,23.8583,4,1.24
Zone_DH256,23.74559,90.32397,255,321,2.518,0.324858,0.054418,0.201295,0.292486,3,10,68,5658017109,90.319035,23.750521,3,0.25
Zone_DH585,23.87441,90.40414,988,1334,2.7,0.324837,0.020974,0.079122,0.188299,10,40,187,266685697,90.400701,23.874655,4,3.69
Zone_DH098,23.90099,90.2659,315,383,2.432,0.324617,0.050196,0.190727,0.283876,4,12,99,5715071631,90.259499,23.902881,3,0.35
Zone_DH278,23.94127,90.31122,132,168,2.545,0.324604,0.061521,0.187146,0.244817,2,5,30,5646818470,90.310917,23.940605,4,0.08
Zone_DH809,23.68734,90.47291,446,566,2.538,0.323484,0.044283,0.167234,0.223853,5,18,100,10095139117,90.46982,23.693411,3,0.74
Zone_DH487,23.93737,90.37669,281,323,2.299,0.323195,0.049135,0.204071,0.282504,3,12,99,1640145645,90.371521,23.936476,3,0.31
Zone_DH115,23.73664,90.27994,95,120,2.526,0.322809,0.074679,0.217936,0.286895,1,4,24,5097054880,90.273128,23.732944,4,0.05
Zone_DH755,23.82902,90.45409,509,729,2.864,0.32271,0.038768,0.132844,0.19869,6,20,69,11054234623,90.448003,23.830616,4,1.03
Zone_DH024,23.86234,90.25536,272,354,2.603,0.322537,0.063979,0.24387,0.318626,3,11,59,3633141023,90.259825,23.862496,3,0.31
Zone_DH785,23.78951,90.46019,121,178,2.942,0.322269,0.082124,0.192717,0.245826,2,5,17,9934168542,90.458308,23.787558,5,0.08
Zone_DH375,23.87312,90.34985,142,198,2.789,0.322087,0.080024,0.277381,0.319314,2,6,10,4926248117,90.356454,23.872734,4,0.1
Zone_DH307,23.89224,90.32606,260,325,2.5,0.3219,0.050629,0.159322,0.223821,3,10,76,2642633580,90.329163,23.892682,3,0.29
Zone_DH771,23.66373,90.4681,321,384,2.393,0.32163,0.04713,0.225549,0.275987,4,13,103,5007285726,90.466899,23.667819,3,0.41
Zone_DH661,23.93014,90.42134,92,107,2.326,0.320879,0.086941,0.266679,0.317768,1,4,33,10053187563,90.427539,23.929042,3,0.04
Zone_DH051,23.79195,90.26154,162,193,2.383,0.320419,0.063552,0.2587,0.315977,2,7,51,5604121785,90.265762,23.79531,3,0.12
Zone_DH688,23.85807,90.42976,288,342,2.375,0.319266,0.049319,0.188164,0.288005,3,12,96,10027894562,90.428739,23.860614,4,0.31
Zone_DH118,23.76278,90.28124,48,58,2.417,0.319149,0.106441,0.271277,0.315671,1,2,15,5607027574,90.282448,23.76251,4,0.02
Zone_DH330,23.78554,90.34184,629,774,2.461,0.318624,0.032137,0.133773,0.214928,7,25,182,264881070,90.347186,23.782951,4,1.42
Zone_DH087,23.79774,90.26932,190,215,2.263,0.316222,0.080372,0.262749,0.297377,2,9,74,11243716488,90.265195,23.796077,3,0.15
Zone_DH020,23.82814,90.25564,216,269,2.491,0.316105,0.056957,0.185068,0.310398,3,8,55,11243761963,90.25796,23.824775,3,0.19
Zone_DH282,23.66813,90.32982,65,81,2.492,0.315476,0.118284,0.303571,0.312937,1,3,14,4092058938,90.322278,23.669069,4,0.03
Zone_DH574,23.77651,90.40759,1275,1686,2.645,0.314491,0.022468,0.106787,0.195105,13,51,280,5556750858,90.404769,23.783781,3,6.14
Zone_DH720,23.82756,90.44394,566,823,2.908,0.313814,0.037053,0.13298,0.232328,6,23,70,4911893436,90.447676,23.830549,4,1.47
Zone_DH155,23.78491,90.2965,28,36,2.571,0.31339,0.116707,0.263248,0.30416,1,1,6,5607029403,90.297876,23.788095,4,0.01
Zone_DH370,23.8259,90.35188,597,831,2.784,0.312238,0.037673,0.142389,0.230216,6,24,98,4263480801,90.35177,23.823937,3,1.44
Zone_DH748,23.76637,90.45379,451,629,2.789,0.312131,0.046694,0.232744,0.296565,5,18,78,4391613419,90.448815,23.763814,4,0.8
Zone_DH506,23.79355,90.3855,880,1108,2.518,0.311783,0.025842,0.109374,0.203959,9,35,226,210319040,90.387946,23.793766,4,2.83
Zone_DH386,23.65732,90.3589,110,138,2.509,0.311587,0.081631,0.257212,0.284266,2,4,30,3513305314,90.36136,23.66174,3,0.07
Zone_DH611,23.79193,90.41596,1206,1653,2.741,0.311582,0.022879,0.108741,0.226675,13,48,182,1150429393,90.411473,23.789875,3,5.45
Zone_DH276,23.92764,90.3117,221,291,2.633,0.311416,0.054431,0.192653,0.262017,3,9,42,5649224895,90.308198,23.931669,4,0.2
Zone_DH667,23.66928,90.43527,241,302,2.506,0.310321,0.05959,0.215934,0.255872,3,10,71,3514901706,90.428823,23.670303,4,0.25
Zone_DH484,23.91135,90.37614,302,337,2.232,0.309125,0.045886,0.18374,0.248434,4,12,118,3952791999,90.371851,23.913669,3,0.36
Zone_DH524,23.94706,90.38618,133,170,2.556,0.308582,0.073463,0.24594,0.304381,2,5,30,6059304065,90.388474,23.947755,3,0.09
Zone_DH829,23.86158,90.47707,141,187,2.652,0.30853,0.068587,0.241727,0.289681,2,6,27,9520399570,90.4771,23.859542,3,0.09
Zone_DH504,23.77513,90.38846,699,916,2.621,0.308436,0.030943,0.14556,0.232554,7,28,169,8986379956,90.382542,23.770613,4,1.8
Zone_DH680,23.78595,90.43153,861,1101,2.557,0.307824,0.030655,0.150778,0.244149,9,35,207,1812627366,90.426308,23.785932,3,2.63
Zone_DH292,23.75275,90.33143,153,203,2.654,0.30725,0.063684,0.216504,0.262726,2,6,38,9602837770,90.324549,23.749324,3,0.13
Zone_DH650,23.82814,90.42595,771,1063,2.757,0.307196,0.029964,0.120577,0.229567,8,31,142,9612612526,90.429204,23.825921,3,2.17
Zone_DH288,23.72483,90.32992,250,306,2.448,0.306322,0.05159,0.149472,0.252698,3,10,73,4469698991,90.331563,23.72803,3,0.25
Zone_DH592,23.93787,90.39917,281,352,2.505,0.30617,0.049441,0.18446,0.293676,3,12,70,1640145724,90.39945,23.936276,3,0.34
Zone_DH304,23.8683,90.32376,302,406,2.689,0.305914,0.044169,0.144786,0.224373,4,12,70,5614661334,90.322013,23.866516,3,0.36
Zone_DH168,23.90221,90.28647,167,209,2.503,0.305586,0.067379,0.230296,0.29729,2,7,48,5627925051,90.291241,23.900959,3,0.13
Zone_DH371,23.83269,90.35159,302,419,2.775,0.304673,0.055886,0.216828,0.265841,4,12,53,4023198513,90.353294,23.829901,4,0.39
Zone_DH127,23.84859,90.27802,501,677,2.703,0.303607,0.045238,0.209764,0.288529,6,20,82,3357685641,90.282228,23.849768,3,0.92
Zone_DH632,23.6696,90.42703,418,540,2.584,0.301928,0.044796,0.183382,0.222696,5,16,111,3514901706,90.428823,23.670303,4,0.67
Zone_DH325,23.7376,90.33873,684,885,2.588,0.301477,0.031426,0.157381,0.233429,7,28,161,3270373282,90.34229,23.739046,4,1.73
Zone_DH565,23.69524,90.40654,833,1093,2.624,0.301415,0.030237,0.121576,0.200092,9,33,179,11478105727,90.397614,23.701144,3,2.57
Zone_DH025,23.87041,90.25614,176,226,2.568,0.30069,0.07828,0.265665,0.294647,2,7,48,5613100593,90.259241,23.875574,3,0.14
Zone_DH055,23.82779,90.2599,393,514,2.616,0.300329,0.04015,0.153875,0.214951,4,16,81,12609329456,90.258981,23.831035,3,0.61
Zone_DH086,23.7931,90.26893,184,216,2.348,0.300246,0.068588,0.228505,0.29875,2,8,60,11243716513,90.267167,23.794406,3,0.13
Zone_DH093,23.85239,90.26787,580,773,2.666,0.299849,0.039095,0.163798,0.208689,6,23,106,11243784791,90.266938,23.862852,3,1.25
Zone_DH593,23.94235,90.39774,217,284,2.618,0.299612,0.051936,0.161731,0.238002,3,8,42,4994013609,90.394987,23.94285,3,0.2
Zone_DH439,23.8188,90.36693,1814,2587,2.852,0.299588,0.018642,0.065991,0.108693,19,72,232,5445404903,90.364371,23.822071,3,12.67
Zone_DH253,23.7243,90.32398,144,170,2.361,0.29804,0.066484,0.224515,0.279887,2,6,40,3320715254,90.319062,23.728301,3,0.1
Zone_DH209,23.9459,90.29372,204,281,2.755,0.297859,0.063748,0.236926,0.271174,3,8,29,5636472179,90.291033,23.945193,4,0.17
Zone_DH614,23.82017,90.41792,652,844,2.589,0.297582,0.030846,0.130448,0.197734,7,26,165,5480216025,90.420509,23.820593,4,1.64
Zone_DH597,23.66991,90.42089,369,457,2.477,0.297106,0.045846,0.168007,0.219999,4,15,122,5102782904,90.419569,23.671545,3,0.51
Zone_DH270,23.87166,90.31531,441,611,2.771,0.296707,0.03667,0.128681,0.234916,5,18,81,2428930042,90.30987,23.869739,3,0.73
Zone_DH068,23.93796,90.26143,177,232,2.621,0.295974,0.065524,0.251169,0.283831,3,6,44,5645294921,90.260239,23.940892,3,0.14
Zone_DH369,23.82089,90.35262,704,956,2.716,0.295838,0.037874,0.150962,0.237553,8,28,140,4359927041,90.356506,23.819888,3,1.86
Zone_DH707,23.70952,90.4458,681,851,2.499,0.295755,0.030712,0.135207,0.174111,7,28,176,7768114163,90.44138,23.710413,4,1.75
Zone_DH046,23.74596,90.26193,30,35,2.333,0.295567,0.133826,0.291995,0.294852,1,1,8,11775577623,90.264608,23.746969,3,0.01
Zone_DH273,23.89917,90.31526,246,315,2.561,0.29458,0.052543,0.172248,0.272526,3,10,50,5628286643,90.321079,23.89867,3,0.25
Zone_DH058,23.85318,90.25985,486,643,2.646,0.294351,0.041391,0.142189,0.276405,5,20,92,5613042419,90.256512,23.84356,3,0.95
Zone_DH357,23.71288,90.35012,145,175,2.414,0.294095,0.068471,0.243648,0.276542,2,6,40,388311336,90.346655,23.710531,3,0.25
Zone_DH235,23.87248,90.30724,436,595,2.729,0.293755,0.037906,0.139653,0.238645,5,17,65,2428930042,90.30987,23.869739,3,0.75
Zone_DH846,23.7032,90.47724,120,149,2.483,0.292693,0.082654,0.247764,0.28795,2,4,31,1623265373,90.476467,23.709457,4,0.07
Zone_DH023,23.85425,90.25479,226,293,2.593,0.292659,0.065582,0.224603,0.259365,3,9,55,5619406458,90.25779,23.854602,3,0.21
Zone_DH464,23.7295,90.37837,1228,1582,2.577,0.291808,0.022722,0.098785,0.218885,13,49,294,364127855,90.380286,23.731119,4,5.57
Zone_DH613,23.81126,90.41696,728,948,2.604,0.291719,0.02654,0.117033,0.237482,8,29,163,61746957,90.417994,23.807451,3,1.94
Zone_DH197,23.84864,90.29394,302,406,2.689,0.290919,0.051991,0.211898,0.262598,4,12,57,5606201212,90.290548,23.851679,3,0.36
Zone_DH652,23.84879,90.42238,434,529,2.438,0.289496,0.038576,0.162174,0.252566,5,17,131,10008603472,90.416419,23.849384,4,0.69
Zone_DH274,23.9084,90.31436,208,262,2.519,0.288636,0.059713,0.189628,0.241965,3,8,56,2598342969,90.31896,23.913159,4,0.19
Zone_DH679,23.77525,90.43192,679,844,2.486,0.288571,0.036617,0.154527,0.243823,7,27,205,5998422791,90.425808,23.77784,3,1.63
Zone_DH746,23.74822,90.45264,358,403,2.251,0.287194,0.045419,0.185492,0.246578,4,14,140,4885119702,90.45198,23.744904,3,0.48
Zone_DH167,23.88768,90.28925,188,257,2.734,0.2867,0.080526,0.187801,0.273077,2,8,40,5783707836,90.293667,23.88046,3,0.16
Zone_DH394,23.73155,90.36207,741,929,2.507,0.285762,0.029711,0.10967,0.191209,8,30,193,346621454,90.362734,23.732424,3,1.94
Zone_DH539,23.77515,90.399,886,1152,2.6,0.285372,0.024467,0.093462,0.153726,9,36,210,5746691530,90.397728,23.778062,3,2.92
Zone_DH062,23.88804,90.26197,247,288,2.332,0.285217,0.05505,0.178208,0.236352,3,10,89,5258086799,90.263141,23.887599,4,0.23
Zone_DH790,23.8298,90.46276,331,444,2.683,0.285088,0.053881,0.217869,0.239309,4,13,63,4910032210,90.462122,23.832993,4,0.45
Zone_DH434,23.7756,90.36548,1520,2005,2.638,0.284804,0.019148,0.074074,0.147535,16,60,329,9768850474,90.363768,23.776367,3,8.67
Zone_DH589,23.91331,90.40161,421,538,2.556,0.283896,0.042463,0.156791,0.252356,5,17,112,4989866037,90.400269,23.915861,4,0.69
Zone_DH583,23.85884,90.4063,654,883,2.7,0.283796,0.028073,0.096306,0.208408,7,26,121,4595596977,90.400345,23.860285,3,1.59
Zone_DH577,23.80116,90.40658,762,1028,2.698,0.283246,0.030167,0.127193,0.215432,8,31,151,86776757,90.408046,23.801956,3,2.43
Zone_DH788,23.81246,90.4632,511,635,2.485,0.282833,0.045766,0.158538,0.205383,6,20,159,9976863777,90.467372,23.811682,5,0.94
Zone_DH521,23.92854,90.38437,262,301,2.298,0.282759,0.046651,0.156032,0.253516,3,11,97,4989852590,90.379994,23.925481,3,0.28
Zone_DH807,23.6702,90.472,295,368,2.495,0.281628,0.049715,0.184934,0.234503,3,12,85,5007269077,90.474441,23.667742,3,0.34
Zone_DH578,23.81083,90.40629,604,778,2.576,0.280965,0.030475,0.14315,0.197211,7,24,157,4823668167,90.403417,23.811066,4,1.39
Zone_DH131,23.88044,90.27386,319,389,2.439,0.278971,0.048832,0.20055,0.254154,4,12,101,6252054710,90.273328,23.875866,3,0.37
Zone_DH716,23.79613,90.44486,604,759,2.513,0.278971,0.033522,0.165143,0.250293,7,24,162,7374213286,90.434958,23.798659,4,1.49
Zone_DH607,23.75703,90.41615,1785,2152,2.411,0.278516,0.016088,0.076055,0.120969,18,72,570,1813489591,90.418186,23.759335,4,11.52
Zone_DH640,23.74047,90.42518,1284,1673,2.606,0.278404,0.01929,0.08424,0.151298,13,52,305,387128159,90.42669,23.744273,5,6.2
Zone_DH203,23.90137,90.29742,272,358,2.632,0.277873,0.04985,0.155997,0.24604,3,11,50,3735554924,90.30177,23.898174,4,0.29
Zone_DH128,23.85189,90.27763,535,721,2.695,0.277751,0.041879,0.174212,0.22258,6,21,90,5623765669,90.270808,23.853527,3,1.06
Zone_DH615,23.82888,90.4188,477,634,2.658,0.277656,0.038846,0.167206,0.243176,5,19,120,11004539527,90.418086,23.837937,3,0.84
Zone_DH306,23.88149,90.3258,277,354,2.556,0.277418,0.048205,0.166946,0.207555,3,11,69,5637012989,90.329077,23.886364,4,0.31
Zone_DH644,23.77561,90.4249,1092,1430,2.619,0.27696,0.02272,0.094494,0.164392,11,44,235,5998422791,90.425808,23.77784,3,4.35
Zone_DH717,23.80383,90.44489,751,939,2.501,0.276586,0.030336,0.153823,0.24303,8,30,230,12629742187,90.448674,23.800374,3,2.54
Zone_DH519,23.91182,90.38474,321,373,2.324,0.276489,0.040855,0.144318,0.204412,4,13,105,3325447441,90.387134,23.90911,4,0.38
Zone_DH540,23.78447,90.39807,1016,1345,2.648,0.276354,0.022368,0.09965,0.209196,11,40,212,6311765325,90.399901,23.790492,4,3.91
Zone_DH655,23.87435,90.42347,589,675,2.292,0.275006,0.031923,0.13352,0.20412,6,24,213,3108627544,90.42299,23.870636,4,1.23
Zone_DH711,23.74913,90.44405,724,888,2.453,0.274089,0.029926,0.110843,0.194134,8,29,213,387398126,90.441294,23.749108,3,1.91
Zone_DH738,23.6773,90.45871,808,994,2.46,0.273802,0.032179,0.165415,0.246426,9,32,227,4874148639,90.458525,23.684959,3,2.35
Zone_DH774,23.6867,90.46677,747,927,2.482,0.273786,0.030847,0.122472,0.20426,8,30,199,4878620780,90.460521,23.683773,3,1.99
Zone_DH029,23.90839,90.25524,110,141,2.564,0.273191,0.075195,0.243153,0.267311,2,4,29,1676672139,90.253047,23.907376,3,0.08
Zone_DH242,23.93591,90.30281,391,523,2.675,0.272863,0.036279,0.133193,0.189944,4,16,69,1640198860,90.301073,23.935962,4,0.58
Zone_DH272,23.89163,90.31464,261,329,2.521,0.272854,0.049895,0.165607,0.211328,3,11,69,3735554931,90.313262,23.895973,3,0.29
Zone_DH208,23.94239,90.29359,418,581,2.78,0.272044,0.037374,0.123518,0.173414,5,16,62,1937570029,90.296073,23.942156,4,0.71
Zone_DH752,23.80366,90.4542,615,785,2.553,0.271554,0.035585,0.144535,0.192781,7,24,169,11330471836,90.44875,23.800387,3,1.41
Zone_DH096,23.88102,90.26602,373,458,2.456,0.271194,0.045928,0.194076,0.240365,4,15,116,5717490873,90.259229,23.878552,4,0.5
Zone_DH472,23.80207,90.37497,1602,2056,2.567,0.270111,0.017423,0.066718,0.117403,17,64,374,386744405,90.378532,23.803189,4,9.28
Zone_DH638,23.72215,90.42613,1068,1388,2.599,0.270053,0.022773,0.090842,0.163141,11,43,250,5774449393,90.428719,23.72233,4,4.25
Zone_DH618,23.85738,90.41411,708,881,2.489,0.269815,0.030942,0.148326,0.187524,8,28,191,12615643886,90.412345,23.846268,3,1.81
Zone_DH742,23.70957,90.45599,549,687,2.503,0.269412,0.032806,0.132078,0.209584,6,22,147,1623279856,90.456997,23.707125,3,1.18
Zone_DH400,23.78525,90.35846,1963,2336,2.38,0.268261,0.01685,0.083873,0.149099,20,79,639,382023891,90.359738,23.785325,4,14.22
Zone_DH677,23.75672,90.43513,1013,1305,2.577,0.268157,0.025782,0.107736,0.188082,11,40,262,387127839,90.432481,23.75255,4,3.76
Zone_DH737,23.67051,90.46052,477,580,2.432,0.267979,0.034671,0.130767,0.18986,5,19,139,4871833182,90.46076,23.671367,3,0.94
Zone_DH271,23.88027,90.31447,328,438,2.671,0.267912,0.04124,0.156033,0.236941,4,13,56,2428930068,90.310088,23.882287,4,0.44
Zone_DH056,23.83618,90.25946,392,525,2.679,0.26786,0.042655,0.139652,0.200591,4,16,67,12609329456,90.258981,23.831035,3,0.63
Zone_DH642,23.75739,90.42444,1420,1747,2.461,0.267578,0.018904,0.088832,0.132834,15,56,451,3604666189,90.418267,23.75929,3,7.17
Zone_DH819,23.77245,90.46607,31,44,2.839,0.266667,0.120059,0.248276,0.265287,1,1,1,11056557167,90.465047,23.768826,4,0.01
Zone_DH740,23.69454,90.45394,1026,1352,2.635,0.266557,0.025652,0.105729,0.160766,11,41,210,5641275842,90.450361,23.702537,4,4.1
Zone_DH478,23.85673,90.37491,575,769,2.675,0.266511,0.037615,0.155018,0.240462,6,23,109,4926417855,90.372838,23.859841,4,1.28
Zone_DH590,23.91783,90.4009,396,505,2.551,0.266106,0.043685,0.16687,0.204607,4,16,103,4987934187,90.403406,23.911368,3,0.62
Zone_DH571,23.74888,90.40869,1685,2072,2.459,0.264331,0.016349,0.068366,0.116188,17,68,500,13056446507,90.40874,23.750141,4,10.45
Zone_DH470,23.78563,90.37403,1180,1487,2.52,0.263221,0.024929,0.123367,0.216802,12,47,323,386805267,90.377185,23.792669,3,5.05
Zone_DH575,23.78406,90.40738,1258,1745,2.774,0.262553,0.019764,0.078721,0.14086,13,50,189,11336223659,90.40552,23.780727,4,5.98
Zone_DH404,23.81941,90.35882,1378,1915,2.779,0.262415,0.024097,0.117137,0.147272,14,55,213,5445404903,90.364371,23.822071,3,7.02
Zone_DH808,23.67743,90.4724,391,499,2.552,0.261842,0.04608,0.162949,0.219347,4,16,82,5007285930,90.470581,23.673046,3,0.62
Zone_DH682,23.80262,90.4335,960,1233,2.569,0.261187,0.02645,0.12091,0.173198,10,38,231,4959322632,90.431443,23.805796,4,3.19
Zone_DH543,23.81146,90.3958,624,803,2.574,0.261002,0.031488,0.116976,0.216384,7,25,159,12452410932,90.39581,23.812151,3,1.49
Zone_DH845,23.69483,90.477,105,133,2.533,0.260829,0.085805,0.233532,0.260209,2,4,23,4873880030,90.475189,23.6971,3,0.07
Zone_DH555,23.91854,90.39546,336,438,2.607,0.260095,0.043482,0.156439,0.203321,4,13,80,4991648541,90.400124,23.917379,4,0.44
Zone_DH186,23.74894,90.29801,34,43,2.529,0.25947,0.119987,0.239394,0.25447,1,1,5,5065586566,90.290884,23.749064,3,0.01
Zone_DH254,23.73004,90.32434,270,324,2.4,0.25903,0.0532,0.178851,0.235339,3,11,88,3948567375,90.323514,23.733375,4,0.29
Zone_DH559,23.94701,90.39009,160,204,2.55,0.258817,0.071383,0.234086,0.25302,2,6,36,5001003035,90.390717,23.948389,4,0.12
Zone_DH308,23.89749,90.32605,213,262,2.46,0.258696,0.061538,0.214746,0.24548,3,8,65,4647809807,90.328574,23.89929,3,0.18
Zone_DH600,23.69698,90.41872,583,747,2.563,0.258666,0.032235,0.145887,0.185306,6,24,140,3304784716,90.4239,23.70127,3,1.31
Zone_DH510,23.82697,90.38364,954,1263,2.648,0.258205,0.025587,0.11175,0.158221,10,38,212,9748033871,90.377308,23.828174,3,3.42
Zone_DH502,23.7554,90.38775,823,1107,2.69,0.257822,0.02462,0.095373,0.141637,9,33,155,1990872077,90.389756,23.75908,4,2.53
Zone_DH243,23.94202,90.30139,290,387,2.669,0.257689,0.044679,0.132383,0.232694,3,12,56,5645136964,90.297644,23.941133,3,0.35
Zone_DH479,23.86627,90.37515,710,983,2.769,0.257417,0.031075,0.124266,0.188619,8,28,92,12083265148,90.375545,23.866917,3,1.91
Zone_DH675,23.74187,90.4346,866,1108,2.559,0.25695,0.025168,0.093765,0.164887,9,35,225,387127765,90.434945,23.7409,3,2.68
Zone_DH551,23.88152,90.39521,804,1080,2.687,0.256839,0.026677,0.102909,0.180991,9,32,146,1551032729,90.40045,23.874645,4,2.56
Zone_DH460,23.69601,90.38131,615,775,2.52,0.25582,0.029585,0.127998,0.18046,7,24,147,4462892598,90.380393,23.696181,4,1.41
Zone_DH548,23.86,90.3971,565,788,2.789,0.25559,0.036306,0.166151,0.214193,6,23,85,4595596977,90.400345,23.860285,3,1.27
Zone_DH367,23.79979,90.35157,1233,1577,2.558,0.255406,0.021451,0.085578,0.154269,13,49,312,10724930653,90.354945,23.799724,4,5.67
Zone_DH772,23.67065,90.46566,627,774,2.469,0.255095,0.030383,0.122775,0.190743,7,25,176,4871833182,90.46076,23.671367,3,1.42
Zone_DH654,23.86585,90.42327,608,710,2.336,0.255088,0.032053,0.136263,0.185305,7,24,212,3108627544,90.42299,23.870636,4,1.3
Zone_DH236,23.88059,90.30441,432,594,2.75,0.253548,0.035672,0.132061,0.180965,5,17,61,5614975575,90.302417,23.875448,3,0.74
Zone_DH588,23.90093,90.40331,335,411,2.454,0.252864,0.043451,0.172511,0.234542,4,13,103,6059479356,90.407655,23.896105,4,0.43
Zone_DH232,23.8459,90.30628,170,213,2.506,0.252818,0.063433,0.221929,0.251151,2,7,45,5606242994,90.299506,23.844306,4,0.14
Zone_DH689,23.86648,90.43008,397,458,2.307,0.252807,0.040289,0.174589,0.216611,4,16,150,10027894557,90.426565,23.860743,4,0.66
Zone_DH205,23.91841,90.29511,350,479,2.737,0.252314,0.039881,0.13426,0.188505,4,14,49,5783339945,90.297941,23.919855,3,0.49
Zone_DH684,23.82014,90.4344,888,1294,2.914,0.250707,0.025992,0.086879,0.168535,9,36,133,9612612526,90.429204,23.825921,3,3.15
Zone_DH520,23.91887,90.38453,338,386,2.284,0.250565,0.039479,0.150314,0.200336,4,13,121,4987612159,90.380604,23.914808,3,0.44
Zone_DH645,23.78477,90.42617,1185,1614,2.724,0.250184,0.021886,0.09668,0.158969,12,48,197,2485537140,90.425667,23.779728,3,5.24
Zone_DH368,23.80889,90.35269,904,1205,2.666,0.250184,0.030709,0.136083,0.21922,10,36,188,9801411351,90.351542,23.805993,4,3.03
Zone_DH619,23.86578,90.41421,765,931,2.434,0.250043,0.026377,0.105811,0.176839,8,31,240,4912022542,90.413474,23.868205,3,2.1
Zone_DH818,23.76518,90.46659,42,60,2.857,0.25,0.097997,0.227866,0.2485,1,2,0,11056557118,90.464334,23.768197,3,0.02
Zone_DH362,23.75733,90.35045,1213,1638,2.701,0.249338,0.023357,0.101255,0.174611,13,48,278,3270180478,90.354684,23.75304,3,6.3
Zone_DH165,23.87235,90.28965,378,527,2.788,0.249125,0.041794,0.130572,0.207115,4,15,44,4076393559,90.287488,23.875454,4,0.55
Zone_DH238,23.90002,90.30545,260,351,2.7,0.248631,0.050913,0.170007,0.216599,3,10,35,5628016832,90.306704,23.903009,3,0.27
Zone_DH198,23.85472,90.29452,426,596,2.798,0.248479,0.044581,0.176029,0.204198,5,17,70,4662755319,90.298865,23.854418,3,0.71
Zone_DH409,23.86453,90.35842,542,781,2.882,0.248271,0.033818,0.144711,0.19634,6,22,59,9473181034,90.361077,23.868702,4,1.14
Zone_DH811,23.70385,90.47243,440,565,2.568,0.247896,0.038444,0.142896,0.182427,5,17,105,1623265501,90.475012,23.701704,3,0.74
Zone_DH200,23.87353,90.29662,444,630,2.838,0.247888,0.040051,0.128122,0.206254,5,18,44,5614975575,90.302417,23.875448,3,0.79
Zone_DH180,23.69116,90.30052,127,154,2.425,0.247619,0.072887,0.217892,0.24653,2,5,31,5065946281,90.301301,23.68684,3,0.09
Zone_DH635,23.69627,90.42868,1040,1336,2.569,0.247446,0.022298,0.104484,0.175064,11,41,260,387125129,90.427458,23.693294,3,3.99
Zone_DH671,23.70229,90.43721,1382,1826,2.643,0.246592,0.020107,0.090641,0.140994,14,56,282,387420408,90.431715,23.697356,4,7.18
Zone_DH103,23.93958,90.26979,270,379,2.807,0.246463,0.048352,0.140466,0.200035,3,11,25,5638848866,90.273485,23.937724,3,0.31
Zone_DH462,23.71328,90.37809,1141,1622,2.843,0.24646,0.025276,0.091168,0.151335,12,46,133,3314975628,90.380733,23.712494,3,5.03
Zone_DH812,23.71069,90.47182,329,409,2.486,0.246308,0.042909,0.173092,0.215752,4,13,96,4360488898,90.470354,23.707903,3,0.41
Zone_DH202,23.88857,90.29795,312,433,2.776,0.246095,0.048828,0.143925,0.199247,4,12,50,5419679495,90.295805,23.885485,3,0.41
Zone_DH438,23.81061,90.36643,2023,2755,2.724,0.244768,0.016794,0.065409,0.116546,21,81,343,6292223140,90.367577,23.810495,4,15.48
Zone_DH137,23.93556,90.27636,793,1124,2.835,0.244726,0.030211,0.098088,0.141098,8,32,92,5647078343,90.265569,23.929026,3,2.36
Zone_DH587,23.88984,90.40535,466,611,2.622,0.243687,0.033716,0.1204,0.207796,5,19,103,3009039947,90.407105,23.886229,4,0.85
Zone_DH201,23.88022,90.29745,420,598,2.848,0.243608,0.038802,0.126348,0.175425,5,16,48,5614975575,90.302417,23.875448,3,0.72
Zone_DH648,23.81171,90.42656,1037,1410,2.719,0.242018,0.023384,0.096916,0.156696,11,41,196,10136694894,90.421293,23.811975,3,4.06
Zone_DH475,23.82704,90.37536,1231,1764,2.866,0.241935,0.022501,0.087439,0.153251,13,49,197,9748033871,90.377308,23.828174,3,5.85
Zone_DH653,23.8579,90.42267,510,604,2.369,0.241503,0.035248,0.132123,0.168626,6,20,165,10027894557,90.426565,23.860743,4,1.0
Zone_DH713,23.76553,90.44535,572,809,2.829,0.241392,0.035553,0.143887,0.194543,6,23,101,4893196092,90.443831,23.76263,3,1.33
Zone_DH405,23.8261,90.35767,1052,1457,2.77,0.241106,0.02523,0.101917,0.173607,11,42,161,1683139207,90.354216,23.823534,4,4.08
Zone_DH535,23.7385,90.39763,1357,1765,2.601,0.241067,0.018345,0.06793,0.137998,14,54,327,10016425304,90.395838,23.73818,4,7.14
Zone_DH486,23.92772,90.37609,329,378,2.298,0.240621,0.045034,0.159428,0.207294,4,13,120,1640145645,90.371521,23.936476,3,0.42
Zone_DH474,23.81919,90.37444,1468,2115,2.881,0.239915,0.021903,0.077247,0.119332,15,59,199,3639371009,90.3758,23.81833,4,8.35
Zone_DH690,23.87611,90.43266,438,494,2.256,0.23955,0.039296,0.169653,0.210641,5,17,169,9410190883,90.435577,23.881015,3,0.7
Zone_DH557,23.93949,90.39215,396,529,2.672,0.239298,0.040473,0.136394,0.18274,4,16,74,4994013723,90.395778,23.936903,4,0.63
Zone_DH207,23.93677,90.29345,615,866,2.816,0.238997,0.029045,0.098446,0.14449,7,24,80,1937570036,90.29036,23.936934,4,1.39
Zone_DH608,23.76527,90.41652,1481,1811,2.446,0.237693,0.018524,0.079125,0.130382,15,60,457,1813489591,90.418186,23.759335,4,7.69
Zone_DH461,23.70509,90.37924,514,671,2.611,0.237611,0.03153,0.11647,0.196732,6,20,96,5096986152,90.37956,23.700031,3,1.08
Zone_DH643,23.76651,90.42455,1183,1474,2.492,0.237573,0.020533,0.085805,0.156771,12,48,338,1812681582,90.423806,23.768805,3,5.1
Zone_DH528,23.67799,90.39905,381,529,2.777,0.237536,0.038819,0.128357,0.181278,4,16,67,7770748106,90.403289,23.680578,4,0.56
Zone_DH620,23.87453,90.41264,685,807,2.356,0.237317,0.027153,0.099795,0.160043,7,28,228,3108615437,90.415865,23.875978,4,1.66
Zone_DH239,23.90834,90.30462,251,334,2.661,0.235952,0.047933,0.148,0.183004,3,10,40,5606845202,90.305281,23.911941,4,0.26
Zone_DH541,23.79273,90.39624,929,1247,2.685,0.235567,0.023388,0.10172,0.172624,10,37,180,1789230123,90.400522,23.794283,4,3.32
Zone_DH573,23.76529,90.40917,1343,1648,2.454,0.235236,0.020542,0.086912,0.175914,14,54,410,3331312361,90.410553,23.760302,5,6.61
Zone_DH410,23.87197,90.35901,403,572,2.839,0.235183,0.040799,0.159786,0.216296,5,16,47,9981945315,90.361094,23.868803,4,0.98
Zone_DH669,23.68891,90.44045,1186,1604,2.705,0.235078,0.021333,0.089448,0.139153,12,48,235,387421173,90.437749,23.690245,4,5.22
Zone_DH169,23.91008,90.28712,248,332,2.677,0.235048,0.051721,0.156219,0.220136,3,10,47,5621374966,90.288992,23.912476,3,0.24
Zone_DH173,23.94137,90.28462,628,907,2.889,0.233869,0.03267,0.119772,0.176688,7,25,48,5643123558,90.282049,23.940453,3,1.46
Zone_DH532,23.71456,90.39991,1738,2230,2.566,0.231282,0.016467,0.074925,0.114279,18,69,405,6139180750,90.403011,23.711589,4,11.24
Zone_DH550,23.87307,90.39516,1008,1436,2.849,0.231116,0.02196,0.08534,0.142148,11,40,117,1551032729,90.40045,23.874645,4,3.95
Zone_DH598,23.67631,90.42059,488,621,2.545,0.23085,0.034007,0.121029,0.167587,5,20,135,5063466843,90.419881,23.682674,4,0.9
Zone_DH773,23.67632,90.46566,841,1051,2.499,0.230569,0.026882,0.110023,0.156109,9,34,210,4872067189,90.468625,23.679856,3,2.56
Zone_DH441,23.8361,90.36819,774,1070,2.765,0.230496,0.029192,0.111129,0.175708,8,31,143,4901515582,90.375704,23.837464,5,2.19
Zone_DH445,23.87293,90.36528,640,877,2.741,0.230385,0.031378,0.122919,0.176414,7,25,99,2398679976,90.368718,23.874828,3,1.59
Zone_DH305,23.87203,90.32448,350,480,2.743,0.230165,0.042785,0.142089,0.206809,4,14,67,5614705618,90.325351,23.874934,3,0.51
Zone_DH498,23.72072,90.38886,1542,2037,2.642,0.230047,0.018777,0.075757,0.143613,16,62,328,3314975628,90.380733,23.712494,3,8.63
Zone_DH170,23.91977,90.28526,380,534,2.811,0.229468,0.041378,0.163817,0.212998,4,15,48,5666764535,90.279876,23.924993,4,0.63
Zone_DH776,23.70373,90.46636,687,881,2.565,0.228282,0.030007,0.10757,0.192706,7,28,158,11068154609,90.469019,23.693724,3,1.7
Zone_DH610,23.78434,90.41598,1363,1883,2.763,0.228149,0.02103,0.103441,0.154478,14,55,210,9997874598,90.41671,23.78044,4,7.03
Zone_DH503,23.76591,90.38844,702,912,2.598,0.227711,0.027976,0.122322,0.19241,8,28,173,154346215,90.389086,23.764522,4,1.73
Zone_DH522,23.93939,90.38574,281,364,2.591,0.226395,0.051701,0.16298,0.202212,3,12,59,6057044346,90.392902,23.93683,3,0.33
Zone_DH494,23.68826,90.39193,545,731,2.683,0.226211,0.036809,0.130168,0.193415,6,22,93,5063697984,90.393681,23.688522,3,1.08
Zone_DH641,23.74857,90.42546,1329,1700,2.558,0.225054,0.01971,0.089277,0.137703,14,53,343,387128159,90.42669,23.744273,5,6.5
Zone_DH100,23.91934,90.26528,511,707,2.767,0.224855,0.036229,0.14024,0.19835,6,20,68,11248430736,90.258462,23.913523,3,0.97
Zone_DH067,23.93304,90.26062,324,458,2.827,0.224795,0.04683,0.150194,0.170695,4,13,47,5643553254,90.263652,23.929635,3,0.45
Zone_DH481,23.88338,90.37627,734,977,2.662,0.224033,0.028053,0.092796,0.166822,8,29,142,4006480271,90.371161,23.883329,3,1.91
Zone_DH601,23.7038,90.41881,1092,1450,2.656,0.223606,0.022802,0.089707,0.136126,11,44,219,3304784716,90.4239,23.70127,3,4.42
Zone_DH444,23.86569,90.36523,724,1043,2.881,0.223511,0.027701,0.103601,0.165378,8,29,71,9983191561,90.367388,23.867867,4,2.01
Zone_DH397,23.75693,90.35857,1623,2145,2.643,0.223145,0.018684,0.08516,0.125587,17,65,350,3270180478,90.354684,23.75304,3,9.88
Zone_DH572,23.75633,90.40937,1539,1847,2.4,0.222461,0.018266,0.080279,0.146031,16,61,510,4072851454,90.411198,23.755367,4,8.86
Zone_DH447,23.89018,90.36901,279,345,2.473,0.220892,0.048665,0.16572,0.217709,3,11,85,4006480258,90.368208,23.884515,3,0.32
Zone_DH509,23.82027,90.38402,1102,1449,2.63,0.22073,0.025672,0.104962,0.171567,12,44,257,4471012480,90.382391,23.822131,3,4.57
Zone_DH712,23.75767,90.44407,765,1015,2.654,0.220386,0.03314,0.134692,0.178292,8,31,178,7301378000,90.444976,23.761427,4,2.15
Zone_DH021,23.83613,90.25529,220,286,2.6,0.220183,0.06106,0.171949,0.210007,3,8,37,5607056295,90.251577,23.83398,3,0.22
Zone_DH440,23.82654,90.36723,1280,1811,2.83,0.220174,0.021505,0.079562,0.127195,13,51,206,5445404903,90.364371,23.822071,3,6.41
Zone_DH612,23.80135,90.41687,818,1097,2.682,0.219142,0.025695,0.105602,0.174127,9,32,153,9967597234,90.415564,23.806564,4,2.46
Zone_DH442,23.8456,90.36766,570,793,2.782,0.218601,0.03468,0.12904,0.170334,6,23,92,9769610119,90.371004,23.847179,4,1.31
Zone_DH241,23.92806,90.30373,343,454,2.647,0.218188,0.03995,0.134175,0.181076,4,14,69,5649224895,90.308198,23.931669,4,0.48
Zone_DH328,23.76324,90.3445,463,635,2.743,0.217277,0.045076,0.170274,0.213891,5,19,116,3269798873,90.343647,23.760486,3,0.83
Zone_DH558,23.94308,90.39146,367,501,2.73,0.217277,0.040007,0.12313,0.162939,4,15,52,4994316047,90.394873,23.943059,3,0.52
Zone_DH395,23.74,90.36108,1019,1245,2.444,0.215445,0.02451,0.114148,0.153065,11,40,298,13070137959,90.363067,23.738471,4,3.88
Zone_DH090,23.8273,90.26471,292,382,2.616,0.214504,0.048524,0.149253,0.197387,3,12,67,5623412455,90.268215,23.826854,3,0.34
Zone_DH534,23.72854,90.39888,1631,2108,2.585,0.213878,0.016926,0.075028,0.125198,17,65,409,13573902168,90.400314,23.723898,3,9.77
Zone_DH430,23.739,90.36674,1360,1693,2.49,0.210861,0.021936,0.099016,0.136476,14,54,384,10031329938,90.375493,23.739188,4,6.89
Zone_DH366,23.79206,90.35034,1482,1852,2.499,0.210245,0.01867,0.079319,0.128105,15,60,411,3919401317,90.34875,23.793851,4,8.0
Zone_DH637,23.71077,90.42677,1304,1714,2.629,0.20919,0.019322,0.078921,0.118471,14,52,275,387125260,90.424223,23.710091,4,6.34
Zone_DH636,23.70405,90.42748,1301,1700,2.613,0.208607,0.019173,0.076202,0.132487,14,52,283,3304784701,90.423898,23.704088,4,6.28
Zone_DH646,23.79347,90.42646,1177,1577,2.68,0.20846,0.02133,0.080043,0.131375,12,47,210,11193957226,90.424607,23.792267,4,5.12
Zone_DH670,23.69419,90.43943,1534,2074,2.704,0.208258,0.017987,0.070359,0.133509,16,61,279,7770747998,90.434604,23.693746,5,8.63
Zone_DH649,23.8204,90.42686,984,1387,2.819,0.207542,0.023583,0.093214,0.142906,10,40,176,5480216025,90.420509,23.820593,4,3.71
Zone_DH705,23.69376,90.4463,1470,2005,2.728,0.207346,0.019827,0.081302,0.165236,15,59,246,387423843,90.44324,23.692994,3,8.15
Zone_DH480,23.87359,90.37591,723,975,2.697,0.20675,0.028994,0.102227,0.146996,8,29,123,8857879220,90.379505,23.873969,4,2.24
Zone_DH331,23.79076,90.34403,710,883,2.487,0.206673,0.028933,0.099283,0.159752,8,28,198,382022366,90.343097,23.792071,3,1.85
Zone_DH538,23.76665,90.39802,840,1074,2.557,0.206283,0.026795,0.12424,0.160291,9,33,207,2000854784,90.394358,23.768804,3,2.75
Zone_DH500,23.73822,90.38869,1263,1646,2.606,0.204777,0.019104,0.073925,0.142877,13,51,311,5002763981,90.387135,23.732677,3,5.91
Zone_DH647,23.80218,90.42636,1134,1479,2.608,0.203943,0.022762,0.09234,0.14526,12,45,243,4959322632,90.431443,23.805796,4,4.67
Zone_DH576,23.7918,90.40751,1073,1464,2.729,0.203658,0.022604,0.087469,0.152141,11,43,180,1150429393,90.411473,23.789875,3,4.36
Zone_DH240,23.91927,90.30457,273,357,2.615,0.202599,0.049505,0.146153,0.166017,3,11,55,5783339945,90.297941,23.919855,3,0.31
Zone_DH471,23.7932,90.37453,1534,1866,2.433,0.202547,0.019015,0.080898,0.152203,16,61,454,386046958,90.374335,23.793884,4,8.34
Zone_DH496,23.70371,90.38841,752,1022,2.718,0.201538,0.025791,0.093877,0.150683,8,30,112,3429855676,90.386706,23.701165,3,2.12
Zone_DH363,23.7645,90.35147,1191,1583,2.658,0.201162,0.022738,0.095388,0.137036,12,48,289,346621591,90.348652,23.763145,4,5.25
Zone_DH431,23.74753,90.36677,1427,1839,2.577,0.200991,0.019431,0.078725,0.122675,15,57,341,373374265,90.363827,23.748809,3,7.34
Zone_DH542,23.80141,90.39564,793,1037,2.615,0.200928,0.026966,0.113447,0.165028,8,32,170,9952478020,90.397919,23.80465,4,2.36
Zone_DH704,23.68905,90.44608,1242,1687,2.717,0.200747,0.021475,0.093628,0.138938,13,50,233,4879713922,90.442238,23.685394,4,5.85
Zone_DH544,23.82069,90.39517,721,892,2.474,0.200433,0.028912,0.113645,0.163879,8,29,206,4366585073,90.393826,23.824811,3,1.87
Zone_DH609,23.77598,90.41607,1236,1656,2.68,0.200021,0.0205,0.086733,0.131901,13,49,249,4676022253,90.415675,23.773074,4,5.68
Zone_DH435,23.78492,90.3657,1881,2299,2.444,0.197115,0.016987,0.082738,0.116717,19,76,568,382023891,90.359738,23.785325,4,12.89
Zone_DH401,23.79238,90.35814,2170,2649,2.441,0.194879,0.015249,0.065422,0.114497,22,87,659,348354146,90.358773,23.791585,3,18.69
Zone_DH429,23.73027,90.36863,1254,1609,2.566,0.194298,0.023469,0.095562,0.12985,13,50,298,346621454,90.362734,23.732424,3,5.64
Zone_DH468,23.76521,90.37555,861,1189,2.762,0.193703,0.024539,0.104735,0.151265,9,35,134,9990692324,90.369962,23.766485,5,2.79
Zone_DH537,23.75544,90.39871,1129,1417,2.51,0.193686,0.0217,0.092797,0.150378,12,45,305,4417308305,90.400822,23.753483,4,4.94
Zone_DH633,23.67698,90.42747,440,580,2.636,0.193289,0.038117,0.12983,0.169939,5,17,109,3514902005,90.425447,23.68054,3,0.72
Zone_DH676,23.74866,90.43454,1087,1391,2.559,0.193017,0.023303,0.103835,0.150155,11,44,270,4183316809,90.432381,23.751537,3,4.54
Zone_DH584,23.86687,90.40377,895,1240,2.771,0.192972,0.022365,0.076848,0.124669,9,36,144,391698650,90.406246,23.867641,4,3.02
Zone_DH393,23.72051,90.36402,561,739,2.635,0.191592,0.036397,0.125243,0.180408,6,23,130,4961644036,90.361391,23.721938,3,1.22
Zone_DH639,23.73089,90.42543,1122,1449,2.583,0.191581,0.0204,0.078991,0.135307,12,45,278,2485580908,90.427125,23.732471,3,4.63
Zone_DH603,23.72179,90.41607,1325,1757,2.652,0.189499,0.019777,0.083887,0.123111,14,53,288,6139732584,90.415145,23.725722,4,6.64
Zone_DH469,23.77611,90.37406,832,1118,2.688,0.18912,0.025689,0.101666,0.16563,9,33,180,2984706160,90.367297,23.7732,3,2.6
Zone_DH463,23.71916,90.37802,1468,2017,2.748,0.188702,0.020183,0.079856,0.126992,15,59,222,3314975628,90.380733,23.712494,3,8.09
Zone_DH516,23.88265,90.38416,737,1026,2.784,0.187722,0.027879,0.093827,0.156567,8,29,102,4370711162,90.38741,23.878999,3,2.08
Zone_DH206,23.9281,90.2946,445,621,2.791,0.186606,0.034775,0.100938,0.138477,5,18,65,5634289713,90.300777,23.929918,3,0.8
Zone_DH569,23.72916,90.40654,1622,2170,2.676,0.184115,0.017509,0.072397,0.133108,17,65,347,3462990445,90.405521,23.723153,4,9.95
Zone_DH171,23.92916,90.28385,639,931,2.914,0.183546,0.030227,0.091201,0.134103,7,25,54,5630037934,90.280814,23.930002,3,1.55
Zone_DH432,23.75623,90.36551,1381,1876,2.717,0.18353,0.019559,0.072771,0.103135,14,56,244,12836757769,90.36148,23.757046,3,7.26
Zone_DH549,23.86778,90.39612,933,1361,2.917,0.18346,0.022667,0.076428,0.128138,10,37,92,266659001,90.39396,23.864579,4,3.45
Zone_DH473,23.81117,90.37477,1612,2226,2.762,0.183411,0.020402,0.073727,0.133848,17,64,250,3639371009,90.3758,23.81833,4,10.07
Zone_DH172,23.93609,90.2843,825,1202,2.914,0.183295,0.026252,0.085632,0.145917,9,33,63,1937570036,90.29036,23.936934,4,2.72
Zone_DH718,23.81266,90.44381,765,1042,2.724,0.18152,0.031525,0.102365,0.126723,8,31,156,4910634397,90.446818,23.816572,4,2.26
Zone_DH523,23.94354,90.38629,254,344,2.709,0.179936,0.048625,0.138688,0.167542,3,10,42,3523413552,90.386122,23.946696,3,0.29
Zone_DH681,23.7939,90.43252,927,1190,2.567,0.179726,0.026108,0.089144,0.124888,10,37,228,7374213286,90.434958,23.798659,4,3.13
Zone_DH514,23.86769,90.38607,727,1034,2.845,0.178623,0.028328,0.093827,0.120964,8,29,96,391688269,90.383964,23.869189,4,1.96
Zone_DH433,23.76556,90.36515,1393,1937,2.781,0.178575,0.019405,0.073391,0.113066,14,56,209,369037601,90.363824,23.767036,3,7.39
Zone_DH606,23.74908,90.41626,1871,2333,2.494,0.17815,0.015224,0.062689,0.103671,19,75,549,13056446507,90.40874,23.750141,3,13.01
Zone_DH392,23.71379,90.36489,370,503,2.719,0.177904,0.045985,0.140836,0.161162,4,15,59,3277566561,90.366168,23.716916,3,0.57
Zone_DH403,23.80969,90.35849,1658,2253,2.718,0.177868,0.019834,0.096317,0.140522,17,66,300,5202578308,90.361171,23.809402,4,10.31
Zone_DH237,23.88988,90.30504,304,406,2.671,0.177125,0.045347,0.135538,0.163396,4,12,47,5629945679,90.308151,23.895383,3,0.36
Zone_DH567,23.71434,90.40619,1798,2335,2.597,0.176501,0.016586,0.071171,0.120915,18,72,410,13204152233,90.398813,23.70437,4,11.92
Zone_DH499,23.72961,90.38844,1370,1792,2.616,0.17566,0.017846,0.074659,0.122898,14,55,321,10024293226,90.385043,23.732401,4,6.9
Zone_DH754,23.82095,90.45474,651,890,2.734,0.175522,0.041442,0.114631,0.163338,7,26,129,9977033341,90.451897,23.823877,3,1.7
Zone_DH136,23.92927,90.27613,760,1079,2.839,0.175411,0.030258,0.114717,0.15248,8,30,80,5629788918,90.276559,23.927389,4,2.17
Zone_DH482,23.89034,90.37613,489,661,2.703,0.174395,0.033877,0.111915,0.142236,5,20,93,4370818331,90.378764,23.890603,4,0.88
Zone_DH501,23.74744,90.38819,997,1345,2.698,0.174001,0.02187,0.077216,0.131363,10,40,201,10016404360,90.387146,23.751011,4,3.67
Zone_DH533,23.72069,90.39979,1871,2365,2.528,0.170726,0.015874,0.069382,0.106232,19,75,502,13573902168,90.400314,23.723898,3,12.81
Zone_DH683,23.81247,90.4346,963,1319,2.739,0.170331,0.025628,0.090423,0.142768,10,39,208,4910623893,90.438407,23.809886,4,3.45
Zone_DH777,23.71065,90.4669,465,584,2.512,0.170179,0.033768,0.118327,0.156787,5,19,120,4360488456,90.469953,23.710936,4,0.78
Zone_DH398,23.76552,90.35797,1658,2221,2.679,0.169716,0.01747,0.06517,0.106093,17,66,329,5826300674,90.358864,23.762349,4,10.5
Zone_DH605,23.74016,90.41732,1547,2067,2.672,0.169701,0.015867,0.056329,0.098942,16,62,317,262625872,90.419925,23.739864,4,9.12
Zone_DH495,23.69521,90.3904,841,1103,2.623,0.169584,0.025327,0.093344,0.12229,9,34,160,12217492489,90.397478,23.701139,3,2.67
Zone_DH138,23.93996,90.27629,519,744,2.867,0.165866,0.036512,0.126182,0.143755,6,20,41,5634135403,90.278047,23.948004,4,1.09
Zone_DH517,23.89042,90.38344,473,652,2.757,0.160648,0.033469,0.115337,0.144314,5,19,77,3108615105,90.384362,23.892503,4,0.87
Zone_DH536,23.74855,90.39861,1216,1536,2.526,0.160121,0.020789,0.090854,0.133396,13,48,322,2478209117,90.393449,23.749916,3,5.72
Zone_DH466,23.74753,90.37652,1159,1526,2.633,0.159659,0.021063,0.080997,0.127466,12,46,259,3294901728,90.375607,23.73924,3,4.89
Zone_DH602,23.71164,90.41767,1335,1821,2.728,0.159627,0.019385,0.06882,0.098114,14,53,235,6138975954,90.420162,23.708341,5,6.68
Zone_DH719,23.82027,90.44339,750,1123,2.995,0.158075,0.03325,0.080957,0.10886,8,30,76,4910634397,90.446818,23.816572,4,2.24
Zone_DH402,23.80085,90.35819,2000,2575,2.575,0.157695,0.015852,0.060564,0.097952,20,80,476,10724930653,90.354945,23.799724,4,15.05
Zone_DH467,23.75593,90.37664,940,1295,2.755,0.157142,0.02287,0.082722,0.134375,10,37,152,387093158,90.373911,23.758557,3,3.41
Zone_DH437,23.80175,90.36613,2112,2740,2.595,0.152857,0.015207,0.059449,0.098443,22,84,482,4486376031,90.368556,23.806956,3,17.66
Zone_DH436,23.79255,90.3659,2047,2461,2.404,0.152847,0.016169,0.073727,0.105536,21,82,641,386821461,90.36635,23.796737,3,15.28
Zone_DH570,23.73967,90.40767,1465,1929,2.633,0.15083,0.017419,0.065816,0.109408,15,59,335,3341501571,90.405832,23.74176,4,7.96
Zone_DH568,23.72028,90.40557,1897,2478,2.613,0.150101,0.015717,0.067564,0.101404,19,76,432,3462990445,90.405521,23.723153,4,13.55
Zone_DH604,23.73138,90.41696,1324,1765,2.666,0.147056,0.017793,0.06672,0.097505,14,53,298,4823690508,90.415224,23.730286,4,6.56
Zone_DH515,23.8733,90.38634,823,1168,2.838,0.145532,0.025393,0.083701,0.115628,9,33,102,9753405105,90.393619,23.874339,4,2.65
Zone_DH427,23.71362,90.37169,894,1257,2.812,0.141229,0.028872,0.09776,0.128983,9,36,121,3269024276,90.372861,23.716202,3,3.04
Zone_DH428,23.71979,90.37089,1158,1588,2.743,0.137448,0.022538,0.071385,0.107697,12,46,179,3310456054,90.37067,23.722482,3,5.04
