zone_id,node_count,edge_count,density,transitivity,avg_clustering_coef,avg_degree,n_scc,n_wcc,gscc_pct,gwcc_pct,wcc_fragmentation,orientation_entropy,path_length_p90,path_length_p90_norm,mean_in_degree_centrality,mean_out_degree_centrality,hub_dominance_ratio,mean_closeness_centrality,mean_betweenness_centrality,betweenness_gini,mean_katz_centrality,mean_pagerank,mean_local_clustering,mean_strength_norm,global_efficiency,local_efficiency
Zone_DH009,16,32,0.133333,0.125,0.1042,4.0,2,2,93.75,93.75,0.125,2.7335,6.0,1.5,0.152381,0.152381,1.4062,0.310759,0.182418,0.5556,0.257078,0.066667,0.1111,0.1422,0.408912,0.111111
Zone_DH010,27,54,0.076923,0.1429,0.0988,4.0,3,3,92.59,92.59,0.1111,3.1434,9.0,1.7321,0.09,0.09,1.3889,0.211008,0.171304,0.6017,0.199077,0.04,0.1067,0.0864,0.305446,0.106667
Zone_DH011,20,34,0.089474,0.12,0.05,3.4,4,4,85.0,85.0,0.2,3.4992,7.0,1.5652,0.125,0.125,2.0,0.268392,0.192157,0.6068,0.241358,0.058824,0.0588,0.1176,0.369164,0.058824
Zone_DH012,21,40,0.095238,0.0,0.0,3.8095,3,3,52.38,52.38,0.1429,3.3464,4.0,0.8729,0.218182,0.218182,1.375,0.400204,0.177778,0.4752,0.300426,0.090909,0.0,0.1983,0.503333,0.0
Zone_DH013,30,68,0.078161,0.1053,0.0889,4.5333,2,2,96.67,96.67,0.0667,3.3252,8.0,1.4606,0.083744,0.083744,1.7059,0.221103,0.135286,0.4569,0.184929,0.034483,0.092,0.0809,0.306977,0.091954
Zone_DH014,35,74,0.062185,0.1053,0.0571,4.2286,3,3,85.71,85.71,0.0857,3.5239,8.0,1.3522,0.078161,0.078161,1.3235,0.204732,0.146141,0.5598,0.181767,0.033333,0.0667,0.0756,0.288126,0.066667
Zone_DH015,57,117,0.036654,0.0891,0.0561,4.1053,4,3,92.98,96.49,0.0526,3.5792,11.0,1.457,0.039394,0.039394,1.8803,0.14945,0.104819,0.6024,0.134229,0.018182,0.0582,0.0387,0.219694,0.062121
Zone_DH016,79,155,0.025154,0.0392,0.0131,3.9241,6,4,84.81,96.2,0.0506,3.5152,13.0,1.4626,0.027193,0.027193,1.9613,0.121681,0.08086,0.617,0.114216,0.013158,0.0136,0.0268,0.199015,0.015351
Zone_DH017,106,220,0.019766,0.0721,0.0569,4.1509,7,4,93.4,95.28,0.0377,3.6307,19.0,1.8454,0.021584,0.021584,1.8532,0.091839,0.096468,0.6081,0.099102,0.009901,0.0597,0.0214,0.158878,0.061056
Zone_DH018,113,240,0.018963,0.0849,0.0708,4.2478,13,4,63.72,85.84,0.0354,3.759,17.0,1.5992,0.023196,0.023196,1.7963,0.086474,0.069676,0.5982,0.101122,0.010309,0.0653,0.023,0.160027,0.065292
Zone_DH019,159,358,0.01425,0.071,0.0608,4.5031,13,1,56.6,100.0,0.0063,3.5116,20.0,1.5861,0.01425,0.01425,1.7765,0.062404,0.040935,0.6815,0.078915,0.006289,0.0608,0.0142,0.131077,0.060797
Zone_DH020,217,498,0.010625,0.0371,0.0261,4.5899,10,2,91.71,99.54,0.0092,3.1697,21.0,1.4256,0.010724,0.010724,1.7349,0.075438,0.050471,0.6545,0.067695,0.00463,0.0262,0.0107,0.122029,0.026235
Zone_DH021,222,518,0.010558,0.0519,0.0405,4.6667,9,3,95.95,99.1,0.0135,3.1611,22.0,1.4765,0.010751,0.010751,1.6988,0.074345,0.053204,0.5728,0.067138,0.004545,0.0409,0.0107,0.128923,0.040909
Zone_DH022,253,617,0.009678,0.0403,0.0336,4.8775,12,2,91.3,99.6,0.0079,3.3217,32.0,2.0118,0.009755,0.009755,1.6337,0.054766,0.063541,0.6129,0.062756,0.003968,0.0337,0.0097,0.105817,0.03373
Zone_DH023,239,588,0.010337,0.0484,0.0411,4.9205,14,3,81.59,94.56,0.0126,3.4345,22.0,1.4231,0.011131,0.011131,1.5972,0.071669,0.046265,0.6173,0.066215,0.004425,0.0435,0.0111,0.116511,0.04351
Zone_DH024,273,708,0.009535,0.0405,0.036,5.1868,2,2,99.63,99.63,0.0073,3.5529,27.0,1.6341,0.009605,0.009605,1.5367,0.067127,0.051778,0.6827,0.060382,0.003676,0.0362,0.0096,0.105586,0.037377
Zone_DH025,193,476,0.012845,0.0483,0.0415,4.9326,7,7,91.19,91.19,0.0363,3.5777,22.0,1.5836,0.014675,0.014675,1.5575,0.087229,0.065049,0.5885,0.075047,0.005682,0.0455,0.0146,0.131148,0.047348
Zone_DH026,133,320,0.018227,0.0526,0.0501,4.812,3,3,98.5,98.5,0.0226,3.7512,22.0,1.9076,0.01879,0.01879,1.6375,0.082191,0.091498,0.7075,0.086966,0.007634,0.0509,0.0186,0.13462,0.050891
Zone_DH027,67,138,0.031208,0.0545,0.0597,4.1194,7,7,74.63,74.63,0.1045,3.7767,12.0,1.466,0.047347,0.047347,1.7241,0.149608,0.124082,0.637,0.140777,0.02,0.08,0.0464,0.222573,0.08
Zone_DH028,122,296,0.020051,0.0328,0.026,4.8525,6,6,85.25,85.25,0.0492,3.6663,14.0,1.2675,0.024272,0.024272,1.6,0.122449,0.073361,0.5928,0.097506,0.009615,0.0144,0.024,0.174801,0.014423
Zone_DH029,157,373,0.015229,0.0574,0.035,4.7516,15,3,70.06,70.06,0.0191,3.876,14.0,1.1173,0.02352,0.02352,1.5603,0.123028,0.068136,0.5892,0.094813,0.009091,0.0288,0.0233,0.173377,0.028788
Zone_DH030,172,410,0.01394,0.0773,0.0572,4.7674,15,3,66.86,79.07,0.0174,3.8659,19.0,1.4487,0.018301,0.018301,1.619,0.084867,0.057474,0.6046,0.085287,0.007353,0.0723,0.0182,0.145832,0.074142
Zone_DH031,180,488,0.015146,0.0949,0.0806,5.4222,4,2,90.0,96.67,0.0111,3.801,22.0,1.6398,0.015913,0.015913,1.453,0.081685,0.061154,0.5923,0.075551,0.005747,0.0833,0.0158,0.131569,0.085728
Zone_DH032,118,322,0.023323,0.0571,0.0466,5.4576,2,2,94.92,94.92,0.0169,3.8354,14.0,1.2888,0.024936,0.024936,1.4452,0.123923,0.065339,0.5611,0.094125,0.008929,0.0491,0.0247,0.174622,0.050595
Zone_DH033,31,72,0.077419,0.05,0.0215,4.6452,1,1,100.0,100.0,0.0323,3.5957,7.0,1.2572,0.077419,0.077419,1.7222,0.238485,0.115462,0.5576,0.178743,0.032258,0.0215,0.0749,0.314524,0.021505
Zone_DH044,42,84,0.04878,0.0469,0.0238,4.0,4,4,80.95,80.95,0.0952,3.601,9.0,1.3887,0.065954,0.065954,1.8378,0.200569,0.131684,0.5855,0.17058,0.029412,0.0294,0.064,0.278984,0.029412
Zone_DH045,52,104,0.039216,0.0723,0.0385,4.0,5,5,90.38,90.38,0.0962,3.6724,13.0,1.8028,0.047179,0.047179,1.8431,0.144202,0.139233,0.6197,0.145087,0.021277,0.0426,0.0462,0.222466,0.042553
Zone_DH046,39,74,0.049933,0.05,0.0256,3.7949,8,8,76.92,76.92,0.2051,3.8234,8.0,1.281,0.08046,0.08046,1.7143,0.220371,0.129475,0.4919,0.181825,0.033333,0.0333,0.0778,0.306357,0.033333
Zone_DH047,44,94,0.049683,0.0411,0.0379,4.2727,3,3,54.55,54.55,0.0682,3.8257,8.9,1.3417,0.097826,0.097826,1.7778,0.212505,0.178689,0.5308,0.203378,0.041667,0.0694,0.0937,0.312962,0.069444
Zone_DH048,43,98,0.054264,0.0366,0.0233,4.5581,2,2,90.7,90.7,0.0465,3.579,9.0,1.3725,0.062078,0.062078,1.6957,0.188606,0.121567,0.4923,0.159369,0.025641,0.0256,0.0605,0.268419,0.025641
Zone_DH049,70,162,0.03354,0.0851,0.0667,4.6286,5,5,94.29,94.29,0.0714,3.9565,11.0,1.3148,0.037762,0.037762,1.6296,0.149886,0.091946,0.5425,0.122599,0.015152,0.0707,0.0372,0.210384,0.070707
Zone_DH050,98,219,0.023038,0.0721,0.0446,4.4694,5,1,92.86,100.0,0.0102,3.9175,13.0,1.3132,0.023038,0.023038,1.79,0.118471,0.069172,0.5762,0.100532,0.010204,0.0446,0.0228,0.177762,0.046769
Zone_DH051,162,328,0.012576,0.0263,0.0126,4.0494,5,1,93.21,100.0,0.0062,3.8933,22.0,1.7285,0.012576,0.012576,1.9756,0.078288,0.072839,0.6681,0.078221,0.006173,0.0126,0.0125,0.142601,0.013374
Zone_DH052,185,373,0.010958,0.0391,0.0326,4.0324,8,2,91.35,98.92,0.0108,3.8459,25.0,1.838,0.011139,0.011139,1.973,0.067297,0.070759,0.6692,0.073622,0.005464,0.033,0.0111,0.128431,0.033698
Zone_DH053,165,354,0.013082,0.0559,0.0434,4.2909,14,4,46.67,97.58,0.0242,3.8688,23.0,1.7905,0.013665,0.013665,1.8295,0.05703,0.048717,0.6839,0.078478,0.006211,0.0445,0.0136,0.122402,0.044513
Zone_DH054,288,684,0.008275,0.0497,0.0394,4.75,13,4,67.71,98.96,0.0139,3.6863,27.0,1.591,0.008451,0.008451,1.6667,0.051981,0.040569,0.678,0.05893,0.003509,0.0398,0.0084,0.105002,0.039766
Zone_DH055,403,999,0.006166,0.0363,0.0277,4.9578,7,3,92.56,97.52,0.0074,3.4968,25.0,1.2453,0.006368,0.006368,1.6024,0.060067,0.036892,0.6726,0.050202,0.002545,0.0284,0.0064,0.094859,0.028414
Zone_DH056,404,998,0.00613,0.0388,0.0312,4.9406,12,9,96.04,97.03,0.0223,3.4005,25.0,1.2438,0.006459,0.006459,1.9798,0.061256,0.039906,0.6378,0.050293,0.002551,0.0321,0.0064,0.099861,0.032143
Zone_DH057,496,1270,0.005173,0.0501,0.0422,5.121,9,9,98.39,98.39,0.0181,3.4071,39.0,1.7512,0.005344,0.005344,1.9213,0.045964,0.044335,0.7,0.045105,0.002049,0.0429,0.0053,0.081637,0.043579
Zone_DH058,501,1264,0.005046,0.0558,0.0461,5.0459,13,6,95.41,97.01,0.012,3.5231,34.0,1.519,0.005278,0.005278,1.9534,0.04921,0.040246,0.722,0.045167,0.002058,0.0475,0.0053,0.084127,0.048217
Zone_DH059,455,1179,0.005708,0.0626,0.0504,5.1824,9,3,74.95,99.56,0.0066,3.6553,30.0,1.4064,0.005758,0.005758,1.9211,0.048567,0.023996,0.6937,0.046783,0.002208,0.0506,0.0057,0.083541,0.052649
Zone_DH060,370,914,0.006694,0.0558,0.0423,4.9405,12,5,92.97,93.51,0.0135,3.6452,31.0,1.6116,0.007313,0.007313,1.5853,0.059107,0.046806,0.7103,0.053497,0.00289,0.0409,0.0073,0.093239,0.04263
Zone_DH061,335,826,0.007382,0.0501,0.0453,4.9313,3,1,99.4,100.0,0.003,3.6084,25.0,1.3659,0.007382,0.007382,1.6223,0.068985,0.040136,0.7178,0.054375,0.002985,0.0453,0.0074,0.099691,0.045274
Zone_DH062,249,571,0.009247,0.0609,0.0562,4.5863,4,3,98.8,99.2,0.012,3.7507,23.0,1.4576,0.009397,0.009397,1.7303,0.076187,0.050439,0.6584,0.063334,0.004049,0.0567,0.0094,0.109131,0.05668
Zone_DH063,245,579,0.009686,0.034,0.0238,4.7265,12,5,91.43,95.92,0.0204,3.911,26.0,1.6611,0.010311,0.010311,1.6578,0.069168,0.05334,0.6725,0.064866,0.004255,0.0248,0.0103,0.107973,0.024823
Zone_DH064,326,787,0.007428,0.0494,0.0368,4.8282,11,7,94.48,97.85,0.0215,3.9989,30.0,1.6615,0.007738,0.007738,1.6255,0.055439,0.05109,0.6785,0.055675,0.003135,0.0376,0.0077,0.101271,0.038401
Zone_DH065,399,1029,0.00648,0.0616,0.0489,5.1579,11,2,77.94,99.5,0.005,3.9218,32.0,1.602,0.006533,0.006533,1.5463,0.04684,0.031378,0.6978,0.04993,0.002519,0.0491,0.0065,0.091522,0.049748
Zone_DH066,469,1311,0.005973,0.0624,0.0539,5.5906,12,3,73.56,98.29,0.0064,3.8446,29.0,1.3391,0.006135,0.006135,1.7717,0.051411,0.028687,0.6364,0.046394,0.002169,0.0548,0.0061,0.088701,0.055712
Zone_DH067,329,900,0.00834,0.0614,0.0515,5.4711,12,5,89.97,98.48,0.0152,3.8601,20.0,1.1026,0.008581,0.008581,1.804,0.075248,0.033073,0.6036,0.055341,0.003086,0.0523,0.0086,0.110898,0.052778
Zone_DH068,180,464,0.014401,0.041,0.0315,5.1556,4,4,98.33,98.33,0.0222,3.6804,20.0,1.4907,0.014895,0.014895,1.9073,0.090599,0.05757,0.5913,0.074855,0.00565,0.032,0.0148,0.132581,0.032015
Zone_DH069,33,78,0.073864,0.0462,0.0303,4.7273,1,1,100.0,100.0,0.0303,2.9329,10.0,1.7408,0.073864,0.073864,1.2692,0.188012,0.14675,0.5441,0.17339,0.030303,0.0303,0.0716,0.279034,0.030303
Zone_DH072,16,28,0.116667,0.0,0.0,3.5,2,2,87.5,87.5,0.125,2.8963,5.0,1.25,0.142857,0.142857,1.6154,0.319144,0.188645,0.6505,0.265976,0.071429,0.0,0.1327,0.410989,0.0
Zone_DH073,15,24,0.114286,0.0,0.0,3.2,4,4,53.33,53.33,0.2667,2.8554,4.0,1.0328,0.25,0.25,1.7143,0.431976,0.238095,0.6,0.352342,0.125,0.0,0.2188,0.530952,0.0
Zone_DH074,23,46,0.090909,0.0,0.0,4.0,2,2,60.87,60.87,0.087,3.2721,6.0,1.2511,0.164835,0.164835,1.4,0.312268,0.195055,0.5184,0.266325,0.071429,0.0,0.1531,0.425602,0.0
Zone_DH075,20,42,0.110526,0.0,0.0,4.2,2,2,85.0,85.0,0.1,3.4594,6.0,1.3416,0.139706,0.139706,1.3421,0.295015,0.167647,0.5808,0.241586,0.058824,0.0,0.1315,0.396866,0.0
Zone_DH076,18,32,0.104575,0.0,0.0,3.5556,3,3,72.22,72.22,0.1667,3.5778,6.0,1.4142,0.166667,0.166667,1.5,0.305746,0.219114,0.5589,0.276299,0.076923,0.0,0.1538,0.421322,0.0
Zone_DH077,17,18,0.066176,0.0,0.0,2.1176,8,8,35.29,35.29,0.4706,2.7255,4.0,0.9701,0.333333,0.333333,1.8,0.490079,0.283333,0.5588,0.407267,0.166667,0.0,0.2778,0.6,0.0
Zone_DH078,25,38,0.063333,0.0,0.0,3.04,7,7,32.0,32.0,0.28,3.5766,4.0,0.8,0.25,0.25,1.7143,0.419097,0.25,0.5833,0.352412,0.125,0.0,0.2187,0.52619,0.0
Zone_DH079,70,156,0.032298,0.0692,0.0429,4.4571,2,2,95.71,95.71,0.0286,3.8972,12.0,1.4343,0.034374,0.034374,1.7632,0.142599,0.097557,0.6723,0.121485,0.014925,0.0448,0.0339,0.2023,0.047264
Zone_DH080,93,216,0.025245,0.0635,0.0341,4.6452,2,2,88.17,88.17,0.0215,3.9263,13.0,1.348,0.029509,0.029509,1.6735,0.129579,0.089968,0.6468,0.109801,0.012195,0.0386,0.0291,0.184809,0.04065
Zone_DH081,63,142,0.036354,0.0726,0.0556,4.5079,6,6,46.03,46.03,0.0952,3.8562,8.0,1.0079,0.091133,0.091133,1.5676,0.225942,0.133279,0.549,0.184738,0.034483,0.0632,0.088,0.323552,0.063218
Zone_DH082,50,104,0.042449,0.0732,0.0633,4.16,6,6,34.0,34.0,0.12,3.7045,5.0,0.7071,0.147059,0.147059,1.275,0.32918,0.142157,0.4513,0.241494,0.058824,0.0,0.1384,0.423775,0.0
Zone_DH083,48,104,0.046099,0.0714,0.0382,4.3333,3,3,89.58,89.58,0.0625,3.7011,11.0,1.5877,0.054264,0.054264,1.7551,0.166622,0.129028,0.5889,0.151775,0.023256,0.0426,0.053,0.243617,0.042636
Zone_DH084,59,136,0.039743,0.1026,0.0791,4.6102,4,4,94.92,94.92,0.0678,4.0132,12.0,1.5623,0.044156,0.044156,1.2353,0.144805,0.113956,0.5934,0.133123,0.017857,0.0833,0.0434,0.217864,0.083333
Zone_DH085,86,181,0.024761,0.0353,0.0233,4.2093,12,3,84.88,94.19,0.0349,3.9951,12.0,1.294,0.027469,0.027469,1.3652,0.128721,0.072391,0.6119,0.110586,0.012346,0.0247,0.0271,0.197708,0.024691
Zone_DH086,190,367,0.01022,0.0162,0.0105,3.8632,18,7,80.0,96.84,0.0368,3.8258,24.0,1.7411,0.010899,0.010899,2.0054,0.062749,0.057868,0.6669,0.073391,0.005435,0.0109,0.0108,0.126635,0.01087
Zone_DH087,196,363,0.009498,0.0083,0.0051,3.7041,20,6,51.53,96.94,0.0306,3.7199,25.0,1.7857,0.010053,0.010053,2.1053,0.045483,0.04169,0.6381,0.072243,0.005263,0.0053,0.01,0.110994,0.005263
Zone_DH088,128,238,0.014641,0.0293,0.0195,3.7188,21,11,39.84,46.09,0.0859,3.8776,10.0,0.8839,0.037113,0.037113,1.8583,0.144361,0.085203,0.5647,0.129568,0.016949,0.0141,0.0365,0.223997,0.014124
Zone_DH089,244,573,0.009664,0.0485,0.0362,4.6967,18,6,67.62,97.54,0.0246,3.6615,22.0,1.4084,0.010123,0.010123,1.6673,0.059626,0.039172,0.6644,0.064456,0.004202,0.0371,0.0101,0.113774,0.037115
Zone_DH090,321,779,0.007584,0.0389,0.0286,4.8536,9,6,90.03,90.97,0.0187,3.6518,23.0,1.2837,0.008532,0.008532,1.611,0.070661,0.047213,0.631,0.058212,0.003425,0.0314,0.0085,0.107508,0.031393
Zone_DH091,415,1032,0.006007,0.0386,0.0324,4.9735,6,4,94.46,95.18,0.0096,3.4814,33.0,1.6199,0.006387,0.006387,1.9869,0.053703,0.046379,0.6902,0.050103,0.002532,0.034,0.0064,0.088939,0.034008
Zone_DH092,562,1444,0.00458,0.0635,0.0512,5.1388,20,11,89.86,97.86,0.0196,3.4444,33.0,1.392,0.004769,0.004769,1.9097,0.049453,0.030836,0.7091,0.042484,0.001818,0.0523,0.0048,0.078411,0.052909
Zone_DH093,583,1515,0.004465,0.0648,0.0538,5.1973,9,4,80.96,99.49,0.0069,3.5471,30.0,1.2425,0.004511,0.004511,1.9142,0.047622,0.024573,0.7079,0.041357,0.001724,0.0541,0.0045,0.076335,0.054655
Zone_DH094,447,1117,0.005603,0.0806,0.0692,4.9978,14,7,54.36,98.43,0.0157,3.7614,31.0,1.4662,0.005772,0.005772,1.9731,0.04469,0.027081,0.7134,0.047462,0.002273,0.0703,0.0058,0.081892,0.072386
Zone_DH095,402,962,0.005968,0.0634,0.0496,4.7861,7,5,98.26,98.76,0.0124,3.6884,37.0,1.8454,0.006106,0.006106,2.0677,0.050904,0.04678,0.7519,0.049935,0.002519,0.0502,0.0061,0.08637,0.051679
Zone_DH096,380,886,0.006152,0.0566,0.0474,4.6632,12,3,93.42,98.16,0.0079,3.5237,24.0,1.2312,0.006299,0.006299,1.7071,0.069103,0.033477,0.71,0.051513,0.002681,0.042,0.0063,0.10176,0.042002
Zone_DH097,348,772,0.006393,0.0421,0.0283,4.4368,18,9,88.79,97.13,0.0259,3.6358,21.0,1.1257,0.006742,0.006742,1.7604,0.069685,0.035824,0.6633,0.054138,0.002959,0.0291,0.0067,0.107446,0.029093
Zone_DH098,321,750,0.007301,0.052,0.0431,4.6729,9,7,87.85,98.13,0.0218,3.8248,26.0,1.4512,0.007583,0.007583,1.68,0.058174,0.041341,0.7019,0.056061,0.003175,0.0439,0.0076,0.097736,0.044974
Zone_DH099,381,929,0.006417,0.0385,0.0289,4.8766,10,8,95.28,96.59,0.021,3.8343,30.0,1.5369,0.00679,0.00679,1.6052,0.057541,0.046412,0.6694,0.051847,0.002717,0.0299,0.0068,0.097942,0.030797
Zone_DH100,511,1360,0.005219,0.0487,0.0421,5.3229,4,1,94.91,100.0,0.002,3.89,30.0,1.3271,0.005219,0.005219,1.5029,0.052633,0.03333,0.6825,0.044044,0.001957,0.0421,0.0052,0.087089,0.042074
Zone_DH101,761,2143,0.003705,0.0495,0.0454,5.6321,6,3,58.48,99.74,0.0039,3.739,35.0,1.2687,0.003725,0.003725,1.7709,0.03935,0.018844,0.7403,0.036173,0.001318,0.0455,0.0037,0.074281,0.046157
Zone_DH102,730,2028,0.003811,0.0505,0.0466,5.5562,6,3,55.89,99.45,0.0041,3.7216,47.0,1.7395,0.003845,0.003845,1.7935,0.035222,0.021743,0.7128,0.036995,0.001377,0.0469,0.0038,0.074733,0.048026
Zone_DH103,477,1270,0.005593,0.053,0.0475,5.3249,10,4,55.14,56.6,0.0084,3.6885,21.0,0.9615,0.010244,0.010244,1.4516,0.080604,0.042391,0.5359,0.060704,0.003704,0.0438,0.0102,0.121906,0.045062
Zone_DH104,121,287,0.019766,0.0902,0.0716,4.7438,8,3,49.59,58.68,0.0248,3.5904,14.0,1.2727,0.033602,0.033602,1.7006,0.112354,0.087734,0.6767,0.118138,0.014085,0.1009,0.0331,0.190043,0.105634
Zone_DH106,15,28,0.133333,0.0,0.0,3.7333,1,1,100.0,100.0,0.0667,2.9852,6.0,1.5492,0.133333,0.133333,1.6071,0.300661,0.189744,0.6445,0.257009,0.066667,0.0,0.1244,0.394014,0.0
Zone_DH107,27,50,0.071225,0.0811,0.037,3.7037,3,3,92.59,92.59,0.1111,3.4333,7.1,1.3664,0.083333,0.083333,1.5,0.225643,0.157101,0.6598,0.199003,0.04,0.04,0.08,0.307153,0.04
Zone_DH108,36,64,0.050794,0.0652,0.0278,3.5556,7,7,58.33,58.33,0.1944,3.5182,7.0,1.1667,0.1,0.1,2.0,0.242324,0.173434,0.6504,0.21704,0.047619,0.0476,0.0952,0.335618,0.047619
Zone_DH109,57,120,0.037594,0.0316,0.0146,4.2105,5,5,75.44,75.44,0.0877,3.6531,10.0,1.3245,0.055371,0.055371,1.72,0.175962,0.12052,0.5562,0.15177,0.023256,0.0194,0.0541,0.250933,0.01938
Zone_DH110,65,162,0.038942,0.06,0.0487,4.9846,2,2,95.38,95.38,0.0308,3.8434,10.0,1.2403,0.041777,0.041777,1.5696,0.167412,0.086145,0.5451,0.126413,0.016129,0.0511,0.0411,0.230634,0.051075
Zone_DH111,50,116,0.047347,0.0588,0.03,4.64,2,2,98.0,98.0,0.04,3.8771,11.0,1.5556,0.04932,0.04932,1.6897,0.168796,0.10964,0.6022,0.142094,0.020408,0.0306,0.0483,0.238843,0.030612
Zone_DH112,27,52,0.074074,0.0732,0.0494,3.8519,3,3,92.59,92.59,0.1111,3.7483,8.0,1.5396,0.086667,0.086667,1.9231,0.221716,0.161594,0.6053,0.198914,0.04,0.0533,0.0832,0.308144,0.053333
Zone_DH113,28,48,0.063492,0.0,0.0,3.4286,5,5,78.57,78.57,0.1786,3.3035,9.0,1.7008,0.095238,0.095238,1.5,0.203778,0.205411,0.5444,0.212408,0.045455,0.0,0.0909,0.310995,0.0
Zone_DH114,73,166,0.031583,0.0643,0.032,4.5479,3,3,91.78,91.78,0.0411,3.7113,11.0,1.2875,0.03573,0.03573,1.6962,0.15245,0.088875,0.5893,0.121568,0.014925,0.0348,0.0352,0.211034,0.037313
Zone_DH115,99,242,0.024943,0.0664,0.0421,4.8889,4,4,95.96,95.96,0.0404,3.9593,11.0,1.1055,0.026876,0.026876,1.5833,0.143305,0.065678,0.6092,0.102062,0.010526,0.0439,0.0266,0.192294,0.045614
Zone_DH116,71,168,0.033803,0.0596,0.0376,4.7324,4,4,78.87,78.87,0.0563,3.9555,9.0,1.0681,0.046104,0.046104,1.5775,0.190459,0.081394,0.5825,0.132837,0.017857,0.0476,0.0453,0.249696,0.047619
Zone_DH117,61,138,0.037705,0.0526,0.0546,4.5246,3,3,72.13,72.13,0.0492,3.8588,12.0,1.5364,0.056025,0.056025,1.6604,0.16552,0.125516,0.633,0.150071,0.022727,0.0758,0.0548,0.247619,0.075758
Zone_DH118,49,116,0.04932,0.0566,0.0374,4.7347,2,2,97.96,97.96,0.0408,3.6861,9.0,1.2857,0.051418,0.051418,1.6552,0.189481,0.097286,0.5166,0.143576,0.020833,0.0382,0.0503,0.25605,0.038194
Zone_DH119,39,82,0.055331,0.0455,0.0256,4.2051,5,5,82.05,82.05,0.1282,3.5029,9.0,1.4412,0.076613,0.076613,1.6842,0.211263,0.131519,0.543,0.176146,0.03125,0.0312,0.0742,0.297758,0.03125
Zone_DH120,39,60,0.040486,0.0,0.0,3.0769,14,7,53.85,71.79,0.1795,3.4699,8.0,1.281,0.068783,0.068783,1.6154,0.182268,0.107041,0.5525,0.188131,0.035714,0.0,0.0663,0.294558,0.0
Zone_DH121,166,338,0.01234,0.0351,0.0241,4.0723,18,3,48.19,98.8,0.0181,3.5243,20.0,1.5523,0.012644,0.012644,1.9408,0.058045,0.042189,0.7237,0.077666,0.006098,0.0244,0.0126,0.127746,0.02439
Zone_DH122,208,441,0.010242,0.0344,0.0337,4.2404,21,7,61.06,94.71,0.0337,3.526,21.0,1.4561,0.011111,0.011111,1.8368,0.061062,0.044204,0.6868,0.070849,0.005076,0.0237,0.0111,0.117895,0.023689
Zone_DH123,112,226,0.018179,0.0323,0.0238,4.0357,13,13,62.5,62.5,0.1161,3.396,14.0,1.3229,0.03354,0.03354,1.7284,0.134626,0.100785,0.6547,0.11879,0.014286,0.0,0.0331,0.19925,0.0
Zone_DH124,114,252,0.019562,0.0981,0.0599,4.4211,11,11,75.44,75.44,0.0965,3.5744,16.0,1.4985,0.029275,0.029275,1.6075,0.11268,0.098391,0.6406,0.107396,0.011628,0.0678,0.0289,0.171475,0.067829
Zone_DH125,161,402,0.015606,0.0826,0.0673,4.9938,4,4,96.89,96.89,0.0248,3.6099,23.0,1.8127,0.01646,0.01646,1.5678,0.078565,0.080195,0.6595,0.079757,0.00641,0.0694,0.0164,0.125139,0.069444
Zone_DH126,245,614,0.010271,0.0547,0.0497,5.0122,5,5,91.84,91.84,0.0204,3.487,21.0,1.3416,0.011468,0.011468,1.5571,0.079709,0.055126,0.6692,0.066441,0.004444,0.0541,0.0114,0.113172,0.054074
Zone_DH127,523,1392,0.005099,0.0679,0.0554,5.3231,6,6,95.79,95.79,0.0115,3.5545,28.0,1.2244,0.005405,0.005405,1.4801,0.059471,0.033069,0.6197,0.044536,0.001996,0.0579,0.0054,0.084428,0.057884
Zone_DH128,550,1456,0.004822,0.0752,0.0647,5.2945,12,8,96.55,97.27,0.0145,3.6829,29.0,1.2366,0.005026,0.005026,1.8628,0.05741,0.032,0.608,0.043088,0.001869,0.0634,0.005,0.081908,0.063427
Zone_DH129,346,869,0.00728,0.0835,0.0754,5.0231,10,5,96.82,98.55,0.0145,3.8564,28.0,1.5053,0.007478,0.007478,1.9666,0.059608,0.04575,0.7026,0.053923,0.002933,0.0765,0.0075,0.092158,0.07654
Zone_DH130,339,831,0.007252,0.0614,0.0573,4.9027,5,2,98.82,99.71,0.0059,3.6867,24.0,1.3035,0.007295,0.007295,2.0337,0.067574,0.039912,0.7072,0.054141,0.002959,0.0575,0.0073,0.102455,0.057495
Zone_DH131,326,744,0.007022,0.0508,0.044,4.5644,12,4,92.94,97.85,0.0123,3.4214,24.0,1.3292,0.007255,0.007255,1.7337,0.066194,0.03835,0.7568,0.055716,0.003135,0.0449,0.0072,0.105618,0.044932
Zone_DH132,261,552,0.008134,0.042,0.0262,4.2299,17,7,75.1,95.02,0.0268,3.4294,20.0,1.238,0.008783,0.008783,1.8439,0.067501,0.039165,0.715,0.063197,0.004032,0.0276,0.0087,0.117992,0.027554
Zone_DH133,244,554,0.009344,0.0607,0.0423,4.541,11,6,53.69,97.13,0.0246,3.6702,19.0,1.2164,0.009833,0.009833,1.7236,0.060472,0.03109,0.6884,0.064638,0.004219,0.0436,0.0098,0.111427,0.045007
Zone_DH134,314,772,0.007855,0.0333,0.026,4.9172,9,5,87.9,87.9,0.0159,3.6868,30.0,1.693,0.009302,0.009302,1.5637,0.062095,0.058422,0.7305,0.059916,0.003623,0.0296,0.0093,0.099949,0.030797
Zone_DH135,456,1216,0.005861,0.0251,0.0205,5.3333,9,9,96.49,96.49,0.0197,3.4849,25.0,1.1707,0.006202,0.006202,1.4691,0.066062,0.033118,0.6529,0.047486,0.002273,0.0212,0.0062,0.091837,0.021212
Zone_DH136,761,2137,0.003695,0.026,0.0238,5.6163,8,2,94.48,99.87,0.0026,3.4213,29.0,1.0512,0.003705,0.003705,1.7782,0.05195,0.019389,0.6713,0.036154,0.001316,0.0238,0.0037,0.077475,0.024254
Zone_DH137,828,2293,0.003349,0.036,0.0333,5.5386,9,5,82.61,95.77,0.006,3.5204,27.0,0.9383,0.003528,0.003528,1.7893,0.046964,0.014628,0.6629,0.0354,0.001261,0.0335,0.0035,0.075234,0.034384
Zone_DH138,625,1711,0.004387,0.042,0.0371,5.4752,8,2,81.92,83.04,0.0032,3.5098,26.0,1.04,0.005472,0.005472,1.4113,0.062716,0.028363,0.615,0.043788,0.001927,0.0302,0.0055,0.090811,0.030829
Zone_DH139,189,472,0.013284,0.0816,0.0767,4.9947,7,3,69.84,71.43,0.0159,3.4477,23.0,1.673,0.019292,0.019292,1.5473,0.08306,0.083714,0.614,0.085815,0.007407,0.0444,0.0191,0.142343,0.044444
Zone_DH142,31,62,0.066667,0.0625,0.0323,4.0,3,3,93.55,93.55,0.0968,3.5515,7.0,1.2572,0.076355,0.076355,1.871,0.218695,0.138752,0.6594,0.184859,0.034483,0.0345,0.0737,0.296288,0.034483
Zone_DH143,51,112,0.043922,0.0337,0.0196,4.3922,2,2,84.31,84.31,0.0392,3.7715,13.0,1.8204,0.052049,0.052049,1.8298,0.148651,0.146504,0.6353,0.151782,0.023256,0.0233,0.0508,0.229921,0.023256
Zone_DH144,88,198,0.025862,0.0545,0.0455,4.5,4,4,95.45,95.45,0.0455,3.9421,17.0,1.8122,0.028112,0.028112,1.7143,0.107136,0.105892,0.6663,0.108619,0.011905,0.0476,0.0278,0.166575,0.047619
Zone_DH145,103,246,0.023415,0.0421,0.0324,4.7767,2,2,99.03,99.03,0.0194,3.9684,16.0,1.5765,0.023879,0.023879,1.6585,0.104002,0.087518,0.5856,0.098589,0.009804,0.0327,0.0236,0.158683,0.03268
Zone_DH146,80,182,0.028797,0.0387,0.0187,4.55,3,3,97.5,97.5,0.0375,3.8308,12.0,1.3416,0.030303,0.030303,1.7143,0.136627,0.084635,0.6561,0.112688,0.012821,0.0192,0.0299,0.189679,0.019231
Zone_DH147,39,82,0.055331,0.0469,0.0342,4.2051,2,2,94.87,94.87,0.0513,3.8852,10.0,1.6013,0.06006,0.06006,1.85,0.176544,0.141141,0.556,0.163591,0.027027,0.036,0.0584,0.253918,0.036036
Zone_DH148,40,86,0.055128,0.0909,0.0667,4.3,2,2,97.5,97.5,0.05,3.518,12.0,1.8974,0.05803,0.05803,1.3605,0.159296,0.150564,0.5998,0.159512,0.025641,0.0684,0.0565,0.24044,0.068376
Zone_DH149,63,148,0.03789,0.072,0.0476,4.6984,1,1,100.0,100.0,0.0159,3.736,11.0,1.3859,0.03789,0.03789,1.7027,0.151549,0.096385,0.5321,0.125423,0.015873,0.0476,0.0373,0.213957,0.047619
Zone_DH150,83,192,0.02821,0.0556,0.0442,4.6265,2,2,98.8,98.8,0.0241,3.9089,13.0,1.4269,0.028907,0.028907,1.7083,0.12924,0.083841,0.6676,0.109943,0.012195,0.0447,0.0286,0.184041,0.044715
Zone_DH151,52,112,0.042232,0.0319,0.016,4.3077,5,5,90.38,90.38,0.0962,4.0126,10.0,1.3868,0.050879,0.050879,1.7091,0.179537,0.106568,0.5755,0.14514,0.021277,0.0177,0.0498,0.249146,0.01773
Zone_DH152,68,158,0.03468,0.0221,0.0147,4.6471,3,3,97.06,97.06,0.0441,3.9738,11.0,1.3339,0.03683,0.03683,1.6709,0.148815,0.091886,0.583,0.122559,0.015152,0.0152,0.0363,0.209385,0.015152
Zone_DH153,80,178,0.028165,0.0201,0.0104,4.45,5,5,95.0,95.0,0.0625,3.8635,13.0,1.4534,0.031228,0.031228,1.7079,0.136202,0.087229,0.5512,0.11423,0.013158,0.011,0.0308,0.192835,0.010965
Zone_DH154,78,160,0.02664,0.0224,0.0107,4.1026,8,8,75.64,75.64,0.1026,3.6426,12.0,1.3587,0.039743,0.039743,1.7353,0.147596,0.105426,0.6185,0.129653,0.016949,0.0141,0.0391,0.212282,0.014124
Zone_DH155,58,117,0.03539,0.0566,0.0345,4.0345,9,9,48.28,48.28,0.1552,1.9284,6.0,0.7878,0.095238,0.095238,1.5556,0.272336,0.106532,0.4375,0.188219,0.035714,0.0714,0.0918,0.353967,0.071429
Zone_DH156,194,427,0.011404,0.0591,0.0404,4.4021,10,5,68.04,79.38,0.0258,3.6523,22.0,1.5795,0.014133,0.014133,1.8498,0.068753,0.064543,0.7035,0.080125,0.006494,0.0379,0.014,0.128985,0.037879
Zone_DH157,209,465,0.010697,0.0471,0.0351,4.4498,10,2,89.0,98.09,0.0096,3.6488,21.0,1.4526,0.010976,0.010976,1.7865,0.07329,0.058399,0.6686,0.069422,0.004878,0.0358,0.0109,0.118996,0.035772
Zone_DH158,148,340,0.015628,0.0588,0.0473,4.5946,4,4,97.97,97.97,0.027,3.7324,20.0,1.644,0.016284,0.016284,1.7059,0.091689,0.072854,0.7118,0.082566,0.006897,0.0483,0.0162,0.136414,0.048276
Zone_DH159,70,154,0.031884,0.1103,0.0667,4.4,6,6,91.43,91.43,0.0857,3.5909,11.0,1.3148,0.037698,0.037698,1.6842,0.150276,0.093726,0.6298,0.124318,0.015625,0.0729,0.0371,0.210817,0.072917
Zone_DH160,83,202,0.02968,0.0829,0.0904,4.8675,4,4,96.39,96.39,0.0482,3.7135,16.0,1.7562,0.031962,0.031962,1.5842,0.119667,0.090765,0.5603,0.111376,0.0125,0.0938,0.0316,0.181759,0.09375
Zone_DH161,155,386,0.016171,0.0341,0.0247,4.9806,5,5,95.48,95.48,0.0323,3.839,20.0,1.6064,0.017466,0.017466,1.5579,0.08822,0.075812,0.7099,0.081864,0.006757,0.0259,0.0173,0.135836,0.025901
Zone_DH162,440,1198,0.006202,0.0731,0.0682,5.4455,1,1,100.0,100.0,0.0023,3.6951,30.0,1.4302,0.006202,0.006202,1.4691,0.057582,0.038815,0.661,0.047531,0.002273,0.0682,0.0062,0.086299,0.068182
Zone_DH163,552,1550,0.005096,0.0691,0.0664,5.6159,2,2,99.82,99.82,0.0036,3.7407,31.0,1.3194,0.005115,0.005115,1.4219,0.055403,0.032604,0.6779,0.042456,0.001815,0.0665,0.0051,0.079859,0.066546
Zone_DH164,473,1328,0.005948,0.0715,0.0747,5.6152,2,2,99.79,99.79,0.0042,3.6697,27.0,1.2415,0.005974,0.005974,1.4217,0.060038,0.034259,0.6917,0.045866,0.002119,0.0749,0.006,0.084766,0.074859
Zone_DH165,382,1054,0.007242,0.0607,0.0589,5.5183,5,5,98.95,98.95,0.0131,3.5717,22.0,1.1256,0.007396,0.007396,1.4345,0.073255,0.03297,0.6327,0.051291,0.002646,0.0595,0.0074,0.10151,0.059524
Zone_DH166,337,938,0.008284,0.0411,0.0406,5.5668,4,4,91.69,91.69,0.0119,3.2602,23.0,1.2529,0.009267,0.009267,1.4014,0.077145,0.043318,0.6657,0.056697,0.003236,0.0367,0.0092,0.111472,0.036677
Zone_DH167,242,624,0.010699,0.0147,0.009,5.157,7,7,77.69,77.69,0.0289,3.0275,25.0,1.6071,0.014621,0.014621,1.463,0.078092,0.066974,0.5976,0.072574,0.005319,0.0062,0.0145,0.126192,0.006206
Zone_DH168,213,510,0.011294,0.0328,0.0227,4.7887,6,6,78.4,78.4,0.0282,3.4416,19.0,1.3019,0.015078,0.015078,1.5981,0.095876,0.060776,0.6641,0.077014,0.005988,0.023,0.015,0.138618,0.022954
Zone_DH169,265,686,0.009806,0.0362,0.0289,5.1774,8,8,93.58,93.58,0.0302,3.5243,19.0,1.1672,0.01084,0.01084,1.494,0.089317,0.042129,0.6067,0.06323,0.004032,0.0309,0.0108,0.123759,0.030914
Zone_DH170,383,1068,0.0073,0.025,0.0213,5.577,4,4,99.22,99.22,0.0104,3.3535,24.0,1.2263,0.007416,0.007416,1.4232,0.072749,0.03464,0.5994,0.051128,0.002632,0.0215,0.0074,0.103785,0.021491
Zone_DH171,641,1862,0.004539,0.0217,0.0186,5.8097,3,3,99.69,99.69,0.0047,3.32,26.0,1.0269,0.004567,0.004567,1.7159,0.063887,0.022858,0.6139,0.039452,0.001565,0.0187,0.0046,0.087697,0.018675
Zone_DH172,860,2491,0.003372,0.0258,0.0255,5.793,2,2,95.93,95.93,0.0023,3.3063,28.0,0.9548,0.003536,0.003536,1.7159,0.057765,0.020444,0.6516,0.034728,0.001212,0.0254,0.0035,0.07849,0.025374
Zone_DH173,639,1831,0.004491,0.0338,0.029,5.7308,5,2,97.97,98.28,0.0031,3.3375,27.0,1.0681,0.004592,0.004592,1.3894,0.059342,0.025185,0.6597,0.039803,0.001592,0.0271,0.0046,0.082548,0.02707
Zone_DH174,246,668,0.011083,0.0586,0.0522,5.4309,4,2,97.56,98.37,0.0081,2.895,35.0,2.2315,0.011368,0.011368,1.46,0.057178,0.069447,0.6209,0.064026,0.004132,0.053,0.0113,0.10445,0.05303
Zone_DH176,17,34,0.125,0.1034,0.0588,4.0,3,3,88.24,88.24,0.1765,2.7052,5.0,1.2127,0.161905,0.161905,1.7647,0.349161,0.153114,0.5046,0.256775,0.066667,0.0667,0.1511,0.441361,0.066667
Zone_DH177,44,98,0.051797,0.0741,0.0455,4.4545,3,3,88.64,88.64,0.0682,3.8358,8.0,1.206,0.062078,0.062078,1.6957,0.203109,0.112011,0.5448,0.159354,0.025641,0.0513,0.0605,0.273282,0.051282
Zone_DH178,77,182,0.0311,0.0759,0.0606,4.7273,3,3,92.21,92.21,0.039,3.9599,11.0,1.2536,0.03501,0.03501,1.6322,0.151225,0.084782,0.5424,0.118148,0.014085,0.0657,0.0345,0.208419,0.065728
Zone_DH179,118,278,0.020136,0.0378,0.0226,4.7119,5,5,92.37,92.37,0.0424,4.0762,15.0,1.3809,0.022766,0.022766,1.6269,0.118474,0.072944,0.6235,0.095387,0.009174,0.0245,0.0226,0.168061,0.024465
Zone_DH180,129,308,0.018653,0.0335,0.0258,4.7752,3,3,98.45,98.45,0.0233,4.0519,15.0,1.3207,0.019248,0.019248,1.6494,0.109111,0.067422,0.5092,0.088352,0.007874,0.0262,0.0191,0.155385,0.026247
Zone_DH181,87,194,0.025929,0.0387,0.0441,4.4598,2,2,98.85,98.85,0.023,3.9982,12.0,1.2865,0.026539,0.026539,1.7732,0.13114,0.081527,0.6274,0.10738,0.011628,0.0446,0.0262,0.180432,0.044574
Zone_DH182,33,60,0.056818,0.0,0.0,3.6364,4,4,87.88,87.88,0.1212,3.6314,8.0,1.3926,0.071429,0.071429,1.5,0.202231,0.153074,0.5435,0.185,0.034483,0.0,0.069,0.283299,0.0
Zone_DH183,42,92,0.053426,0.1216,0.1032,4.381,2,2,97.62,97.62,0.0476,3.7698,8.0,1.2344,0.056098,0.056098,1.7826,0.19265,0.111194,0.5651,0.155475,0.02439,0.1057,0.0547,0.259611,0.105691
Zone_DH184,54,122,0.042628,0.0857,0.0648,4.5185,4,4,92.59,92.59,0.0741,3.7546,9.0,1.2247,0.04898,0.04898,1.6667,0.185147,0.094694,0.4785,0.140783,0.02,0.07,0.048,0.250298,0.07
Zone_DH185,58,130,0.039322,0.0857,0.0833,4.4828,4,4,68.97,68.97,0.069,3.7435,9.0,1.1818,0.061538,0.061538,1.6667,0.196285,0.112955,0.5269,0.157425,0.025,0.1208,0.06,0.271,0.120833
Zone_DH186,40,86,0.055128,0.0,0.0,4.3,7,7,85.0,85.0,0.175,3.5774,7.0,1.1068,0.076649,0.076649,1.186,0.227017,0.110127,0.4627,0.171016,0.029412,0.0,0.0744,0.309075,0.0
Zone_DH187,64,148,0.036706,0.0,0.0,4.625,3,3,93.75,93.75,0.0469,3.8415,9.0,1.125,0.040678,0.040678,1.6667,0.176118,0.082738,0.5657,0.128539,0.016667,0.0,0.04,0.234123,0.0
Zone_DH188,101,242,0.02396,0.0423,0.033,4.7921,3,3,98.02,98.02,0.0297,3.7886,14.0,1.3931,0.024943,0.024943,1.6364,0.124622,0.07653,0.5655,0.100076,0.010101,0.0337,0.0247,0.175956,0.03367
Zone_DH189,139,313,0.016317,0.0766,0.0492,4.5036,6,6,80.58,80.58,0.0432,3.78,20.0,1.6964,0.021557,0.021557,1.6716,0.091805,0.091625,0.6153,0.094113,0.008929,0.061,0.0214,0.145222,0.061012
Zone_DH190,153,362,0.015566,0.054,0.0501,4.732,16,4,83.01,94.77,0.0261,2.9079,20.0,1.6169,0.016858,0.016858,1.6477,0.082953,0.06092,0.6576,0.082585,0.006897,0.0529,0.0167,0.146258,0.052874
Zone_DH191,198,461,0.011819,0.0441,0.0345,4.6566,14,2,44.44,99.49,0.0101,3.1758,24.0,1.7056,0.011939,0.011939,1.7093,0.062772,0.038659,0.6849,0.070868,0.005076,0.0347,0.0119,0.117892,0.034687
Zone_DH192,173,384,0.012905,0.0403,0.027,4.4393,17,9,67.05,89.6,0.052,3.6865,21.0,1.5966,0.015249,0.015249,1.7033,0.073453,0.055379,0.6819,0.079906,0.006452,0.0301,0.0152,0.133387,0.030108
Zone_DH193,118,276,0.019991,0.0364,0.0268,4.678,4,4,96.61,96.61,0.0339,3.8984,21.0,1.9332,0.02127,0.02127,1.6642,0.094475,0.087476,0.6943,0.093168,0.008772,0.0278,0.0211,0.150014,0.027778
Zone_DH194,71,150,0.030181,0.05,0.0329,4.2254,6,6,81.69,81.69,0.0845,3.8454,14.0,1.6615,0.039927,0.039927,1.7576,0.128379,0.124162,0.6628,0.130637,0.017241,0.0402,0.0392,0.19794,0.04023
Zone_DH195,71,156,0.031388,0.0945,0.061,4.3944,6,6,49.3,49.3,0.0845,3.6764,8.0,0.9494,0.072269,0.072269,1.6279,0.206677,0.119175,0.4409,0.16831,0.028571,0.0952,0.0702,0.289168,0.095238
Zone_DH196,138,338,0.017878,0.0183,0.0229,4.8986,9,9,89.13,89.13,0.0652,3.6152,13.0,1.1066,0.021458,0.021458,1.528,0.125721,0.058506,0.67,0.089679,0.00813,0.0068,0.0213,0.172388,0.006775
Zone_DH197,306,818,0.008765,0.0602,0.0599,5.3464,3,3,98.69,98.69,0.0098,3.7377,22.0,1.2577,0.008933,0.008933,1.4877,0.075885,0.044289,0.6908,0.057311,0.003311,0.0508,0.0089,0.106982,0.050773
Zone_DH198,429,1192,0.006492,0.056,0.0528,5.5571,4,4,99.3,99.3,0.0093,3.7092,25.0,1.207,0.006584,0.006584,1.4295,0.063414,0.037264,0.6432,0.04823,0.002347,0.0532,0.0066,0.089291,0.053208
Zone_DH199,473,1312,0.005877,0.0605,0.0543,5.5476,5,5,95.98,95.98,0.0106,3.5611,29.0,1.3334,0.006195,0.006195,1.4254,0.057232,0.037871,0.6836,0.046735,0.002203,0.0543,0.0062,0.083157,0.054332
Zone_DH200,466,1302,0.006009,0.0508,0.0483,5.588,6,6,95.28,95.28,0.0129,3.55,24.0,1.1118,0.006406,0.006406,1.4095,0.068115,0.032065,0.656,0.047332,0.002252,0.0484,0.0064,0.094469,0.048423
Zone_DH201,425,1202,0.00667,0.039,0.0369,5.6565,3,3,98.82,98.82,0.0071,3.3329,22.0,1.0672,0.006796,0.006796,1.4047,0.073937,0.032593,0.6581,0.048634,0.002381,0.0373,0.0068,0.099979,0.037302
Zone_DH202,317,870,0.008685,0.0207,0.0205,5.489,4,4,98.42,98.42,0.0126,3.2243,23.0,1.2918,0.008925,0.008925,1.4411,0.075794,0.039324,0.5971,0.056402,0.003205,0.0208,0.0089,0.109084,0.020833
Zone_DH203,274,716,0.009572,0.0312,0.0292,5.2263,3,3,99.27,99.27,0.0109,3.566,21.0,1.2687,0.009713,0.009713,1.5196,0.081043,0.041314,0.6119,0.060421,0.003676,0.0294,0.0097,0.114245,0.029412
Zone_DH204,293,784,0.009164,0.0315,0.0256,5.3515,3,3,98.98,98.98,0.0102,3.5779,19.0,1.11,0.009331,0.009331,1.4834,0.086522,0.036713,0.5974,0.058496,0.003448,0.0259,0.0093,0.118538,0.025862
Zone_DH205,355,958,0.007623,0.0286,0.0239,5.3972,6,6,98.59,98.59,0.0169,3.5609,21.0,1.1146,0.007843,0.007843,1.4614,0.077251,0.034324,0.6556,0.053262,0.002857,0.0243,0.0078,0.106227,0.024286
Zone_DH206,450,1242,0.006147,0.0456,0.0396,5.52,6,6,98.89,98.89,0.0133,3.5174,21.0,0.9899,0.006286,0.006286,1.4332,0.076018,0.02868,0.6359,0.047238,0.002247,0.0401,0.0063,0.102486,0.040075
Zone_DH207,619,1736,0.004538,0.0376,0.0326,5.609,3,3,99.35,99.35,0.0048,3.4961,25.0,1.0048,0.004587,0.004587,1.4203,0.064525,0.024916,0.6334,0.040185,0.001626,0.0328,0.0046,0.087598,0.032791
Zone_DH208,420,1162,0.006603,0.0492,0.0433,5.5333,3,3,99.52,99.52,0.0071,3.5159,23.0,1.1223,0.006666,0.006666,1.4389,0.073081,0.031707,0.5895,0.048735,0.002392,0.0435,0.0067,0.100265,0.043461
Zone_DH209,208,566,0.013146,0.0649,0.0625,5.4423,3,3,98.08,98.08,0.0144,3.1476,21.0,1.4561,0.013571,0.013571,1.452,0.086324,0.05509,0.5518,0.069742,0.004902,0.0637,0.0135,0.128606,0.063725
Zone_DH211,24,44,0.07971,0.0968,0.0417,3.6667,5,5,66.67,66.67,0.2083,2.8927,5.0,1.0206,0.15,0.15,1.3333,0.317225,0.164286,0.4977,0.248826,0.0625,0.0625,0.1406,0.414891,0.0625
Zone_DH212,53,118,0.042816,0.0625,0.0377,4.4528,3,3,92.45,92.45,0.0566,3.6462,11.0,1.511,0.048469,0.048469,1.7193,0.154081,0.121581,0.6057,0.142252,0.020408,0.0408,0.0475,0.227038,0.040816
Zone_DH213,86,200,0.02736,0.0847,0.0562,4.6512,5,5,94.19,94.19,0.0581,3.8583,12.0,1.294,0.030556,0.030556,1.6364,0.142964,0.078156,0.5642,0.110598,0.012346,0.0597,0.0302,0.196877,0.059671
Zone_DH214,110,266,0.022185,0.0628,0.0606,4.8364,4,4,97.27,97.27,0.0364,4.1025,14.0,1.3348,0.023453,0.023453,1.609,0.126888,0.066258,0.5729,0.096237,0.009346,0.0623,0.0232,0.175766,0.062305
Zone_DH215,101,238,0.023564,0.0437,0.0396,4.7129,3,3,98.02,98.02,0.0297,4.0527,12.0,1.194,0.024531,0.024531,1.6639,0.13259,0.072762,0.5429,0.10005,0.010101,0.0404,0.0243,0.180127,0.040404
Zone_DH216,66,138,0.032168,0.0,0.0,4.1818,4,4,95.45,95.45,0.0606,3.9904,14.0,1.7233,0.03533,0.03533,1.8261,0.134311,0.110584,0.5984,0.125424,0.015873,0.0,0.0348,0.197592,0.0
Zone_DH217,39,72,0.048583,0.0,0.0,3.6923,3,3,82.05,82.05,0.0769,3.5731,13.0,2.0817,0.0625,0.0625,2.0645,0.146944,0.202083,0.5747,0.176094,0.03125,0.0,0.0605,0.241167,0.0
Zone_DH218,66,136,0.031702,0.0297,0.0354,4.1212,4,4,87.88,87.88,0.0606,3.6322,11.0,1.354,0.038113,0.038113,1.381,0.155728,0.102816,0.5902,0.130775,0.017241,0.0402,0.0375,0.212765,0.04023
Zone_DH219,107,248,0.021866,0.029,0.0171,4.6355,2,2,99.07,99.07,0.0187,3.9331,13.0,1.2568,0.022282,0.022282,1.7097,0.127182,0.066912,0.5505,0.096716,0.009434,0.0173,0.0221,0.172762,0.017296
Zone_DH220,91,192,0.023443,0.0392,0.0275,4.2198,7,7,89.01,89.01,0.0769,3.8614,12.0,1.2579,0.028395,0.028395,1.7609,0.131148,0.088857,0.6143,0.110604,0.012346,0.0309,0.028,0.183676,0.030864
Zone_DH221,70,156,0.032298,0.0714,0.0524,4.4571,6,6,88.57,88.57,0.0857,3.7859,12.0,1.4343,0.039662,0.039662,1.24,0.146087,0.100488,0.6163,0.126549,0.016129,0.0591,0.039,0.211339,0.05914
Zone_DH222,89,208,0.026558,0.0339,0.0206,4.6742,3,3,93.26,93.26,0.0337,3.9945,12.0,1.272,0.029386,0.029386,1.66,0.139882,0.077131,0.586,0.109312,0.012048,0.0221,0.029,0.19283,0.022088
Zone_DH223,124,278,0.018227,0.0638,0.043,4.4839,6,6,93.55,93.55,0.0484,3.7749,14.0,1.2572,0.02039,0.02039,1.7059,0.116503,0.06891,0.6004,0.092414,0.008621,0.046,0.0202,0.160674,0.045977
Zone_DH224,162,367,0.014071,0.0836,0.0576,4.5309,7,7,94.44,94.44,0.0432,3.7836,22.0,1.7285,0.015523,0.015523,1.6953,0.083505,0.079037,0.6467,0.080499,0.006536,0.061,0.0154,0.127323,0.061002
Zone_DH225,207,461,0.010811,0.0501,0.0419,4.4541,27,6,70.05,95.65,0.029,3.2376,20.0,1.3901,0.011614,0.011614,1.7483,0.06725,0.041237,0.7041,0.070664,0.005051,0.0438,0.0116,0.125593,0.043771
Zone_DH226,166,363,0.013253,0.0311,0.0281,4.3735,3,2,98.19,99.4,0.012,2.7985,23.0,1.7851,0.013415,0.013415,1.8182,0.079765,0.075564,0.6287,0.077393,0.006061,0.0283,0.0133,0.142106,0.028283
Zone_DH227,95,168,0.018813,0.0397,0.0281,3.5368,12,9,72.63,81.05,0.0947,2.8691,21.0,2.1546,0.02529,0.02529,2.0811,0.073882,0.133671,0.6286,0.11351,0.012987,0.0346,0.025,0.172532,0.034632
Zone_DH228,63,134,0.034306,0.0541,0.0397,4.254,8,8,76.19,76.19,0.127,3.8905,10.0,1.2599,0.051418,0.051418,1.6552,0.176781,0.10567,0.5393,0.143637,0.020833,0.0174,0.0503,0.244769,0.017361
Zone_DH229,59,142,0.041496,0.093,0.065,4.8136,3,3,96.61,96.61,0.0508,3.9071,12.0,1.5623,0.044486,0.044486,1.6056,0.149634,0.107638,0.5704,0.131851,0.017544,0.0673,0.0437,0.218142,0.067251
Zone_DH230,79,180,0.029211,0.0805,0.0485,4.557,3,3,91.14,91.14,0.038,3.8404,17.0,1.9126,0.033255,0.033255,1.6941,0.113511,0.119081,0.6422,0.117341,0.013889,0.0532,0.0328,0.180324,0.053241
Zone_DH231,139,332,0.017308,0.0489,0.0372,4.777,3,3,98.56,98.56,0.0216,3.4381,15.0,1.2723,0.017819,0.017819,1.6506,0.108386,0.061975,0.6418,0.084939,0.007299,0.0377,0.0177,0.151475,0.037713
Zone_DH232,174,428,0.014218,0.0684,0.0575,4.9195,4,4,97.7,97.7,0.023,3.652,15.0,1.1371,0.014828,0.014828,1.5962,0.104129,0.051547,0.6276,0.076323,0.005882,0.0588,0.0147,0.141321,0.058824
Zone_DH233,291,786,0.009314,0.0549,0.0498,5.4021,5,5,98.28,98.28,0.0172,3.4009,26.0,1.5241,0.009618,0.009618,1.4592,0.066761,0.052199,0.6768,0.058779,0.003497,0.0507,0.0096,0.102566,0.050699
Zone_DH234,478,1326,0.005816,0.0417,0.0425,5.5481,3,3,99.58,99.58,0.0063,3.3501,38.0,1.7381,0.005865,0.005865,1.4359,0.050666,0.041453,0.7349,0.045624,0.002101,0.0427,0.0059,0.079083,0.042717
Zone_DH235,442,1190,0.006105,0.0411,0.0403,5.3846,7,7,98.64,98.64,0.0158,3.5457,23.0,1.094,0.006274,0.006274,1.4655,0.068722,0.032219,0.651,0.04772,0.002294,0.0409,0.0063,0.093512,0.040902
Zone_DH236,434,1188,0.006322,0.0282,0.0269,5.4747,3,3,99.54,99.54,0.0069,3.4719,21.0,1.008,0.006381,0.006381,1.4545,0.07357,0.030045,0.6607,0.04795,0.002315,0.027,0.0064,0.098569,0.027006
Zone_DH237,321,834,0.008119,0.0308,0.0228,5.1963,8,8,94.7,94.7,0.0249,3.3733,21.0,1.1721,0.008815,0.008815,1.4975,0.080353,0.038779,0.6075,0.057163,0.003289,0.0241,0.0088,0.111651,0.024123
Zone_DH238,268,706,0.009866,0.045,0.0348,5.2687,7,7,97.01,97.01,0.0261,3.537,21.0,1.2828,0.010425,0.010425,1.4815,0.083018,0.04272,0.6075,0.061833,0.003846,0.0359,0.0104,0.117771,0.035897
Zone_DH239,255,668,0.010313,0.0334,0.0255,5.2392,5,5,98.43,98.43,0.0196,3.6435,18.0,1.1272,0.010645,0.010645,1.503,0.090134,0.04131,0.6139,0.062913,0.003984,0.0259,0.0106,0.12334,0.025896
Zone_DH240,275,714,0.009476,0.0313,0.0242,5.1927,3,3,99.27,99.27,0.0109,3.7366,21.0,1.2663,0.009615,0.009615,1.5294,0.081959,0.044264,0.5777,0.060293,0.003663,0.0244,0.0096,0.115863,0.02442
Zone_DH241,347,910,0.007579,0.0518,0.0394,5.245,4,4,98.85,98.85,0.0115,3.7153,20.0,1.0737,0.00774,0.00774,1.511,0.082581,0.033026,0.6039,0.053773,0.002915,0.0398,0.0077,0.111854,0.039845
Zone_DH242,393,1046,0.00679,0.0387,0.0301,5.3232,3,3,99.49,99.49,0.0076,3.7185,21.0,1.0593,0.006859,0.006859,1.4952,0.077464,0.030828,0.639,0.050375,0.002558,0.0303,0.0068,0.105408,0.030264
Zone_DH243,291,774,0.009172,0.0477,0.0389,5.3196,2,2,99.66,99.66,0.0069,3.6942,19.0,1.1138,0.009235,0.009235,1.4987,0.086009,0.037228,0.6281,0.058449,0.003448,0.0391,0.0092,0.117052,0.03908
Zone_DH244,120,320,0.022409,0.0764,0.0639,5.3333,1,1,100.0,100.0,0.0083,3.4607,16.0,1.4606,0.022409,0.022409,1.5,0.111308,0.070536,0.5902,0.090802,0.008333,0.0639,0.0222,0.162265,0.063889
Zone_DH246,29,58,0.071429,0.1915,0.1494,4.0,6,6,75.86,75.86,0.2069,3.5225,6.0,1.1142,0.116883,0.116883,1.2222,0.27744,0.136364,0.4889,0.212486,0.045455,0.197,0.1116,0.368306,0.19697
Zone_DH247,64,150,0.037202,0.1172,0.0729,4.6875,1,1,100.0,100.0,0.0156,3.8278,14.0,1.75,0.037202,0.037202,1.7067,0.125344,0.115109,0.612,0.124429,0.015625,0.0729,0.0366,0.192681,0.078125
Zone_DH248,87,202,0.026998,0.1167,0.09,4.6437,4,4,96.55,96.55,0.046,3.9339,14.0,1.501,0.028973,0.028973,1.6634,0.127121,0.085825,0.584,0.108578,0.011905,0.0933,0.0286,0.183254,0.097222
Zone_DH249,94,210,0.024022,0.0343,0.0248,4.4681,4,4,96.81,96.81,0.0426,4.0325,13.0,1.3408,0.025641,0.025641,1.7333,0.127131,0.081545,0.5844,0.104357,0.010989,0.0256,0.0254,0.178332,0.025641
Zone_DH250,78,172,0.028638,0.0451,0.0427,4.4103,2,2,97.44,97.44,0.0256,4.0571,13.0,1.472,0.029825,0.029825,1.3412,0.133677,0.091195,0.5682,0.11427,0.013158,0.0439,0.0294,0.188072,0.04386
Zone_DH251,45,96,0.048485,0.1169,0.0926,4.2667,3,3,93.33,93.33,0.0667,3.7799,10.0,1.4907,0.054588,0.054588,1.7872,0.170664,0.126916,0.6228,0.15356,0.02381,0.0992,0.0533,0.243243,0.099206
Zone_DH252,52,108,0.040724,0.0723,0.0481,4.1538,2,2,98.08,98.08,0.0385,3.5668,11.0,1.5254,0.042353,0.042353,1.8889,0.152217,0.118354,0.5709,0.139355,0.019608,0.049,0.0415,0.215916,0.04902
Zone_DH253,173,396,0.013308,0.0452,0.0366,4.578,3,3,83.24,83.24,0.0173,3.8342,15.0,1.1404,0.016511,0.016511,1.6941,0.105922,0.0632,0.6145,0.082963,0.006944,0.044,0.0164,0.146335,0.043981
Zone_DH254,279,654,0.008432,0.026,0.0221,4.6882,7,7,96.77,96.77,0.0251,4.055,22.0,1.3171,0.008922,0.008922,1.6667,0.079383,0.042617,0.6291,0.06055,0.003704,0.0228,0.0089,0.110961,0.02284
Zone_DH255,330,790,0.007276,0.0336,0.0278,4.7879,4,4,57.58,57.58,0.0121,4.0665,17.0,0.9358,0.012643,0.012643,1.674,0.095356,0.051065,0.6421,0.072161,0.005263,0.0272,0.0126,0.131298,0.027193
Zone_DH256,263,646,0.009375,0.0396,0.0279,4.9125,7,7,96.96,96.96,0.0266,3.8189,22.0,1.3566,0.009912,0.009912,1.5888,0.079071,0.047456,0.6904,0.062272,0.003922,0.0288,0.0099,0.112717,0.028758
Zone_DH257,161,392,0.015217,0.0416,0.0331,4.8696,7,7,93.79,93.79,0.0435,3.774,17.0,1.3398,0.016954,0.016954,1.5729,0.104638,0.059797,0.6202,0.080983,0.006623,0.0353,0.0168,0.148025,0.03532
Zone_DH258,90,202,0.025218,0.0355,0.037,4.4889,4,4,95.56,95.56,0.0444,3.8639,14.0,1.4757,0.02736,0.02736,1.72,0.124102,0.086597,0.6602,0.10733,0.011628,0.0388,0.027,0.178013,0.03876
Zone_DH259,155,348,0.014579,0.0686,0.0495,4.4903,10,10,63.23,63.23,0.0645,3.6389,15.0,1.2048,0.024616,0.024616,1.2564,0.109455,0.088203,0.5738,0.100593,0.010204,0.0782,0.0244,0.160437,0.078231
Zone_DH260,200,407,0.010226,0.0481,0.0333,4.07,21,10,61.0,74.0,0.05,3.8212,24.0,1.6971,0.013927,0.013927,1.4653,0.063542,0.077135,0.6904,0.081833,0.006757,0.045,0.0138,0.124154,0.045045
Zone_DH261,110,198,0.016514,0.0345,0.0242,3.6,15,5,60.91,94.55,0.0455,3.9321,19.0,1.8116,0.018111,0.018111,1.6082,0.070344,0.072705,0.6161,0.097717,0.009615,0.0256,0.0179,0.14967,0.025641
Zone_DH262,72,120,0.023474,0.0588,0.0278,3.3333,16,4,27.78,81.94,0.0556,3.3736,16.0,1.8856,0.029223,0.029223,1.77,0.076145,0.081778,0.6217,0.129697,0.016949,0.0339,0.0287,0.183427,0.033898
Zone_DH263,48,114,0.050532,0.06,0.0521,4.75,3,3,83.33,83.33,0.0625,3.92,9.0,1.299,0.064103,0.064103,1.6,0.196148,0.111775,0.5494,0.157364,0.025,0.0208,0.0625,0.274486,0.020833
Zone_DH264,49,122,0.051871,0.1053,0.0782,4.9796,3,3,95.92,95.92,0.0612,3.9181,12.0,1.7143,0.056429,0.056429,1.541,0.160134,0.12213,0.5411,0.145303,0.021277,0.0816,0.0552,0.242045,0.08156
Zone_DH265,80,192,0.03038,0.0904,0.0688,4.8,1,1,100.0,100.0,0.0125,3.8323,17.0,1.9007,0.03038,0.03038,1.6667,0.111692,0.108241,0.5996,0.111327,0.0125,0.0688,0.03,0.174523,0.06875
Zone_DH266,107,256,0.022571,0.0917,0.0717,4.785,4,4,97.2,97.2,0.0374,3.8095,15.0,1.4501,0.023898,0.023898,1.625,0.114718,0.079129,0.566,0.097616,0.009615,0.0737,0.0237,0.165529,0.073718
Zone_DH267,122,274,0.018561,0.0879,0.0533,4.4918,11,11,89.34,89.34,0.0902,3.7781,15.0,1.358,0.022766,0.022766,1.6269,0.11369,0.078897,0.5515,0.095367,0.009174,0.0596,0.0226,0.162146,0.059633
Zone_DH268,173,422,0.014182,0.062,0.0462,4.8786,7,7,85.55,85.55,0.0405,3.5965,17.0,1.2925,0.017191,0.017191,1.5829,0.099893,0.063029,0.6497,0.081818,0.006757,0.0495,0.0171,0.144862,0.04955
Zone_DH269,409,1116,0.006688,0.0452,0.044,5.4572,1,1,100.0,100.0,0.0024,3.4267,23.0,1.1373,0.006688,0.006688,1.4659,0.068467,0.034627,0.6754,0.04921,0.002445,0.044,0.0067,0.095657,0.04401
Zone_DH270,446,1222,0.006157,0.0508,0.0478,5.4798,6,6,98.88,98.88,0.0135,3.4033,24.0,1.1364,0.006298,0.006298,1.4435,0.06894,0.03253,0.6505,0.047417,0.002268,0.0484,0.0063,0.09455,0.048375
Zone_DH271,330,876,0.008069,0.0496,0.0414,5.3091,3,3,99.39,99.39,0.0091,3.5316,21.0,1.156,0.008167,0.008167,1.4977,0.079138,0.037134,0.6164,0.054993,0.003049,0.0417,0.0081,0.108695,0.041667
Zone_DH272,262,658,0.009622,0.0498,0.042,5.0229,2,2,99.62,99.62,0.0076,3.3775,19.0,1.1738,0.009696,0.009696,1.5866,0.084167,0.044143,0.6285,0.06163,0.003831,0.0421,0.0097,0.115432,0.042146
Zone_DH273,249,630,0.010202,0.052,0.0408,5.0602,4,4,98.8,98.8,0.0161,3.6431,19.0,1.2041,0.010453,0.010453,1.5619,0.082437,0.047173,0.648,0.063512,0.004065,0.0413,0.0104,0.115428,0.041328
Zone_DH274,211,524,0.011826,0.0378,0.0316,4.9668,4,4,98.58,98.58,0.019,3.7853,19.0,1.308,0.01217,0.01217,1.5878,0.090005,0.049581,0.6619,0.069051,0.004808,0.0321,0.0121,0.124777,0.032051
Zone_DH275,195,484,0.012794,0.0485,0.0359,4.9641,2,2,99.49,99.49,0.0103,3.8619,18.0,1.289,0.012927,0.012927,1.6033,0.091471,0.052788,0.6321,0.071506,0.005155,0.0361,0.0129,0.129209,0.036082
Zone_DH276,224,582,0.011651,0.0547,0.0424,5.1964,4,4,98.66,98.66,0.0179,3.8361,18.0,1.2027,0.01197,0.01197,1.5189,0.093839,0.045699,0.606,0.067023,0.004525,0.043,0.0119,0.130181,0.042986
Zone_DH277,213,540,0.011959,0.0714,0.0587,5.0704,4,4,98.59,98.59,0.0188,3.775,17.0,1.1648,0.012303,0.012303,1.5556,0.098261,0.045489,0.5934,0.068706,0.004762,0.0595,0.0122,0.13497,0.060714
Zone_DH278,136,342,0.018627,0.0863,0.0711,5.0294,2,2,97.06,97.06,0.0147,3.8269,13.0,1.1147,0.019431,0.019431,1.5714,0.12586,0.055364,0.5931,0.086644,0.007576,0.0732,0.0193,0.167432,0.074495
Zone_DH279,51,112,0.043922,0.163,0.1176,4.3922,3,3,96.08,96.08,0.0588,3.7139,10.0,1.4003,0.047619,0.047619,1.75,0.167058,0.110128,0.6175,0.142202,0.020408,0.1224,0.0466,0.233465,0.127551
Zone_DH281,35,82,0.068908,0.1714,0.1714,4.6857,3,3,94.29,94.29,0.0857,3.8021,9.0,1.5213,0.077652,0.077652,1.2073,0.206649,0.129826,0.4706,0.173537,0.030303,0.1818,0.0753,0.293578,0.181818
Zone_DH282,65,162,0.038942,0.1469,0.1051,4.9846,1,1,100.0,100.0,0.0154,4.0234,12.0,1.4884,0.038942,0.038942,1.6049,0.143829,0.098363,0.4732,0.123578,0.015385,0.1051,0.0383,0.208839,0.110256
Zone_DH283,69,158,0.033674,0.1533,0.0966,4.5797,3,3,97.1,97.1,0.0435,3.9952,13.0,1.565,0.03573,0.03573,1.6962,0.132681,0.101551,0.573,0.121576,0.014925,0.0995,0.0352,0.196155,0.104478
Zone_DH284,63,130,0.033282,0.0612,0.0423,4.127,3,3,96.83,96.83,0.0476,3.9781,16.0,2.0158,0.035519,0.035519,1.4077,0.122447,0.127542,0.6656,0.127458,0.016393,0.0437,0.0349,0.189132,0.043716
Zone_DH285,62,120,0.031729,0.0682,0.0323,3.871,6,6,90.32,90.32,0.0968,3.8542,12.0,1.524,0.038312,0.038312,1.4237,0.141867,0.114814,0.5848,0.133046,0.017857,0.0357,0.0376,0.205859,0.035714
Zone_DH286,56,128,0.041558,0.1154,0.0804,4.5714,1,1,100.0,100.0,0.0179,3.816,11.0,1.4699,0.041558,0.041558,1.75,0.155425,0.104335,0.5772,0.133043,0.017857,0.0804,0.0408,0.217722,0.080357
Zone_DH287,76,146,0.025614,0.0526,0.0241,3.8421,9,9,86.84,86.84,0.1184,3.5241,14.0,1.6059,0.0331,0.0331,1.8592,0.127084,0.110456,0.6516,0.122452,0.015152,0.0278,0.0326,0.186603,0.027778
Zone_DH288,267,620,0.00873,0.0368,0.0325,4.6442,14,14,93.63,93.63,0.0524,3.8168,20.0,1.224,0.009831,0.009831,1.634,0.084577,0.045052,0.6647,0.0629,0.004,0.0347,0.0098,0.116603,0.034667
Zone_DH289,553,1340,0.00439,0.0282,0.0222,4.8463,12,12,97.83,97.83,0.0217,4.1062,26.0,1.1056,0.00458,0.00458,2.0217,0.063825,0.029176,0.7142,0.042756,0.001848,0.0227,0.0046,0.085845,0.022674
Zone_DH290,632,1570,0.003937,0.03,0.0242,4.9684,2,2,99.84,99.84,0.0032,4.1258,31.0,1.2331,0.003949,0.003949,2.0096,0.053974,0.029142,0.7662,0.03958,0.001585,0.0242,0.0039,0.076859,0.024194
Zone_DH291,495,1250,0.005112,0.0445,0.0359,5.0505,7,7,73.33,73.33,0.0141,3.9023,23.0,1.0338,0.006971,0.006971,1.9814,0.072346,0.03593,0.6917,0.052187,0.002755,0.0329,0.007,0.099703,0.032874
Zone_DH292,316,848,0.008519,0.0434,0.0359,5.3671,7,7,48.42,48.42,0.0222,3.3338,15.0,0.8438,0.017458,0.017458,1.5074,0.109064,0.053607,0.5938,0.080318,0.006536,0.0327,0.0173,0.152385,0.03268
Zone_DH293,150,370,0.016555,0.0322,0.02,4.9333,10,10,56.67,56.67,0.0667,3.097,12.0,0.9798,0.033894,0.033894,1.405,0.143091,0.073361,0.5633,0.107778,0.011765,0.0353,0.0335,0.20313,0.035294
Zone_DH294,171,369,0.012693,0.0496,0.04,4.3158,8,5,83.04,85.38,0.0292,3.5754,25.0,1.9118,0.015352,0.015352,1.7969,0.071973,0.090338,0.6342,0.082184,0.006849,0.0468,0.0152,0.134342,0.046804
Zone_DH295,251,534,0.00851,0.0276,0.0179,4.255,18,6,84.86,95.62,0.0239,3.7175,24.0,1.5149,0.0091,0.0091,1.8391,0.062199,0.050307,0.6758,0.06417,0.004167,0.0188,0.0091,0.113825,0.01875
Zone_DH296,140,269,0.013823,0.0233,0.0119,3.8429,24,6,40.0,95.0,0.0429,3.9606,19.0,1.6058,0.015095,0.015095,1.5057,0.064507,0.041802,0.5975,0.086391,0.007519,0.0125,0.015,0.143316,0.012531
Zone_DH297,30,40,0.045977,0.0,0.0,2.6667,14,7,30.0,56.67,0.2333,3.4599,8.0,1.4606,0.095588,0.095588,1.9615,0.162671,0.114951,0.5343,0.241747,0.058824,0.0,0.09,0.348772,0.0
Zone_DH300,30,60,0.068966,0.0638,0.0778,4.0,4,4,90.0,90.0,0.1333,3.4066,8.0,1.4606,0.08547,0.08547,1.35,0.210849,0.157721,0.6103,0.191663,0.037037,0.0864,0.0823,0.300295,0.08642
Zone_DH301,64,144,0.035714,0.096,0.0573,4.5,5,5,89.06,89.06,0.0781,3.7289,14.0,1.75,0.043233,0.043233,1.6522,0.138934,0.117036,0.5891,0.131801,0.017544,0.0643,0.0425,0.212245,0.064327
Zone_DH302,74,156,0.028878,0.1385,0.0766,4.2162,9,9,67.57,67.57,0.1216,3.7639,10.0,1.1625,0.049796,0.049796,1.6393,0.167862,0.106667,0.5237,0.140743,0.02,0.0933,0.0488,0.239073,0.093333
Zone_DH303,108,228,0.01973,0.0474,0.034,4.2222,5,5,79.63,79.63,0.0463,3.5658,19.0,1.8283,0.025445,0.025445,1.8495,0.102749,0.111093,0.6667,0.107163,0.011628,0.0233,0.0251,0.163026,0.023256
Zone_DH304,302,812,0.008933,0.039,0.0359,5.3775,1,1,100.0,100.0,0.0033,2.8832,20.0,1.1509,0.008933,0.008933,1.4877,0.082285,0.039631,0.6512,0.057177,0.003311,0.0359,0.0089,0.112287,0.036976
Zone_DH305,354,962,0.007698,0.0512,0.0464,5.435,4,4,98.87,98.87,0.0113,2.987,21.0,1.1161,0.007859,0.007859,1.8229,0.07801,0.034755,0.6538,0.053161,0.002857,0.047,0.0078,0.106167,0.047905
Zone_DH306,286,722,0.008858,0.0698,0.0557,5.049,5,5,96.85,96.85,0.0175,3.4927,20.0,1.1826,0.009261,0.009261,1.9562,0.081356,0.041078,0.6237,0.059773,0.00361,0.0515,0.0092,0.112881,0.052708
Zone_DH307,260,650,0.009653,0.0705,0.0549,5.0,1,1,100.0,100.0,0.0038,3.7719,19.0,1.1783,0.009653,0.009653,2.0,0.084716,0.042832,0.6249,0.061725,0.003846,0.0549,0.0096,0.115296,0.054872
Zone_DH308,215,524,0.011389,0.064,0.045,4.8744,3,3,99.07,99.07,0.014,3.8173,20.0,1.364,0.011604,0.011604,1.626,0.086724,0.049391,0.6593,0.068212,0.004695,0.0454,0.0115,0.121197,0.045383
Zone_DH309,137,328,0.017604,0.0714,0.0499,4.7883,3,3,98.54,98.54,0.0219,3.9422,23.0,1.965,0.018132,0.018132,1.6463,0.082126,0.0882,0.6743,0.085638,0.007407,0.0506,0.018,0.135614,0.050617
Zone_DH310,82,192,0.028907,0.0888,0.0569,4.6829,3,3,93.9,93.9,0.0366,3.8262,14.0,1.546,0.031784,0.031784,1.6559,0.125387,0.0938,0.6644,0.113358,0.012987,0.0606,0.0314,0.187469,0.060606
Zone_DH311,82,202,0.030413,0.0811,0.065,4.9268,3,3,97.56,97.56,0.0366,3.7483,13.0,1.4356,0.031962,0.031962,1.5842,0.139176,0.081432,0.5779,0.111309,0.0125,0.0667,0.0316,0.197778,0.066667
Zone_DH312,79,188,0.03051,0.1091,0.0844,4.7595,4,4,93.67,93.67,0.0506,3.7093,12.0,1.3501,0.034061,0.034061,1.6087,0.145189,0.088554,0.5315,0.115747,0.013514,0.0901,0.0336,0.204268,0.092342
Zone_DH313,59,136,0.039743,0.1271,0.0734,4.6102,2,2,98.31,98.31,0.0339,3.6905,11.0,1.4321,0.041137,0.041137,1.7059,0.15928,0.099149,0.6165,0.130617,0.017241,0.0747,0.0404,0.222823,0.077586
Zone_DH314,26,60,0.092308,0.18,0.1026,4.6154,1,1,100.0,100.0,0.0385,3.5647,7.0,1.3728,0.092308,0.092308,1.7333,0.235387,0.141154,0.5143,0.195172,0.038462,0.1026,0.0888,0.323653,0.112179
Zone_DH315,31,51,0.054839,0.0,0.0,3.2903,10,3,70.97,70.97,0.0968,3.3032,8.0,1.4368,0.095238,0.095238,1.5,0.216293,0.191991,0.5925,0.212469,0.045455,0.0,0.0909,0.312811,0.0
Zone_DH316,61,119,0.032514,0.0674,0.0546,3.9016,11,4,78.69,78.69,0.0656,3.7239,11.0,1.4084,0.046986,0.046986,1.3585,0.153724,0.123651,0.5495,0.143784,0.020833,0.0694,0.046,0.223975,0.069444
Zone_DH317,60,132,0.037288,0.1121,0.1,4.4,3,3,96.67,96.67,0.05,3.7157,11.0,1.4201,0.039927,0.039927,1.7576,0.158762,0.098209,0.6359,0.130702,0.017241,0.1034,0.0392,0.21663,0.103448
Zone_DH318,46,96,0.046377,0.0833,0.0435,4.1739,3,3,95.65,95.65,0.0652,3.8534,13.0,1.9167,0.05074,0.05074,1.375,0.139449,0.15446,0.5955,0.150186,0.022727,0.0455,0.0496,0.21788,0.045455
Zone_DH319,62,128,0.033845,0.0625,0.043,4.129,3,3,96.77,96.77,0.0484,3.9584,18.0,2.286,0.036158,0.036158,1.4062,0.10786,0.147434,0.6401,0.128577,0.016667,0.0444,0.0356,0.178471,0.044444
Zone_DH320,96,210,0.023026,0.1228,0.0868,4.375,4,4,96.88,96.88,0.0417,3.7056,15.0,1.5309,0.024544,0.024544,1.3286,0.117413,0.082555,0.6111,0.103219,0.010753,0.0896,0.0243,0.165504,0.09319
Zone_DH321,115,268,0.020442,0.0894,0.0725,4.6609,2,2,99.13,99.13,0.0174,3.4372,14.0,1.3055,0.020804,0.020804,1.7015,0.119643,0.067938,0.6338,0.093177,0.008772,0.0731,0.0206,0.162965,0.076023
Zone_DH322,121,264,0.018182,0.067,0.0551,4.3636,8,8,84.3,84.3,0.0661,3.78,13.0,1.1818,0.022908,0.022908,1.7288,0.131565,0.070735,0.6065,0.098426,0.009804,0.0392,0.0227,0.176338,0.039216
Zone_DH323,328,812,0.007571,0.0271,0.0183,4.9512,4,4,99.09,99.09,0.0122,4.0389,23.0,1.27,0.007711,0.007711,1.601,0.076134,0.039498,0.698,0.055153,0.003077,0.0185,0.0077,0.106262,0.018462
Zone_DH324,620,1564,0.004075,0.0376,0.0302,5.0452,6,6,98.71,98.71,0.0097,4.1264,28.0,1.1245,0.004167,0.004167,1.9641,0.058271,0.026427,0.7064,0.040209,0.001634,0.0306,0.0042,0.080365,0.030556
Zone_DH325,692,1764,0.003689,0.035,0.028,5.0983,7,7,98.84,98.84,0.0101,4.1417,29.0,1.1024,0.003767,0.003767,1.9432,0.055511,0.026309,0.7267,0.038045,0.001462,0.0283,0.0038,0.07545,0.028314
Zone_DH326,751,2004,0.003558,0.0218,0.0163,5.3369,5,5,99.07,99.07,0.0067,3.6786,45.0,1.6421,0.003614,0.003614,1.8619,0.041116,0.033193,0.779,0.036441,0.001344,0.0165,0.0036,0.065307,0.016935
Zone_DH327,649,1792,0.004261,0.0184,0.0146,5.5223,10,10,87.52,87.52,0.0154,3.1613,33.0,1.2954,0.004999,0.004999,1.4112,0.053268,0.033674,0.6907,0.041679,0.001761,0.0141,0.005,0.081668,0.014671
Zone_DH328,505,1308,0.005139,0.0194,0.0158,5.1802,25,25,91.68,91.68,0.0495,3.2449,29.0,1.2905,0.005937,0.005937,1.4583,0.06254,0.032769,0.6673,0.046141,0.00216,0.0173,0.0059,0.091622,0.017279
Zone_DH329,468,1063,0.004864,0.037,0.0274,4.5427,24,12,72.44,95.73,0.0256,3.7016,39.0,1.8028,0.005218,0.005218,1.7148,0.040501,0.036729,0.7555,0.046937,0.002232,0.0286,0.0052,0.076512,0.02939
Zone_DH330,657,1487,0.00345,0.0313,0.0236,4.5266,27,16,80.21,95.74,0.0244,3.6427,32.0,1.2484,0.003699,0.003699,1.7221,0.044173,0.026096,0.7059,0.039656,0.00159,0.0246,0.0037,0.077047,0.025172
Zone_DH331,721,1632,0.003144,0.0222,0.016,4.527,16,12,97.92,98.47,0.0166,3.7832,35.0,1.3035,0.003242,0.003242,1.7402,0.047137,0.028703,0.7,0.037342,0.001408,0.0162,0.0032,0.075652,0.016197
Zone_DH332,417,970,0.005592,0.0159,0.014,4.6523,13,11,96.16,96.64,0.0264,3.8168,28.0,1.3712,0.005938,0.005938,1.6757,0.059248,0.041,0.6902,0.049559,0.002481,0.0145,0.0059,0.090561,0.014475
Zone_DH333,233,546,0.010101,0.0297,0.0229,4.6867,10,8,80.26,80.26,0.0343,3.7133,20.0,1.3102,0.01357,0.01357,1.5847,0.085865,0.058463,0.6654,0.072739,0.005348,0.016,0.0135,0.1244,0.016934
Zone_DH334,163,420,0.015905,0.057,0.0429,5.1534,6,3,95.71,98.16,0.0184,4.0317,21.0,1.6448,0.016431,0.016431,1.9139,0.086695,0.070727,0.6331,0.078577,0.00625,0.0438,0.0163,0.13412,0.044792
Zone_DH335,153,410,0.01763,0.0584,0.0458,5.3595,4,4,95.42,95.42,0.0261,3.9808,20.0,1.6169,0.018895,0.018895,1.825,0.09197,0.073386,0.6938,0.082339,0.006849,0.0479,0.0188,0.142168,0.049087
Zone_DH336,69,152,0.032396,0.0256,0.0145,4.4058,5,5,81.16,81.16,0.0725,3.7113,12.0,1.4446,0.043506,0.043506,1.6716,0.144803,0.11425,0.6364,0.133119,0.017857,0.0179,0.0427,0.212122,0.017857
Zone_DH337,37,67,0.0503,0.1875,0.0811,3.6216,7,6,78.38,78.38,0.1622,3.7569,10.0,1.644,0.076355,0.076355,1.4032,0.183425,0.174786,0.5578,0.184884,0.034483,0.1034,0.0737,0.27168,0.103448
Zone_DH338,60,120,0.033898,0.1237,0.0889,4.0,7,6,78.33,78.33,0.1,3.8499,10.0,1.291,0.048104,0.048104,1.8077,0.161891,0.120794,0.6507,0.145041,0.021277,0.0638,0.0471,0.228339,0.06383
Zone_DH339,169,436,0.015356,0.0605,0.0611,5.1598,2,2,95.86,95.86,0.0118,3.0194,22.0,1.6923,0.016256,0.016256,1.5283,0.085359,0.069002,0.6775,0.077995,0.006173,0.0638,0.0162,0.132696,0.067901
Zone_DH340,238,634,0.01124,0.0686,0.062,5.3277,3,3,92.86,92.86,0.0126,3.1904,18.0,1.1668,0.012299,0.012299,1.8478,0.091679,0.045378,0.6105,0.066866,0.004525,0.0623,0.0122,0.1281,0.06644
Zone_DH341,210,502,0.011438,0.0721,0.0552,4.781,6,6,92.38,92.38,0.0286,3.6273,20.0,1.3801,0.012713,0.012713,2.0378,0.085065,0.061088,0.6493,0.071418,0.005155,0.0512,0.0126,0.123898,0.052921
Zone_DH342,182,436,0.013235,0.0771,0.0637,4.7912,6,6,97.25,97.25,0.033,3.9506,20.0,1.4825,0.013996,0.013996,2.0298,0.088278,0.063109,0.6312,0.074832,0.00565,0.0655,0.0139,0.12733,0.065537
Zone_DH343,150,358,0.016018,0.0671,0.0456,4.7733,2,2,99.33,99.33,0.0133,3.8826,18.0,1.4697,0.016234,0.016234,1.6648,0.096584,0.064924,0.6564,0.08155,0.006711,0.0459,0.0161,0.138324,0.045861
Zone_DH344,71,148,0.029779,0.1261,0.0775,4.169,8,8,73.24,73.24,0.1127,3.7318,12.0,1.4241,0.046003,0.046003,1.7049,0.146739,0.123621,0.6508,0.138045,0.019231,0.0737,0.0451,0.216251,0.073718
Zone_DH345,28,58,0.07672,0.1915,0.1786,4.1429,4,4,89.29,89.29,0.1429,3.4695,8.0,1.5119,0.096667,0.096667,1.2931,0.221372,0.161304,0.6141,0.19929,0.04,0.2,0.0928,0.31927,0.2
Zone_DH346,27,52,0.074074,0.15,0.0741,3.8519,6,6,74.07,74.07,0.2222,3.1378,7.0,1.3472,0.126316,0.126316,1.25,0.25629,0.168713,0.6073,0.222836,0.05,0.1,0.12,0.365624,0.1
Zone_DH347,15,30,0.142857,0.25,0.2222,4.0,4,4,60.0,60.0,0.2667,3.1069,3.0,0.7746,0.305556,0.305556,1.2273,0.494064,0.154762,0.4425,0.332139,0.111111,0.1111,0.2716,0.594907,0.111111
Zone_DH350,51,101,0.039608,0.0759,0.049,3.9608,11,4,80.39,80.39,0.0784,3.864,11.0,1.5403,0.057317,0.057317,1.7447,0.168256,0.132427,0.6153,0.155591,0.02439,0.061,0.0559,0.247116,0.060976
Zone_DH351,87,184,0.024592,0.0608,0.0326,4.2299,12,4,87.36,87.36,0.046,3.8207,15.0,1.6082,0.030877,0.030877,1.7273,0.117008,0.107008,0.6413,0.114256,0.013158,0.0373,0.0305,0.17672,0.037281
Zone_DH352,65,140,0.033654,0.0826,0.0744,4.3077,5,5,69.23,69.23,0.0769,3.5671,10.0,1.2403,0.049495,0.049495,1.8367,0.172838,0.114306,0.5174,0.148453,0.022222,0.0222,0.0484,0.240111,0.022222
Zone_DH353,35,64,0.053782,0.0,0.0,3.6571,4,4,85.71,85.71,0.1143,3.7408,11.0,1.8593,0.068966,0.068966,1.5,0.165827,0.187767,0.6,0.181857,0.033333,0.0,0.0667,0.258583,0.0
Zone_DH354,34,66,0.058824,0.0,0.0,3.8824,3,3,94.12,94.12,0.0882,3.4991,10.0,1.715,0.066532,0.066532,1.4545,0.183803,0.156519,0.6027,0.176027,0.03125,0.0,0.0645,0.264376,0.0
Zone_DH355,78,170,0.028305,0.1095,0.0726,4.359,4,4,94.87,94.87,0.0513,3.4949,12.0,1.3587,0.0311,0.0311,1.3214,0.136939,0.088148,0.6199,0.115732,0.013514,0.0766,0.0307,0.188465,0.081081
Zone_DH356,132,304,0.01758,0.0814,0.0631,4.6061,3,3,96.97,96.97,0.0227,3.4931,16.0,1.3926,0.018455,0.018455,1.7067,0.103785,0.069233,0.6096,0.087972,0.007812,0.0651,0.0183,0.146596,0.067708
Zone_DH357,170,392,0.013644,0.0706,0.0529,4.6118,8,8,85.29,85.29,0.0471,4.0266,14.0,1.0738,0.016762,0.016762,1.6571,0.112219,0.057913,0.6067,0.082625,0.006897,0.0322,0.0166,0.151761,0.032184
Zone_DH358,300,738,0.008227,0.0622,0.0506,4.92,7,7,75.0,75.0,0.0233,4.0913,20.0,1.1547,0.011429,0.011429,1.5625,0.089531,0.046621,0.6348,0.066345,0.004444,0.0407,0.0114,0.125993,0.040741
Zone_DH359,566,1410,0.004409,0.0449,0.0358,4.9823,11,11,62.37,62.37,0.0194,4.1275,29.0,1.219,0.007404,0.007404,1.9185,0.062327,0.044286,0.7177,0.052978,0.002833,0.0343,0.0074,0.095899,0.034278
Zone_DH360,794,1988,0.003157,0.0345,0.0287,5.0076,10,10,65.74,65.74,0.0126,3.99,28.0,0.9937,0.005067,0.005067,1.894,0.05963,0.031298,0.712,0.043547,0.001916,0.0292,0.0051,0.083914,0.029246
Zone_DH361,958,2452,0.002675,0.0209,0.0167,5.119,15,14,98.33,98.43,0.0146,3.5898,47.0,1.5185,0.002756,0.002756,1.5408,0.038316,0.028015,0.8078,0.032385,0.00106,0.017,0.0028,0.058215,0.017586
Zone_DH362,1223,3249,0.002174,0.0202,0.0174,5.3132,10,9,99.02,99.18,0.0074,3.3562,39.0,1.1152,0.002207,0.002207,1.4952,0.041866,0.020054,0.7659,0.028537,0.000824,0.0176,0.0022,0.059538,0.017862
Zone_DH363,1203,3126,0.002162,0.0166,0.013,5.197,12,12,99.0,99.0,0.01,3.4113,38.0,1.0956,0.002204,0.002204,1.525,0.043539,0.01809,0.7164,0.028797,0.00084,0.0132,0.0022,0.061502,0.013154
Zone_DH364,1084,2530,0.002155,0.0278,0.02,4.6679,40,14,85.89,97.79,0.0129,3.784,54.0,1.6401,0.002234,0.002234,1.6906,0.031486,0.024209,0.7904,0.03053,0.000943,0.0204,0.0022,0.056398,0.020755
Zone_DH365,1341,3027,0.001685,0.0317,0.0214,4.5145,27,13,96.27,98.43,0.0097,3.7921,44.0,1.2015,0.001728,0.001728,1.7547,0.03479,0.021463,0.7755,0.02738,0.000758,0.0217,0.0017,0.056142,0.02197
Zone_DH366,1485,3480,0.001579,0.0234,0.0176,4.6869,14,4,98.92,99.8,0.0027,3.8339,41.0,1.0639,0.001586,0.001586,1.7034,0.037399,0.01756,0.7337,0.025841,0.000675,0.0177,0.0016,0.056608,0.017656
Zone_DH367,1246,2974,0.001917,0.015,0.0128,4.7737,16,12,91.17,98.96,0.0096,3.6671,40.0,1.1332,0.001955,0.001955,1.6606,0.038422,0.018888,0.7082,0.028338,0.000811,0.013,0.002,0.059939,0.012976
Zone_DH368,953,2409,0.002655,0.017,0.0133,5.0556,16,10,94.12,94.86,0.0105,3.5652,38.0,1.2309,0.002826,0.002826,1.9593,0.043814,0.025076,0.7083,0.033093,0.001106,0.0129,0.0028,0.065507,0.01309
Zone_DH369,727,1903,0.003606,0.0401,0.0296,5.2352,16,14,96.42,96.84,0.0193,3.6657,35.0,1.2981,0.003797,0.003797,1.8733,0.046635,0.028704,0.7266,0.037502,0.00142,0.0306,0.0038,0.068804,0.031368
Zone_DH370,611,1666,0.00447,0.0438,0.0347,5.4534,8,8,97.71,97.71,0.0131,3.551,32.0,1.2946,0.004643,0.004643,1.8069,0.053833,0.031549,0.7121,0.04075,0.001675,0.0355,0.0046,0.078027,0.036991
Zone_DH371,312,843,0.008688,0.0427,0.0411,5.4038,5,5,96.79,96.79,0.016,3.2792,25.0,1.4153,0.009142,0.009142,1.4537,0.071388,0.04756,0.6762,0.057333,0.003311,0.0425,0.0091,0.106481,0.043598
Zone_DH372,201,440,0.010945,0.0615,0.0539,4.3781,11,7,45.27,47.76,0.0348,3.6187,21.0,1.4812,0.020833,0.020833,2.0211,0.086665,0.105886,0.4893,0.101743,0.010417,0.0382,0.0206,0.182602,0.038194
Zone_DH373,238,531,0.009414,0.0319,0.0301,4.4622,6,5,96.64,97.06,0.021,2.8961,22.0,1.426,0.009881,0.009881,1.76,0.075096,0.057388,0.5814,0.065537,0.004329,0.031,0.0098,0.128697,0.031025
Zone_DH374,294,686,0.007964,0.0369,0.0368,4.6667,9,8,90.14,90.48,0.0272,2.5196,25.0,1.458,0.008937,0.008937,1.6889,0.068989,0.054146,0.5802,0.061066,0.003759,0.0132,0.0089,0.122119,0.013158
Zone_DH375,243,588,0.009999,0.0691,0.0604,4.8395,10,10,58.44,58.44,0.0412,3.051,18.0,1.1547,0.017281,0.017281,1.6416,0.095141,0.06839,0.5121,0.083677,0.007042,0.0176,0.0172,0.161749,0.017606
Zone_DH376,151,350,0.015453,0.1056,0.0883,4.6358,9,7,48.34,48.34,0.0464,3.6301,11.0,0.8952,0.034247,0.034247,1.6222,0.152713,0.08121,0.5603,0.116459,0.013699,0.089,0.0338,0.209363,0.092466
Zone_DH377,51,80,0.031373,0.0682,0.0327,3.1373,13,13,27.45,27.45,0.2549,3.693,6.0,0.8402,0.142857,0.142857,1.6154,0.29271,0.215201,0.5802,0.266312,0.071429,0.0,0.1327,0.394741,0.0
Zone_DH378,34,48,0.042781,0.0,0.0,2.8235,10,10,32.35,32.35,0.2941,3.7193,5.0,0.8575,0.181818,0.181818,1.65,0.332489,0.240404,0.5302,0.300686,0.090909,0.0,0.1653,0.440173,0.0
Zone_DH379,85,198,0.027731,0.0484,0.0412,4.6588,4,4,96.47,96.47,0.0471,3.1042,17.0,1.8439,0.02981,0.02981,1.6566,0.107821,0.108211,0.7136,0.109805,0.012195,0.0427,0.0294,0.173099,0.042683
Zone_DH380,84,176,0.025244,0.0201,0.0119,4.1905,6,6,85.71,85.71,0.0714,3.2176,15.0,1.6366,0.03169,0.03169,1.7778,0.120776,0.112599,0.7065,0.117141,0.013889,0.0139,0.0312,0.185137,0.013889
Zone_DH381,46,74,0.035749,0.0,0.0,3.2174,9,9,50.0,50.0,0.1957,2.418,7.0,1.0321,0.086957,0.086957,2.0909,0.261691,0.140975,0.7381,0.206727,0.043478,0.0,0.0832,0.343354,0.0
Zone_DH382,26,44,0.067692,0.0,0.0,3.3846,4,4,57.69,57.69,0.1538,3.4474,7.0,1.3728,0.133333,0.133333,1.6071,0.253747,0.238095,0.5424,0.257291,0.066667,0.0,0.1244,0.370537,0.0
Zone_DH383,22,40,0.08658,0.0,0.0,3.6364,3,3,90.91,90.91,0.1364,3.4464,8.0,1.7056,0.105263,0.105263,1.5,0.238503,0.18655,0.6071,0.222614,0.05,0.0,0.1,0.33751,0.0
Zone_DH385,75,169,0.03045,0.0828,0.0689,4.5067,10,3,88.0,88.0,0.04,3.8837,14.0,1.6166,0.037762,0.037762,1.6296,0.130254,0.109312,0.5464,0.122628,0.015152,0.0783,0.0372,0.199092,0.078283
Zone_DH386,122,285,0.019306,0.0717,0.0478,4.6721,13,4,90.16,90.16,0.0328,3.9956,14.0,1.2675,0.023019,0.023019,1.5942,0.116903,0.071744,0.5809,0.09499,0.009091,0.053,0.0228,0.165353,0.05303
Zone_DH387,107,253,0.022306,0.1244,0.0919,4.729,4,3,92.52,92.52,0.028,3.9567,19.0,1.8368,0.024531,0.024531,1.6639,0.095993,0.099281,0.6387,0.100065,0.010101,0.0724,0.0243,0.151855,0.072391
Zone_DH388,54,110,0.038435,0.1429,0.0679,4.0741,4,4,53.7,53.7,0.0741,3.8555,9.0,1.2247,0.078818,0.078818,1.8125,0.200298,0.156906,0.5438,0.184647,0.034483,0.092,0.0761,0.28819,0.091954
Zone_DH389,63,109,0.027906,0.0417,0.0159,3.4603,12,9,52.38,52.38,0.1429,3.8799,10.0,1.2599,0.064394,0.064394,1.4559,0.177168,0.157625,0.6315,0.173306,0.030303,0.0303,0.0624,0.257726,0.030303
Zone_DH390,187,390,0.011213,0.0457,0.0365,4.1711,17,6,72.73,90.37,0.0321,3.8984,18.0,1.3163,0.01275,0.01275,1.8674,0.075883,0.048761,0.675,0.076572,0.005917,0.0306,0.0127,0.123468,0.030572
Zone_DH391,317,741,0.007397,0.0315,0.0363,4.6751,18,7,54.57,63.41,0.0221,4.0857,19.0,1.0671,0.011368,0.011368,1.7593,0.079555,0.046566,0.6716,0.070193,0.004975,0.034,0.0113,0.121382,0.033997
Zone_DH392,502,1326,0.005272,0.021,0.0196,5.2829,9,9,73.71,73.71,0.0179,3.8384,22.0,0.9819,0.007368,0.007368,1.4712,0.077939,0.032534,0.6141,0.051778,0.002703,0.0099,0.0073,0.107431,0.00991
Zone_DH393,625,1618,0.004149,0.0252,0.0232,5.1776,7,7,89.76,89.76,0.0112,3.9106,29.0,1.16,0.004705,0.004705,1.5183,0.062101,0.028514,0.6796,0.042028,0.001783,0.0169,0.0047,0.086428,0.016934
Zone_DH394,833,2054,0.002964,0.0348,0.0274,4.9316,11,11,88.96,88.96,0.0132,4.1045,30.0,1.0394,0.003388,0.003388,1.5953,0.054146,0.024721,0.7188,0.036558,0.00135,0.025,0.0034,0.074101,0.024966
Zone_DH395,1251,3054,0.001953,0.0236,0.0164,4.8825,12,12,81.45,81.45,0.0096,3.7972,36.0,1.0178,0.0024,0.0024,1.6369,0.046244,0.021427,0.7102,0.031172,0.000981,0.0152,0.0024,0.063761,0.015211
Zone_DH396,1466,3608,0.00168,0.0189,0.0137,4.9222,13,11,98.77,98.91,0.0075,3.6099,49.0,1.2798,0.001712,0.001712,2.0161,0.035203,0.020494,0.7937,0.026125,0.00069,0.0139,0.0017,0.052549,0.014494
Zone_DH397,1630,4176,0.001573,0.0179,0.0134,5.1239,8,7,98.96,99.57,0.0043,3.3465,43.0,1.0651,0.001586,0.001586,1.9442,0.037911,0.016203,0.7529,0.024704,0.000616,0.0134,0.0016,0.053687,0.013976
Zone_DH398,1695,4321,0.001505,0.0189,0.0145,5.0985,31,19,95.75,97.82,0.0112,3.3116,40.0,0.9716,0.001557,0.001557,1.9383,0.038693,0.015093,0.7233,0.02444,0.000603,0.0142,0.0016,0.055714,0.014294
Zone_DH399,1613,3887,0.001495,0.023,0.0177,4.8196,27,10,97.02,99.19,0.0062,3.6464,50.0,1.245,0.001516,0.001516,1.6499,0.031674,0.018372,0.7475,0.024871,0.000625,0.0178,0.0015,0.051283,0.017969
Zone_DH400,1987,4468,0.001132,0.0194,0.0132,4.4972,23,9,95.87,98.79,0.0045,3.8544,53.0,1.189,0.001152,0.001152,1.7701,0.030959,0.015762,0.7844,0.022456,0.000509,0.0133,0.0012,0.047334,0.01333
Zone_DH401,2187,5049,0.001056,0.0137,0.0092,4.6173,18,11,98.67,99.22,0.005,3.8526,47.0,1.005,0.00107,0.00107,1.7239,0.033527,0.01351,0.7455,0.021361,0.000461,0.0093,0.0011,0.047909,0.009293
Zone_DH402,2020,4827,0.001184,0.011,0.0084,4.7792,22,15,98.47,99.01,0.0074,3.6898,47.0,1.0457,0.001204,0.001204,1.6615,0.034444,0.014571,0.7328,0.022256,0.0005,0.0085,0.0012,0.050649,0.0085
Zone_DH403,1695,4275,0.001489,0.0139,0.012,5.0442,21,12,93.51,97.82,0.0071,3.5843,50.0,1.2145,0.001531,0.001531,1.5764,0.032436,0.016834,0.7314,0.024448,0.000603,0.0113,0.0015,0.052808,0.011259
Zone_DH404,1385,3647,0.001903,0.0224,0.018,5.2664,14,8,98.48,99.49,0.0058,3.39,53.0,1.4241,0.001922,0.001922,1.8892,0.034168,0.021884,0.7433,0.026818,0.000726,0.018,0.0019,0.054311,0.018324
Zone_DH405,1055,2807,0.002524,0.0284,0.0225,5.3213,7,4,98.77,99.72,0.0038,3.3218,37.0,1.1391,0.002539,0.002539,1.8739,0.043585,0.020843,0.7269,0.030696,0.000951,0.0225,0.0025,0.063242,0.02321
Zone_DH406,579,1481,0.004425,0.0313,0.0256,5.1157,7,3,89.98,99.31,0.0052,3.123,31.0,1.2883,0.004475,0.004475,1.5572,0.049601,0.028198,0.7268,0.041521,0.001739,0.0258,0.0045,0.077246,0.026377
Zone_DH407,363,800,0.006088,0.0478,0.0381,4.4077,13,5,68.32,84.57,0.0138,3.2701,34.0,1.7845,0.006983,0.006983,1.872,0.047644,0.052486,0.6544,0.056847,0.003257,0.0391,0.007,0.09462,0.039088
Zone_DH408,410,936,0.005582,0.0324,0.0301,4.5659,10,6,91.95,94.39,0.0146,2.4547,26.0,1.284,0.005985,0.005985,1.7315,0.060577,0.039734,0.6121,0.0506,0.002584,0.0293,0.006,0.10437,0.029285
Zone_DH409,572,1355,0.004149,0.0378,0.0393,4.7378,20,6,91.26,94.76,0.0105,2.4746,28.0,1.1707,0.004389,0.004389,1.6845,0.054452,0.030263,0.6593,0.042759,0.001845,0.0304,0.0044,0.092019,0.030443
Zone_DH410,448,1090,0.005443,0.062,0.0536,4.8661,20,11,75.67,89.96,0.0246,2.8609,29.0,1.3701,0.006234,0.006234,1.596,0.053462,0.033667,0.616,0.049633,0.002481,0.0476,0.0062,0.099295,0.04756
Zone_DH411,277,642,0.008397,0.0717,0.0529,4.6354,14,9,60.65,87.73,0.0325,3.2437,27.0,1.6223,0.009999,0.009999,1.6531,0.046109,0.030903,0.7358,0.063843,0.004115,0.0569,0.01,0.099309,0.056927
Zone_DH412,128,283,0.017409,0.0,0.0,4.4219,6,6,75.0,75.0,0.0469,3.414,15.0,1.3258,0.024013,0.024013,1.7534,0.116173,0.08208,0.6366,0.101368,0.010417,0.0,0.0238,0.171021,0.0
Zone_DH413,96,209,0.022917,0.0337,0.0191,4.3542,9,9,37.5,37.5,0.0938,3.7627,10.0,1.0206,0.063492,0.063492,1.8,0.178134,0.143091,0.5993,0.165747,0.027778,0.0,0.0617,0.259578,0.0
Zone_DH414,152,342,0.014901,0.0292,0.023,4.5,7,7,85.53,85.53,0.0461,3.4913,17.0,1.3789,0.018247,0.018247,1.6993,0.101784,0.073078,0.7091,0.087168,0.007692,0.0269,0.0181,0.146346,0.026923
Zone_DH415,153,354,0.015222,0.0554,0.0403,4.6275,5,5,93.46,93.46,0.0327,3.4588,16.0,1.2935,0.016842,0.016842,1.6725,0.101462,0.064327,0.7392,0.083114,0.006993,0.0431,0.0167,0.142784,0.045455
Zone_DH416,89,180,0.022983,0.0604,0.03,4.0449,5,5,92.13,92.13,0.0562,3.0678,31.0,3.286,0.026197,0.026197,1.8851,0.06713,0.179582,0.5994,0.109729,0.012195,0.0325,0.0259,0.141259,0.036585
Zone_DH417,61,116,0.031694,0.0,0.0,3.8033,5,5,63.93,63.93,0.082,3.5258,11.0,1.4084,0.052632,0.052632,2.0,0.156806,0.154101,0.6003,0.159378,0.025641,0.0,0.0513,0.231834,0.0
Zone_DH418,43,80,0.044297,0.0517,0.0388,3.7209,5,5,79.07,79.07,0.1163,3.8898,10.0,1.525,0.062389,0.062389,1.4571,0.174318,0.156361,0.6111,0.17073,0.029412,0.049,0.0606,0.253993,0.04902
Zone_DH419,27,52,0.074074,0.0882,0.0617,3.8519,2,2,88.89,88.89,0.0741,3.8253,10.0,1.9245,0.086957,0.086957,1.5,0.186088,0.208333,0.5726,0.203405,0.041667,0.0694,0.0833,0.288316,0.069444
Zone_DH420,47,112,0.051804,0.0638,0.0567,4.766,2,2,97.87,97.87,0.0426,3.7881,10.0,1.4586,0.054106,0.054106,1.6429,0.172859,0.113087,0.5301,0.14696,0.021739,0.058,0.0529,0.247721,0.057971
Zone_DH421,129,330,0.019985,0.06,0.0517,5.1163,3,1,98.45,100.0,0.0078,3.761,21.0,1.8489,0.019985,0.019985,1.5636,0.086601,0.081378,0.6972,0.08772,0.007752,0.0517,0.0198,0.142805,0.054264
Zone_DH422,136,336,0.018301,0.099,0.0735,4.9412,6,4,93.38,94.85,0.0294,3.7737,20.0,1.715,0.019743,0.019743,1.5828,0.09213,0.079684,0.6345,0.087682,0.007752,0.0775,0.0196,0.144275,0.082041
Zone_DH423,97,226,0.02427,0.1364,0.0859,4.6598,5,5,68.04,68.04,0.0515,3.8266,16.0,1.6246,0.034499,0.034499,1.7838,0.117625,0.120609,0.671,0.122429,0.015152,0.0808,0.034,0.183759,0.084596
Zone_DH424,135,257,0.014207,0.0841,0.0494,3.8074,21,11,55.56,55.56,0.0815,3.9686,16.0,1.3771,0.029189,0.029189,1.8519,0.111759,0.116663,0.6639,0.114901,0.013333,0.0756,0.0288,0.169203,0.08
Zone_DH425,317,699,0.006978,0.0428,0.0405,4.4101,17,9,83.91,92.11,0.0284,3.928,22.0,1.2356,0.007826,0.007826,1.7564,0.069878,0.038848,0.6987,0.058247,0.003425,0.0439,0.0078,0.107901,0.04395
Zone_DH426,642,1663,0.004041,0.0204,0.0187,5.1807,12,4,48.44,52.49,0.0062,4.0904,21.0,0.8288,0.007145,0.007145,1.6663,0.072018,0.034433,0.6654,0.054223,0.002967,0.0331,0.0071,0.106653,0.033136
Zone_DH427,1070,2961,0.002589,0.0202,0.0188,5.5346,7,7,83.55,83.55,0.0065,4.0246,31.0,0.9477,0.003148,0.003148,1.423,0.052888,0.020365,0.6962,0.033328,0.001119,0.0123,0.0031,0.072848,0.012304
Zone_DH428,1195,3237,0.002269,0.0223,0.0191,5.4176,10,9,96.74,96.9,0.0075,3.9855,32.0,0.9257,0.002365,0.002365,1.4617,0.049788,0.017356,0.7372,0.029272,0.000864,0.0189,0.0024,0.066207,0.018854
Zone_DH429,1283,3207,0.00195,0.0272,0.0205,4.9992,15,13,97.51,97.74,0.0101,4.0913,40.0,1.1167,0.002018,0.002018,1.5818,0.041838,0.018423,0.7403,0.028106,0.000797,0.0202,0.002,0.058469,0.020202
Zone_DH430,1392,3354,0.001732,0.0245,0.0181,4.819,15,13,97.56,97.7,0.0093,3.8155,43.0,1.1525,0.001791,0.001791,2.4653,0.039243,0.019476,0.711,0.026981,0.000735,0.0161,0.0018,0.055856,0.016054
Zone_DH431,1471,3576,0.001654,0.0275,0.0216,4.862,19,12,96.33,97.01,0.0082,3.7173,40.0,1.0429,0.001716,0.001716,2.4519,0.03964,0.017335,0.6969,0.026344,0.000701,0.0189,0.0017,0.057258,0.019108
Zone_DH432,1425,3607,0.001778,0.0276,0.0233,5.0625,12,8,95.65,96.91,0.0056,3.3975,39.0,1.0331,0.001841,0.001841,1.9678,0.04105,0.016956,0.7102,0.026796,0.000724,0.0193,0.0018,0.060252,0.019756
Zone_DH433,1401,3539,0.001804,0.0322,0.0257,5.0521,31,9,96.0,99.43,0.0064,3.1624,39.0,1.0419,0.001825,0.001825,1.9681,0.040093,0.016717,0.6976,0.026679,0.000718,0.0259,0.0018,0.060381,0.026645
Zone_DH434,1545,3666,0.001537,0.0349,0.0247,4.7456,19,14,97.73,98.38,0.0091,3.5528,47.0,1.1957,0.001572,0.001572,1.6749,0.034002,0.018896,0.7588,0.025533,0.000658,0.0251,0.0016,0.053637,0.025877
Zone_DH435,1909,4283,0.001176,0.0262,0.0166,4.4872,21,15,98.01,98.53,0.0079,3.7956,49.0,1.1215,0.001203,0.001203,1.7683,0.033808,0.015211,0.737,0.022947,0.000532,0.0168,0.0012,0.04893,0.016959
Zone_DH436,2095,4836,0.001102,0.0161,0.0114,4.6167,16,13,97.37,97.71,0.0062,3.8442,47.0,1.0268,0.001134,0.001134,1.7245,0.034113,0.013727,0.7558,0.021996,0.000489,0.0103,0.0011,0.048024,0.010259
Zone_DH437,2144,5212,0.001134,0.0121,0.0101,4.8619,25,21,98.23,98.51,0.0098,3.8645,46.0,0.9934,0.001164,0.001164,1.6284,0.03396,0.014439,0.7191,0.021667,0.000473,0.0103,0.0012,0.049791,0.010259
Zone_DH438,2041,5216,0.001253,0.0116,0.0099,5.1112,18,15,98.82,99.12,0.0073,3.5319,51.0,1.1289,0.001273,0.001273,1.5538,0.031199,0.015736,0.7386,0.022145,0.000494,0.01,0.0013,0.049207,0.009969
Zone_DH439,1819,4949,0.001497,0.0123,0.0106,5.4415,18,5,98.9,99.73,0.0027,2.9159,48.0,1.1254,0.001504,0.001504,1.4667,0.033264,0.01647,0.7431,0.02338,0.000551,0.0107,0.0015,0.051953,0.010933
Zone_DH440,1307,3469,0.002032,0.0196,0.0186,5.3083,15,7,97.25,97.93,0.0054,2.9089,41.0,1.1341,0.002088,0.002088,1.498,0.039438,0.019534,0.6945,0.027806,0.000781,0.019,0.0021,0.064095,0.019792
Zone_DH441,786,1978,0.003206,0.0316,0.0276,5.0331,13,8,96.18,98.47,0.0102,3.0834,37.0,1.3197,0.003289,0.003289,1.5732,0.044176,0.027181,0.695,0.035761,0.001292,0.028,0.0033,0.072876,0.028639
Zone_DH442,591,1420,0.004072,0.0348,0.0288,4.8054,19,9,93.74,96.45,0.0152,3.1219,29.0,1.1929,0.00428,0.00428,1.6427,0.052771,0.030174,0.6357,0.041667,0.001754,0.0281,0.0043,0.084814,0.028363
Zone_DH443,604,1450,0.003981,0.0368,0.0345,4.8013,20,12,77.15,94.04,0.0199,2.4819,28.0,1.1393,0.004304,0.004304,1.6392,0.047436,0.025729,0.6758,0.041768,0.001761,0.0352,0.0043,0.08493,0.035211
Zone_DH444,736,1829,0.003381,0.0395,0.0374,4.9701,16,8,91.71,98.37,0.0109,2.4818,31.0,1.1427,0.003475,0.003475,1.5921,0.047106,0.02384,0.6981,0.037012,0.001381,0.038,0.0035,0.079443,0.037983
Zone_DH445,647,1575,0.003768,0.0491,0.0428,4.8686,14,5,88.87,98.92,0.0077,3.0591,33.0,1.2974,0.003837,0.003837,1.6316,0.044166,0.028323,0.6738,0.039377,0.001562,0.0432,0.0038,0.078521,0.043229
Zone_DH446,522,1262,0.00464,0.0406,0.03,4.8352,7,4,98.28,99.43,0.0077,3.52,33.0,1.4444,0.004694,0.004694,1.645,0.049767,0.037925,0.7188,0.043685,0.001927,0.0302,0.0047,0.080113,0.030186
Zone_DH447,334,807,0.007256,0.0163,0.0125,4.8323,4,4,83.53,83.53,0.012,3.5105,20.0,1.0944,0.008883,0.008883,1.6197,0.080969,0.042823,0.6207,0.059555,0.003584,0.009,0.0089,0.112237,0.008961
Zone_DH448,233,535,0.009897,0.0318,0.0236,4.5923,9,9,45.06,45.06,0.0386,3.6325,13.0,0.8517,0.023352,0.023352,1.6471,0.126393,0.06704,0.5973,0.097023,0.009524,0.0095,0.0231,0.175616,0.009524
Zone_DH449,245,544,0.0091,0.0264,0.0184,4.4408,4,4,98.78,98.78,0.0163,3.7407,27.0,1.725,0.009328,0.009328,1.7794,0.065287,0.059862,0.7728,0.063945,0.004132,0.0186,0.0093,0.099907,0.018595
Zone_DH450,258,576,0.008687,0.0367,0.0239,4.4651,6,6,95.74,95.74,0.0233,3.6293,24.0,1.4942,0.009282,0.009282,1.7518,0.072751,0.052869,0.7263,0.063285,0.004049,0.025,0.0092,0.1048,0.026316
Zone_DH451,200,434,0.010905,0.0411,0.03,4.34,12,12,93.0,93.0,0.06,3.4875,21.0,1.4849,0.012438,0.012438,1.7383,0.079351,0.064154,0.6556,0.07296,0.005376,0.0323,0.0124,0.117796,0.03405
Zone_DH452,165,366,0.013525,0.02,0.0202,4.4364,2,2,99.39,99.39,0.0121,3.653,20.0,1.557,0.013691,0.013691,1.7923,0.088868,0.066238,0.6967,0.077706,0.006098,0.0203,0.0136,0.126003,0.020325
Zone_DH453,99,206,0.021233,0.019,0.0101,4.1616,3,3,97.98,97.98,0.0303,3.6146,20.0,2.0101,0.022122,0.022122,1.8835,0.096633,0.10551,0.6603,0.101084,0.010309,0.0103,0.0219,0.150684,0.010309
Zone_DH454,36,68,0.053968,0.0698,0.0278,3.7778,3,3,83.33,83.33,0.0833,3.4177,13.0,2.1667,0.068966,0.068966,1.5,0.15339,0.208046,0.5488,0.181904,0.033333,0.0333,0.0667,0.250012,0.033333
Zone_DH455,37,78,0.058559,0.0492,0.045,4.2162,2,2,91.89,91.89,0.0541,3.4001,11.0,1.8084,0.065954,0.065954,1.8378,0.177918,0.151849,0.5814,0.170643,0.029412,0.049,0.064,0.267037,0.04902
Zone_DH456,165,384,0.014191,0.0449,0.0343,4.6545,5,5,56.97,56.97,0.0303,3.6588,16.0,1.2456,0.025852,0.025852,1.6637,0.115185,0.085135,0.7065,0.102611,0.010638,0.0319,0.0256,0.174653,0.035461
Zone_DH457,174,404,0.013421,0.0595,0.0383,4.6437,7,7,77.01,77.01,0.0402,3.631,15.0,1.1371,0.018292,0.018292,1.6442,0.111686,0.061979,0.6219,0.085976,0.007463,0.0423,0.0182,0.154727,0.046642
Zone_DH458,167,360,0.012986,0.0508,0.0309,4.3114,12,12,88.62,88.62,0.0719,3.8272,16.0,1.2381,0.015812,0.015812,1.7209,0.099584,0.066918,0.6794,0.08181,0.006757,0.0349,0.0157,0.138025,0.036599
Zone_DH459,287,670,0.008163,0.0443,0.0331,4.669,19,11,87.11,87.11,0.0383,4.0269,17.0,1.0035,0.010024,0.010024,1.6026,0.093241,0.040385,0.6447,0.062947,0.004,0.038,0.01,0.12312,0.039333
Zone_DH460,621,1524,0.003958,0.0354,0.0268,4.9082,13,5,94.85,99.03,0.0081,3.9779,26.0,1.0433,0.004025,0.004025,1.6184,0.05874,0.023283,0.7216,0.040134,0.001626,0.0271,0.004,0.08194,0.0271
Zone_DH461,973,2631,0.002782,0.0207,0.0197,5.408,12,4,50.36,52.83,0.0041,4.0528,24.0,0.7694,0.004972,0.004972,1.5683,0.063125,0.02775,0.6591,0.043925,0.001946,0.0292,0.005,0.09018,0.029183
Zone_DH462,1378,3882,0.002046,0.0206,0.019,5.6343,5,5,82.8,82.8,0.0036,4.0892,36.0,0.9698,0.002493,0.002493,1.4073,0.044958,0.019285,0.7271,0.029513,0.000876,0.0177,0.0025,0.062676,0.017675
Zone_DH463,1474,3960,0.001824,0.0209,0.0183,5.3731,12,7,98.58,99.59,0.0047,4.089,38.0,0.9898,0.001839,0.001839,1.4828,0.041573,0.015843,0.7448,0.026,0.000681,0.0184,0.0018,0.057395,0.018392
Zone_DH464,1258,3009,0.001903,0.0314,0.0237,4.7838,18,15,97.38,97.62,0.0119,4.0405,37.0,1.0432,0.001972,0.001972,1.6533,0.04243,0.017702,0.7482,0.028397,0.000814,0.0229,0.002,0.062237,0.022937
Zone_DH465,1191,2747,0.001938,0.0344,0.0249,4.6129,17,10,96.73,98.24,0.0084,3.8828,42.0,1.217,0.001991,0.001991,2.578,0.038485,0.020466,0.7439,0.029089,0.000855,0.0254,0.002,0.060127,0.025356
Zone_DH466,1169,2759,0.002021,0.0361,0.0277,4.7203,22,9,97.52,99.14,0.0077,3.8905,36.0,1.0529,0.002053,0.002053,2.5241,0.04259,0.019685,0.6852,0.029236,0.000863,0.0279,0.0021,0.064188,0.028185
Zone_DH467,975,2316,0.002439,0.0358,0.0292,4.7508,29,9,93.95,96.41,0.0092,3.7934,34.0,1.0889,0.00254,0.00254,2.0963,0.045776,0.021724,0.6616,0.032463,0.001064,0.0292,0.0025,0.072581,0.029539
Zone_DH468,873,2000,0.002627,0.0507,0.0425,4.5819,15,7,97.59,98.63,0.008,3.3563,32.0,1.083,0.002685,0.002685,1.7324,0.048529,0.024107,0.6678,0.033924,0.001161,0.0431,0.0027,0.076146,0.044348
Zone_DH469,865,1901,0.002544,0.0521,0.0365,4.3954,25,8,91.33,96.18,0.0092,3.5527,35.0,1.19,0.002674,0.002674,1.7999,0.04403,0.024599,0.657,0.034515,0.001202,0.0379,0.0027,0.073966,0.039263
Zone_DH470,1241,2767,0.001798,0.0343,0.0239,4.4593,21,16,94.76,95.08,0.0129,3.7316,45.0,1.2774,0.001918,0.001918,1.7691,0.039073,0.021995,0.7329,0.02898,0.000847,0.0242,0.0019,0.059533,0.024492
Zone_DH471,1563,3573,0.001464,0.016,0.0117,4.572,30,18,96.87,98.14,0.0115,3.9147,43.0,1.0876,0.001511,0.001511,1.727,0.037636,0.016814,0.7479,0.025411,0.000652,0.012,0.0015,0.05439,0.011951
Zone_DH472,1623,3940,0.001497,0.0139,0.011,4.8552,21,14,97.66,98.71,0.0086,3.9607,44.0,1.0922,0.00153,0.00153,1.633,0.037063,0.016918,0.7167,0.024869,0.000624,0.0111,0.0015,0.055309,0.011132
Zone_DH473,1682,4412,0.00156,0.0111,0.0108,5.2461,26,15,93.28,95.84,0.0089,3.571,45.0,1.0972,0.001649,0.001649,1.5055,0.035493,0.016769,0.7217,0.024797,0.00062,0.0078,0.0016,0.05458,0.007754
Zone_DH474,1498,4085,0.001822,0.0101,0.0089,5.4539,28,17,93.66,98.0,0.0113,2.878,41.0,1.0593,0.001884,0.001884,1.4474,0.038856,0.015967,0.7204,0.025977,0.000681,0.0091,0.0019,0.059892,0.00931
Zone_DH475,1258,3388,0.002143,0.0149,0.014,5.3863,24,12,93.08,97.85,0.0095,2.8069,40.0,1.1278,0.002212,0.002212,1.4703,0.038857,0.018629,0.6866,0.028336,0.000812,0.0144,0.0022,0.067821,0.014758
Zone_DH476,843,2089,0.002943,0.0272,0.0217,4.9561,11,7,93.59,94.07,0.0083,3.4186,40.0,1.3777,0.003145,0.003145,1.6061,0.040568,0.030826,0.7454,0.035309,0.001261,0.0189,0.0031,0.06568,0.019126
Zone_DH477,647,1580,0.00378,0.0377,0.0281,4.8841,6,6,99.23,99.23,0.0093,3.4299,41.0,1.6119,0.003839,0.003839,1.6253,0.041318,0.038436,0.685,0.039263,0.001558,0.0283,0.0038,0.068369,0.028946
Zone_DH478,599,1430,0.003992,0.0501,0.0398,4.7746,16,9,91.65,95.99,0.015,3.2976,36.0,1.4709,0.004236,0.004236,2.0565,0.043822,0.037533,0.6792,0.0415,0.001739,0.0414,0.0042,0.073284,0.041884
Zone_DH479,739,1795,0.003291,0.0441,0.0395,4.8579,11,7,93.5,96.08,0.0095,3.1306,34.0,1.2507,0.003474,0.003474,2.0297,0.045466,0.029316,0.6538,0.037379,0.001408,0.0411,0.0035,0.075516,0.04108
Zone_DH480,728,1765,0.003335,0.0399,0.0332,4.8489,7,6,94.64,99.31,0.0082,3.3659,33.0,1.2231,0.003381,0.003381,1.6385,0.047332,0.027775,0.6266,0.037048,0.001383,0.0334,0.0034,0.076123,0.033426
Zone_DH481,750,1880,0.003347,0.0265,0.0207,5.0133,11,5,96.67,97.87,0.0067,3.5083,30.0,1.0954,0.00345,0.00345,1.9774,0.054101,0.025719,0.6696,0.036738,0.001362,0.0211,0.0034,0.077223,0.021117
Zone_DH482,527,1388,0.005007,0.0287,0.0256,5.2676,8,8,92.79,92.79,0.0152,3.5897,23.0,1.0019,0.00554,0.00554,1.8495,0.070419,0.028791,0.648,0.045032,0.002045,0.0242,0.0055,0.095614,0.024199
Zone_DH483,372,918,0.006652,0.0319,0.0251,4.9355,6,6,98.66,98.66,0.0161,3.5605,24.0,1.2443,0.006834,0.006834,1.5991,0.067355,0.03914,0.7081,0.051952,0.002725,0.0254,0.0068,0.095484,0.025431
Zone_DH484,305,674,0.007269,0.0217,0.0126,4.4197,4,4,99.02,99.02,0.0131,3.7347,21.0,1.2025,0.007415,0.007415,1.7923,0.077259,0.040544,0.6864,0.057263,0.003311,0.0127,0.0074,0.103744,0.012693
Zone_DH485,320,704,0.006897,0.0208,0.0141,4.4,6,6,98.12,98.12,0.0187,3.6956,21.0,1.1739,0.007143,0.007143,1.7892,0.076977,0.040529,0.6981,0.05616,0.003185,0.0143,0.0071,0.102371,0.015393
Zone_DH486,333,756,0.006838,0.0188,0.0155,4.5405,5,5,98.8,98.8,0.015,3.6408,23.0,1.2604,0.007006,0.007006,1.7407,0.071071,0.042121,0.6721,0.054863,0.00304,0.0157,0.007,0.097541,0.015704
Zone_DH487,321,731,0.007116,0.0142,0.0093,4.5545,8,4,82.87,87.54,0.0125,3.5699,23.0,1.2837,0.008109,0.008109,1.7618,0.07025,0.043402,0.6656,0.059363,0.003559,0.0107,0.0081,0.103774,0.010676
Zone_DH488,221,490,0.010078,0.022,0.0136,4.4344,9,3,52.04,69.23,0.0136,3.5502,18.0,1.2108,0.014104,0.014104,1.8659,0.076145,0.051372,0.6542,0.080476,0.006536,0.0196,0.014,0.126926,0.019608
Zone_DH489,75,145,0.026126,0.0545,0.0267,3.8667,12,7,34.67,64.0,0.0933,3.2163,16.0,1.8475,0.045656,0.045656,1.3981,0.096164,0.103762,0.6042,0.143738,0.020833,0.0417,0.0447,0.201746,0.041667
Zone_DH490,42,86,0.049942,0.0455,0.0238,4.0952,4,4,61.9,61.9,0.0952,3.6623,7.0,1.0801,0.092308,0.092308,1.3,0.243206,0.136026,0.4397,0.195377,0.038462,0.0385,0.0888,0.327624,0.038462
Zone_DH491,160,346,0.013601,0.0316,0.0187,4.325,9,9,47.5,47.5,0.0563,3.8293,12.0,0.9487,0.03193,0.03193,1.6703,0.137629,0.088348,0.6272,0.114241,0.013158,0.0395,0.0315,0.193869,0.039474
Zone_DH492,235,580,0.010547,0.0337,0.0277,4.9362,6,6,76.17,76.17,0.0255,3.4921,20.0,1.3047,0.014186,0.014186,1.5841,0.085899,0.063658,0.7264,0.074366,0.005587,0.0158,0.0141,0.13003,0.015829
Zone_DH493,333,864,0.007815,0.0396,0.031,5.1892,7,7,94.89,94.89,0.021,3.4791,22.0,1.2056,0.008439,0.008439,1.5048,0.075711,0.040929,0.7196,0.055974,0.003165,0.0327,0.0084,0.107623,0.0327
Zone_DH494,554,1463,0.004775,0.0357,0.0298,5.2816,7,5,98.38,98.38,0.009,3.8133,25.0,1.0621,0.004908,0.004908,1.4983,0.063063,0.028019,0.6954,0.042663,0.001835,0.0303,0.0049,0.086829,0.030275
Zone_DH495,841,2153,0.003048,0.0328,0.0252,5.1201,7,1,98.93,100.0,0.0012,3.9917,30.0,1.0345,0.003048,0.003048,1.5625,0.053146,0.020556,0.6776,0.034334,0.001189,0.0252,0.003,0.074579,0.025168
Zone_DH496,1087,2924,0.002477,0.0287,0.0253,5.3799,5,5,69.18,69.18,0.0046,4.0705,29.0,0.8796,0.00352,0.00352,1.5131,0.056383,0.02287,0.6651,0.03633,0.00133,0.0293,0.0035,0.079662,0.029255
Zone_DH497,1370,3652,0.001947,0.0278,0.0237,5.3314,15,8,74.38,74.89,0.0058,4.0895,40.0,1.0807,0.002603,0.002603,1.4995,0.043225,0.022585,0.7473,0.031101,0.000975,0.0232,0.0026,0.06273,0.023229
Zone_DH498,1568,3885,0.001581,0.0401,0.0302,4.9554,33,13,93.05,98.34,0.0083,4.0733,40.0,1.0102,0.001621,0.001621,1.6008,0.038288,0.016153,0.7489,0.025352,0.000649,0.0301,0.0016,0.055131,0.030447
Zone_DH499,1378,3194,0.001683,0.0581,0.0424,4.6357,15,5,98.48,99.42,0.0036,3.9627,36.0,0.9698,0.001699,0.001699,1.72,0.042332,0.016374,0.7268,0.026889,0.00073,0.0427,0.0017,0.06205,0.043102
Zone_DH500,1267,2821,0.001759,0.059,0.0451,4.453,19,5,96.45,99.68,0.0039,3.898,37.0,1.0395,0.00177,0.00177,2.6863,0.040433,0.017782,0.7191,0.028008,0.000792,0.0453,0.0018,0.063243,0.045487
Zone_DH501,1035,2284,0.002134,0.0533,0.044,4.4135,33,14,92.85,96.33,0.0135,3.8755,35.0,1.0879,0.002248,0.002248,2.6801,0.043404,0.020962,0.651,0.031527,0.001003,0.0435,0.0022,0.071192,0.043464
Zone_DH502,857,1894,0.002582,0.0485,0.0398,4.4201,44,12,89.5,96.03,0.014,3.8524,34.0,1.1614,0.002705,0.002705,1.7989,0.043118,0.024106,0.654,0.034692,0.001215,0.0402,0.0027,0.076786,0.040219
Zone_DH503,711,1564,0.003098,0.0479,0.0391,4.3994,39,7,89.87,98.73,0.0098,3.6076,30.0,1.1251,0.003166,0.003166,1.8023,0.048784,0.023218,0.6827,0.037554,0.001425,0.0396,0.0032,0.080838,0.039649
Zone_DH504,758,1655,0.002884,0.0526,0.0391,4.3668,34,12,85.22,92.22,0.0158,3.7033,34.0,1.2349,0.003183,0.003183,1.8004,0.04465,0.025788,0.7087,0.037632,0.001431,0.04,0.0032,0.077037,0.040367
Zone_DH505,849,1915,0.00266,0.0417,0.03,4.5112,20,9,97.41,98.94,0.0106,3.7535,59.0,2.0249,0.002716,0.002716,1.7555,0.033086,0.033983,0.7818,0.034335,0.00119,0.0303,0.0027,0.063517,0.030615
Zone_DH506,947,2204,0.00246,0.0316,0.0216,4.6547,19,11,92.4,92.93,0.0116,3.9365,38.0,1.2348,0.002675,0.002675,1.7013,0.045372,0.024041,0.7045,0.033552,0.001136,0.0225,0.0027,0.069983,0.022538
Zone_DH507,1102,2672,0.002202,0.0315,0.0254,4.8494,13,9,98.09,99.09,0.0082,4.017,40.0,1.205,0.002239,0.002239,1.6372,0.039781,0.022556,0.7393,0.030118,0.000916,0.0256,0.0022,0.0618,0.025641
Zone_DH508,1110,2827,0.002297,0.0299,0.0277,5.0937,23,14,94.95,97.84,0.0126,3.8564,43.0,1.2906,0.002381,0.002381,1.5487,0.038333,0.022442,0.7407,0.030186,0.000921,0.0283,0.0024,0.057884,0.02833
Zone_DH509,1129,2820,0.002214,0.03,0.0266,4.9956,17,10,94.24,97.61,0.0089,3.6015,38.0,1.1309,0.002291,0.002291,1.5856,0.041552,0.020562,0.7517,0.029944,0.000907,0.0251,0.0023,0.063406,0.025136
Zone_DH510,969,2406,0.002565,0.0235,0.0198,4.9659,14,12,98.14,98.45,0.0124,3.4363,34.0,1.0922,0.002638,0.002638,1.5913,0.04501,0.022655,0.723,0.032171,0.001048,0.0201,0.0026,0.070684,0.020126
Zone_DH511,599,1360,0.003797,0.0282,0.0211,4.5409,14,8,89.82,91.99,0.0134,3.8886,37.0,1.5118,0.004131,0.004131,1.7604,0.047172,0.033546,0.7233,0.042353,0.001815,0.0169,0.0041,0.07351,0.016939
Zone_DH512,369,815,0.006002,0.0505,0.0343,4.4173,14,8,74.25,76.96,0.0217,3.9383,38.0,1.9782,0.00805,0.00805,1.7558,0.048184,0.070989,0.768,0.059009,0.003521,0.0417,0.008,0.083816,0.042547
Zone_DH513,439,1082,0.005627,0.0462,0.0372,4.9294,12,10,91.34,94.08,0.0228,3.6364,33.0,1.575,0.006159,0.006159,1.9704,0.054418,0.041792,0.7649,0.048947,0.002421,0.0395,0.0061,0.084885,0.040153
Zone_DH514,736,1903,0.003518,0.0308,0.0306,5.1712,13,4,93.21,98.78,0.0054,2.9503,29.0,1.069,0.003579,0.003579,1.9243,0.053707,0.023101,0.6589,0.036934,0.001376,0.0277,0.0036,0.080798,0.02774
Zone_DH515,826,2139,0.003139,0.0251,0.0232,5.1792,11,4,95.04,99.64,0.0048,3.0532,30.0,1.0438,0.003162,0.003162,1.539,0.051211,0.02036,0.663,0.03472,0.001215,0.0233,0.0032,0.077292,0.023289
Zone_DH516,758,1950,0.003398,0.0231,0.02,5.1451,14,7,93.93,97.23,0.0092,3.4399,28.0,1.017,0.00354,0.00354,1.9193,0.056019,0.02331,0.6674,0.036685,0.001357,0.0206,0.0035,0.081595,0.020579
Zone_DH517,514,1357,0.005146,0.031,0.0276,5.2802,12,8,83.85,92.02,0.0156,3.6038,21.0,0.9263,0.005747,0.005747,1.8433,0.070833,0.024476,0.6308,0.045796,0.002114,0.0278,0.0057,0.100269,0.027837
Zone_DH518,420,1041,0.005915,0.0427,0.0357,4.9571,11,7,88.57,98.57,0.0167,3.6186,27.0,1.3175,0.006088,0.006088,1.5908,0.057139,0.034862,0.7413,0.048915,0.002415,0.0362,0.0061,0.088864,0.036232
Zone_DH519,341,767,0.006615,0.0322,0.022,4.4985,10,6,94.13,94.13,0.0176,3.6741,21.0,1.1372,0.007204,0.007204,1.7351,0.077232,0.039689,0.6568,0.055555,0.003115,0.0234,0.0072,0.104775,0.023364
Zone_DH520,400,870,0.005451,0.0244,0.0146,4.35,17,8,84.5,84.5,0.02,3.6568,21.0,1.05,0.006681,0.006681,1.7766,0.075781,0.037436,0.6804,0.05413,0.002959,0.0143,0.0067,0.103235,0.0143
Zone_DH521,391,852,0.005587,0.0206,0.0136,4.3581,20,11,65.47,67.01,0.0281,3.5664,20.0,1.0114,0.008643,0.008643,1.7733,0.080931,0.042895,0.6413,0.061469,0.003817,0.0108,0.0086,0.114192,0.010814
Zone_DH522,488,1170,0.004923,0.0282,0.0225,4.7951,11,6,55.94,57.58,0.0123,3.6314,21.0,0.9506,0.009138,0.009138,1.5633,0.078362,0.040369,0.5894,0.059416,0.003559,0.0285,0.0091,0.116662,0.02847
Zone_DH523,367,915,0.006812,0.0387,0.0318,4.9864,7,5,69.21,69.21,0.0136,3.6256,18.0,0.9396,0.010613,0.010613,1.4897,0.091913,0.039731,0.5561,0.062528,0.003937,0.0381,0.0106,0.126857,0.038058
Zone_DH524,166,407,0.014859,0.0411,0.0392,4.9036,6,3,80.12,80.12,0.0181,3.5905,16.0,1.2418,0.019253,0.019253,1.574,0.109947,0.061728,0.5668,0.086365,0.007519,0.0414,0.0191,0.157698,0.041353
Zone_DH525,80,202,0.031962,0.015,0.0125,5.05,2,2,90.0,90.0,0.025,3.1472,14.0,1.5652,0.036776,0.036776,1.5319,0.13147,0.098417,0.5768,0.117067,0.013889,0.0139,0.0363,0.204601,0.013889
Zone_DH526,139,332,0.017308,0.029,0.0204,4.777,5,5,76.98,76.98,0.036,3.5385,16.0,1.3571,0.023982,0.023982,1.5735,0.109647,0.079362,0.6284,0.096079,0.009346,0.0265,0.0238,0.165456,0.02648
Zone_DH527,271,674,0.009211,0.0237,0.0172,4.9742,10,4,89.67,90.41,0.0148,3.5175,19.0,1.1542,0.010572,0.010572,1.5506,0.085839,0.043219,0.728,0.06359,0.004082,0.019,0.0105,0.118595,0.019048
Zone_DH528,404,1075,0.006603,0.0273,0.0239,5.3218,13,7,92.82,94.31,0.0173,3.395,20.0,0.995,0.007163,0.007163,1.4696,0.080281,0.031186,0.6757,0.050995,0.002625,0.0254,0.0071,0.111082,0.025372
Zone_DH529,755,2004,0.00352,0.0329,0.0276,5.3086,8,3,99.07,99.74,0.004,3.7534,36.0,1.3102,0.003539,0.003539,1.503,0.05035,0.026715,0.7187,0.036287,0.001328,0.0277,0.0035,0.07507,0.027667
Zone_DH530,1085,2778,0.002362,0.0364,0.0286,5.1207,8,8,97.6,97.6,0.0074,4.0635,41.0,1.2447,0.002444,0.002444,1.5471,0.042073,0.022398,0.7582,0.0306,0.000944,0.0286,0.0024,0.064921,0.028643
Zone_DH531,1237,3159,0.002066,0.0364,0.0321,5.1075,14,10,94.18,94.58,0.0081,4.1059,33.0,0.9383,0.002197,0.002197,1.9468,0.047489,0.017514,0.757,0.029112,0.000855,0.0328,0.0022,0.067276,0.032821
Zone_DH532,1798,4362,0.00135,0.0345,0.0268,4.8521,23,13,95.44,96.66,0.0072,4.015,36.0,0.849,0.001399,0.001399,2.0573,0.041679,0.013389,0.7459,0.023877,0.000575,0.0274,0.0014,0.057965,0.027369
Zone_DH533,1903,4377,0.001209,0.0502,0.0348,4.6001,24,9,96.58,98.32,0.0047,3.9434,38.0,0.8711,0.001236,0.001236,1.7304,0.039984,0.013288,0.7548,0.02301,0.000534,0.0354,0.0012,0.055635,0.035961
Zone_DH534,1655,3669,0.00134,0.0654,0.0456,4.4338,34,13,96.74,98.55,0.0079,3.9206,39.0,0.9587,0.00137,0.00137,2.2385,0.039017,0.015094,0.7494,0.024636,0.000613,0.0462,0.0014,0.057648,0.046914
Zone_DH535,1374,2961,0.00157,0.0652,0.0462,4.31,38,11,95.2,98.76,0.008,3.8967,39.0,1.0521,0.001602,0.001602,2.3023,0.038488,0.018098,0.7013,0.027012,0.000737,0.0468,0.0016,0.061034,0.047408
Zone_DH536,1239,2581,0.001683,0.0582,0.0414,4.1663,37,12,95.4,98.14,0.0097,3.9456,40.0,1.1364,0.001731,0.001731,1.9022,0.039903,0.019498,0.6839,0.02855,0.000822,0.0422,0.0017,0.065396,0.04216
Zone_DH537,1146,2396,0.001826,0.0489,0.0349,4.1815,35,14,95.64,98.52,0.0122,3.898,41.0,1.2111,0.001875,0.001875,1.8911,0.039322,0.021939,0.6761,0.029623,0.000886,0.0354,0.0019,0.067906,0.0354
Zone_DH538,893,1910,0.002398,0.0532,0.0393,4.2777,46,14,86.9,94.06,0.0157,3.8371,33.0,1.1043,0.002599,0.002599,1.8341,0.045992,0.02098,0.6812,0.034334,0.00119,0.0406,0.0026,0.074171,0.040556
Zone_DH539,910,2087,0.002523,0.0414,0.0323,4.5868,29,17,96.04,97.36,0.0187,3.7315,34.0,1.1271,0.002641,0.002641,1.7113,0.04607,0.023377,0.7117,0.033419,0.001129,0.0332,0.0026,0.075045,0.03322
Zone_DH540,1032,2462,0.002314,0.0396,0.031,4.7713,20,14,97.87,98.45,0.0136,3.555,36.0,1.1206,0.002382,0.002382,1.6547,0.043944,0.0215,0.7167,0.031212,0.000984,0.0315,0.0024,0.06993,0.032426
Zone_DH541,952,2302,0.002543,0.0412,0.0294,4.8361,32,14,93.8,97.58,0.0147,3.6682,35.0,1.1344,0.002647,0.002647,1.6284,0.044804,0.022265,0.7301,0.032653,0.001076,0.0301,0.0026,0.07144,0.031157
Zone_DH542,844,1951,0.002742,0.0526,0.0414,4.6232,29,8,89.93,93.96,0.0095,3.7869,35.0,1.2047,0.002968,0.002968,1.7017,0.043919,0.026131,0.7296,0.035347,0.001261,0.0441,0.003,0.072105,0.044683
Zone_DH543,681,1471,0.003177,0.0737,0.0574,4.3201,47,25,81.94,91.63,0.0367,4.0124,30.0,1.1496,0.003596,0.003596,1.7854,0.04788,0.026701,0.6555,0.039844,0.001603,0.061,0.0036,0.081712,0.061351
Zone_DH544,738,1626,0.002989,0.0678,0.0506,4.4065,23,11,95.12,97.7,0.0149,4.0514,31.0,1.1411,0.003101,0.003101,1.7913,0.050193,0.025716,0.7132,0.037049,0.001387,0.0518,0.0031,0.076239,0.052288
Zone_DH545,570,1262,0.003891,0.0522,0.0363,4.4281,13,8,97.54,98.77,0.014,4.0526,30.0,1.2566,0.003989,0.003989,1.7845,0.054474,0.032409,0.7065,0.041909,0.001776,0.0368,0.004,0.077978,0.037359
Zone_DH546,336,717,0.00637,0.0335,0.0256,4.2679,13,13,95.83,95.83,0.0387,4.0416,29.0,1.5821,0.006898,0.006898,1.8065,0.063211,0.045434,0.7134,0.055418,0.003106,0.0267,0.0069,0.09254,0.026708
Zone_DH547,242,489,0.008384,0.0526,0.0441,4.0413,21,14,45.87,45.87,0.0579,3.6761,23.0,1.4785,0.019328,0.019328,1.8814,0.080398,0.107987,0.7174,0.094452,0.009009,0.045,0.0192,0.133328,0.045045
Zone_DH548,570,1466,0.00452,0.0282,0.0295,5.1439,12,6,85.96,99.12,0.0105,3.31,31.0,1.2984,0.004601,0.004601,1.927,0.049733,0.025718,0.7178,0.041874,0.00177,0.0298,0.0046,0.085425,0.029794
Zone_DH549,943,2516,0.002832,0.0145,0.0131,5.3362,12,6,98.3,98.94,0.0064,2.7757,29.0,0.9444,0.002882,0.002882,1.8615,0.054743,0.018594,0.6736,0.032611,0.001072,0.0132,0.0029,0.079842,0.013219
Zone_DH550,1017,2654,0.002569,0.0182,0.0188,5.2193,20,6,93.12,99.12,0.0059,2.7838,31.0,0.9721,0.002607,0.002607,1.5238,0.049667,0.017836,0.6941,0.031371,0.000992,0.019,0.0026,0.074856,0.019015
Zone_DH551,817,2018,0.003027,0.0155,0.0137,4.94,17,9,94.12,98.41,0.011,3.3053,31.0,1.0846,0.00311,0.00311,1.6016,0.049066,0.021927,0.7392,0.035107,0.001244,0.0139,0.0031,0.077844,0.013889
Zone_DH552,471,1148,0.005186,0.0207,0.017,4.8747,13,6,92.14,98.3,0.0127,3.6745,35.0,1.6127,0.005339,0.005339,1.6217,0.050243,0.036954,0.7387,0.046256,0.00216,0.0173,0.0053,0.093751,0.017279
Zone_DH553,393,903,0.005862,0.038,0.031,4.5954,10,9,96.44,96.69,0.0229,3.625,32.0,1.6142,0.006201,0.006201,1.7021,0.05434,0.047483,0.7234,0.051062,0.002632,0.032,0.0062,0.095581,0.032018
Zone_DH554,518,1265,0.004724,0.0426,0.0315,4.8842,12,6,58.49,98.65,0.0116,3.6556,30.0,1.3181,0.004839,0.004839,1.6209,0.047676,0.020868,0.6987,0.044011,0.001957,0.032,0.0048,0.081793,0.031963
Zone_DH555,531,1280,0.004548,0.0421,0.0301,4.8211,14,10,61.58,63.28,0.0188,3.7218,21.0,0.9113,0.007667,0.007667,1.5574,0.077016,0.035387,0.6551,0.054263,0.002976,0.0362,0.0076,0.10967,0.03621
Zone_DH556,485,1129,0.00481,0.05,0.033,4.6557,25,13,37.94,71.75,0.0268,3.7366,40.0,1.8163,0.00713,0.00713,1.6167,0.043023,0.033608,0.7338,0.053349,0.002874,0.0407,0.0071,0.082427,0.040709
Zone_DH557,493,1237,0.0051,0.041,0.0328,5.0183,18,9,79.11,80.32,0.0183,3.706,22.0,0.9908,0.006713,0.006713,1.5086,0.073696,0.030816,0.6284,0.050059,0.002525,0.0366,0.0067,0.103602,0.036616
Zone_DH558,396,1042,0.006662,0.0415,0.037,5.2626,11,3,92.68,92.68,0.0076,3.6697,21.0,1.0553,0.007415,0.007415,1.4739,0.079527,0.031971,0.6152,0.052023,0.002725,0.04,0.0074,0.10899,0.039964
Zone_DH559,165,410,0.015152,0.0566,0.0545,4.9697,6,4,95.76,96.97,0.0242,3.6242,20.0,1.557,0.015998,0.015998,1.5725,0.093393,0.059593,0.556,0.078744,0.00625,0.0562,0.0159,0.140391,0.05625
Zone_DH560,87,220,0.029404,0.0275,0.0211,5.0575,1,1,100.0,100.0,0.0115,3.1562,13.0,1.3937,0.029404,0.029404,1.5818,0.130504,0.08315,0.6387,0.106468,0.011494,0.0211,0.0291,0.18746,0.021073
Zone_DH561,175,420,0.013793,0.0222,0.0152,4.8,4,4,97.71,97.71,0.0229,3.4189,16.0,1.2095,0.014379,0.014379,1.6364,0.099701,0.052727,0.7102,0.075944,0.005848,0.0156,0.0143,0.137354,0.015595
Zone_DH562,278,640,0.008311,0.0208,0.015,4.6043,16,10,93.88,94.6,0.036,3.6418,23.0,1.3794,0.009172,0.009172,1.6646,0.07323,0.048619,0.7183,0.06134,0.003802,0.0158,0.0091,0.106788,0.015843
Zone_DH563,405,986,0.006026,0.0192,0.0206,4.8691,19,13,93.83,95.31,0.0321,3.6108,26.0,1.292,0.006541,0.006541,1.5885,0.064235,0.037799,0.7364,0.050654,0.002591,0.0216,0.0065,0.097561,0.021589
Zone_DH564,692,1768,0.003697,0.0313,0.0255,5.1098,16,11,96.68,97.4,0.0159,3.8653,32.0,1.2165,0.003862,0.003862,1.5388,0.051333,0.028347,0.6904,0.03835,0.001484,0.0262,0.0039,0.076184,0.026212
Zone_DH565,917,2338,0.002783,0.033,0.0256,5.0992,14,11,90.4,90.84,0.012,4.0378,41.0,1.3539,0.003096,0.003096,1.5527,0.045495,0.027688,0.7344,0.034491,0.0012,0.0272,0.0031,0.069582,0.027611
Zone_DH566,1282,3232,0.001968,0.0349,0.0274,5.0421,9,3,98.83,99.84,0.0023,4.0093,42.0,1.173,0.001974,0.001974,2.7723,0.040104,0.018987,0.7631,0.027825,0.000781,0.0274,0.002,0.060729,0.02784
Zone_DH567,1812,4348,0.001325,0.0333,0.024,4.7991,28,12,97.74,99.23,0.0066,3.9896,38.0,0.8927,0.001344,0.001344,2.8987,0.04028,0.013029,0.7225,0.02347,0.000556,0.0241,0.0013,0.056595,0.024371
Zone_DH568,1900,4374,0.001212,0.0476,0.0357,4.6042,17,4,97.89,99.84,0.0021,3.8877,39.0,0.8947,0.001216,0.001216,1.7348,0.039206,0.012677,0.7255,0.022855,0.000527,0.0358,0.0012,0.057498,0.036215
Zone_DH569,1632,3657,0.001374,0.06,0.0466,4.4816,24,7,98.04,99.39,0.0043,3.9144,42.0,1.0397,0.001388,0.001388,2.2225,0.037277,0.016193,0.7109,0.024709,0.000617,0.0469,0.0014,0.058943,0.047565
Zone_DH570,1489,3209,0.001448,0.0502,0.0367,4.3103,31,12,95.77,98.39,0.0081,3.922,39.0,1.0107,0.001483,0.001483,2.3027,0.039166,0.016257,0.6512,0.025997,0.000683,0.0373,0.0015,0.063876,0.037463
Zone_DH571,1696,3603,0.001253,0.0424,0.0296,4.2488,32,11,97.52,99.35,0.0065,3.9286,35.0,0.8499,0.001269,0.001269,2.3396,0.041248,0.013681,0.7348,0.024245,0.000593,0.0298,0.0013,0.063485,0.029832
Zone_DH572,1567,3332,0.001358,0.0376,0.0252,4.2527,50,19,91.58,98.21,0.0121,3.9086,37.0,0.9347,0.001399,0.001399,2.3234,0.038836,0.014722,0.7413,0.02536,0.00065,0.0257,0.0014,0.059047,0.025666
Zone_DH573,1348,2975,0.001638,0.0451,0.0309,4.4139,33,6,96.74,99.63,0.0045,3.8181,45.0,1.2257,0.001651,0.001651,2.2571,0.035653,0.020145,0.7371,0.027139,0.000745,0.031,0.0016,0.058453,0.03105
Zone_DH574,1285,3083,0.001869,0.038,0.0296,4.7984,29,7,93.85,99.22,0.0054,3.5869,45.0,1.2553,0.001893,0.001893,1.6585,0.036717,0.019166,0.7476,0.027863,0.000784,0.0298,0.0019,0.058871,0.02983
Zone_DH575,1267,3220,0.002007,0.0332,0.0276,5.0829,15,7,98.58,99.29,0.0055,3.3928,37.0,1.0395,0.002032,0.002032,1.5657,0.041765,0.018798,0.6859,0.02807,0.000795,0.0278,0.002,0.062092,0.028573
Zone_DH576,1089,2712,0.002289,0.034,0.0279,4.9807,23,8,96.69,98.53,0.0073,3.5151,37.0,1.1212,0.002343,0.002343,1.5926,0.043115,0.020253,0.6878,0.030394,0.000932,0.0283,0.0023,0.065405,0.02915
Zone_DH577,805,1886,0.002914,0.0506,0.0397,4.6857,35,11,86.83,94.66,0.0137,3.7138,39.0,1.3746,0.003137,0.003137,1.6756,0.041749,0.027138,0.705,0.036053,0.001312,0.042,0.0031,0.072385,0.042746
Zone_DH578,633,1393,0.003482,0.0729,0.0581,4.4013,27,8,89.57,95.42,0.0126,3.8036,31.0,1.2321,0.003707,0.003707,1.7896,0.047771,0.029855,0.7038,0.04049,0.001656,0.0609,0.0037,0.08588,0.061286
Zone_DH579,587,1256,0.003651,0.0747,0.0578,4.2794,21,12,86.37,92.67,0.0204,3.9138,28.0,1.1557,0.004035,0.004035,1.8255,0.052613,0.030622,0.7031,0.042644,0.001838,0.0624,0.004,0.088428,0.06299
Zone_DH580,379,828,0.00578,0.0685,0.0486,4.3694,25,14,59.37,64.64,0.0369,3.8637,22.0,1.1301,0.008665,0.008665,1.8919,0.066204,0.048673,0.7106,0.06353,0.004082,0.0535,0.0086,0.106736,0.05483
Zone_DH581,310,627,0.006546,0.0564,0.0423,4.0452,21,12,36.13,50.32,0.0387,3.9282,26.0,1.4767,0.012407,0.012407,2.08,0.056095,0.068953,0.5576,0.079727,0.00641,0.0385,0.0123,0.143636,0.038462
Zone_DH582,345,734,0.006185,0.0531,0.0401,4.2551,22,8,67.83,97.68,0.0232,3.7197,31.0,1.669,0.006465,0.006465,1.8415,0.042603,0.035276,0.6763,0.054229,0.002967,0.041,0.0064,0.095365,0.041048
Zone_DH583,660,1612,0.003706,0.0312,0.026,4.8848,17,6,97.12,99.09,0.0091,3.6223,35.0,1.3624,0.00377,0.00377,1.6248,0.051239,0.028323,0.7003,0.038909,0.001529,0.0262,0.0038,0.082903,0.026249
Zone_DH584,906,2339,0.002853,0.0225,0.0243,5.1634,11,5,98.01,98.79,0.0055,3.2455,29.0,0.9635,0.002906,0.002906,1.5398,0.055826,0.019419,0.6832,0.033282,0.001117,0.0246,0.0029,0.080206,0.024581
Zone_DH585,997,2536,0.002554,0.0238,0.0197,5.0873,21,7,83.55,99.1,0.007,3.2439,29.0,0.9184,0.002594,0.002594,1.5621,0.047999,0.015209,0.7385,0.031676,0.001012,0.0199,0.0026,0.0734,0.019906
Zone_DH586,812,1993,0.003026,0.0344,0.0279,4.9089,19,9,94.33,96.92,0.0111,3.5594,38.0,1.3335,0.003154,0.003154,1.6135,0.04465,0.026518,0.7659,0.035477,0.001271,0.0288,0.0031,0.076463,0.028801
Zone_DH587,493,1195,0.004927,0.0304,0.0264,4.8479,19,12,88.24,94.52,0.0243,3.6743,26.0,1.171,0.005358,0.005358,1.6055,0.062664,0.028871,0.66,0.046117,0.002146,0.0243,0.0053,0.097994,0.02432
Zone_DH588,352,788,0.006378,0.0321,0.0279,4.4773,10,9,90.62,95.17,0.0256,3.651,25.0,1.3325,0.006864,0.006864,1.7448,0.063506,0.041451,0.6857,0.05439,0.002985,0.0224,0.0068,0.101946,0.022388
Zone_DH589,455,1111,0.005378,0.034,0.0234,4.8835,15,7,79.56,92.53,0.0154,3.6685,24.0,1.1251,0.005955,0.005955,1.5992,0.059926,0.028643,0.6984,0.048478,0.002375,0.0253,0.0059,0.093106,0.025337
Zone_DH590,433,1054,0.005635,0.0473,0.0327,4.8684,16,9,91.45,91.45,0.0208,3.7251,25.0,1.2014,0.006399,0.006399,1.5824,0.068001,0.036897,0.7001,0.049972,0.002525,0.0358,0.0064,0.097348,0.035774
Zone_DH591,381,909,0.006278,0.0586,0.0394,4.7717,12,10,49.34,50.39,0.0262,3.7276,21.0,1.0759,0.013034,0.013034,1.6067,0.087024,0.057697,0.642,0.071796,0.005208,0.0425,0.013,0.126777,0.042535
Zone_DH592,305,746,0.008046,0.0579,0.0459,4.8918,5,5,92.13,92.13,0.0164,3.68,20.0,1.1452,0.008948,0.008948,1.5966,0.083743,0.038835,0.6302,0.059388,0.003559,0.0498,0.0089,0.114057,0.049822
Zone_DH593,217,568,0.012118,0.0565,0.0507,5.235,1,1,100.0,100.0,0.0046,3.6591,16.0,1.0862,0.012118,0.012118,1.5282,0.101193,0.041707,0.5931,0.067632,0.004608,0.0507,0.0121,0.135112,0.050691
Zone_DH594,58,136,0.041137,0.0796,0.0747,4.6897,2,2,96.55,96.55,0.0345,3.2868,10.0,1.3131,0.043506,0.043506,1.6716,0.167983,0.096405,0.5634,0.133117,0.017857,0.0774,0.0427,0.228232,0.077381
Zone_DH595,82,196,0.029509,0.0317,0.0224,4.7805,3,3,97.56,97.56,0.0366,3.0872,14.0,1.546,0.031013,0.031013,1.6327,0.127624,0.091671,0.6205,0.111025,0.0125,0.0229,0.0306,0.188907,0.022917
Zone_DH596,223,504,0.010181,0.0133,0.0082,4.5202,6,6,87.44,87.44,0.0269,3.3931,22.0,1.4732,0.012107,0.012107,1.7031,0.081945,0.063395,0.6875,0.071131,0.005128,0.0094,0.012,0.120743,0.009402
Zone_DH597,377,918,0.006476,0.0174,0.0119,4.87,7,7,97.88,97.88,0.0186,3.5313,26.0,1.3391,0.006731,0.006731,1.6149,0.066983,0.039006,0.6946,0.051756,0.00271,0.0122,0.0067,0.094249,0.012195
Zone_DH598,492,1235,0.005112,0.0226,0.0176,5.0203,6,5,98.98,99.19,0.0102,3.6755,24.0,1.082,0.005197,0.005197,1.9757,0.067666,0.030019,0.681,0.045016,0.002049,0.0178,0.0052,0.092436,0.01776
Zone_DH599,612,1553,0.004153,0.03,0.0226,5.0752,9,7,84.48,84.8,0.0114,3.7384,31.0,1.2531,0.005051,0.005051,1.9109,0.055892,0.033395,0.7362,0.043692,0.001927,0.0212,0.005,0.084166,0.021195
Zone_DH600,1053,2658,0.002399,0.0393,0.0302,5.0484,8,6,55.37,55.37,0.0057,3.8547,24.0,0.7396,0.004368,0.004368,1.5735,0.065034,0.025634,0.6769,0.041229,0.001715,0.0263,0.0044,0.086749,0.026301
Zone_DH601,1356,3364,0.001831,0.0313,0.0246,4.9617,15,8,79.65,80.53,0.0059,3.9552,34.0,0.9233,0.002283,0.002283,2.8103,0.047308,0.019189,0.7092,0.03012,0.000916,0.0203,0.0023,0.066842,0.020423
Zone_DH602,1388,3351,0.001741,0.0369,0.0303,4.8285,29,13,95.03,96.18,0.0094,3.846,38.0,1.02,0.001834,0.001834,2.8604,0.04234,0.016659,0.6655,0.02724,0.000749,0.0295,0.0018,0.063667,0.029889
Zone_DH603,1338,2989,0.001671,0.0434,0.0341,4.4679,29,14,96.86,99.03,0.0105,3.8544,38.0,1.0389,0.001704,0.001704,1.7732,0.040396,0.017878,0.6916,0.027342,0.000755,0.0344,0.0017,0.063583,0.034855
Zone_DH604,1330,2948,0.001668,0.0416,0.0325,4.4331,38,5,96.02,99.55,0.0038,3.8719,36.0,0.9871,0.001681,0.001681,2.2486,0.042309,0.016579,0.6729,0.027354,0.000755,0.0327,0.0017,0.065383,0.033119
Zone_DH605,1573,3607,0.001459,0.0362,0.0296,4.5861,19,13,97.97,98.35,0.0083,3.9571,34.0,0.8573,0.001496,0.001496,2.1624,0.044829,0.013712,0.7212,0.025305,0.000646,0.0301,0.0015,0.06709,0.030338
Zone_DH606,1895,4295,0.001197,0.0321,0.0239,4.533,32,17,97.15,98.73,0.009,3.9327,37.0,0.85,0.001222,0.001222,2.1873,0.04044,0.012064,0.7738,0.023004,0.000534,0.0237,0.0012,0.059599,0.023838
Zone_DH607,1819,4032,0.001219,0.0276,0.019,4.4332,42,27,96.37,98.13,0.0148,3.9797,41.0,0.9613,0.001261,0.001261,2.2235,0.03669,0.014103,0.7631,0.023546,0.00056,0.0188,0.0013,0.054031,0.018786
Zone_DH608,1506,3349,0.001478,0.0402,0.0259,4.4475,28,12,95.29,98.34,0.008,3.9212,44.0,1.1338,0.001515,0.001515,2.2298,0.036138,0.017414,0.7596,0.025844,0.000675,0.0264,0.0015,0.057187,0.026379
Zone_DH609,1484,3597,0.001634,0.0383,0.0292,4.8477,18,10,82.21,83.29,0.0067,3.5979,39.0,1.0124,0.001959,0.001959,2.0662,0.040143,0.019563,0.7221,0.0283,0.000809,0.0326,0.002,0.06282,0.032605
Zone_DH610,1371,3513,0.00187,0.0318,0.0279,5.1247,17,8,98.61,99.42,0.0058,3.4868,43.0,1.1613,0.001891,0.001891,1.941,0.037644,0.01894,0.7259,0.026975,0.000734,0.0281,0.0019,0.057389,0.028075
Zone_DH611,1226,3116,0.002075,0.0191,0.0169,5.0832,9,9,98.37,98.37,0.0073,3.5836,45.0,1.2852,0.002126,0.002126,1.5612,0.038411,0.020831,0.7481,0.02868,0.000829,0.0163,0.0021,0.059783,0.016307
Zone_DH612,872,2096,0.00276,0.0268,0.0244,4.8073,27,15,88.65,93.81,0.0172,3.5976,34.0,1.1514,0.003,0.003,1.6319,0.04701,0.023447,0.7053,0.034805,0.001222,0.0196,0.003,0.074496,0.01956
Zone_DH613,741,1714,0.003126,0.043,0.0346,4.6262,31,8,94.47,98.25,0.0108,3.663,32.0,1.1755,0.003216,0.003216,1.7109,0.047127,0.026871,0.7289,0.036871,0.001374,0.0352,0.0032,0.077738,0.035508
Zone_DH614,669,1528,0.003419,0.0519,0.0396,4.568,52,12,81.46,97.46,0.0179,3.6376,36.0,1.3918,0.003572,0.003572,1.7203,0.040334,0.02713,0.7452,0.038947,0.001534,0.0406,0.0036,0.078609,0.041155
Zone_DH615,499,1182,0.004757,0.0634,0.0548,4.7375,50,12,79.56,95.59,0.024,3.7516,32.0,1.4325,0.005074,0.005074,1.6562,0.043599,0.034617,0.7723,0.045512,0.002096,0.0531,0.0051,0.088467,0.053809
Zone_DH616,421,1007,0.005695,0.0387,0.0317,4.7838,22,7,63.42,98.1,0.0166,3.7743,28.0,1.3646,0.005895,0.005895,1.6471,0.049413,0.028461,0.7025,0.048917,0.002421,0.0323,0.0059,0.09598,0.032284
Zone_DH617,491,1081,0.004493,0.0469,0.0384,4.4033,19,4,82.08,98.37,0.0081,3.9505,29.0,1.3088,0.0046,0.0046,1.8039,0.050902,0.030162,0.6791,0.045285,0.00207,0.039,0.0046,0.087026,0.038992
Zone_DH618,717,1653,0.00322,0.0318,0.0232,4.6109,23,10,87.03,98.74,0.0139,3.8917,35.0,1.3071,0.003302,0.003302,1.7132,0.046949,0.024733,0.693,0.037397,0.001412,0.0235,0.0033,0.07404,0.02354
Zone_DH619,777,1842,0.003055,0.0318,0.0238,4.7413,11,9,96.27,98.46,0.0116,3.6269,29.0,1.0404,0.003138,0.003138,1.6685,0.05365,0.023349,0.6929,0.03597,0.001307,0.0242,0.0031,0.073783,0.024183
Zone_DH620,793,1839,0.002928,0.0361,0.024,4.6381,15,14,85.12,86.38,0.0177,3.5998,27.0,0.9588,0.003387,0.003387,1.7265,0.058166,0.023057,0.7025,0.038007,0.00146,0.0221,0.0034,0.078208,0.022141
Zone_DH621,692,1683,0.00352,0.0429,0.0318,4.8642,15,13,49.57,49.57,0.0188,3.708,26.0,0.9884,0.007655,0.007655,1.5278,0.070732,0.042114,0.7139,0.053779,0.002915,0.036,0.0076,0.10315,0.035957
Zone_DH622,507,1226,0.004779,0.0389,0.0316,4.8363,12,11,89.35,89.74,0.0217,3.7542,27.0,1.1991,0.00549,0.00549,1.6049,0.064644,0.03323,0.6954,0.046667,0.002198,0.0278,0.0055,0.092757,0.027839
Zone_DH623,332,727,0.006616,0.0238,0.0141,4.3795,7,7,96.99,96.99,0.0211,3.8169,28.0,1.5367,0.006956,0.006956,1.7914,0.062145,0.049714,0.7475,0.055455,0.003106,0.0145,0.0069,0.092014,0.014493
Zone_DH624,229,480,0.009193,0.0386,0.0226,4.1921,12,12,65.07,65.07,0.0524,3.8615,19.0,1.2556,0.015055,0.015055,1.7952,0.092003,0.069449,0.709,0.081485,0.006711,0.0246,0.015,0.131719,0.024609
Zone_DH625,228,542,0.010472,0.0556,0.0409,4.7544,2,2,98.68,98.68,0.0088,3.6001,31.0,2.053,0.010675,0.010675,1.6729,0.060821,0.071349,0.7655,0.066306,0.004444,0.0415,0.0106,0.101715,0.041481
Zone_DH626,157,366,0.014944,0.038,0.0244,4.6624,4,4,69.43,69.43,0.0255,3.5605,17.0,1.3567,0.021747,0.021747,1.7031,0.102885,0.083021,0.7023,0.095329,0.009174,0.026,0.0215,0.155336,0.025994
Zone_DH627,122,276,0.018697,0.0386,0.0232,4.5246,3,3,98.36,98.36,0.0246,3.65,16.0,1.4486,0.019328,0.019328,1.7391,0.106097,0.073847,0.6857,0.090854,0.008333,0.0236,0.0192,0.149412,0.023611
Zone_DH628,64,144,0.035714,0.025,0.013,4.5,3,2,96.88,98.44,0.0312,3.2513,11.0,1.375,0.036866,0.036866,1.75,0.147746,0.09522,0.6235,0.125425,0.015873,0.0132,0.0363,0.208936,0.013228
Zone_DH630,78,170,0.028305,0.0219,0.0128,4.359,5,5,66.67,66.67,0.0641,3.7161,9.0,1.019,0.046757,0.046757,1.6774,0.181431,0.09458,0.5753,0.137997,0.019231,0.0192,0.0459,0.243819,0.019231
Zone_DH631,246,572,0.009491,0.0232,0.0237,4.6504,5,5,52.03,52.03,0.0203,3.5304,20.0,1.2752,0.019562,0.019562,1.6101,0.096436,0.079338,0.6572,0.087842,0.007812,0.0208,0.0194,0.149652,0.020833
Zone_DH632,419,1080,0.006166,0.0251,0.0235,5.1551,2,2,99.76,99.76,0.0048,3.4231,24.0,1.1725,0.006196,0.006196,1.5481,0.068675,0.03492,0.6894,0.048616,0.002392,0.0235,0.0062,0.094435,0.023525
Zone_DH633,543,1408,0.004784,0.0343,0.0295,5.186,5,5,81.03,81.03,0.0092,3.6154,25.0,1.0729,0.005974,0.005974,1.9064,0.06944,0.031855,0.6874,0.047386,0.002273,0.0254,0.006,0.096983,0.025379
Zone_DH634,777,1975,0.003276,0.0467,0.0387,5.0837,8,5,99.1,99.49,0.0064,3.9133,34.0,1.2197,0.00331,0.00331,1.957,0.048786,0.025855,0.7469,0.035792,0.001294,0.0389,0.0033,0.073493,0.038853
Zone_DH635,1100,2705,0.002238,0.0425,0.0303,4.9182,14,6,93.27,94.55,0.0055,3.8704,28.0,0.8442,0.002365,0.002365,1.6282,0.052306,0.017215,0.7253,0.030858,0.000962,0.0303,0.0024,0.071039,0.030321
Zone_DH636,1308,3119,0.001824,0.0321,0.0236,4.7691,30,7,97.25,99.46,0.0054,3.8591,36.0,0.9954,0.001843,0.001843,1.6696,0.044514,0.01668,0.7146,0.027592,0.000769,0.0238,0.0018,0.06426,0.023879
Zone_DH637,1311,3072,0.001789,0.0315,0.0244,4.6865,16,6,98.02,99.47,0.0046,3.7641,38.0,1.0495,0.001806,0.001806,1.7001,0.040992,0.018145,0.7051,0.027562,0.000767,0.0246,0.0018,0.062988,0.025141
Zone_DH638,1080,2447,0.0021,0.039,0.0281,4.5315,30,12,97.04,98.89,0.0111,3.8646,36.0,1.0954,0.002146,0.002146,1.7472,0.043322,0.019792,0.6983,0.03045,0.000936,0.0284,0.0021,0.06693,0.028948
Zone_DH639,1143,2634,0.002018,0.0427,0.0347,4.6089,21,11,95.98,98.16,0.0096,3.9388,33.0,0.9761,0.002072,0.002072,1.7222,0.046311,0.018444,0.728,0.029712,0.000891,0.0345,0.0021,0.068766,0.034759
Zone_DH640,1324,3156,0.001802,0.0319,0.0245,4.7674,25,15,93.88,96.98,0.0113,3.9858,32.0,0.8794,0.001881,0.001881,2.0723,0.047321,0.015296,0.737,0.027772,0.000779,0.0245,0.0019,0.069041,0.02474
Zone_DH641,1366,3248,0.001742,0.0287,0.0214,4.7555,34,25,95.75,97.29,0.0183,3.9511,35.0,0.947,0.001824,0.001824,2.0637,0.044752,0.016284,0.7336,0.027298,0.000752,0.0203,0.0018,0.063688,0.020517
Zone_DH642,1427,3330,0.001636,0.0213,0.0153,4.6671,16,8,97.97,99.51,0.0056,3.9772,41.0,1.0854,0.001653,0.001653,2.1321,0.038406,0.017487,0.7507,0.026392,0.000704,0.0154,0.0017,0.056817,0.015376
Zone_DH643,1213,2814,0.001914,0.029,0.0204,4.6397,22,15,95.96,97.53,0.0124,3.9787,40.0,1.1485,0.00199,0.00199,1.7009,0.038436,0.021634,0.7497,0.028905,0.000845,0.0209,0.002,0.061843,0.020935
Zone_DH644,1125,2691,0.002128,0.0311,0.0228,4.784,18,13,96.0,97.07,0.0116,3.7677,40.0,1.1926,0.00222,0.00222,2.0643,0.03979,0.022193,0.7305,0.030111,0.000916,0.0235,0.0022,0.064247,0.023535
Zone_DH645,1196,3085,0.002159,0.0273,0.0224,5.1589,17,12,98.33,99.08,0.01,3.5732,39.0,1.1277,0.002199,0.002199,1.9206,0.041364,0.020949,0.6907,0.02893,0.000844,0.0226,0.0022,0.062527,0.022588
Zone_DH646,1181,3001,0.002153,0.0274,0.0231,5.0821,15,5,98.73,99.66,0.0042,3.6162,38.0,1.1058,0.002168,0.002168,1.5688,0.042594,0.018904,0.6892,0.029022,0.00085,0.0232,0.0022,0.062808,0.023223
Zone_DH647,1145,2763,0.002109,0.0256,0.0214,4.8262,20,10,97.82,99.04,0.0087,3.6245,37.0,1.0935,0.002147,0.002147,1.6441,0.042468,0.019254,0.7059,0.029564,0.000882,0.0216,0.0021,0.064428,0.021605
Zone_DH648,1043,2543,0.00234,0.0244,0.0213,4.8763,26,7,96.26,99.42,0.0067,3.3362,37.0,1.1457,0.002367,0.002367,1.6311,0.041858,0.02163,0.7042,0.030914,0.000964,0.0215,0.0024,0.065026,0.021472
Zone_DH649,992,2384,0.002425,0.0277,0.0256,4.8065,22,9,97.28,99.19,0.0091,3.0513,39.0,1.2383,0.002465,0.002465,1.651,0.040522,0.024532,0.6836,0.031735,0.001016,0.0258,0.0025,0.069403,0.025847
Zone_DH650,788,1900,0.003064,0.0409,0.0372,4.8223,19,9,96.57,97.84,0.0114,3.3842,40.0,1.4249,0.003167,0.003167,1.6404,0.03987,0.031207,0.7235,0.035828,0.001297,0.0359,0.0032,0.072166,0.035884
Zone_DH651,538,1295,0.004482,0.0476,0.0424,4.8141,29,6,63.94,95.54,0.0112,3.7272,36.0,1.5521,0.004771,0.004771,1.6343,0.042075,0.026157,0.7633,0.043839,0.001946,0.0425,0.0048,0.077199,0.042477
Zone_DH652,438,1008,0.005266,0.0218,0.0152,4.6027,19,2,94.75,99.09,0.0046,3.864,24.0,1.1468,0.005332,0.005332,1.7325,0.067196,0.029582,0.7388,0.04771,0.002304,0.0154,0.0053,0.094924,0.015361
Zone_DH653,521,1193,0.004404,0.0253,0.017,4.5797,13,12,97.7,97.89,0.023,3.9291,25.0,1.0953,0.004596,0.004596,1.71,0.065764,0.02877,0.6836,0.044047,0.001961,0.0173,0.0046,0.088532,0.01732
Zone_DH654,620,1418,0.003695,0.0217,0.0134,4.5742,8,8,98.06,98.06,0.0129,3.8426,28.0,1.1245,0.003815,0.003815,1.7273,0.057163,0.028649,0.6657,0.040342,0.001645,0.0137,0.0038,0.079487,0.013706
Zone_DH655,591,1341,0.003846,0.0362,0.0254,4.5381,5,3,99.15,99.66,0.0051,3.8339,28.0,1.1518,0.003872,0.003872,1.7569,0.057595,0.027819,0.7196,0.040984,0.001698,0.0255,0.0039,0.078884,0.025467
Zone_DH656,488,1092,0.004595,0.0492,0.0335,4.4754,12,12,71.72,71.72,0.0246,3.7687,23.0,1.0412,0.0065,0.0065,1.7632,0.070355,0.040435,0.7132,0.053184,0.002857,0.0333,0.0065,0.09628,0.033333
Zone_DH657,312,692,0.007132,0.0615,0.0395,4.4359,12,12,63.78,63.78,0.0385,3.6882,21.0,1.1889,0.011827,0.011827,1.7082,0.084056,0.060281,0.6776,0.070522,0.005025,0.0385,0.0118,0.122355,0.040201
Zone_DH658,238,516,0.009148,0.0417,0.0231,4.3361,9,9,68.07,68.07,0.0378,3.8118,19.0,1.2316,0.014339,0.014339,1.7326,0.092797,0.061632,0.6854,0.078159,0.006173,0.0288,0.0143,0.134334,0.030864
Zone_DH659,97,184,0.019759,0.0221,0.0155,3.7938,10,10,77.32,77.32,0.1031,3.7049,19.0,1.9292,0.028468,0.028468,1.8987,0.099791,0.126668,0.6736,0.114901,0.013333,0.02,0.0281,0.163317,0.02
Zone_DH660,69,148,0.031543,0.0252,0.0121,4.2899,4,4,82.61,82.61,0.058,3.6097,11.0,1.3242,0.040727,0.040727,1.7538,0.15348,0.104866,0.6509,0.131835,0.017544,0.0146,0.04,0.217097,0.01462
Zone_DH661,96,216,0.023684,0.0163,0.0087,4.5,4,4,95.83,95.83,0.0417,3.5523,14.0,1.4289,0.025561,0.025561,1.7196,0.126889,0.081476,0.5861,0.103738,0.01087,0.0091,0.0253,0.178105,0.009058
Zone_DH662,109,235,0.019963,0.0154,0.0214,4.3119,4,4,92.66,92.66,0.0367,3.5191,16.0,1.5325,0.022178,0.022178,1.8036,0.113922,0.08368,0.6262,0.099037,0.009901,0.0,0.022,0.168455,0.0
Zone_DH663,71,141,0.02837,0.0261,0.0235,3.9718,5,4,84.51,92.96,0.0563,3.595,12.0,1.4241,0.031935,0.031935,1.927,0.131825,0.09019,0.5834,0.122534,0.015152,0.0253,0.0315,0.205166,0.025253
Zone_DH664,15,25,0.119048,0.1429,0.1111,3.3333,5,2,40.0,93.33,0.1333,3.0595,6.0,1.5492,0.137363,0.137363,1.68,0.227691,0.122711,0.5075,0.266246,0.071429,0.119,0.1276,0.412454,0.119048
Zone_DH665,74,172,0.03184,0.0395,0.045,4.6486,2,2,98.65,98.65,0.027,3.535,13.0,1.5112,0.032725,0.032725,1.6977,0.136413,0.093486,0.6456,0.116473,0.013699,0.0457,0.0323,0.195367,0.045662
Zone_DH666,185,430,0.012632,0.0448,0.0414,4.6486,7,7,95.14,95.14,0.0378,3.5803,19.0,1.3969,0.013766,0.013766,1.6604,0.091774,0.060647,0.6936,0.074914,0.005682,0.0436,0.0137,0.131131,0.044981
Zone_DH667,289,716,0.008602,0.0306,0.0213,4.955,7,7,83.39,83.39,0.0242,3.5679,19.0,1.1176,0.010443,0.010443,1.596,0.087059,0.047674,0.6856,0.06402,0.004149,0.0256,0.0104,0.119506,0.026625
Zone_DH668,608,1568,0.004249,0.0575,0.0463,5.1579,8,8,67.93,67.93,0.0132,3.9453,28.0,1.1355,0.006347,0.006347,1.5296,0.062175,0.037454,0.7106,0.049007,0.002421,0.0557,0.0063,0.088168,0.05569
Zone_DH669,1210,3183,0.002176,0.0432,0.0354,5.2612,18,9,92.31,98.02,0.0074,3.9083,35.0,1.0062,0.002242,0.002242,1.5056,0.043739,0.016509,0.6928,0.028911,0.000843,0.0361,0.0022,0.062583,0.036144
Zone_DH670,1558,4056,0.001672,0.0395,0.0331,5.2067,27,11,97.43,98.46,0.0071,3.7881,38.0,0.9627,0.001714,0.001714,1.5222,0.042044,0.014924,0.7078,0.025422,0.000652,0.0336,0.0017,0.058791,0.033594
Zone_DH671,1418,3463,0.001723,0.0285,0.0213,4.8843,36,11,91.47,97.46,0.0078,3.7732,42.0,1.1154,0.001785,0.001785,1.6225,0.036765,0.017175,0.7318,0.026772,0.000724,0.0218,0.0018,0.060619,0.021804
Zone_DH672,978,2168,0.002269,0.0353,0.0267,4.4335,29,20,92.33,93.46,0.0204,3.8198,37.0,1.1831,0.002476,0.002476,1.7696,0.043479,0.024018,0.6741,0.032919,0.001094,0.0245,0.0025,0.073496,0.024818
Zone_DH673,788,1762,0.002841,0.0402,0.0278,4.4721,46,10,88.71,97.46,0.0127,3.685,40.0,1.4249,0.002947,0.002947,1.7696,0.039193,0.028542,0.7488,0.035889,0.001302,0.026,0.0029,0.067998,0.02628
Zone_DH674,719,1668,0.003231,0.0417,0.0287,4.6398,13,11,97.22,97.64,0.0153,3.6694,30.0,1.1188,0.003361,0.003361,2.1221,0.053141,0.027177,0.7456,0.037549,0.001425,0.0294,0.0034,0.074317,0.02944
Zone_DH675,890,2169,0.002741,0.0408,0.0295,4.8742,24,14,95.39,97.3,0.0157,3.7245,30.0,1.0056,0.002866,0.002866,2.0168,0.052181,0.020363,0.7077,0.033804,0.001155,0.0303,0.0029,0.073368,0.030716
Zone_DH676,1102,2727,0.002248,0.0304,0.0213,4.9492,22,12,97.64,98.64,0.0109,3.7746,35.0,1.0543,0.002303,0.002303,1.9989,0.045858,0.019904,0.7375,0.030179,0.00092,0.0216,0.0023,0.064265,0.021864
Zone_DH677,1026,2572,0.002446,0.0178,0.0141,5.0136,12,11,98.54,98.73,0.0107,3.8156,39.0,1.2176,0.002503,0.002503,1.9739,0.043891,0.022856,0.7571,0.031247,0.000987,0.0143,0.0025,0.062321,0.014314
Zone_DH678,854,2117,0.002906,0.0153,0.0117,4.9578,17,10,95.78,98.01,0.0117,3.6535,43.0,1.4714,0.003003,0.003003,1.5935,0.040308,0.02738,0.7403,0.034368,0.001195,0.0119,0.003,0.063921,0.011947
Zone_DH679,693,1610,0.003357,0.0134,0.0091,4.6465,28,11,79.22,97.98,0.0159,3.7,40.0,1.5195,0.003486,0.003486,1.6922,0.038867,0.02655,0.729,0.038175,0.001473,0.0093,0.0035,0.068913,0.009327
Zone_DH680,867,2153,0.002868,0.0262,0.02,4.9666,12,7,98.5,99.31,0.0081,3.7276,42.0,1.4264,0.002908,0.002908,1.5996,0.041694,0.028095,0.708,0.033921,0.001161,0.0201,0.0029,0.064645,0.020132
Zone_DH681,963,2364,0.002552,0.0314,0.0242,4.9097,16,10,95.22,96.26,0.0104,3.6601,36.0,1.1601,0.002679,0.002679,1.6122,0.045395,0.023532,0.6656,0.032693,0.001079,0.023,0.0027,0.06725,0.023013
Zone_DH682,997,2372,0.002389,0.0276,0.0222,4.7583,22,16,95.49,96.29,0.016,3.4574,36.0,1.1401,0.00252,0.00252,1.6552,0.044975,0.022204,0.6918,0.03213,0.001042,0.021,0.0025,0.066707,0.021007
Zone_DH683,973,2372,0.002508,0.0153,0.0159,4.8756,13,9,98.25,98.97,0.0092,2.6649,38.0,1.2182,0.002557,0.002557,1.626,0.045136,0.022342,0.6716,0.032091,0.001038,0.0129,0.0026,0.06833,0.012911
Zone_DH684,905,2247,0.002747,0.018,0.0189,4.9657,32,9,92.27,98.12,0.0099,2.2991,38.0,1.2632,0.00283,0.00283,1.5935,0.044722,0.022169,0.6721,0.033425,0.001126,0.0193,0.0028,0.072301,0.019257
Zone_DH685,694,1662,0.003456,0.0256,0.0233,4.7896,29,8,84.29,98.7,0.0115,2.9484,40.0,1.5184,0.003539,0.003539,1.6526,0.039605,0.026517,0.7283,0.03804,0.00146,0.0236,0.0035,0.074426,0.023601
Zone_DH686,364,814,0.006161,0.0622,0.054,4.4725,21,9,79.12,80.77,0.0247,3.6615,38.0,1.9917,0.00801,0.00801,1.7043,0.049531,0.065965,0.7422,0.057975,0.003401,0.0556,0.008,0.08704,0.055556
Zone_DH687,226,512,0.010069,0.0332,0.0192,4.531,12,10,79.2,79.65,0.0442,3.8184,18.0,1.1973,0.012694,0.012694,1.7604,0.09119,0.0559,0.6276,0.074107,0.005556,0.0194,0.0126,0.127128,0.021296
Zone_DH688,296,680,0.007787,0.0444,0.0276,4.5946,7,6,96.96,97.3,0.0203,3.9854,21.0,1.2206,0.008154,0.008154,1.7092,0.07776,0.041559,0.6299,0.058611,0.003472,0.0284,0.0081,0.108529,0.029514
Zone_DH689,403,906,0.005592,0.0377,0.0248,4.4963,6,6,98.51,98.51,0.0149,3.8967,24.0,1.1955,0.00575,0.00575,1.7566,0.067304,0.034243,0.6755,0.049917,0.002519,0.0252,0.0057,0.094704,0.026029
Zone_DH690,444,983,0.004998,0.0321,0.0191,4.4279,7,5,97.97,98.65,0.0113,3.7994,25.0,1.1864,0.005115,0.005115,1.7896,0.064791,0.032009,0.717,0.04752,0.002283,0.0194,0.0051,0.088678,0.019406
Zone_DH691,368,800,0.005923,0.0403,0.0236,4.3478,14,14,87.77,87.77,0.038,3.8039,25.0,1.3032,0.00698,0.00698,1.7796,0.068864,0.044207,0.6873,0.055341,0.003096,0.0268,0.007,0.096769,0.026832
Zone_DH692,258,550,0.008295,0.0596,0.0349,4.2636,16,16,43.41,43.41,0.062,3.6688,16.0,0.9961,0.021075,0.021075,1.7099,0.110746,0.07654,0.6392,0.094021,0.008929,0.0327,0.0209,0.159199,0.035714
Zone_DH693,149,314,0.014239,0.0478,0.0246,4.2148,7,7,59.06,59.06,0.047,3.5688,14.0,1.1469,0.026385,0.026385,1.7426,0.12762,0.082673,0.637,0.106035,0.011364,0.0417,0.0261,0.180261,0.045455
Zone_DH694,57,102,0.031955,0.0,0.0,3.5789,7,7,52.63,52.63,0.1228,3.7769,9.0,1.1921,0.068966,0.068966,2.0,0.207022,0.144253,0.6586,0.18155,0.033333,0.0,0.0667,0.287023,0.0
Zone_DH695,56,112,0.036364,0.0,0.0,4.0,5,5,71.43,71.43,0.0893,3.7379,10.0,1.3363,0.05641,0.05641,1.8182,0.177103,0.129184,0.5748,0.157461,0.025,0.0,0.055,0.251144,0.0
Zone_DH696,64,135,0.033482,0.0,0.0,4.2188,5,4,89.06,89.06,0.0625,3.5742,12.0,1.5,0.0401,0.0401,1.7812,0.149188,0.107375,0.6315,0.131839,0.017544,0.0,0.0394,0.213108,0.0
Zone_DH697,86,187,0.025581,0.0368,0.031,4.3488,4,2,81.4,81.4,0.0233,3.7202,11.0,1.1862,0.031884,0.031884,1.8182,0.14598,0.088766,0.4736,0.118989,0.014286,0.0,0.0314,0.211591,0.0
Zone_DH698,70,148,0.030642,0.0472,0.0381,4.2286,4,2,78.57,78.57,0.0286,3.7349,11.0,1.3148,0.039731,0.039731,1.8644,0.160372,0.10387,0.5573,0.134257,0.018182,0.0,0.039,0.236259,0.0
Zone_DH700,51,108,0.042353,0.0674,0.0654,4.2353,3,3,58.82,58.82,0.0588,3.3866,9.0,1.2603,0.073563,0.073563,1.875,0.207092,0.145977,0.579,0.181604,0.033333,0.1111,0.0711,0.29139,0.111111
Zone_DH701,127,268,0.016748,0.0698,0.0591,4.2205,7,7,55.12,55.12,0.0551,3.8584,13.0,1.1536,0.031884,0.031884,1.8182,0.133037,0.102044,0.6279,0.11892,0.014286,0.0833,0.0314,0.192019,0.083333
Zone_DH702,332,788,0.007171,0.0519,0.0341,4.747,10,10,73.8,73.8,0.0301,3.9093,19.0,1.0428,0.010171,0.010171,1.6118,0.086661,0.044777,0.643,0.06363,0.004082,0.0286,0.0101,0.119116,0.028571
Zone_DH703,722,1786,0.003431,0.0626,0.0459,4.9474,11,11,93.07,93.07,0.0152,3.9886,43.0,1.6003,0.003757,0.003757,1.5868,0.041896,0.035496,0.7931,0.038408,0.001488,0.0459,0.0038,0.066012,0.045883
Zone_DH704,1248,3376,0.002169,0.0379,0.0322,5.4103,6,6,99.52,99.52,0.0048,3.7619,37.0,1.0474,0.002189,0.002189,1.4724,0.043797,0.01754,0.6894,0.028266,0.000805,0.0323,0.0022,0.060285,0.03234
Zone_DH705,1483,3972,0.001807,0.0272,0.0224,5.3567,26,12,97.64,99.12,0.0081,3.6702,40.0,1.0387,0.001838,0.001838,1.4819,0.040852,0.016016,0.6813,0.025975,0.00068,0.0226,0.0018,0.057787,0.022562
Zone_DH706,1232,3165,0.002087,0.0262,0.0217,5.138,35,7,96.43,99.19,0.0057,3.601,43.0,1.2251,0.002116,0.002116,1.9354,0.039558,0.019086,0.738,0.028471,0.000818,0.0219,0.0021,0.060647,0.021904
Zone_DH707,715,1682,0.003295,0.0315,0.0232,4.7049,18,11,94.13,95.24,0.0154,3.7092,35.0,1.3089,0.003511,0.003511,2.0941,0.048201,0.02958,0.6698,0.038124,0.001468,0.0219,0.0035,0.07603,0.022418
Zone_DH708,533,1295,0.004567,0.0436,0.0323,4.8593,19,10,56.47,56.85,0.0188,3.5035,26.0,1.1262,0.008491,0.008491,1.5598,0.066222,0.048084,0.7366,0.057116,0.0033,0.0262,0.0085,0.103728,0.026183
Zone_DH709,521,1269,0.004684,0.0403,0.0306,4.8714,12,10,92.71,93.09,0.0192,3.5266,36.0,1.5772,0.00515,0.00515,2.0058,0.049016,0.039369,0.803,0.045129,0.002062,0.0274,0.0051,0.077308,0.027354
Zone_DH710,650,1549,0.003672,0.0381,0.0255,4.7662,11,11,81.38,81.38,0.0169,3.7686,29.0,1.1375,0.004518,0.004518,2.0959,0.060645,0.029579,0.7007,0.043248,0.00189,0.0221,0.0045,0.083521,0.022054
Zone_DH711,731,1776,0.003328,0.0278,0.0182,4.8591,8,8,99.04,99.04,0.0109,3.7473,29.0,1.0726,0.003393,0.003393,2.0383,0.054729,0.024077,0.7227,0.036978,0.001381,0.0184,0.0034,0.073764,0.018416
Zone_DH712,770,1991,0.003362,0.0208,0.0171,5.1714,8,6,94.29,99.35,0.0078,3.352,36.0,1.2973,0.003407,0.003407,1.5369,0.045471,0.024343,0.7337,0.03597,0.001307,0.0172,0.0034,0.069872,0.017211
Zone_DH713,615,1610,0.004264,0.0224,0.0195,5.2358,15,13,85.2,93.01,0.0211,2.5524,30.0,1.2097,0.004733,0.004733,1.4799,0.052359,0.02845,0.6859,0.041619,0.001748,0.0184,0.0047,0.085034,0.018357
Zone_DH714,390,953,0.006282,0.0268,0.0222,4.8872,19,17,76.92,83.33,0.0436,2.6155,26.0,1.3166,0.008101,0.008101,1.524,0.063784,0.040478,0.6771,0.055202,0.003077,0.0221,0.0081,0.106398,0.022051
Zone_DH715,380,837,0.005812,0.0452,0.0364,4.4053,16,14,82.37,83.42,0.0368,3.7377,57.0,2.924,0.007337,0.007337,1.7252,0.037659,0.083901,0.7288,0.055899,0.003155,0.0363,0.0073,0.077739,0.036278
Zone_DH716,624,1466,0.003771,0.0396,0.0299,4.6987,9,7,90.71,96.79,0.0112,3.3785,33.0,1.3211,0.003948,0.003948,1.6801,0.046202,0.030949,0.737,0.04049,0.001656,0.0309,0.0039,0.074493,0.030905
Zone_DH717,783,1785,0.002915,0.0301,0.0221,4.5594,20,16,89.02,95.91,0.0204,2.9241,33.0,1.1793,0.003109,0.003109,1.7156,0.047224,0.024961,0.7606,0.036315,0.001332,0.0231,0.0031,0.072958,0.02308
Zone_DH718,819,1996,0.002979,0.0175,0.0142,4.8742,14,14,93.41,93.41,0.0171,1.9569,29.0,1.0133,0.003258,0.003258,1.6071,0.055763,0.023151,0.6874,0.035991,0.001307,0.0152,0.0033,0.079087,0.015163
Zone_DH719,763,1976,0.003399,0.018,0.018,5.1796,22,8,91.87,98.3,0.0105,1.8021,34.0,1.2309,0.003496,0.003496,1.5275,0.049249,0.023663,0.6587,0.036368,0.001333,0.0184,0.0035,0.078306,0.018356
Zone_DH720,574,1460,0.004439,0.022,0.0241,5.0871,16,3,96.34,98.61,0.0052,2.5492,35.0,1.4609,0.004528,0.004528,1.5635,0.049864,0.034549,0.7308,0.041831,0.001767,0.0244,0.0045,0.08444,0.024441
Zone_DH721,285,628,0.007759,0.0506,0.0444,4.407,10,5,92.63,94.39,0.0175,3.3247,29.0,1.7178,0.008378,0.008378,1.7815,0.061205,0.055764,0.6942,0.060651,0.003717,0.0471,0.0083,0.109773,0.047088
Zone_DH722,84,158,0.022662,0.055,0.0238,3.7619,9,8,75.0,76.19,0.0952,3.9897,16.0,1.7457,0.032242,0.032242,1.4769,0.106651,0.140463,0.6208,0.124465,0.015625,0.0312,0.0317,0.17147,0.036458
Zone_DH723,115,238,0.018154,0.0495,0.0261,4.1391,5,5,94.78,94.78,0.0435,4.0515,19.0,1.7718,0.019878,0.019878,1.3974,0.092204,0.098398,0.6734,0.095345,0.009174,0.0275,0.0197,0.139192,0.030581
Zone_DH724,197,428,0.011085,0.0497,0.0338,4.3452,4,2,98.48,99.49,0.0102,4.0029,18.0,1.2824,0.011198,0.011198,1.8318,0.090508,0.05204,0.698,0.071027,0.005102,0.034,0.0111,0.123826,0.036565
Zone_DH725,293,648,0.007574,0.05,0.0313,4.4232,3,2,98.63,98.98,0.0068,3.85,21.0,1.2268,0.007684,0.007684,1.8012,0.075431,0.044987,0.6986,0.058408,0.003448,0.0316,0.0077,0.102026,0.032471
Zone_DH726,258,562,0.008476,0.0588,0.0336,4.3566,4,4,98.06,98.06,0.0155,3.8667,26.0,1.6187,0.008752,0.008752,1.8136,0.067498,0.058662,0.7104,0.06255,0.003953,0.0343,0.0087,0.097257,0.034256
Zone_DH727,164,340,0.012719,0.1007,0.0508,4.1463,9,9,27.44,27.44,0.0549,3.7999,12.0,0.937,0.048485,0.048485,1.875,0.150345,0.137844,0.6375,0.148121,0.022222,0.037,0.0474,0.224477,0.037037
Zone_DH728,71,142,0.028571,0.1062,0.0516,4.0,7,7,54.93,54.93,0.0986,3.6134,9.0,1.0681,0.053981,0.053981,1.95,0.192837,0.119014,0.6792,0.159249,0.025641,0.0,0.0526,0.25865,0.0
Zone_DH729,56,108,0.035065,0.0,0.0,3.8571,4,4,94.64,94.64,0.0714,3.6518,11.0,1.4699,0.039187,0.039187,1.963,0.158567,0.10883,0.7023,0.136592,0.018868,0.0,0.0384,0.218224,0.0
Zone_DH730,75,156,0.028108,0.0,0.0,4.16,6,5,77.33,78.67,0.0667,3.8858,10.0,1.1547,0.038574,0.038574,1.7879,0.166249,0.088306,0.5431,0.129564,0.016949,0.0,0.0379,0.230073,0.0
Zone_DH731,80,182,0.028797,0.0,0.0,4.55,4,2,95.0,98.75,0.025,3.8531,14.0,1.5652,0.029536,0.029536,1.3022,0.126208,0.08686,0.4951,0.112093,0.012658,0.0,0.0292,0.196322,0.0
Zone_DH732,88,193,0.025209,0.0337,0.0284,4.3864,5,2,86.36,98.86,0.0227,3.7907,18.0,1.9188,0.025795,0.025795,1.8031,0.092374,0.091928,0.5539,0.106789,0.011494,0.0287,0.0255,0.172101,0.028736
Zone_DH733,45,87,0.043939,0.0845,0.0556,3.8667,7,4,42.22,53.33,0.0889,3.5264,7.0,1.0435,0.083333,0.083333,1.5652,0.197294,0.125494,0.575,0.203464,0.041667,0.0,0.0799,0.322041,0.0
Zone_DH735,54,114,0.039832,0.0667,0.0617,4.2222,2,2,51.85,51.85,0.037,3.4322,8.5,1.1567,0.079365,0.079365,1.4,0.210647,0.152218,0.5702,0.188073,0.035714,0.0,0.0765,0.297065,0.0
Zone_DH736,249,548,0.008874,0.039,0.0288,4.4016,9,9,85.94,85.94,0.0361,3.8068,20.0,1.2674,0.010706,0.010706,1.7541,0.083258,0.053471,0.6989,0.068014,0.004673,0.0179,0.0107,0.115895,0.017913
Zone_DH737,504,1198,0.004726,0.0312,0.0215,4.754,10,10,94.64,94.64,0.0198,3.7845,23.0,1.0245,0.005109,0.005109,1.6448,0.070087,0.028571,0.6881,0.045573,0.002096,0.0206,0.0051,0.092355,0.020615
Zone_DH738,814,1992,0.00301,0.0387,0.0291,4.8943,5,5,99.26,99.26,0.0061,3.8408,44.0,1.5422,0.003049,0.003049,1.6258,0.046236,0.026654,0.7393,0.035024,0.001238,0.0293,0.003,0.066598,0.02929
Zone_DH739,926,2256,0.002634,0.0304,0.0229,4.8726,22,14,96.44,96.54,0.0151,3.6654,38.0,1.2488,0.002787,0.002787,1.6072,0.044197,0.02471,0.7278,0.033286,0.001119,0.0237,0.0028,0.062664,0.023676
Zone_DH740,1039,2677,0.002482,0.0208,0.0164,5.153,12,10,98.56,98.75,0.0096,3.5569,39.0,1.2099,0.002538,0.002538,1.5377,0.04506,0.020863,0.7025,0.031081,0.000975,0.0166,0.0025,0.064088,0.016569
Zone_DH741,902,2339,0.002878,0.0342,0.0291,5.1863,9,4,99.11,99.67,0.0044,3.5579,38.0,1.2653,0.002897,0.002897,1.9218,0.045683,0.023942,0.7308,0.033203,0.001112,0.0292,0.0029,0.067354,0.029588
Zone_DH742,557,1362,0.004398,0.0496,0.037,4.8905,12,8,97.49,98.56,0.0144,3.5938,25.0,1.0593,0.00452,0.00452,2.0184,0.062769,0.028148,0.6391,0.042471,0.001821,0.0375,0.0045,0.087785,0.038737
Zone_DH743,404,1036,0.006363,0.055,0.0488,5.1287,6,4,98.76,99.26,0.0099,3.5295,30.0,1.4926,0.006459,0.006459,1.9353,0.058264,0.041971,0.7422,0.049645,0.002494,0.0491,0.0064,0.092468,0.05079
Zone_DH744,303,737,0.008054,0.027,0.0218,4.8647,14,12,85.15,85.81,0.0396,3.3883,23.0,1.3213,0.009994,0.009994,1.5453,0.078084,0.046817,0.6922,0.061605,0.003846,0.0254,0.01,0.117751,0.025385
Zone_DH745,382,875,0.006012,0.0341,0.026,4.5812,6,6,97.91,97.91,0.0157,3.7446,27.0,1.3814,0.006215,0.006215,1.7255,0.061029,0.043185,0.7299,0.051396,0.002674,0.0185,0.0062,0.088261,0.018538
Zone_DH746,376,822,0.00583,0.0397,0.0337,4.3723,12,12,95.21,95.21,0.0319,3.9265,24.0,1.2377,0.006306,0.006306,1.7767,0.067842,0.04076,0.69,0.052582,0.002793,0.027,0.0063,0.093584,0.027002
Zone_DH747,474,1156,0.005156,0.0136,0.0105,4.8776,6,6,98.31,98.31,0.0127,3.1351,37.0,1.6995,0.005307,0.005307,1.6209,0.048106,0.045741,0.74,0.0461,0.002146,0.0107,0.0053,0.079506,0.01073
Zone_DH748,457,1199,0.005754,0.0209,0.0186,5.2473,5,5,98.69,98.69,0.0109,2.2953,33.0,1.5437,0.005888,0.005888,1.5096,0.057933,0.037694,0.7142,0.046889,0.002217,0.0188,0.0059,0.09256,0.018847
Zone_DH749,326,884,0.008344,0.0212,0.0194,5.4233,9,8,93.87,94.17,0.0245,1.9782,23.0,1.2739,0.009155,0.009155,1.4279,0.075063,0.041491,0.6675,0.056903,0.003257,0.0206,0.0091,0.116313,0.02063
Zone_DH750,242,597,0.010236,0.0285,0.0303,4.9339,9,7,88.43,90.08,0.0289,3.0234,24.0,1.5428,0.011817,0.011817,1.9499,0.073991,0.05584,0.7012,0.067348,0.004587,0.026,0.0118,0.120948,0.025994
Zone_DH751,477,1136,0.005003,0.0254,0.0192,4.7631,16,11,93.92,95.6,0.0231,3.1869,26.0,1.1905,0.005369,0.005369,2.0467,0.060676,0.035159,0.7156,0.04657,0.002193,0.0201,0.0054,0.091944,0.020102
Zone_DH752,626,1472,0.003762,0.0255,0.0216,4.7029,17,12,96.96,98.24,0.0192,2.4756,37.0,1.4788,0.003898,0.003898,1.6712,0.046862,0.033312,0.7673,0.040098,0.001626,0.022,0.0039,0.07862,0.021951
Zone_DH753,708,1717,0.00343,0.0192,0.0153,4.8503,5,4,90.11,90.25,0.0056,1.3977,34.0,1.2778,0.003829,0.003829,1.6374,0.049864,0.031845,0.7258,0.039318,0.001565,0.0154,0.0038,0.073007,0.015389
Zone_DH754,659,1725,0.003978,0.0192,0.0195,5.2352,21,9,92.87,98.79,0.0137,1.7275,37.0,1.4413,0.004077,0.004077,1.5096,0.046307,0.028538,0.7302,0.038947,0.001536,0.0197,0.0041,0.073717,0.020225
Zone_DH755,512,1385,0.005294,0.0289,0.0266,5.4102,18,2,95.31,99.41,0.0039,2.6734,32.0,1.4142,0.005341,0.005341,1.4743,0.053686,0.033599,0.6881,0.044068,0.001965,0.0267,0.0053,0.088555,0.028029
Zone_DH756,309,729,0.00766,0.0533,0.0429,4.7184,18,3,92.23,99.03,0.0097,3.3811,29.0,1.6498,0.00779,0.00779,1.6836,0.057944,0.049364,0.6833,0.056839,0.003268,0.0434,0.0078,0.104366,0.045534
Zone_DH757,84,176,0.025244,0.0,0.0,4.1905,13,10,38.1,38.1,0.119,3.4859,11.9,1.2984,0.090726,0.090726,1.0667,0.173126,0.166801,0.2904,0.176509,0.03125,0.0,0.0879,0.287221,0.0
Zone_DH758,70,142,0.0294,0.0826,0.0571,4.0571,5,5,82.86,82.86,0.0714,3.7426,14.0,1.6733,0.038113,0.038113,1.8413,0.131165,0.125533,0.6565,0.13061,0.017241,0.069,0.0375,0.19616,0.073276
Zone_DH759,86,176,0.024077,0.0629,0.0271,4.093,4,4,96.51,96.51,0.0465,3.8124,19.0,2.0488,0.02586,0.02586,1.8864,0.097363,0.119288,0.6953,0.109113,0.012048,0.0281,0.0255,0.157691,0.03012
Zone_DH760,142,292,0.014584,0.0652,0.034,4.1127,6,6,94.37,94.37,0.0423,3.9198,22.0,1.8462,0.016048,0.016048,1.8741,0.081918,0.090674,0.7249,0.085922,0.007463,0.0361,0.0159,0.126364,0.037313
Zone_DH761,128,260,0.015994,0.0448,0.0273,4.0625,6,6,92.19,92.19,0.0469,3.9623,18.0,1.591,0.018108,0.018108,1.888,0.09588,0.085858,0.7045,0.091605,0.008475,0.0297,0.018,0.138786,0.029661
Zone_DH762,59,108,0.03156,0.0,0.0,3.661,6,6,55.93,55.93,0.1017,3.7541,9.0,1.1717,0.0625,0.0625,1.5,0.190354,0.144306,0.6455,0.173238,0.030303,0.0,0.0606,0.267025,0.0
Zone_DH763,26,48,0.073846,0.0,0.0,3.6923,3,3,69.23,69.23,0.1154,3.3402,6.0,1.1767,0.117647,0.117647,2.0,0.289621,0.163399,0.5922,0.234449,0.055556,0.0,0.1111,0.378276,0.0
Zone_DH764,39,74,0.049933,0.0,0.0,3.7949,3,3,84.62,84.62,0.0769,3.2863,9.0,1.4412,0.0625,0.0625,2.0,0.199183,0.136364,0.6583,0.173056,0.030303,0.0,0.0606,0.274214,0.0
Zone_DH765,69,142,0.030264,0.0238,0.0242,4.1159,7,4,82.61,95.65,0.058,3.8262,12.0,1.4446,0.0331,0.0331,1.8592,0.131749,0.084084,0.5731,0.122488,0.015152,0.0253,0.0326,0.207744,0.025253
Zone_DH766,73,166,0.031583,0.0,0.0,4.5479,3,1,89.04,100.0,0.0137,3.8751,12.0,1.4045,0.031583,0.031583,1.3193,0.130816,0.082337,0.5753,0.116597,0.013699,0.0,0.0312,0.209745,0.0
Zone_DH767,54,120,0.041929,0.0,0.0,4.4444,2,2,98.15,98.15,0.037,3.7061,13.0,1.7691,0.043541,0.043541,1.7667,0.14553,0.11992,0.5917,0.136842,0.018868,0.0,0.0427,0.227972,0.0
Zone_DH768,17,28,0.102941,0.0,0.0,3.2941,3,3,58.82,58.82,0.1765,2.9502,5.0,1.2127,0.2,0.2,1.6667,0.368192,0.230556,0.594,0.315062,0.1,0.0,0.18,0.473333,0.0
Zone_DH770,92,218,0.026039,0.0316,0.0199,4.7391,2,2,96.74,96.74,0.0217,3.9254,16.0,1.6681,0.027324,0.027324,1.6636,0.110968,0.098324,0.6721,0.105485,0.011236,0.0206,0.027,0.17064,0.020599
Zone_DH771,325,770,0.007312,0.031,0.0195,4.7385,4,4,98.77,98.77,0.0123,3.7965,23.0,1.2758,0.007477,0.007477,1.6719,0.0705,0.042549,0.7073,0.055541,0.003115,0.0197,0.0075,0.098246,0.01973
Zone_DH772,634,1558,0.003882,0.0361,0.0276,4.9148,3,3,98.9,98.9,0.0047,3.7066,26.0,1.0326,0.003944,0.003944,1.6202,0.060307,0.026008,0.658,0.039749,0.001595,0.0279,0.0039,0.080715,0.027911
Zone_DH773,846,2104,0.002943,0.0329,0.0254,4.974,5,5,99.41,99.41,0.0059,3.7403,31.0,1.0658,0.002975,0.002975,1.6004,0.051304,0.022388,0.7251,0.034333,0.001189,0.0256,0.003,0.069293,0.025565
Zone_DH774,748,1822,0.003261,0.0304,0.0212,4.8717,15,2,96.66,99.87,0.0027,3.706,35.0,1.2797,0.00327,0.00327,1.64,0.045246,0.02755,0.7127,0.036417,0.001339,0.0212,0.0033,0.06764,0.021196
Zone_DH775,756,1888,0.003308,0.0266,0.0212,4.9947,13,4,97.49,99.6,0.0053,3.6546,37.0,1.3457,0.003334,0.003334,1.5953,0.043889,0.027849,0.7478,0.036271,0.001328,0.0212,0.0033,0.068382,0.021248
Zone_DH776,695,1733,0.003593,0.0345,0.0266,4.9871,14,7,85.47,98.85,0.0101,3.5373,29.0,1.1,0.003669,0.003669,1.5894,0.052051,0.020137,0.6752,0.037976,0.001456,0.0269,0.0037,0.076294,0.027414
Zone_DH777,470,1164,0.005281,0.0527,0.0411,4.9532,9,6,98.3,98.94,0.0128,3.4852,23.0,1.0609,0.005395,0.005395,1.5979,0.070009,0.028743,0.6421,0.046153,0.002151,0.0416,0.0054,0.094819,0.042294
Zone_DH778,295,669,0.007714,0.0598,0.048,4.5356,11,9,96.61,97.29,0.0305,3.3957,22.0,1.2809,0.00815,0.00815,1.716,0.078119,0.046118,0.7306,0.058681,0.003484,0.0494,0.0081,0.107096,0.050523
Zone_DH779,174,352,0.011694,0.0206,0.0105,4.046,15,15,82.76,82.76,0.0862,3.6321,23.0,1.7436,0.01554,0.01554,1.8,0.078461,0.085597,0.7325,0.082802,0.006944,0.0127,0.0154,0.122024,0.012731
Zone_DH780,184,376,0.011167,0.01,0.0054,4.087,12,12,77.17,77.17,0.0652,3.7045,19.0,1.4007,0.015483,0.015483,1.8323,0.088869,0.072946,0.7295,0.083456,0.007042,0.007,0.0154,0.12993,0.007042
Zone_DH781,157,332,0.013555,0.0112,0.0064,4.2293,7,7,94.27,94.27,0.0446,3.8413,17.0,1.3567,0.014984,0.014984,1.816,0.1001,0.063667,0.7089,0.08178,0.006757,0.0068,0.0149,0.13929,0.006757
Zone_DH782,202,470,0.011576,0.0,0.0,4.6535,7,5,48.51,48.51,0.0248,3.3616,12.0,0.8443,0.022722,0.022722,1.8148,0.128869,0.073746,0.5817,0.100547,0.010204,0.0,0.0225,0.174175,0.0
Zone_DH783,241,628,0.010858,0.0191,0.0138,5.2116,5,3,65.56,75.1,0.0124,2.5579,16.0,1.0307,0.015347,0.015347,1.448,0.093464,0.04368,0.6698,0.074106,0.005525,0.0184,0.0153,0.144437,0.018416
Zone_DH784,193,528,0.014249,0.0275,0.0225,5.4715,4,4,91.19,91.19,0.0207,2.2876,24.0,1.7276,0.016104,0.016104,1.4194,0.081655,0.068791,0.6686,0.075201,0.005682,0.0199,0.016,0.135082,0.019886
Zone_DH785,168,424,0.015113,0.0262,0.0188,5.0476,6,6,72.02,72.02,0.0357,2.6902,14.0,1.0801,0.02314,0.02314,1.8006,0.123063,0.062533,0.5586,0.09042,0.008264,0.0193,0.0229,0.183055,0.019284
Zone_DH786,382,932,0.006404,0.015,0.0109,4.8796,5,4,98.69,99.21,0.0105,3.0332,27.0,1.3814,0.006506,0.006506,2.0333,0.062618,0.041735,0.7266,0.051089,0.002639,0.011,0.0065,0.09832,0.010994
Zone_DH787,494,1120,0.004599,0.0103,0.0094,4.5344,19,19,92.91,92.91,0.0385,2.3866,39.0,1.7547,0.005147,0.005147,1.6969,0.047633,0.045395,0.7419,0.046426,0.002179,0.0065,0.0051,0.085071,0.006536
Zone_DH788,527,1201,0.004333,0.0071,0.007,4.5579,22,17,92.41,96.96,0.0323,1.3493,33.0,1.4375,0.004608,0.004608,1.7019,0.051394,0.035288,0.6938,0.043949,0.001957,0.0072,0.0046,0.079777,0.007175
Zone_DH789,511,1247,0.004785,0.0141,0.0111,4.8806,22,16,95.69,97.06,0.0313,1.9179,35.0,1.5483,0.005079,0.005079,1.591,0.052243,0.036476,0.7005,0.04458,0.002016,0.0114,0.0051,0.080647,0.012769
Zone_DH790,370,915,0.006702,0.0493,0.0413,4.9459,18,7,86.49,89.46,0.0189,3.0986,27.0,1.4037,0.007663,0.007663,1.5818,0.063649,0.043773,0.6582,0.054596,0.003021,0.0401,0.0076,0.100369,0.042598
Zone_DH791,287,640,0.007797,0.0751,0.0567,4.4599,19,8,69.69,73.52,0.0279,3.6259,27.0,1.5938,0.010675,0.010675,1.7844,0.066399,0.065305,0.6544,0.068428,0.004739,0.0629,0.0106,0.115455,0.066825
Zone_DH792,119,259,0.018445,0.025,0.0224,4.3529,13,11,30.25,30.25,0.0924,3.1137,8.0,0.7334,0.072222,0.072222,1.5824,0.212104,0.116853,0.4588,0.166144,0.027778,0.0278,0.0702,0.308432,0.027778
Zone_DH793,76,139,0.024386,0.0744,0.0658,3.6579,6,6,51.32,51.32,0.0789,3.6111,10.0,1.1471,0.05668,0.05668,1.8571,0.175465,0.134077,0.6515,0.159284,0.025641,0.0855,0.0552,0.24885,0.08547
Zone_DH794,73,140,0.026636,0.1327,0.0776,3.8356,10,8,60.27,60.27,0.1096,3.769,12.0,1.4045,0.05074,0.05074,1.8333,0.155125,0.136187,0.655,0.149802,0.022727,0.053,0.0496,0.231403,0.056818
Zone_DH795,83,170,0.024978,0.1343,0.0783,4.0964,6,6,55.42,55.42,0.0723,3.927,11.0,1.2074,0.047343,0.047343,1.8776,0.158536,0.126043,0.6415,0.146696,0.021739,0.0761,0.0463,0.22794,0.076087
Zone_DH796,61,120,0.032787,0.1,0.0464,3.9344,5,5,75.41,75.41,0.082,4.0234,11.0,1.4084,0.047343,0.047343,1.8776,0.156321,0.128085,0.6261,0.146695,0.021739,0.0616,0.0463,0.226292,0.061594
Zone_DH797,39,72,0.048583,0.1224,0.0684,3.6923,5,5,35.9,35.9,0.1282,3.7601,6.0,0.9608,0.153846,0.153846,1.5,0.293068,0.215201,0.4909,0.266085,0.071429,0.0714,0.1429,0.402302,0.071429
Zone_DH798,35,56,0.047059,0.0714,0.0286,3.2,8,8,80.0,80.0,0.2286,3.3833,9.0,1.5213,0.074074,0.074074,2.0,0.195066,0.166667,0.6364,0.188034,0.035714,0.0357,0.0714,0.281744,0.035714
Zone_DH799,43,81,0.04485,0.0882,0.062,3.7674,7,3,58.14,74.42,0.0698,3.5773,10.0,1.525,0.066532,0.066532,1.9394,0.16006,0.121741,0.6201,0.175917,0.03125,0.0833,0.0645,0.270193,0.083333
Zone_DH800,59,109,0.031853,0.0333,0.0169,3.6949,10,5,38.98,84.75,0.0847,3.6885,12.0,1.5623,0.040408,0.040408,1.5152,0.104904,0.07523,0.5913,0.140958,0.02,0.02,0.0396,0.21623,0.02
Zone_DH801,70,150,0.031056,0.0465,0.0476,4.2857,4,1,77.14,100.0,0.0143,3.7294,15.0,1.7928,0.031056,0.031056,1.4,0.097838,0.090911,0.6423,0.119113,0.014286,0.0476,0.0306,0.186136,0.047619
Zone_DH802,42,84,0.04878,0.0,0.0,4.0,3,2,95.24,97.62,0.0476,3.3248,9.0,1.3887,0.05122,0.05122,1.4643,0.178958,0.117777,0.5956,0.155482,0.02439,0.0,0.05,0.25028,0.0
Zone_DH805,80,186,0.02943,0.0368,0.0229,4.65,3,3,97.5,97.5,0.0375,3.8756,15.0,1.6771,0.030969,0.030969,1.6774,0.121874,0.100711,0.6575,0.112674,0.012821,0.0235,0.0306,0.184032,0.023504
Zone_DH806,187,432,0.01242,0.0399,0.0232,4.6203,8,8,91.98,91.98,0.0428,3.6147,22.0,1.6088,0.014144,0.014144,1.6538,0.080083,0.072476,0.699,0.075875,0.005814,0.0252,0.0141,0.122737,0.025194
Zone_DH807,305,748,0.008067,0.0445,0.0344,4.9049,5,5,96.72,96.72,0.0164,3.5546,22.0,1.2597,0.008486,0.008486,1.6033,0.076215,0.043399,0.6533,0.057964,0.00339,0.0356,0.0085,0.106107,0.035593
Zone_DH808,400,1004,0.006291,0.0295,0.0242,5.02,7,7,97.75,97.75,0.0175,3.6498,26.0,1.3,0.006545,0.006545,1.5671,0.066033,0.036514,0.6864,0.050372,0.002558,0.0247,0.0065,0.094467,0.024723
Zone_DH809,453,1112,0.005431,0.0376,0.0283,4.9095,12,4,95.58,98.45,0.0088,3.6901,34.0,1.5975,0.005563,0.005563,1.6159,0.052834,0.043043,0.6863,0.047142,0.002242,0.0288,0.0056,0.085456,0.028774
Zone_DH810,446,1095,0.005517,0.0319,0.0228,4.9103,13,6,95.74,98.43,0.0135,3.6694,32.0,1.5152,0.005674,0.005674,1.6095,0.055163,0.037637,0.706,0.047509,0.002278,0.0232,0.0057,0.087855,0.023159
Zone_DH811,444,1108,0.005633,0.0397,0.0289,4.991,15,2,96.17,99.1,0.0045,3.4719,25.0,1.1864,0.005705,0.005705,1.5971,0.064857,0.03058,0.6441,0.047444,0.002273,0.0292,0.0057,0.094066,0.029167
Zone_DH812,329,815,0.007552,0.056,0.0446,4.9544,3,1,99.39,100.0,0.003,3.4555,22.0,1.2129,0.007552,0.007552,1.6147,0.078144,0.037326,0.6271,0.054865,0.00304,0.0446,0.0075,0.107883,0.045593
Zone_DH813,191,437,0.012042,0.0547,0.0419,4.5759,4,2,98.43,99.48,0.0105,3.3423,21.0,1.5195,0.012169,0.012169,1.7391,0.087706,0.056011,0.7224,0.072144,0.005263,0.0421,0.0121,0.126959,0.042105
Zone_DH814,86,164,0.022435,0.0252,0.0116,3.814,8,8,55.81,55.81,0.093,3.5986,11.0,1.1862,0.045213,0.045213,1.8824,0.159088,0.120702,0.6269,0.143583,0.020833,0.0208,0.0443,0.227474,0.020833
Zone_DH815,78,156,0.025974,0.0,0.0,4.0,3,3,56.41,56.41,0.0385,3.3884,12.0,1.3587,0.045455,0.045455,1.5349,0.148881,0.142631,0.6716,0.150097,0.022727,0.0,0.0444,0.220025,0.0
Zone_DH816,68,138,0.03029,0.0,0.0,4.0588,2,2,88.24,88.24,0.0294,3.6011,11.0,1.3339,0.035028,0.035028,1.4516,0.14563,0.106321,0.6692,0.128601,0.016667,0.0,0.0344,0.198832,0.0
Zone_DH817,61,126,0.034426,0.0,0.0,4.1311,4,4,78.69,78.69,0.0656,3.5995,9.0,1.1523,0.046099,0.046099,1.3846,0.17799,0.104783,0.5647,0.143696,0.020833,0.0,0.0451,0.241171,0.0
Zone_DH818,75,190,0.034234,0.0,0.0,5.0667,2,2,56.0,56.0,0.0267,2.7842,7.0,0.8083,0.069686,0.069686,1.4,0.229813,0.086208,0.4313,0.154092,0.02381,0.0,0.068,0.305705,0.0
Zone_DH819,43,114,0.063123,0.028,0.0194,5.3023,2,2,72.09,72.09,0.0465,2.9051,7.0,1.0675,0.094624,0.094624,1.4091,0.260104,0.10152,0.4161,0.179336,0.032258,0.0,0.0916,0.348055,0.0
Zone_DH820,35,52,0.043697,0.0909,0.0238,2.9714,11,11,51.43,51.43,0.3143,3.0506,7.0,1.1832,0.124183,0.124183,1.8947,0.261352,0.187908,0.6089,0.234427,0.055556,0.0463,0.1173,0.36579,0.046296
Zone_DH821,147,297,0.013838,0.0099,0.0102,4.0408,5,5,96.6,96.6,0.034,3.3464,19.0,1.5671,0.014734,0.014734,1.9254,0.089392,0.078018,0.6315,0.083531,0.007042,0.0106,0.0146,0.141367,0.010563
Zone_DH822,262,566,0.008277,0.0,0.0,4.3206,6,6,98.09,98.09,0.0229,2.3715,35.0,2.1623,0.008603,0.008603,1.8163,0.056057,0.068418,0.6567,0.062076,0.003891,0.0,0.0086,0.102561,0.0
Zone_DH823,350,781,0.006394,0.0,0.0,4.4629,13,7,86.86,98.29,0.02,1.5903,34.0,1.8174,0.006619,0.006619,1.7618,0.052198,0.049089,0.6932,0.053616,0.002907,0.0,0.0066,0.089236,0.0
Zone_DH824,302,696,0.007657,0.0048,0.0033,4.6093,7,7,97.35,97.35,0.0232,1.8809,35.0,2.014,0.008033,0.008033,1.6994,0.05491,0.059366,0.6487,0.057996,0.003401,0.0034,0.008,0.090778,0.003401
Zone_DH825,222,481,0.009804,0.0527,0.0353,4.3333,16,4,90.54,98.65,0.018,3.4397,23.0,1.5437,0.010075,0.010075,1.8212,0.067342,0.056671,0.6767,0.067194,0.004566,0.0358,0.01,0.108886,0.03653
Zone_DH826,260,563,0.008361,0.0462,0.0391,4.3308,21,4,88.46,98.85,0.0154,3.313,28.0,1.7365,0.008557,0.008557,1.8259,0.055154,0.054972,0.6573,0.062073,0.003891,0.0396,0.0085,0.105319,0.040208
Zone_DH827,278,583,0.007571,0.0222,0.0222,4.1942,15,6,87.05,93.53,0.0216,2.3507,30.0,1.7993,0.008271,0.008271,1.8671,0.054309,0.062285,0.6384,0.061778,0.003846,0.0237,0.0082,0.116103,0.023718
Zone_DH828,238,478,0.008474,0.0204,0.019,4.0168,14,4,85.29,97.06,0.0168,2.4074,29.0,1.8798,0.008846,0.008846,1.4745,0.053877,0.060604,0.6303,0.065574,0.004329,0.0196,0.0088,0.12248,0.019625
Zone_DH829,149,278,0.012607,0.0247,0.0148,3.7315,12,7,75.17,94.63,0.047,2.8616,18.0,1.4746,0.01388,0.01388,2.0584,0.078524,0.060994,0.5131,0.083913,0.007092,0.0156,0.0138,0.160433,0.015603
Zone_DH830,56,119,0.038636,0.1224,0.0804,4.25,5,4,91.07,91.07,0.0714,3.8989,12.0,1.6036,0.04549,0.04549,1.7586,0.151273,0.119656,0.6039,0.139354,0.019608,0.0882,0.0446,0.220295,0.088235
Zone_DH831,47,100,0.046253,0.1169,0.0603,4.2553,2,2,89.36,89.36,0.0426,3.7722,10.0,1.4586,0.053426,0.053426,1.8261,0.17254,0.125203,0.5721,0.153595,0.02381,0.0675,0.0522,0.241915,0.06746
Zone_DH832,28,54,0.071429,0.0833,0.0298,3.8571,2,2,57.14,57.14,0.0714,3.2916,7.0,1.3229,0.133333,0.133333,2.0,0.256061,0.217857,0.5587,0.248748,0.0625,0.0521,0.125,0.372249,0.052083
Zone_DH833,33,62,0.058712,0.0638,0.0253,3.7576,4,3,87.88,87.88,0.0909,3.3981,9.0,1.5667,0.07266,0.07266,1.9661,0.195635,0.160053,0.6348,0.184729,0.034483,0.0287,0.0702,0.282232,0.028736
Zone_DH834,40,76,0.048718,0.0896,0.0792,3.8,7,2,62.5,70.0,0.05,3.5657,9.0,1.423,0.07672,0.07672,1.931,0.187133,0.139347,0.6354,0.188013,0.035714,0.1131,0.074,0.296636,0.113095
Zone_DH835,42,72,0.041812,0.1071,0.1111,3.4286,11,6,19.05,45.24,0.1429,3.6637,7.0,1.0801,0.099415,0.099415,1.6765,0.202128,0.103027,0.592,0.228527,0.052632,0.0,0.0942,0.352307,0.0
Zone_DH836,48,93,0.041223,0.0857,0.0833,3.875,5,4,58.33,58.33,0.0833,3.6973,8.0,1.1547,0.07672,0.07672,1.4483,0.21554,0.146724,0.6346,0.188073,0.035714,0.0357,0.074,0.296895,0.035714
Zone_DH837,34,72,0.064171,0.0556,0.0294,4.2353,1,1,100.0,100.0,0.0294,3.6723,8.0,1.372,0.064171,0.064171,1.4167,0.199647,0.130849,0.6456,0.17074,0.029412,0.0294,0.0623,0.274391,0.029412
Zone_DH840,38,92,0.065434,0.0,0.0,4.8421,2,2,92.11,92.11,0.0526,3.8205,8.0,1.2978,0.07395,0.07395,1.5909,0.214888,0.115457,0.5028,0.168432,0.028571,0.0,0.0718,0.299371,0.0
Zone_DH841,64,146,0.03621,0.0261,0.0156,4.5625,2,2,76.56,76.56,0.0312,3.8451,14.0,1.75,0.048469,0.048469,1.7193,0.13543,0.141518,0.6117,0.14231,0.020408,0.0204,0.0475,0.219416,0.020408
Zone_DH842,94,228,0.026081,0.0781,0.0727,4.8511,4,4,88.3,88.3,0.0426,3.2336,20.0,2.0628,0.030855,0.030855,1.581,0.099605,0.115785,0.5967,0.10945,0.012048,0.0703,0.0305,0.170242,0.070281
Zone_DH843,109,276,0.023445,0.0366,0.0382,5.0642,3,3,97.25,97.25,0.0275,3.4208,20.0,1.9157,0.024618,0.024618,1.5474,0.096338,0.093758,0.6071,0.096834,0.009434,0.0393,0.0244,0.158369,0.039308
Zone_DH844,161,378,0.014674,0.0271,0.0259,4.6957,15,5,74.53,74.53,0.0311,3.5393,20.0,1.5762,0.021709,0.021709,1.5484,0.094461,0.084636,0.6451,0.090984,0.008333,0.0347,0.0215,0.150851,0.034722
Zone_DH845,186,441,0.012816,0.0449,0.0367,4.7419,13,7,55.91,56.45,0.0376,3.2401,17.0,1.2465,0.02381,0.02381,1.6154,0.111125,0.080534,0.5521,0.097146,0.009524,0.0254,0.0236,0.172026,0.025397
Zone_DH846,134,305,0.017114,0.0331,0.0187,4.5522,13,10,87.31,89.55,0.0746,3.1944,18.0,1.555,0.020728,0.020728,1.6216,0.100825,0.075172,0.5977,0.090843,0.008333,0.0208,0.0206,0.157557,0.020833
Zone_DH847,100,224,0.022626,0.0495,0.0283,4.48,2,2,98.0,98.0,0.02,2.9822,19.0,1.9,0.023354,0.023354,1.7658,0.101412,0.097679,0.6434,0.100554,0.010204,0.0289,0.0231,0.158927,0.028912
Zone_DH848,58,114,0.034483,0.075,0.0345,3.931,4,4,72.41,72.41,0.069,2.9936,12.0,1.5757,0.051103,0.051103,1.4318,0.149045,0.150668,0.5903,0.153676,0.02381,0.0476,0.0499,0.223126,0.047619
Zone_DH849,50,96,0.039184,0.0,0.0,3.84,4,4,44.0,44.0,0.08,3.1628,7.0,0.9899,0.099567,0.099567,1.913,0.241322,0.163853,0.4815,0.212501,0.045455,0.0,0.095,0.335049,0.0
Zone_DH850,52,98,0.036953,0.0,0.0,3.7692,4,4,38.46,38.46,0.0769,3.2451,8.0,1.1094,0.1,0.1,1.5789,0.238288,0.187427,0.626,0.222627,0.05,0.0,0.095,0.332469,0.0
Zone_DH851,22,32,0.069264,0.0,0.0,2.9091,6,6,45.45,45.45,0.2727,3.0,6.0,1.2792,0.2,0.2,1.6667,0.331758,0.269444,0.4979,0.315441,0.1,0.0,0.18,0.454497,0.0
Zone_DH856,61,128,0.034973,0.0,0.0,4.1967,2,2,98.36,98.36,0.0328,3.4886,10.0,1.2804,0.036158,0.036158,1.875,0.158576,0.095407,0.6574,0.128404,0.016667,0.0,0.0356,0.218536,0.0
Zone_DH857,85,172,0.02409,0.0,0.0,4.0471,6,5,74.12,75.29,0.0588,3.2301,10.0,1.0847,0.03373,0.03373,1.8824,0.155572,0.086812,0.6225,0.124327,0.015625,0.0,0.0332,0.219816,0.0
Zone_DH858,89,182,0.023238,0.0,0.0,4.0899,3,3,65.17,65.17,0.0337,1.898,14.0,1.484,0.036903,0.036903,1.9016,0.131387,0.124785,0.552,0.13069,0.017241,0.0,0.0363,0.199569,0.0
Zone_DH859,71,136,0.027364,0.0,0.0,3.831,8,8,66.2,66.2,0.1127,2.2758,11.0,1.3055,0.046253,0.046253,1.41,0.158841,0.121102,0.5506,0.145206,0.021277,0.0,0.0453,0.230063,0.0
Zone_DH860,96,194,0.021272,0.0802,0.0434,4.0417,10,4,79.17,96.88,0.0417,3.6036,18.0,1.8371,0.022674,0.022674,1.9175,0.083504,0.082549,0.6717,0.10315,0.010753,0.0448,0.0224,0.157826,0.046595
Zone_DH861,188,424,0.012061,0.0454,0.0399,4.5106,12,1,85.64,100.0,0.0053,2.8637,23.0,1.6774,0.012061,0.012061,1.7736,0.065241,0.054669,0.62,0.072589,0.005319,0.0399,0.012,0.126976,0.04078
Zone_DH862,273,574,0.00773,0.0225,0.0226,4.2051,15,5,88.64,95.6,0.0183,2.2675,30.0,1.8157,0.008223,0.008223,1.871,0.053978,0.061452,0.6467,0.06166,0.003831,0.0236,0.0082,0.115826,0.023627
Zone_DH863,229,454,0.008695,0.0213,0.0198,3.9651,13,3,85.59,97.82,0.0131,2.4022,29.0,1.9164,0.008969,0.008969,1.5,0.05449,0.064644,0.6098,0.066601,0.004464,0.0202,0.0089,0.12437,0.020238
Zone_DH864,136,262,0.01427,0.0265,0.0162,3.8529,9,2,76.47,99.26,0.0147,2.8562,18.0,1.5435,0.014483,0.014483,2.0611,0.078241,0.0554,0.4937,0.085749,0.007407,0.0163,0.0144,0.162585,0.016296
Zone_DH865,26,55,0.084615,0.1364,0.1282,4.2308,4,3,84.62,84.62,0.1154,3.699,7.0,1.3728,0.112554,0.112554,1.6923,0.250905,0.159524,0.4694,0.212393,0.045455,0.1515,0.1074,0.346887,0.151515
Zone_DH866,17,34,0.125,0.1304,0.098,4.0,2,2,94.12,94.12,0.1176,3.1019,8.0,1.9403,0.141667,0.141667,1.4118,0.235098,0.245833,0.4837,0.2494,0.0625,0.1042,0.1328,0.36179,0.104167
Zone_DH868,17,28,0.102941,0.1579,0.049,3.2941,5,3,70.59,76.47,0.1765,3.3249,6.0,1.4552,0.160256,0.160256,2.08,0.289022,0.199883,0.532,0.275883,0.076923,0.0641,0.1479,0.417384,0.064103
Zone_DH869,17,26,0.095588,0.0,0.0,3.0588,5,4,64.71,64.71,0.2353,3.3927,6.0,1.4552,0.190909,0.190909,1.5714,0.334784,0.234343,0.5517,0.300666,0.090909,0.0,0.1736,0.463333,0.0
Zone_DH870,17,24,0.088235,0.0,0.0,2.8235,6,4,41.18,41.18,0.2353,2.9183,3.0,0.7276,0.285714,0.285714,1.75,0.478311,0.238095,0.64,0.376594,0.142857,0.0,0.2449,0.571429,0.0
Zone_DH871,27,54,0.076923,0.0789,0.037,4.0,2,2,81.48,81.48,0.0741,3.606,8.0,1.5396,0.099567,0.099567,1.4348,0.229226,0.177489,0.553,0.21229,0.045455,0.0455,0.095,0.328802,0.045455
Zone_DH872,21,44,0.104762,0.0968,0.0476,4.1905,1,1,100.0,100.0,0.0476,3.5383,8.1,1.7676,0.104762,0.104762,1.4318,0.222128,0.193734,0.5552,0.217448,0.047619,0.0476,0.0998,0.328617,0.047619
