zone_id,density,transitivity,avg_clustering_coef,avg_degree,n_scc,n_wcc,gscc_pct,gwcc_pct,wcc_fragmentation,orientation_entropy,path_length_p90_norm,mean_in_degree_centrality,mean_out_degree_centrality,hub_dominance_ratio,mean_closeness_centrality,mean_betweenness_centrality,betweenness_gini,mean_katz_centrality,mean_pagerank,mean_local_clustering,mean_strength_norm,global_efficiency,local_efficiency
Zone_DH009,0.932835452500335,0.5,0.46894689468946893,0.5098453454673492,0.0196078431372549,0.038461538461538464,0.922791846819024,0.9138643880926131,0.2637409458883681,0.49570262140094534,0.3074566675714452,0.4553952742255382,0.4553952742255382,0.18531659388646285,0.6041826367670399,0.6279891915405005,0.5125628140703518,0.6108145506936923,0.3983370034776121,0.5555,0.509938561619082,0.6542432499918577,0.555555
Zone_DH010,0.535024435652781,0.5716,0.4446444644464446,0.5098453454673492,0.0392156862745098,0.07692307692307693,0.908462013588635,0.8978776185226021,0.23412867490413292,0.6424939120469847,0.39745627980922094,0.2676494222949892,0.2676494222949892,0.17587336244541488,0.3887865602833051,0.5870187894672817,0.601662156938539,0.46051629153213486,0.2378915321949869,0.5335,0.30827611131189014,0.46703072018180963,0.533335
Zone_DH011,0.6235358001706617,0.48,0.22502250225022502,0.3473362043281601,0.058823529411764705,0.11538461538461539,0.8147004323656578,0.7932745314222712,0.42351938645078824,0.7699111875089528,0.3327387645895537,0.3729876633871361,0.3729876633871361,0.5094432314410481,0.5126979842584295,0.6638908242371964,0.6115191341321995,0.5700792420952253,0.3511485746603612,0.294,0.4210336104083845,0.5823227772289231,0.29412
Zone_DH012,0.6641843146381196,0.0,0.0,0.45824869315565664,0.0392156862745098,0.07692307692307693,0.4117356392835083,0.34371554575523705,0.30187473370259904,0.7151912333476579,0.0642909767730428,0.6534341771428056,0.6534341771428056,0.16828602620087338,0.7973245808186048,0.6108843988808158,0.3571704677232316,0.7231424232844269,0.5441921470945693,0.0,0.7126852186483557,0.8250896563204541,0.0
Zone_DH013,0.543754980571364,0.4212,0.4000900090009001,0.6542888870832316,0.0196078431372549,0.038461538461538464,0.9588634959851761,0.9541069459757442,0.1395398380911802,0.7075991978226616,0.2921788359378029,0.24882096411577576,0.24882096411577576,0.34890829694323144,0.41058507249975706,0.4542428364464793,0.3218013142636258,0.4238545137935146,0.20469778467684677,0.45999999999999996,0.28839898807372605,0.4698009285897812,0.45976999999999996
Zone_DH014,0.4310900487302628,0.4212,0.25697569756975697,0.5717613282413803,0.0392156862745098,0.07692307692307693,0.8234712785670166,0.8030595369349504,0.18001704303365995,0.77875662512534,0.2501454108340766,0.23201800982956272,0.23201800982956272,0.14017467248908294,0.3752345580375941,0.4942584666880477,0.5206803247004251,0.41566080859069315,0.19777866021683932,0.33349999999999996,0.26924466931694974,0.43569171977288274,0.333335
Zone_DH015,0.2510419531597097,0.3564,0.2524752475247525,0.5383656997372768,0.058823529411764705,0.07692307692307693,0.9132798023471279,0.9516262403528114,0.10950149126544524,0.7985603781693167,0.29078289193066814,0.11534236433186963,0.11534236433186963,0.4441048034934499,0.25586206151952584,0.3419299661959162,0.6030150753768846,0.29247536964960374,0.10662069961373234,0.291,0.1358872425009035,0.31187009875765836,0.310605
Zone_DH016,0.16994238404524648,0.1568,0.05895589558955896,0.4892879391132418,0.09803921568627451,0.11538461538461539,0.8123533045089562,0.9476295479603087,0.10524073285044737,0.7756410256410257,0.29295436038621114,0.07862145348714723,0.07862145348714723,0.4883187772925765,0.19589941805853964,0.25360804220165223,0.6312330885195208,0.24061559032510507,0.07639315066844758,0.06799999999999999,0.09288037585833032,0.2744532864333974,0.07675499999999999
Zone_DH017,0.13194547288100927,0.2884,0.25607560756075604,0.5507163944638552,0.11764705882352941,0.11538461538461539,0.9184681902408895,0.9349503858875413,0.07775884107371112,0.8170032946569259,0.4413897398115476,0.061740247936122886,0.061740247936122886,0.42931222707423583,0.13146046792843957,0.3111450257862122,0.6140316969462698,0.20145061232528128,0.05679698687171341,0.2985,0.07336465486086013,0.20182895274903828,0.30528
Zone_DH018,0.12628260731588634,0.3396,0.31863186318631864,0.5769616207578342,0.23529411764705882,0.11538461538461539,0.5518221124150711,0.804851157662624,0.07285896889646357,0.8629494341784844,0.3459226802124937,0.06659182635442407,0.06659182635442407,0.39825327510917036,0.11987562215912158,0.2123795936874468,0.594897564746811,0.20668504765409193,0.05925177189752476,0.32649999999999996,0.07914709071196241,0.20390796611334874,0.32646
Zone_DH019,0.0930458882518459,0.284,0.27362736273627364,0.6461092603125592,0.23529411764705882,0.0,0.46386658431130323,1.0,0.010864933958244567,0.7743518120613092,0.3408429950754198,0.03966737193127132,0.03966737193127132,0.3874454148471616,0.06790036816704635,0.10642941139606812,0.7558948589099344,0.14913994599721175,0.03506491943732477,0.304,0.04734369353089989,0.15152551450604887,0.30398499999999995
Zone_DH020,0.06748189363967814,0.1484,0.11746174617461747,0.6696189160640286,0.17647058823529413,0.038461538461538464,0.8975911056207535,0.9936604189636165,0.017043033659991477,0.6519123334765793,0.27860715809065884,0.029055296557245314,0.029055296557245314,0.3647379912663756,0.09604517334081905,0.14158270941390283,0.7037108620023192,0.1200655081807487,0.025083330325018346,0.131,0.03469461510661366,0.13515396279126995,0.13117499999999999
Zone_DH021,0.06700940049788083,0.2076,0.18226822682268226,0.6904200861298446,0.1568627450980392,0.07692307692307693,0.9499691167387276,0.9875964718853362,0.026203664252236896,0.6488325454805901,0.2983442553026484,0.02913655748608783,0.02913655748608783,0.3450327510917031,0.09368501743665042,0.15165757974556623,0.5458059528411288,0.11862215150839842,0.024571916777974323,0.2045,0.03469461510661366,0.14762804297713267,0.204545
Zone_DH022,0.06080352042651321,0.1612,0.1512151215121512,0.7475149643834132,0.21568627450980393,0.038461538461538464,0.8925262507720815,0.9944873208379271,0.014273540690242864,0.7063457957312705,0.5059133739191128,0.02613893211100845,0.02613893211100845,0.3094978165938865,0.0514073482255644,0.18976366632383357,0.6233088519520681,0.10726705467134484,0.021100321288040142,0.16849999999999998,0.03108059269967474,0.105819789891182,0.16865
Zone_DH023,0.0654508783435942,0.1936,0.18496849684968494,0.7591614528317217,0.2549019607843137,0.07692307692307693,0.7725756639901175,0.9250275633958104,0.024286322965487855,0.7467411545623835,0.27763775253014855,0.030280229817945425,0.030280229817945425,0.2895742358078603,0.08790663024584057,0.1260778046883352,0.631812910707383,0.11623037734577849,0.023849921182147456,0.21749999999999997,0.03614022406938923,0.12516963229147443,0.21755
Zone_DH024,0.05979506491491597,0.162,0.162016201620162,0.831288426640665,0.0196078431372549,0.038461538461538464,0.9954292773316862,0.9949007717750826,0.012995313165743502,0.7891419567397221,0.3594555818372175,0.025687482506327824,0.025687482506327824,0.25655021834061137,0.07809891925157363,0.1464008051048959,0.7582141476613838,0.10111529750768322,0.019343465338194768,0.181,0.03071919045898084,0.10540181592498905,0.186885
Zone_DH025,0.08313763654699191,0.1932,0.18676867686768678,0.762438720511362,0.11764705882352941,0.23076923076923078,0.8911673872760963,0.8785832414553473,0.07477631018321261,0.7980232058444349,0.3398735895149094,0.0409464791445331,0.0409464791445331,0.26790393013100444,0.12150592198313558,0.19532272393823105,0.5761499806725938,0.13911677973392483,0.03141282504843387,0.22749999999999998,0.04878930249367546,0.15165398269479213,0.23674
Zone_DH026,0.12109223489256069,0.2104,0.22547254725472546,0.7297743831423851,0.0392156862745098,0.07692307692307693,0.9814700432365658,0.9793274531422271,0.0455901150404772,0.8601561380890989,0.4655085501570437,0.05333124663293837,0.05333124663293837,0.31157205240174674,0.11062717958130446,0.292823728476162,0.8061461151913414,0.17000253947852587,0.04315728674055088,0.2545,0.06324539212143114,0.15793625806545,0.254455
Zone_DH027,0.2126360180816778,0.218,0.2686768676867687,0.5421846645540477,0.11764705882352941,0.23076923076923078,0.6865966646077826,0.6503583241455346,0.22006817213463992,0.8692880676120899,0.29427275194850516,0.1392782223720366,0.1392782223720366,0.35884279475982533,0.25620323684693536,0.41294066037770627,0.66988790104368,0.30944323228972864,0.11755893289050935,0.39999999999999997,0.1637152150343332,0.31707939334064333,0.39999999999999997
Zone_DH028,0.133955331767759,0.1312,0.117011701170117,0.7407437501692803,0.09803921568627451,0.19230769230769232,0.8177887584928969,0.7967199558985667,0.10225820195994886,0.8297521845007878,0.21730195044398778,0.06983022485199977,0.06983022485199977,0.29110262008733634,0.1975577892702519,0.22596389561652824,0.584460765365288,0.19731489015459722,0.05507623070165939,0.072,0.08276111311890134,0.23064020583860775,0.072115
Zone_DH029,0.09994992983124236,0.2296,0.15751575157515751,0.7134151296010399,0.27450980392156865,0.07692307692307693,0.630142063001853,0.5873759647188534,0.03813378781423093,0.9048488755192665,0.15906006436852924,0.06756695750053421,0.06756695750053421,0.2694323144104804,0.19880804569158184,0.20670257198574113,0.5775028991109392,0.19033650681772243,0.05192351659988207,0.144,0.0802312974340441,0.22806360441930573,0.14393999999999998
Zone_DH030,0.09085972595397775,0.3092,0.25742574257425743,0.717694536984372,0.27450980392156865,0.07692307692307693,0.5906114885731933,0.7115490628445423,0.03451214316148274,0.9012319151983955,0.287564465469774,0.05185952092167952,0.05185952092167952,0.3014737991266376,0.11640556677211432,0.16739841264575017,0.607267104754542,0.1656517390245293,0.041466613720322974,0.3615,0.061799783158655586,0.17822337542023572,0.37071
Zone_DH031,0.09936460250632928,0.3796,0.36273627362736277,0.8950461796809404,0.058823529411764705,0.038461538461538464,0.8764669549104386,0.9541069459757442,0.021090754154239454,0.8779902592751755,0.36166582651518087,0.04467244321516389,0.04467244321516389,0.21086244541484722,0.10953455479858779,0.18096428268618975,0.5834943950521841,0.14042279726150925,0.03180390599617342,0.4165,0.053126129382002174,0.15241574477170658,0.42863999999999997
Zone_DH032,0.157029922214935,0.2284,0.20972097209720972,0.9046342190081526,0.0196078431372549,0.038461538461538464,0.9372452130945028,0.9299889746416758,0.03344695355773327,0.8903094112591319,0.22556128581953547,0.07182864176871936,0.07182864176871936,0.20660480349344984,0.20074065276773087,0.19639177347946135,0.5231928875144957,0.18855368924038496,0.0509488225455158,0.24549999999999997,0.08529092880375858,0.23031632125008597,0.252975
Zone_DH033,0.53852229532937,0.2,0.09675967596759674,0.6845968419056905,0.0,0.0,1.0,1.0,0.06625479335321688,0.8044692737430167,0.21330799953468538,0.22978483911840922,0.22978483911840922,0.3578056768558952,0.44811867718983817,0.3811640843590679,0.5164282953227677,0.4078247034251865,0.19131078300422363,0.10749999999999998,0.26671485363209246,0.48345655422986045,0.107525
Zone_DH044,0.3365561596885776,0.1876,0.10711071107110712,0.5098453454673492,0.058823529411764705,0.11538461538461539,0.7646695491043854,0.7374586549062845,0.20025564550489985,0.8063672826242658,0.2642987320175269,0.1952790410006531,0.1952790410006531,0.420906113537118,0.36624523596160696,0.44096450386885344,0.5703517587939699,0.3866718838266314,0.1741874541231965,0.147,0.22732200939645825,0.4191500834138522,0.14706
Zone_DH045,0.26910952673112315,0.2892,0.17326732673267325,0.5098453454673492,0.0784313725490196,0.15384615384615385,0.8811612106238418,0.8674200661521498,0.20238602471239878,0.8319366852886406,0.4248710690604521,0.1387725988147943,0.1387725988147943,0.4237991266375546,0.2445298582394921,0.4687929693403965,0.6364514882102823,0.3206117551942701,0.12524216935610025,0.213,0.16299241055294544,0.3168857863519739,0.21276499999999998
Zone_DH046,0.34468727300935814,0.2,0.1152115211521152,0.4542943040546031,0.13725490196078433,0.2692307692307692,0.7148857319332922,0.6819184123484013,0.43438432040903274,0.8860120326600772,0.22253674047074332,0.2389372274373012,0.2389372274373012,0.3534934497816594,0.4090044374385939,0.4328212954668613,0.38944723618090454,0.41581110425855,0.19777866021683932,0.1665,0.27719551861221536,0.4686790937021637,0.166665
Zone_DH047,0.34292423889817414,0.1644,0.17056705670567057,0.5837057501151107,0.0392156862745098,0.07692307692307693,0.43854231006794314,0.37362183020948175,0.14273540690242859,0.8868356968915627,0.2460739074799333,0.29120305300319327,0.29120305300319327,0.3881550218340612,0.39201908854363476,0.6142426889913702,0.46463084654039444,0.47166149269511237,0.24792125434701512,0.347,0.3346584748825443,0.480630254077508,0.34722000000000003
Zone_DH048,0.3752300759515095,0.1464,0.10486048604860486,0.6610059315836514,0.0196078431372549,0.038461538461538464,0.8851142680667079,0.8718302094818082,0.09650617809970174,0.7984887551926658,0.25801698398542017,0.18361358321570564,0.18361358321570564,0.3433406113537118,0.34041308126666736,0.40366942039082976,0.39022033243138776,0.35762076775173235,0.15149874252433726,0.128,0.21467293097217202,0.4000336550466286,0.12820499999999999
Zone_DH049,0.22908160027080202,0.3404,0.30018001800180016,0.6801007556675062,0.0784313725490196,0.15384615384615385,0.9294626312538605,0.9213065049614113,0.14955262036642522,0.9336771236212577,0.23564310364884253,0.11043059263294439,0.11043059263294439,0.3072598253275109,0.25680353267617495,0.2944752256984764,0.4872439118670275,0.26233849693966926,0.08839031081910399,0.3535,0.13046620889049512,0.2950244813323055,0.353535
Zone_DH050,0.15502006332818524,0.2884,0.2007200720072007,0.6369816635519081,0.0784313725490196,0.0,0.9117974058060531,1.0,0.019173412867490414,0.9197106431743303,0.23502268409011592,0.0661162994374938,0.0661162994374938,0.39481441048034943,0.18896794463458613,0.2105216593123431,0.5523772709702359,0.2051561779293403,0.058620025751176245,0.223,0.07842428623057462,0.23599787213253573,0.23384499999999997
Zone_DH051,0.08124061184335794,0.1052,0.05670567056705671,0.5232252647544758,0.0784313725490196,0.0,0.9161210623841877,1.0,0.010651896037494673,0.9110442629995702,0.3960603358020861,0.03462919434303549,0.03462919434303549,0.49612445414847167,0.10219928525928244,0.22403960644231374,0.7299961345187477,0.14734158059216493,0.03436699036135879,0.063,0.041199855439103726,0.17237716812686144,0.06687
Zone_DH052,0.06983025507577521,0.1564,0.1467146714671467,0.5186208390888654,0.13725490196078433,0.038461538461538464,0.8931439159975293,0.9851157662624036,0.020451640391989774,0.8940696175333046,0.4385202993524371,0.03030430713019506,0.03030430713019506,0.4947052401746726,0.07846600662916617,0.2163719407672827,0.7321221492075765,0.13542417065295695,0.030101199716015065,0.165,0.03614022406938923,0.1467378127114749,0.16848999999999997
Zone_DH053,0.08480899288439432,0.2236,0.19531953195319532,0.5886351940629992,0.2549019607843137,0.11538461538461539,0.34119827053736873,0.9666482910694597,0.048998721772475495,0.9022704483598337,0.4201015937027415,0.03790671847301686,0.03790671847301686,0.41637554585152836,0.05629608836009112,0.13511680287832376,0.7605334364128333,0.14800754587904827,0.0345956223000373,0.22249999999999998,0.04517528008673653,0.13582887313494948,0.22256499999999999
Zone_DH054,0.050909372994548695,0.1988,0.1773177317731773,0.7129817718913355,0.23529411764705882,0.11538461538461539,0.601111797405806,0.9856670341786107,0.02705581593523647,0.8369144821658788,0.34274302997401995,0.02221433021431818,0.02221433021431818,0.3275109170305678,0.04539359324559225,0.10508019714748093,0.7491302667182066,0.09735272320202332,0.01833868813400238,0.199,0.026382363570654134,0.10434511983729775,0.19883
Zone_DH055,0.036036417232600614,0.1452,0.12466246624662465,0.7692641044392079,0.11764705882352941,0.07692307692307693,0.9080914144533663,0.9658213891951488,0.013208351086493396,0.7690517117891419,0.20869362906665637,0.015945200037319838,0.015945200037319838,0.2924126637554586,0.06285399639390636,0.0915253862402265,0.7386934673366834,0.07473581649417214,0.012538656847526562,0.142,0.01915431875677629,0.08599226295809766,0.14206999999999997
Zone_DH056,0.035782540320590125,0.1552,0.1404140414041404,0.7646055090598846,0.21568627450980393,0.3076923076923077,0.9510809141445338,0.9590683572216098,0.04495100127822752,0.734565248531729,0.20811198573035017,0.01621907946415942,0.01621907946415942,0.49841703056768566,0.06542144869953898,0.10263612871356477,0.6714340935446464,0.07497162521443045,0.012574756627317904,0.16049999999999998,0.01915431875677629,0.09504293732561801,0.16071499999999997
Zone_DH057,0.029033645742977825,0.2004,0.18991899189918993,0.8134665908290675,0.1568627450980392,0.3076923076923077,0.9801111797405806,0.9778114663726571,0.036003408606732,0.7369288067612089,0.40486253829151975,0.012863304069366737,0.012863304069366737,0.46648471615720527,0.032400859416331064,0.11896309567256119,0.7916505604947816,0.06152793685508906,0.009554408384775519,0.2145,0.015178894109143476,0.06206822927410045,0.21789499999999998
Zone_DH058,0.028138024414496372,0.2232,0.20747074707470747,0.7931258633298122,0.23529411764705882,0.19230769230769232,0.9432983323038913,0.9587927232635062,0.023008095440988495,0.7784701332187365,0.3148241498313234,0.01266466624330726,0.01266466624330726,0.48400655021834066,0.0394100689908336,0.10388949714121408,0.8341708542713568,0.06168859774141889,0.009608558054462533,0.2375,0.015178894109143476,0.06657366293566094,0.241085
Zone_DH059,0.03280653874091156,0.2504,0.22682268226822683,0.8300966929389778,0.1568627450980392,0.07692307692307693,0.6905497220506486,0.9939360529217199,0.011504047720494247,0.8258129207849878,0.2711621233859398,0.014109304978285275,0.014109304978285275,0.46637554585152846,0.038021614968527656,0.04398585905503394,0.7794742945496714,0.06587614600446741,0.010511052549246114,0.253,0.016624503071919046,0.06551334802575154,0.263245
Zone_DH060,0.03975994527542119,0.2232,0.19036903690369034,0.764578424203028,0.21568627450980393,0.15384615384615385,0.9131562693020383,0.9105567805953694,0.026203664252236896,0.8221959604641168,0.35073093179262477,0.018789332546807803,0.018789332546807803,0.2830786026200873,0.06078103237926604,0.12807213503938897,0.8115577889447237,0.08327416521121724,0.014614394185528802,0.2045,0.02240693892302132,0.08306101696141974,0.21315
Zone_DH061,0.044611815149399506,0.2004,0.20387038703870386,0.7620866173722272,0.0392156862745098,0.0,0.9925880172946264,1.0,0.0038346825734980826,0.8090173327603495,0.25545775330567294,0.018996999364960892,0.018996999364960892,0.30327510917030576,0.08211096835490872,0.10348399559109224,0.8260533436412834,0.08554933066601712,0.015185974032225066,0.22649999999999998,0.022768341163715216,0.09473533743707774,0.22637
Zone_DH062,0.057764049618832025,0.2436,0.25292529252925294,0.6686438612171933,0.058823529411764705,0.07692307692307693,0.9851760345892526,0.9889746416758545,0.023008095440988495,0.8599770806474717,0.29101554926519063,0.02506147238783735,0.02506147238783735,0.36222707423580786,0.09766251713974154,0.14146474532659464,0.7112485504445304,0.10876482874067778,0.021587668315223272,0.2835,0.029996385977593062,0.11181617830660834,0.2834
Zone_DH063,0.060859937518071096,0.136,0.10711071107110712,0.7066168305300505,0.21568627450980393,0.15384615384615385,0.8941321803582459,0.9437706725468578,0.04090328078397955,0.9173828964331757,0.36992516189072866,0.027812305312357986,0.027812305312357986,0.3226528384279476,0.08250612712019952,0.15215892711662593,0.7385001932740627,0.11273470741579554,0.022827094088059392,0.12399999999999999,0.03324900614383809,0.10972088024231634,0.124115
Zone_DH064,0.04493621342585735,0.1976,0.16561656165616562,0.7341621299531431,0.19607843137254902,0.23076923076923078,0.9318097591105621,0.9703693495038588,0.04324669791222837,0.9488611946712504,0.3700802667804103,0.020068439760069588,0.020068439760069588,0.30502183406113537,0.052860582373327865,0.14386457722777024,0.7500966370313105,0.08891802666970713,0.01608846852700865,0.188,0.023852547885796892,0.09759420698939324,0.19200499999999998
Zone_DH065,0.038250788076247697,0.2464,0.22007200720072007,0.8234609030091274,0.19607843137254902,0.038461538461538464,0.7274861025324274,0.993109151047409,0.008095440988495952,0.9212505371723249,0.3470084144402653,0.01644179460246853,0.01644179460246853,0.2617903930131005,0.03429243907969035,0.07119869944593744,0.7873985311171241,0.07403098163801548,0.012382224468430741,0.24549999999999997,0.019515720997470183,0.07995425808716296,0.24874
Zone_DH066,0.034675354898766574,0.2496,0.24257425742574257,0.9406570786273395,0.21568627450980393,0.07692307692307693,0.6733786287831995,0.976433296582139,0.011077971878994461,0.8936040681850737,0.2450657256970026,0.015243948318049257,0.015243948318049257,0.3848253275109171,0.04416277086189956,0.061278656978865996,0.6687282566679551,0.06486812850797863,0.010276403980602382,0.27399999999999997,0.018070112034694615,0.07484990934850344,0.27856
Zone_DH067,0.05136776186345653,0.2456,0.23177317731773175,0.9082906746837842,0.21568627450980393,0.15384615384615385,0.8760963557751699,0.9790518191841235,0.029825308904985085,0.8991548488755192,0.15335995967272872,0.022605586538374724,0.022605586538374724,0.40245633187772933,0.09563489921292147,0.07744710969554207,0.6053343641283341,0.08805253092722061,0.01579365365871268,0.26149999999999995,0.027105168052041922,0.11501340773631813,0.26388999999999996
Zone_DH068,0.09411076085500102,0.164,0.14176417641764175,0.8228379513014272,0.058823529411764705,0.11538461538461539,0.9793699814700432,0.9769845644983461,0.04473796335747763,0.834801604354677,0.30385047888634686,0.041608605231398026,0.041608605231398026,0.45884279475982537,0.12878288940952914,0.1677523049076747,0.5815616544259762,0.13861924924722602,0.031220292889546704,0.16,0.049512106975063246,0.1542468688140758,0.160075
Zone_DH069,0.5134519502683338,0.1848,0.13636363636363635,0.7068335093849027,0.0,0.0,1.0,1.0,0.061994034938219,0.5671107291219023,0.4008298111597968,0.2190854834874783,0.2190854834874783,0.11053493449781666,0.3391304347826087,0.4965034707246313,0.4903362968689603,0.3939534498038383,0.17954827142221097,0.1515,0.25478857968919405,0.4192405539693052,0.15151499999999998
Zone_DH072,0.815304546512366,0.0,0.0,0.3744210611846916,0.0196078431372549,0.038461538461538464,0.8455836936380482,0.827728776185226,0.2637409458883681,0.5540037243947858,0.21051611152041572,0.4267312339923495,0.4267312339923495,0.2995087336244541,0.6222886818324138,0.6509442656551248,0.6959798994974874,0.6338719791866414,0.4269881953720082,0.0,0.47560534875316235,0.6580013968653762,0.0
Zone_DH073,0.7985134096374495,0.0,0.0,0.29316649061509714,0.058823529411764705,0.11538461538461539,0.42347127856701666,0.3568081587651598,0.5656156795909671,0.5393568256696748,0.12629415642328123,0.7491956672876607,0.7491956672876607,0.3534934497816594,0.865931052353138,0.8332356443235314,0.5983764978739853,0.8576725938440968,0.7493050792390166,0.0,0.7867726779906036,0.8750637817415944,0.0
Zone_DH074,0.6336556159688578,0.0,0.0,0.5098453454673492,0.0196078431372549,0.038461538461538464,0.516615194564546,0.46072216097023144,0.18278653600340855,0.688583297521845,0.21094264996704026,0.4928776300701554,0.4928776300701554,0.18193231441048033,0.6074410770775526,0.6745739468940426,0.4406648627754155,0.6347763444984011,0.4269881953720082,0.0,0.5493314058547164,0.6844423214020765,0.0
Zone_DH075,0.7719973766052425,0.0,0.0,0.5640150591804123,0.0196078431372549,0.038461538461538464,0.8147004323656578,0.7932745314222712,0.21048146570089474,0.7556582151554219,0.2460351312575129,0.41724778263002504,0.41724778263002504,0.15032751091703062,0.5701860269269389,0.5735377061145948,0.5612678778507925,0.5706700595481802,0.3511485746603612,0.0,0.47126852186483564,0.6324470837721156,0.0
Zone_DH076,0.730030112622619,0.0,0.0,0.3894802415969232,0.0392156862745098,0.07692307692307693,0.6568252007411983,0.6171444321940464,0.3525777588410736,0.7980590173327603,0.27418666873473185,0.4983913345753215,0.4983913345753215,0.23651746724890832,0.59335787780309,0.7632645086611446,0.518940858136838,0.6606220167605583,0.4600435604009482,0.0,0.5518612215395735,0.6766980418552978,0.0
Zone_DH077,0.4592351252812039,0.0,0.0,0.0,0.13725490196078433,0.2692307692307692,0.20061766522544777,0.10818632855567803,1.0,0.492837702334909,0.10198146496568306,1.0,1.0,0.4002729257641922,0.9913950400017274,1.0,0.5187475840742172,1.0,1.0,0.0,1.0,1.0,0.0
Zone_DH078,0.43918590136881963,0.0,0.0,0.24983071964464668,0.11764705882352941,0.23076923076923078,0.15997529339098207,0.06284454244762953,0.593949723050703,0.7976292794728549,0.0360231106285626,0.7491956672876607,0.7491956672876607,0.3534934497816594,0.8381209444942291,0.877121971179899,0.5660997294163125,0.8578539851673724,0.7493050792390166,0.0,0.7864112757499097,0.8664473660402486,0.0
Zone_DH079,0.22032284680644,0.2768,0.19306930693069307,0.6336502261585546,0.0196078431372549,0.038461538461538464,0.947004323656578,0.9408765159867695,0.05837239028547081,0.9124409110442631,0.2819806894412346,0.10023385089522457,0.10023385089522457,0.38018558951965076,0.24106844020254586,0.31515949113241837,0.738113645148821,0.25945178359496873,0.08702453581699818,0.22399999999999998,0.11853993494759668,0.28039720192666095,0.23632
Zone_DH080,0.17058412846171744,0.254,0.15346534653465346,0.6845968419056905,0.0196078431372549,0.038461538461538464,0.8538604076590488,0.836962513781698,0.04324669791222837,0.9228620541469703,0.2485168094924193,0.08559183538341615,0.08559183538341615,0.33122270742358084,0.21295386575398667,0.28718357055174015,0.6888287591805181,0.22917498043565013,0.07059913601193699,0.193,0.10119262739428984,0.24874879221808474,0.20325
Zone_DH081,0.24892631222628891,0.2904,0.2502250225022502,0.6474093334416727,0.09803921568627451,0.19230769230769232,0.3332921556516368,0.25620176405733186,0.20025564550489985,0.8977582008308265,0.11663887704059873,0.2710593716423436,0.2710593716423436,0.2734170305676857,0.4210341067360534,0.4468442763456201,0.49980672593737935,0.423359574611434,0.20469778467684677,0.316,0.31405854716299236,0.49979191772245807,0.31609
Zone_DH082,0.2919090838569544,0.2928,0.28487848784878483,0.5531811164377997,0.09803921568627451,0.19230769230769232,0.18468190240889437,0.09040793825799337,0.25308904985087344,0.8434321730411115,0.0,0.43937784225146953,0.43937784225146953,0.11370087336244539,0.6439597931354659,0.4795719378181806,0.31097796675686123,0.5704316595233037,0.3511485746603612,0.0,0.4962052764727142,0.6811365273058231,0.0
Zone_DH083,0.3176493818802406,0.2856,0.1719171917191719,0.6001191733701688,0.0392156862745098,0.07692307692307693,0.8712785670166769,0.8563947078280044,0.1305922454196847,0.842214582438046,0.3414634146341463,0.16009606847587604,0.16009606847587604,0.3757641921397381,0.2929422053314043,0.43117348462227534,0.576923076923077,0.33794240048094615,0.1371490800572783,0.213,0.1875677629201301,0.35515664071971137,0.21317999999999998
Zone_DH084,0.272826002637499,0.4104,0.355985598559856,0.6751171420059044,0.058823529411764705,0.11538461538461539,0.9372452130945028,0.9299889746416758,0.14188325521942904,0.9539822375017907,0.3316142541393618,0.12967438444846402,0.12967438444846402,0.09203056768558958,0.24583193876118806,0.3756123995001272,0.5856204097410129,0.28960938674184905,0.10466529487503459,0.4165,0.15287314781351646,0.3085588764280778,0.416665
Zone_DH085,0.16717089442246524,0.1412,0.10486048604860486,0.5665339508680696,0.21568627450980393,0.07692307692307693,0.8132180358245831,0.919928335170893,0.0717937792927141,0.9475003581148832,0.2275776493853969,0.07945212075975959,0.07945212075975959,0.16293668122270744,0.21110115416590192,0.22238810921999935,0.6213761113258601,0.23120915456095528,0.0715076471366858,0.1235,0.09396458258041199,0.2720883861138554,0.123455
Zone_DH086,0.06462577837956009,0.0648,0.047254725472547256,0.47279326128761406,0.3333333333333333,0.23076923076923078,0.752933909820877,0.9564498346196252,0.07584149978696207,0.8868715083798883,0.4009461398270581,0.029581987762706055,0.029581987762706055,0.5123908296943231,0.0686453396098077,0.16885084547073204,0.7276768457672982,0.13482557928614738,0.02992671744702357,0.0545,0.03505601734730755,0.14348811035960235,0.054349999999999996
Zone_DH087,0.05953413586646074,0.0332,0.022952295229522954,0.42970125402887244,0.37254901960784315,0.19230769230769232,0.40123533045089566,0.9578280044101433,0.06263314870046868,0.8489471422432315,0.4182403350265618,0.0270358119923073,0.0270358119923073,0.5669213973799128,0.03136221807149567,0.10921262658099526,0.6720139157325088,0.1318507615844273,0.028891857093005065,0.0265,0.032164799421756415,0.11518711120278793,0.026315
Zone_DH088,0.09580327360173764,0.1172,0.08775877587758775,0.43368272798678253,0.39215686274509803,0.38461538461538464,0.2568252007411983,0.2570286659316428,0.18044311887515976,0.9054218593324739,0.0685563612392881,0.10847732067669287,0.10847732067669287,0.43209606986899574,0.24487319290441692,0.26961798067600795,0.5301507537688442,0.28039729882406594,0.09920219486661129,0.0705,0.12793639320563788,0.31965599475994544,0.07061999999999999
Zone_DH089,0.06070479051628691,0.194,0.16291629162916293,0.6985455431868042,0.3333333333333333,0.19230769230769232,0.6000000000000001,0.9660970231532525,0.04985087345547507,0.828033233061166,0.27193764783434804,0.027246488474491595,0.027246488474491595,0.32783842794759827,0.06190172854968096,0.09993032746093362,0.7228449942017782,0.11167227252232409,0.022508212699902528,0.1855,0.03252620166245031,0.12021727408597598,0.185575
Zone_DH090,0.04603634671123616,0.1556,0.12871287128712872,0.7410416835947021,0.1568627450980392,0.19230769230769232,0.8768375540457073,0.8755512679162073,0.03728163613123136,0.8245595186935969,0.2235836984760945,0.022458113000845718,0.022458113000845718,0.29710698689956333,0.08573001803046826,0.12957249077483973,0.6582914572864322,0.0954921664861391,0.017833291216923574,0.15699999999999997,0.026743765811348033,0.10887950407660324,0.15696499999999997
Zone_DH091,0.03491512753788761,0.1544,0.1458145814581458,0.7735164269656833,0.09803921568627451,0.11538461538461539,0.9315626930203829,0.9335722160970232,0.01789518534299105,0.7635367425870219,0.3539493582535189,0.016002383653912718,0.016002383653912718,0.5022925764192141,0.04911197244685331,0.12649805174937057,0.7727097023579437,0.07447927733696807,0.01246044065797865,0.17,0.01915431875677629,0.07528054919245983,0.17003999999999997
Zone_DH092,0.024851728831249423,0.254,0.2304230423042304,0.8182876953495299,0.37254901960784315,0.38461538461538464,0.8747374922791846,0.9705071664829107,0.039198977417980396,0.7502864919066036,0.26557834735740043,0.011132747251424324,0.011132747251424324,0.46015283842794763,0.03993478800703943,0.06920068271715529,0.809238500193274,0.05473612745072635,0.008164566862808802,0.26149999999999995,0.013371882905674013,0.056231069036271446,0.264545
Zone_DH093,0.024040733140104794,0.2592,0.24212421242124213,0.834132336610601,0.1568627450980392,0.11538461538461539,0.764793082149475,0.9929713340683571,0.012143161482743928,0.7870648904168457,0.20760789483888478,0.010356253931373642,0.010356253931373642,0.46260917030567683,0.035981041016616096,0.046112899004309385,0.8069192114418245,0.051815727145988914,0.007599003646077758,0.2705,0.012287676183592337,0.05247473157386197,0.273275
Zone_DH094,0.032066064414214286,0.3224,0.3114311431143114,0.7800980471818205,0.2549019607843137,0.23076923076923078,0.43619518221124154,0.9783627342888644,0.03089049850873455,0.8638089098982954,0.29435030439334603,0.014151440274722135,0.014151440274722135,0.494759825327511,0.02964986342190216,0.055358334347087215,0.8175492848859685,0.06763564184024089,0.010902133496985666,0.3515,0.016985905312612935,0.06252962910691087,0.36193000000000003
Zone_DH095,0.0346400942165429,0.2536,0.2232223222322232,0.7227594052165435,0.11764705882352941,0.15384615384615385,0.9785052501544164,0.9829106945975745,0.023860247123988067,0.8376665234207133,0.4413897398115476,0.015156668061144338,0.015156668061144338,0.5463973799126638,0.04306798674166765,0.12797628921845108,0.891959798994975,0.07404393816110659,0.012382224468430741,0.251,0.018070112034694615,0.07063217205328354,0.258395
Zone_DH096,0.03593768732237431,0.2264,0.2133213321332133,0.6894721161398661,0.21568627450980393,0.07692307692307693,0.9187152563310685,0.9746416758544653,0.014273540690242864,0.7786850021486892,0.20322618170537832,0.015737533219166745,0.015737533219166745,0.34956331877729263,0.08236577018170825,0.07893640629780772,0.8109779667568612,0.07813301684866264,0.013356918522797008,0.21,0.0187929165160824,0.0984790090217238,0.21000999999999997
Zone_DH097,0.037637252205555666,0.1684,0.12736273627362735,0.6281520002166787,0.3333333333333333,0.3076923076923077,0.8615194564546017,0.9604465270121278,0.052620366425223684,0.8188296805615242,0.1623172670518438,0.017070814384990203,0.017070814384990203,0.3786572052401747,0.08362250461558393,0.08758833482631632,0.7207189795129494,0.08493519147149825,0.015029541653129246,0.1455,0.020238525478857967,0.10876732058784148,0.14546499999999998
Zone_DH098,0.0440405920973759,0.208,0.19396939693969395,0.6920993472549498,0.1568627450980392,0.23076923076923078,0.8499073502161828,0.9742282249173098,0.043885811674478054,0.8865133934966337,0.2885338710302843,0.019601941835232936,0.019601941835232936,0.33477074235807863,0.05876637047753749,0.10792608075379054,0.7953227676845768,0.08991827025234124,0.016329133725617603,0.2195,0.023491145645102997,0.09119793871886456,0.22487
Zone_DH099,0.03780650348022933,0.154,0.13006300630063006,0.7472712006717044,0.17647058823529413,0.2692307692307692,0.941692402717727,0.9530044101433297,0.04218150830847891,0.8899154848875518,0.3217650936445771,0.017215278258488006,0.017215278258488006,0.29394104803493454,0.05739950983038404,0.12661970221440713,0.732508697332818,0.07899851259114914,0.013573517201545067,0.1495,0.02059992771955186,0.091570677407331,0.153985
Zone_DH100,0.029358044019435686,0.1948,0.18946894689468946,0.8681509168224044,0.058823529411764705,0.0,0.9371216800494132,1.0,0.001704303365999148,0.9098624838848303,0.2404125790065532,0.012487096065466212,0.012487096065466212,0.2381004366812227,0.04680148130553546,0.07839450877173582,0.7578275995361423,0.05877856265515436,0.009000878427974921,0.2105,0.014817491868449582,0.071933138640698,0.21037
Zone_DH101,0.018681109442105482,0.198,0.20432043204320433,0.9518972942228,0.09803921568627451,0.07692307692307693,0.4870907967881407,0.9964167585446526,0.005752023860247124,0.8557871365133934,0.21776726511303268,0.007990658002847144,0.007990658002847144,0.3843886462882096,0.01811900109046545,0.024993640998418543,0.8695400077309625,0.038382404005120406,0.005156251880196863,0.22749999999999998,0.0093964582580412,0.04875820115585181,0.23078499999999996
Zone_DH102,0.019428635905247495,0.202,0.20972097209720972,0.9313398878686924,0.09803921568627451,0.07692307692307693,0.4550957381099444,0.99242006615215,0.006178099701746912,0.8495559375447643,0.40032572026833146,0.008351817686591646,0.008351817686591646,0.3967248908296944,0.009205255827512126,0.035680450032993076,0.8163896405102435,0.0405124564012998,0.005511233048145072,0.2345,0.009757860498735093,0.04957605497714713,0.24012999999999998
Zone_DH103,0.03199554304976692,0.212,0.21377137713771377,0.8686926139595352,0.17647058823529413,0.11538461538461539,0.44583075972822733,0.4018743109151047,0.015338730293992329,0.8377023349090388,0.09864670983752766,0.027610657822267303,0.027610657822267303,0.2100982532751092,0.10720031094460218,0.11179677736858985,0.474487823734055,0.10194969759475107,0.019511930977221037,0.21899999999999997,0.0328876039031442,0.13493140522485553,0.22530999999999998
Zone_DH104,0.13194547288100927,0.3608,0.3222322232223222,0.7113025107662306,0.13725490196078433,0.07692307692307693,0.3772699197035207,0.4305402425578831,0.050276949296974856,0.8025712648617676,0.21931831400984916,0.09791039026313493,0.09791039026313493,0.34601528384279473,0.1757592770537999,0.27894820270653853,0.7466177039041361,0.25077868703777606,0.08197056664621012,0.5045,0.11564871702204554,0.258219249962907,0.52817
Zone_DH106,0.932835452500335,0.0,0.0,0.4376100322309796,0.0,0.0,1.0,1.0,0.1395398380911802,0.5858401375161151,0.3265345690022878,0.3980671937591608,0.3980671937591608,0.29497816593886467,0.5823776465380421,0.6549955947786147,0.6843834557402396,0.6106357506750348,0.3983370034776121,0.0,0.44560896277556916,0.6272866432890751,0.0
Zone_DH107,0.4948413621906756,0.3244,0.1665166516651665,0.42959291460144633,0.0392156862745098,0.07692307692307693,0.908462013588635,0.8978776185226021,0.23412867490413292,0.7463114167024781,0.25565163441777505,0.24758399219895086,0.24758399219895086,0.23651746724890832,0.4203884648189936,0.534661166591096,0.7139543873212216,0.46032453499038634,0.2378915321949869,0.19999999999999998,0.285146367907481,0.47011938494497585,0.19999999999999998
Zone_DH108,0.35075916248827577,0.2608,0.1251125112511251,0.3894802415969232,0.11764705882352941,0.23076923076923078,0.48523780111179743,0.4257166482910694,0.41158926288879416,0.7767153702907893,0.1782155182442127,0.29774606260703124,0.29774606260703124,0.5094432314410481,0.4564083739108842,0.5948707740287317,0.6957866254348667,0.5070638963892762,0.2837322359000276,0.23800000000000002,0.34007950849295265,0.5216242721643815,0.238095
Zone_DH109,0.2576709614177615,0.1264,0.0657065706570657,0.566858969150348,0.0784313725490196,0.15384615384615385,0.696602841260037,0.6615214994487321,0.18427780144865782,0.8250250680418277,0.2394043972236225,0.1634277665584191,0.1634277665584191,0.3566048034934498,0.3131104177238423,0.3998097829092156,0.5137224584460767,0.337929443957855,0.1371490800572783,0.097,0.19154318756776295,0.36839429239359767,0.0969
Zone_DH110,0.2671772413452655,0.24,0.21917191719171916,0.7765228460767585,0.0196078431372549,0.038461538461538464,0.9429277331686226,0.9363285556780595,0.06305922454196847,0.8931743303251682,0.20675481794563574,0.12251439371822924,0.12251439371822924,0.2745087336244542,0.29464808196845205,0.2730905484961422,0.49226903749516826,0.2722217327535721,0.09426855829512773,0.2555,0.14456089627755692,0.33166505629077964,0.255375
Zone_DH111,0.326450448163271,0.2352,0.135013501350135,0.6831884293491508,0.0196078431372549,0.038461538461538464,0.9752933909820877,0.9724366041896362,0.08265871325095867,0.9052428018908465,0.3290162472371942,0.1452162895056025,0.1452162895056025,0.34006550218340614,0.2976366050895585,0.35970199322443774,0.6026285272516428,0.3128559804719284,0.12001371791632069,0.153,0.17058185760751718,0.3465185120850568,0.15306
Zone_DH112,0.5149328989217283,0.2928,0.2223222322232223,0.469732672462826,0.0392156862745098,0.07692307692307693,0.908462013588635,0.8978776185226021,0.23412867490413292,0.8591176049276608,0.3228120516499283,0.2576182120789856,0.2576182120789856,0.467467248908297,0.4119087463966056,0.5512240617247087,0.6086200231928874,0.46009390887936447,0.2378915321949869,0.26649999999999996,0.29671123960968554,0.4719125113540547,0.266665
Zone_DH113,0.4403071910635327,0.0,0.0,0.3550824733891281,0.0784313725490196,0.15384615384615385,0.7352686843730697,0.7046582138919514,0.377929271410311,0.6998281048560379,0.3853193221916322,0.28341404249043683,0.28341404249043683,0.23651746724890832,0.3731745500480453,0.7127500746491491,0.4909161190568226,0.49506097339766686,0.27071224865528315,0.0,0.32453921214311526,0.4770711424259861,0.0
Zone_DH114,0.2152805692484538,0.2572,0.14401440144014402,0.6582432761842854,0.0392156862745098,0.07692307692307693,0.8984558369363805,0.8867144432194046,0.0850021303792075,0.8458673542472425,0.22505719492807016,0.10431495532153745,0.10431495532153745,0.34361353711790393,0.26234007406527676,0.28315435969462044,0.5776961731735603,0.25966686187828125,0.08702453581699818,0.174,0.1232381640766173,0.2962005985531949,0.18656499999999998
Zone_DH115,0.1684543832554072,0.2656,0.18946894689468946,0.7506026380650577,0.058823529411764705,0.11538461538461539,0.9500926497838171,0.944321940463065,0.08351086493395823,0.9346798452943703,0.15448447012292063,0.0776673899892555,0.0776673899892555,0.2819868995633188,0.24259293248831257,0.19764145552938228,0.6161577116350986,0.20912087399522164,0.06055738059997834,0.2195,0.09215757137694253,0.2622922343694021,0.22807
Zone_DH116,0.23093631215576757,0.2384,0.1692169216921692,0.708214837084586,0.058823529411764705,0.11538461538461539,0.7389746757257567,0.7087927232635062,0.11738389433319131,0.933319008738003,0.13998216293768664,0.1355372099812498,0.1355372099812498,0.27882096069868995,0.3444143336824262,0.2555765679086073,0.564553536915346,0.2888682736210373,0.10466529487503459,0.23800000000000002,0.15973979038670041,0.3661560508516898,0.238095
Zone_DH117,0.2584537485631272,0.2104,0.24572457245724572,0.6519325045367136,0.0392156862745098,0.07692307692307693,0.6557134033353922,0.6159040793825798,0.10225820195994886,0.8986892995272883,0.3215712125324751,0.16539608683482662,0.16539608683482662,0.3240720524017468,0.29056261538959843,0.4182269260402036,0.6621569385388482,0.3335268174114941,0.13396628280567488,0.379,0.19407300325262017,0.36239790397817123,0.37879
Zone_DH118,0.340364313368735,0.2264,0.16831683168316833,0.7088377887922862,0.0196078431372549,0.038461538461538464,0.9747992588017294,0.9718853362734288,0.08436301661695782,0.836842859189228,0.22435922292450275,0.1515305646430689,0.1515305646430689,0.3212336244541485,0.3423025015925114,0.3141604827680273,0.43718592964824116,0.3166962939161351,0.12257078565154085,0.19099999999999998,0.17780990242139502,0.3776530490386599,0.19096999999999997
Zone_DH119,0.3827547055380427,0.182,0.1152115211521152,0.5653963868800953,0.0784313725490196,0.15384615384615385,0.7782581840642372,0.7526185226019846,0.2705581593523647,0.7712362125769946,0.2846562487882431,0.22735904990925865,0.22735904990925865,0.33706331877729256,0.38933719134969397,0.4403562515436707,0.4882102821801315,0.4010950853316611,0.18524601999927798,0.15599999999999997,0.26418503794723525,0.453119967575353,0.15625
Zone_DH120,0.2780657400159378,0.0,0.0,0.25982503182470684,0.2549019607843137,0.23076923076923078,0.4298949969116738,0.6112183020948182,0.37984661269706,0.7594184214295946,0.22253674047074332,0.20379338054492976,0.20379338054492976,0.2995087336244541,0.32672720009501094,0.3501210975083773,0.506571318129107,0.43215187118106485,0.21210425616403736,0.0,0.23563426093241777,0.4473298520263595,0.0
Zone_DH121,0.07957630764240026,0.1404,0.10846084608460846,0.5294276969746216,0.3333333333333333,0.07692307692307693,0.35997529339098205,0.9834619625137817,0.036003408606732,0.7788998710786421,0.3277366318973206,0.03483385149715738,0.03483385149715738,0.4771288209606988,0.058487815938070196,0.11105212906745703,0.8374565133359104,0.14590340652905112,0.033915743113967,0.122,0.04156125767979761,0.14549836610176853,0.12194999999999999
Zone_DH122,0.06478092538134426,0.1376,0.15166516651665166,0.574957341350451,0.39215686274509803,0.23076923076923078,0.5189623224212477,0.9270948180815876,0.06923732424371538,0.7795086663801747,0.2904339059288844,0.03022003653732134,0.03022003653732134,0.42036026200873366,0.06500253722158042,0.11848018019014338,0.7661383842288365,0.1282384829466243,0.0277667472895082,0.1185,0.03614022406938923,0.12767385726641406,0.11844500000000001
Zone_DH123,0.12075373234321336,0.1292,0.10711071107110712,0.519514639365131,0.23529411764705882,0.46153846153846156,0.5367510809141446,0.48318632855567806,0.24478057094162756,0.7329537315570834,0.2387839776648959,0.09772379109320027,0.09772379109320027,0.3611899563318777,0.22385204219345503,0.32705911843963004,0.7040974101275609,0.2524682176488575,0.08317990926922011,0.0,0.11564871702204554,0.2748784980440266,0.0
Zone_DH124,0.13050683704628316,0.3924,0.26957695769576956,0.6238996776902034,0.19607843137254902,0.38461538461538464,0.696602841260037,0.6615214994487321,0.20302513847464845,0.7968414267296948,0.306875024235139,0.08488757400011436,0.08488757400011436,0.29519650655021834,0.17646322108377152,0.3182339301578876,0.6768457672980286,0.22294289282882362,0.06718770682165505,0.33899999999999997,0.10046982291290206,0.22462210448987271,0.339145
Zone_DH125,0.10260858527090781,0.3304,0.30288028802880285,0.7790146529075593,0.058823529411764705,0.11538461538461539,0.9615812229771464,0.9571389195148843,0.050276949296974856,0.8095545050852313,0.4287099150800729,0.04631872944023259,0.04631872944023259,0.27352620087336255,0.10279742175100678,0.2511566010122793,0.7133745651333591,0.1513218244857556,0.03579293166311685,0.347,0.05529454282616553,0.14078123134044793,0.34722000000000003
Zone_DH126,0.06498543733824162,0.2188,0.22367236723672368,0.7839982665691612,0.0784313725490196,0.15384615384615385,0.8991970352069178,0.8875413450937156,0.04090328078397955,0.7655421859332474,0.2460351312575129,0.031294486596461245,0.031294486596461245,0.26768558951965066,0.10526770386845316,0.1587427977395132,0.7321221492075765,0.11681601218949692,0.023964237151486708,0.2705,0.037224430791470905,0.11912800859832158,0.27036999999999994
Zone_DH127,0.028511787646067373,0.2716,0.2493249324932493,0.8682050865361176,0.09803921568627451,0.19230769230769232,0.9479925880172947,0.9419790518191842,0.021942905837239027,0.7897149405529293,0.20058939858079025,0.013046893575270195,0.013046893575270195,0.22565502183406114,0.06156703123481717,0.07743236418462855,0.6364514882102823,0.06005348452732012,0.009235526996618653,0.2895,0.01554029634983737,0.06711829567948815,0.28941999999999996
Zone_DH128,0.02655834585087552,0.3008,0.29117911791179113,0.8604588174751496,0.21568627450980393,0.2692307692307692,0.9573810994441012,0.9623759647188533,0.028334043459735832,0.8356968915628133,0.20532009771608048,0.011906230907443804,0.011906230907443804,0.43455240174672494,0.05711663661588625,0.07349162639298999,0.613838422883649,0.056301275440133094,0.008471414991035221,0.31699999999999995,0.014094687387061799,0.06255857968465582,0.31713499999999994
Zone_DH129,0.04389249723203645,0.334,0.3393339333933393,0.7869505159665231,0.17647058823529413,0.15384615384615385,0.9607164916615194,0.9800165380374862,0.028334043459735832,0.8978298238074773,0.30951180735972705,0.019285927111956494,0.019285927111956494,0.4912117903930131,0.06186286047440646,0.12417932015821934,0.7966756861229224,0.08437806097858026,0.014873109274033425,0.38249999999999995,0.023129743404409105,0.0811050435525254,0.3827
Zone_DH130,0.043695037411583836,0.2456,0.25787578757875784,0.7543403483112592,0.0784313725490196,0.038461538461538464,0.9854231006794316,0.9960033076074971,0.010012782275244993,0.8370577281191807,0.23126139051533606,0.018735158594246126,0.018735158594246126,0.5278384279475984,0.0790641431208905,0.10265824697993507,0.805566293003479,0.08494296538535293,0.015029541653129246,0.2875,0.02240693892302132,0.0997365497425208,0.287475
Zone_DH131,0.04207304602929456,0.2032,0.198019801980198,0.662712277565613,0.21568627450980393,0.11538461538461539,0.9127856701667696,0.9703693495038588,0.023647209203238175,0.742049849591749,0.24122687967738182,0.01861477203299796,0.01861477203299796,0.36408296943231444,0.07608425734984507,0.096900124968205,0.901430228063394,0.08902427015905427,0.01608846852700865,0.2245,0.022045536682327428,0.10545971708047899,0.22466
Zone_DH132,0.049915021755840935,0.168,0.11791179117911792,0.5721134313805151,0.3137254901960784,0.23076923076923078,0.6924027177269919,0.931367144432194,0.05453770771197273,0.7449147686577853,0.20586296482996627,0.023213538672677968,0.023213538672677968,0.4242358078602621,0.07890651148227724,0.09990452281683496,0.820641669887901,0.10840982000798122,0.021485385605814467,0.13799999999999998,0.02746657029273581,0.12784937014399295,0.13776999999999998
Zone_DH133,0.05844810685397141,0.2428,0.19036903690369034,0.6563744210611847,0.19607843137254902,0.19230769230769232,0.4279184681902409,0.9604465270121278,0.04985087345547507,0.8311488325454806,0.19748730078715732,0.026373685905442378,0.026373685905442378,0.35856986899563326,0.06372852808758273,0.0701370226601639,0.7692307692307693,0.11214388996284069,0.022610495409311333,0.218,0.03144199494036863,0.11597058621301111,0.22503499999999999
Zone_DH134,0.0479474756877596,0.1332,0.117011701170117,0.7582676525554563,0.1568627450980392,0.15384615384615385,0.8505250154416307,0.8332414553472989,0.03131657435023434,0.837093539607506,0.38229477684284,0.024775554304872948,0.024775554304872948,0.27128820960698696,0.067233132874834,0.17089309873225472,0.8505991495941246,0.09990774955559124,0.0190245839500379,0.148,0.029634983736899163,0.09520216550321532,0.153985
Zone_DH135,0.03388551561695616,0.1004,0.09225922592259225,0.8709677419354839,0.1568627450980392,0.3076923076923077,0.9566399011735639,0.9516262403528114,0.03941201533873029,0.7647901446784129,0.17976656714102918,0.01544559580813994,0.01544559580813994,0.21965065502183412,0.07579922479783202,0.0776129966933192,0.7006184770003867,0.06769783315107825,0.010902133496985666,0.106,0.018431514275388507,0.080524222586517,0.10606
Zone_DH136,0.018610588077658124,0.104,0.10711071107110712,0.9476178868394679,0.13725490196078433,0.038461538461538464,0.9318097591105621,0.9982083792723264,0.0029825308904985084,0.7420140381034236,0.133428981348637,0.007930464722223059,0.007930464722223059,0.38837336244541487,0.0453266537826195,0.027002716860385818,0.7361809045226131,0.038333169217374174,0.0051442186202664145,0.11900000000000001,0.0093964582580412,0.05453746023819088,0.12127
Zone_DH137,0.01617054886777949,0.144,0.14986498649864988,0.9265729530619429,0.1568627450980392,0.15384615384615385,0.7851760345892527,0.9417034178610805,0.010225820195994887,0.7775032230339493,0.08965062623599211,0.007397754188699916,0.007397754188699916,0.3944323144104803,0.03456019693158139,0.009451872495567133,0.7199458832624663,0.03637932553523397,0.004813303972179102,0.1675,0.008673653776653417,0.05048256994278641,0.17192
Zone_DH138,0.02349066649741539,0.168,0.16696669666966696,0.909401153814902,0.13725490196078433,0.038461538461538464,0.776652254478073,0.7662624035281148,0.004260758414997869,0.773707205271451,0.12908604443755092,0.013248541065360876,0.013248541065360876,0.18810043668122273,0.06857408147180444,0.06008427059487078,0.6273676072671048,0.058115188672889256,0.008820379529018204,0.151,0.015901698590531258,0.07866776678862097,0.15414499999999998
Zone_DH139,0.08623352444623099,0.3264,0.34518451845184517,0.7792584166192681,0.11764705882352941,0.07692307692307693,0.6274243360098827,0.6062568908489527,0.03131657435023434,0.7514682710213437,0.37453953235875764,0.054842097976602874,0.054842097976602874,0.2623362445414847,0.11250364388205697,0.2641289642384496,0.6254348666408969,0.16701994786295107,0.04179151173844506,0.222,0.06505240332490062,0.17191034006072384,0.22221999999999997
Zone_DH142,0.46269772427556927,0.25,0.14536453645364536,0.5098453454673492,0.0392156862745098,0.07692307692307693,0.9203211859172328,0.9111080485115766,0.20366425223689813,0.7886405959031656,0.21330799953468538,0.22658255658920798,0.22658255658920798,0.43902838427947605,0.40538538776303434,0.4670198216530455,0.7131812910707384,0.4236731224702389,0.20469778467684677,0.17250000000000001,0.2623780267437658,0.4504601332450341,0.17241499999999998
Zone_DH143,0.30229688084005046,0.1348,0.0882088208820882,0.6160721540586658,0.0196078431372549,0.038461538461538464,0.8061766522544781,0.7837651598676958,0.08095440988495951,0.8674258702191663,0.43169568420644466,0.15342966264675875,0.15342966264675875,0.41653930131004374,0.25413675084484083,0.49559662180344977,0.6666022419791264,0.33796053961327377,0.1371490800572783,0.1165,0.17961691362486448,0.3303749461700195,0.11628
Zone_DH144,0.17493529664811952,0.218,0.20477047704770476,0.6452696297500067,0.058823529411764705,0.11538461538461539,0.9437924644842496,0.9372932745314223,0.09437579889220281,0.9285202693023922,0.42851603396797094,0.0813873347318239,0.0813873347318239,0.3534934497816594,0.16449185389922372,0.34588544949846833,0.7265172013915733,0.22611205837691042,0.06885431332202206,0.23800000000000002,0.09649439826526923,0.21575599005547655,0.238095
Zone_DH145,0.1576787187678507,0.1684,0.1458145814581458,0.7202134286720294,0.0196078431372549,0.038461538461538464,0.9880172946263126,0.9866317530319736,0.03877290157648061,0.9379386907319868,0.33712047772306025,0.06864742688773652,0.06864742688773652,0.3230349344978167,0.1577244901264292,0.27815194511720837,0.5705450328565908,0.20012127305613284,0.0562133737650867,0.16349999999999998,0.08131550415612576,0.2014761175827715,0.1634
Zone_DH146,0.1956333171134195,0.1548,0.08415841584158416,0.6588120581782725,0.0392156862745098,0.07692307692307693,0.9691167387276096,0.9655457552370452,0.07733276523221133,0.888662082796161,0.2460351312575129,0.08798150862419228,0.08798150862419228,0.3534934497816594,0.22817287656147095,0.26752411812628796,0.7068032470042521,0.23665607686846019,0.07436554637016714,0.09599999999999999,0.10408384531984098,0.25756062431920906,0.096155
Zone_DH147,0.3827547055380427,0.1876,0.15391539153915393,0.5653963868800953,0.0196078431372549,0.038461538461538464,0.936627547869055,0.9292998897464169,0.10673199829569663,0.9081435324452084,0.34673698088332233,0.17754008120073558,0.17754008120073558,0.4275655021834062,0.31436715215771804,0.4758265780461461,0.513335910320835,0.3685612558498702,0.15983779165613754,0.17999999999999997,0.20708348391760031,0.373795384554143,0.18017999999999998
Zone_DH148,0.38132312183976136,0.3636,0.30018001800180016,0.5910999160369437,0.0196078431372549,0.038461538461538464,0.9691167387276096,0.9655457552370452,0.10396250532594802,0.7766437473141382,0.46155337547016173,0.17143046321739105,0.17143046321739105,0.16037117903930137,0.27712289869468043,0.5105633153806739,0.5979899497487438,0.3579913243121382,0.15149874252433726,0.34199999999999997,0.20021684134441636,0.34940814162622635,0.34188
Zone_DH149,0.25975839380540333,0.288,0.21422142214221424,0.6990059857533654,0.0,0.0,1.0,1.0,0.03131657435023434,0.8547127918636299,0.2632129977897553,0.11081582962893853,0.11081582962893853,0.34716157205240183,0.2603945109640362,0.3108390564347566,0.4671434093544647,0.26965634118153126,0.09272830102403042,0.23800000000000002,0.13082761113118901,0.3014895072249786,0.238095
Zone_DH150,0.19149371302035947,0.2224,0.19891989198919893,0.6795319736735191,0.0196078431372549,0.038461538461538464,0.9851760345892526,0.9834619625137817,0.0487856838517256,0.9166308551783412,0.2791112489821242,0.08378001763663122,0.08378001763663122,0.3502183406113537,0.2122218503363168,0.26459713420995395,0.7290297642056436,0.22954294569143782,0.07059913601193699,0.22349999999999998,0.09938561619082038,0.24735916448632633,0.22357499999999997
Zone_DH151,0.2903787702484467,0.1276,0.07200720072007201,0.5931854500148965,0.0784313725490196,0.15384615384615385,0.8811612106238418,0.8674200661521498,0.20238602471239878,0.9537673685718377,0.26356198379153906,0.14990835573024985,0.14990835573024985,0.3506550218340612,0.3208300493408622,0.3483774408428534,0.5510243525318903,0.3207490943390359,0.12524216935610025,0.0885,0.17600289121792556,0.36516087474170655,0.08864999999999999
Zone_DH152,0.237121035817801,0.0884,0.06615661566156615,0.6851114541859645,0.0392156862745098,0.07692307692307693,0.963681284743669,0.9594818081587652,0.0913932680017043,0.9398725111015614,0.24304936213114123,0.10762558575586208,0.10762558575586208,0.3298034934497817,0.2544908821973419,0.2942540430347736,0.5655199072284499,0.26223484475494035,0.08839031081910399,0.076,0.1272135887242501,0.2932168796343542,0.07576
Zone_DH153,0.19117636688034637,0.0804,0.046804680468046804,0.631727201321741,0.0784313725490196,0.15384615384615385,0.9382334774552192,0.9310915104740904,0.1305922454196847,0.9003724394785847,0.2893869479235333,0.09076544785305617,0.09076544785305617,0.35000000000000003,0.22725515811748953,0.27708658195370645,0.5040587553150369,0.2406518685897602,0.07639315066844758,0.05499999999999999,0.10733646548608601,0.2632711257794038,0.054825
Zone_DH154,0.18042185880212408,0.0896,0.04815481548154815,0.5376344086021504,0.13725490196078433,0.2692307692307692,0.6990735021618283,0.6642778390297684,0.21602045164039196,0.821264861767655,0.25266586529140334,0.1163927370787599,0.1163927370787599,0.36495633187772936,0.2518586497662517,0.3441675974770431,0.6341321994588328,0.2806175597166149,0.09920219486661129,0.0705,0.1373328514636791,0.2984587436173023,0.07061999999999999
Zone_DH155,0.24212805269356347,0.2264,0.15526552655265527,0.5191896210828526,0.1568627450980392,0.3076923076923077,0.36108709079678813,0.28721058434399116,0.32807839795483595,0.20738432889270875,0.031292411493272325,0.28341404249043683,0.28341404249043683,0.2668668122270743,0.5212144114185768,0.34824473124463173,0.2843061461151914,0.4323799059874685,0.21210425616403736,0.357,0.3277918323093603,0.5548251566045315,0.357145
Zone_DH156,0.07297550793012743,0.2364,0.1818181818181818,0.6187535548874623,0.17647058823529413,0.15384615384615385,0.6051883878937617,0.7158213891951488,0.05240732850447379,0.824738576135224,0.33828376439567254,0.03931524123962042,0.03931524123962042,0.42745633187772936,0.08161000205137063,0.19345741680767065,0.7984151526865095,0.1522754245852617,0.03629832858019566,0.1895,0.04662088904951211,0.14774022646589438,0.189395
Zone_DH157,0.06798964746369912,0.1884,0.15796579657965795,0.6316730316080278,0.17647058823529413,0.038461538461538464,0.8641136504014824,0.9736769570011026,0.01789518534299105,0.8234851740438333,0.28907673814416995,0.029813731893108774,0.029813731893108774,0.3929039301310044,0.09140691635806134,0.17080831204450198,0.7309625048318515,0.12454069125641995,0.026575454556393874,0.179,0.035417419588001445,0.12966601889748963,0.17886
Zone_DH158,0.102763732272692,0.2352,0.21287128712871287,0.6708919043362854,0.058823529411764705,0.11538461538461539,0.974922791846819,0.9720231532524807,0.05496378355347251,0.8534235782839135,0.3632944278568382,0.04578902857074065,0.04578902857074065,0.34890829694323144,0.13113656730115203,0.22409490210823946,0.8144568998840356,0.15860079915834427,0.03872303045618088,0.2415,0.054571738344777736,0.16118234159510447,0.24137999999999998
Zone_DH159,0.21740326231831933,0.4412,0.30018001800180016,0.6181847728934753,0.09803921568627451,0.19230769230769232,0.8941321803582459,0.8818908489525911,0.18001704303365995,0.8027503223033948,0.23564310364884253,0.11023797413494733,0.11023797413494733,0.33706331877729256,0.25764567430712254,0.3010369780549934,0.6559721685349827,0.2667929495783947,0.09123617679265489,0.3645,0.13010480664980123,0.29580795634252877,0.36458499999999994
Zone_DH160,0.20186035359412133,0.3316,0.4068406840684068,0.74480647869776,0.058823529411764705,0.11538461538461539,0.9554045707226683,0.9502480705622933,0.10012782275244993,0.8466552069904024,0.4068013494125403,0.09297454125196004,0.09297454125196004,0.2824781659388647,0.1915505123028255,0.29012161360125927,0.5216466950135292,0.23325628520935152,0.07243420815133027,0.469,0.11022768341163716,0.24323008833545037,0.46875
Zone_DH161,0.10659304236218363,0.1364,0.11116111611161116,0.7754394518024972,0.0784313725490196,0.15384615384615385,0.9441630636195183,0.9377067254685778,0.06625479335321688,0.8915986248388482,0.3487145682267634,0.049346451455624,0.049346451455624,0.26812227074235817,0.12364582546074866,0.2349992074287884,0.8107846926942405,0.15678170331635166,0.03788070226104954,0.12949999999999998,0.05854716299241055,0.16013650197406754,0.12950499999999998
Zone_DH162,0.0362902941446111,0.2924,0.3069306930693069,0.9013569513285121,0.0,0.0,1.0,1.0,0.002343417128248828,0.8400658931385188,0.2803908643219977,0.01544559580813994,0.01544559580813994,0.21965065502183412,0.05748804266850931,0.09861429061190186,0.7162736760726711,0.06781444185889828,0.010902133496985666,0.34099999999999997,0.018431514275388507,0.07050370386454025,0.34091
Zone_DH163,0.028490631236733167,0.2764,0.2988298829882988,0.9475095474120419,0.0196078431372549,0.038461538461538464,0.9977764051883878,0.9975192943770672,0.0051129100979974435,0.8563959318149261,0.23742680988018147,0.012174091006220977,0.012174091006220977,0.19388646288209607,0.05278284622277885,0.07571819854093172,0.7489369926555856,0.0546635709214161,0.00814651697291313,0.3325,0.014456089627755693,0.05885109632219098,0.33272999999999997
Zone_DH164,0.03449905148764818,0.286,0.3361836183618362,0.9473199534140461,0.0196078431372549,0.038461538461538464,0.9974058060531192,0.9971058434399119,0.006391137622496804,0.8309697751038534,0.20722013261468072,0.014759392409025383,0.014759392409025383,0.1937772925764192,0.0627913756059641,0.08181915368140112,0.7756088132972555,0.06349991966955683,0.009975572482341188,0.37449999999999994,0.017708709794000722,0.06772987663435057,0.37429499999999993
Zone_DH165,0.04362451604713648,0.2428,0.26507650765076507,0.9210747271200671,0.0784313725490196,0.15384615384615385,0.9870290302655961,0.985529217199559,0.025351512569237324,0.7958745165449075,0.1622784908294234,0.01903913466139775,0.01903913466139775,0.2007641921397381,0.09133133954502759,0.0770674127895189,0.6615771163509858,0.07755774722341711,0.013146336474014173,0.2975,0.022768341163715216,0.09802665624445868,0.29762
Zone_DH166,0.05097284222255132,0.1644,0.1827182718271827,0.9342108826954848,0.058823529411764705,0.11538461538461539,0.8973440395305744,0.8854740904079382,0.022795057520238603,0.6843217304111159,0.2116406219706076,0.024670216063780802,0.024670216063780802,0.18269650655021835,0.09973116247935135,0.11521404952279843,0.7253575570158485,0.09156633998953112,0.016696148153496262,0.1835,0.029273581496205275,0.11605200971291883,0.183385
Zone_DH167,0.0680037517365886,0.0588,0.0405040504050405,0.8232171392974188,0.11764705882352941,0.23076923076923078,0.7243977764051883,0.6925303197353914,0.05901150404772049,0.6009883970777825,0.34898600178370626,0.040783957286848076,0.040783957286848076,0.21632096069869003,0.10177605510629338,0.2024190010653632,0.5937379203710863,0.13270848341305913,0.029228788371057603,0.030999999999999996,0.04842790025298157,0.14268654123828858,0.03103
Zone_DH168,0.07219977292120648,0.1312,0.10216021602160216,0.7234636114948133,0.09803921568627451,0.19230769230769232,0.7331686226065474,0.7023153252480706,0.057520238602471234,0.7492837702334909,0.23064097095660946,0.042159373749108386,0.042159373749108386,0.2900655021834062,0.1401777134775051,0.17957083190486198,0.7222651720139158,0.14421387591796966,0.03325391381779238,0.11499999999999999,0.05023491145645103,0.16517028367947367,0.11476999999999998
Zone_DH169,0.061706193891439415,0.1448,0.13006300630063006,0.8287424500961511,0.13725490196078433,0.2692307692307692,0.9206917850525015,0.9115214994487321,0.06178099701746911,0.7788998710786421,0.17840939935631472,0.029404417584865006,0.029404417584865006,0.23324235807860264,0.12601461871497824,0.11083094640375422,0.6113258600695788,0.10849533306038256,0.021485385605814467,0.1545,0.03505601734730755,0.13828424400994452,0.15456999999999999
Zone_DH170,0.04403353996093116,0.1,0.09585958595859585,0.9369735380948511,0.058823529411764705,0.11538461538461539,0.9903644224830142,0.9892502756339581,0.019599488708990198,0.7177338490187651,0.20132614680677807,0.019099327942021835,0.019099327942021835,0.19459606986899566,0.0902387147623109,0.08322366359591402,0.5972168534982607,0.07713536457064674,0.013062103654501037,0.10749999999999998,0.022768341163715216,0.1021430665175712,0.107455
Zone_DH171,0.02456259123701525,0.0868,0.0837083708370837,1.0,0.0392156862745098,0.07692307692307693,0.9961704756022236,0.9957276736493935,0.007456327226246272,0.7057370004297377,0.12400635930047695,0.010524795117121077,0.010524795117121077,0.3543668122270743,0.07110266570216257,0.03979076120013714,0.625241592578276,0.046879291848273934,0.006642359481607161,0.0935,0.012649078424286229,0.07303326059500674,0.093375
Zone_DH172,0.016332748006008417,0.1032,0.11476147614761475,0.9954768289049591,0.0196078431372549,0.038461538461538464,0.9497220506485485,0.9439084895259097,0.002343417128248828,0.7008308265291504,0.09604870293536005,0.00742183150094955,0.00742183150094955,0.3543668122270743,0.0578832014338001,0.030891845363827053,0.6981059141863162,0.03463796883178805,0.004518489103883132,0.12699999999999997,0.008673653776653417,0.05637401251388724,0.12686999999999998
Zone_DH173,0.024224088687667927,0.1352,0.13051305130513052,0.9786300479401967,0.0784313725490196,0.038461538461538464,0.974922791846819,0.9762954796030872,0.004047720494247976,0.7120040108866924,0.13998216293768664,0.010600036717901181,0.010600036717901181,0.17614628820960698,0.06128847669534986,0.04836896217407813,0.7137611132586007,0.04778883976927023,0.0068048084906682064,0.13549999999999998,0.012649078424286229,0.06371660279445451,0.13535
Zone_DH174,0.0707117721313672,0.2344,0.23492349234923493,0.8974025622274586,0.058823529411764705,0.038461538461538464,0.969857936998147,0.9775358324145536,0.014699616531742649,0.5535381750465549,0.5911047345767575,0.03099352019334082,0.03099352019334082,0.21468340611353712,0.05661567031234817,0.21153541318764768,0.6387707769617318,0.11055801153648816,0.02208704860233686,0.26499999999999996,0.03686302855077701,0.10334632490509639,0.26515
Zone_DH176,0.8740699995063503,0.4136,0.2646264626462646,0.5098453454673492,0.0392156862745098,0.07692307692307693,0.8547251389746756,0.8379272326350605,0.3734554750745632,0.4855679702048417,0.19605258055760205,0.484059314458727,0.484059314458727,0.3810043668122271,0.6871055160276827,0.5199635785880437,0.41399304213374577,0.6100293853943707,0.3983370034776121,0.33349999999999996,0.5421033610408386,0.71295683106976,0.333335
Zone_DH177,0.3578324553423459,0.2964,0.20477047704770476,0.632946019880285,0.0392156862745098,0.07692307692307693,0.8596664607782581,0.8434399117971334,0.14273540690242859,0.8904526572124336,0.1934545736554345,0.18361358321570564,0.18361358321570564,0.3433406113537118,0.37172995325034286,0.36844239481842744,0.4916892153073057,0.357581898182459,0.15149874252433726,0.25649999999999995,0.21467293097217202,0.40883282126998954,0.25640999999999997
Zone_DH178,0.21187438734564634,0.3036,0.2727272727272727,0.7068335093849027,0.0392156862745098,0.07692307692307693,0.9037677578752316,0.8926405733186328,0.08052833404345973,0.9348947142243231,0.21191205552755055,0.10214799721907043,0.10214799721907043,0.30867903930131013,0.25969488560909515,0.2680660156523598,0.48705063780440666,0.2508046000839583,0.08197056664621012,0.32849999999999996,0.12070834839176005,0.2914689885030018,0.32863999999999993
Zone_DH179,0.13455476336556157,0.1512,0.1017101710171017,0.702662441428997,0.0784313725490196,0.15384615384615385,0.9057442865966646,0.894845644983462,0.08777162334895611,0.976543475146827,0.26127418666873475,0.06529767082100625,0.06529767082100625,0.3057860262008734,0.18897442264713185,0.22442667610379366,0.6437959025898726,0.1918239156685825,0.052422896886995654,0.1225,0.07770148174918684,0.21844477496354034,0.122325
Zone_DH180,0.12409644501801818,0.134,0.11611161116111611,0.7198071558191814,0.0392156862745098,0.07692307692307693,0.980852378011118,0.978638368246968,0.04708138048572646,0.9678412834837414,0.23793090077164683,0.05470967275922989,0.05470967275922989,0.3180676855895197,0.1687565454918431,0.20407049828767754,0.4228836490143023,0.17359408767938306,0.044601277932204614,0.131,0.06505240332490062,0.19550867974509015,0.131235
Zone_DH181,0.17540778978991683,0.1548,0.19846984698469847,0.6343815172936812,0.0196078431372549,0.038461538461538464,0.9857936998147003,0.9841510474090407,0.046442266723476774,0.9486105142529724,0.224669432703866,0.07665313321073969,0.07665313321073969,0.38564410480349354,0.21632459161529244,0.2560668561464819,0.6513335910320834,0.22290143195493203,0.06718770682165505,0.223,0.09071196241416697,0.24082899979372713,0.22287
Zone_DH182,0.39324123243136505,0.0,0.0,0.41136480593700064,0.058823529411764705,0.11538461538461539,0.8502779493514515,0.8329658213891951,0.25564550489987214,0.8172539750752041,0.265811004691923,0.2117569515714961,0.2117569515714961,0.23651746724890832,0.369834054911953,0.5198161234789084,0.48917665249323544,0.4240384964214084,0.20469778467684677,0.0,0.24539212143115288,0.426957692349448,0.0
Zone_DH183,0.36932038561082076,0.4864,0.46444644464446444,0.6130386500907343,0.0196078431372549,0.038461538461538464,0.9705991352686845,0.9671995589856671,0.09884959522795057,0.8668170749176335,0.20446702082283144,0.16561579230910456,0.16561579230910456,0.3907751091703057,0.34914544217833965,0.36543062421434075,0.5309238500193275,0.34753022756837165,0.14397193843784217,0.5285,0.19371160101192628,0.3840963619980241,0.5284549999999999
Zone_DH184,0.29317141628056215,0.3428,0.2916291629162916,0.6502803282684652,0.058823529411764705,0.11538461538461539,0.908462013588635,0.8978776185226021,0.1553046442266723,0.8613737286921643,0.20070572724805147,0.14419300373499308,0.14419300373499308,0.3275109170305678,0.33294393280141654,0.30460539169606554,0.3635485117897178,0.30945878011743794,0.11755893289050935,0.35000000000000003,0.1694976508854355,0.36724531633934426,0.35000000000000003
Zone_DH185,0.2698570531942652,0.3428,0.37488748874887484,0.6406110343706833,0.058823529411764705,0.11538461538461539,0.6166769610870908,0.572353914002205,0.14443971026842778,0.8573986534880389,0.18407072782969483,0.18198836463885537,0.18198836463885537,0.3275109170305678,0.3569946340462746,0.3719223353940185,0.45709315809818335,0.3525832715739067,0.14764208271662876,0.604,0.21286591976870256,0.4047037451191136,0.604165
Zone_DH186,0.38132312183976136,0.0,0.0,0.5910999160369437,0.11764705882352941,0.23076923076923078,0.8147004323656578,0.7932745314222712,0.3702599062633148,0.7979157713794585,0.154988561014386,0.22746739781438197,0.22746739781438197,0.06512008733624453,0.42335539456494753,0.36149725917815895,0.33301120989563204,0.38780169264017667,0.1741874541231965,0.0,0.26490784242862303,0.47359707309659,0.0
Zone_DH187,0.251408664254836,0.0,0.0,0.6791257008206711,0.0392156862745098,0.07692307692307693,0.922791846819024,0.9138643880926131,0.09735832978270131,0.8924939120469846,0.16204583349490095,0.11920677294793583,0.11920677294793583,0.3275109170305678,0.31344727437622133,0.2605310595755505,0.5320834943950522,0.27773084637191436,0.09750550521641818,0.0,0.14058547162992413,0.33797809165029147,0.0
Zone_DH188,0.16152213313023178,0.1692,0.1485148514851485,0.7243844966279351,0.0392156862745098,0.07692307692307693,0.9755404570722668,0.9727122381477398,0.06071580741371964,0.8735496347228191,0.266004885804025,0.07184970941693779,0.07184970941693779,0.3109716157205241,0.20225002969089084,0.23764602663776546,0.5316969462698107,0.20397454302343057,0.058000312864758194,0.16849999999999998,0.08529092880375858,0.2327300756695726,0.16834999999999997
Zone_DH189,0.10762265428311507,0.3064,0.2214221422142214,0.6462446845968417,0.09803921568627451,0.19230769230769232,0.7600988264360716,0.7323594266813671,0.08947592671495526,0.8704698467268298,0.383613168405134,0.061658987007280376,0.061658987007280376,0.33018558951965066,0.13138705045292104,0.29329189844766634,0.6279474294549671,0.18852259358496629,0.0509488225455158,0.305,0.07336465486086013,0.17711963464370883,0.30505999999999994
Zone_DH190,0.10232649981311838,0.216,0.22547254725472546,0.7081064976571599,0.29411764705882354,0.11538461538461539,0.7901173563928352,0.9279217199558986,0.053046442266723476,0.5581578570405387,0.35278607158090663,0.04751657572465186,0.04751657572465186,0.3171397379912664,0.1122725947679252,0.18010167029774876,0.709702357943564,0.1586500339460905,0.03872303045618088,0.2645,0.056378749548247196,0.17899418455269547,0.26437
Zone_DH191,0.07590214455469284,0.1764,0.15526552655265527,0.6876845155873351,0.2549019607843137,0.038461538461538464,0.3136504014823965,0.9929713340683571,0.018960374946740518,0.6540968342644321,0.3871805808678119,0.032712038355158415,0.032712038355158415,0.35076419213973803,0.06869500437265846,0.09803921568627452,0.7624661770390413,0.12828771773437053,0.0277667472895082,0.1735,0.03903144199494037,0.1276684290330869,0.173435
Zone_DH192,0.08356076473367606,0.1612,0.1215121512151215,0.6288291216380921,0.3137254901960784,0.3076923076923077,0.592958616429895,0.856670341786108,0.10822326374094587,0.8369861051425297,0.344914498429563,0.04267402629844431,0.04267402629844431,0.3474890829694324,0.09175888837304716,0.1596754513047934,0.7566679551604174,0.15170792887387086,0.03604563012165626,0.1505,0.050957715937838814,0.1557052541679785,0.15053999999999998
Zone_DH193,0.13353220358107484,0.1456,0.12061206120612061,0.6934806749546328,0.058823529411764705,0.11538461538461539,0.9581222977146386,0.9532800441014333,0.06966340008521517,0.9128706489041685,0.4754352630966692,0.06079521343032478,0.06079521343032478,0.32614628820960695,0.1371524816186394,0.2779971172526164,0.7806339389253963,0.18607381072074547,0.050004211640975654,0.13899999999999998,0.07228044813877846,0.18579033267832654,0.13888999999999999
Zone_DH194,0.205393473952934,0.2,0.14806480648064804,0.5708946128219711,0.09803921568627451,0.19230769230769232,0.773810994441013,0.747657111356119,0.17746058798466124,0.8938905600916774,0.3700802667804103,0.11694651526050147,0.11694651526050147,0.3771288209606988,0.21036266073568627,0.41323557059597665,0.7197526091998453,0.2831674034609465,0.10095905081645667,0.20099999999999998,0.13769425370437297,0.27250816949115747,0.20115
Zone_DH195,0.21390540264173027,0.378,0.2745274527452745,0.6166680209095095,0.09803921568627451,0.19230769230769232,0.37368746139592335,0.30126791620727666,0.17746058798466124,0.8333691448216588,0.09395478692465783,0.2142850693577076,0.2142850693577076,0.30633187772925763,0.3794344695047559,0.39485160486454407,0.2908774642442985,0.38078962234326497,0.16912746832244321,0.47600000000000003,0.24972894831947956,0.4375771261485237,0.47619
Zone_DH196,0.11863103927334785,0.0732,0.10306030603060305,0.7532298691801413,0.1568627450980392,0.3076923076923077,0.8657195799876466,0.8501929437706724,0.1363442692799318,0.8114525139664804,0.15491100856954518,0.06136103026819117,0.06136103026819117,0.2518013100436682,0.20462314162015094,0.17120275446143868,0.7336683417085429,0.1770327489077651,0.04614153520330192,0.033999999999999996,0.07300325262016624,0.22627409683244493,0.033874999999999995
Zone_DH197,0.05436491985246931,0.2408,0.26957695769576956,0.8745158581836895,0.0392156862745098,0.07692307692307693,0.9838171710932674,0.9819459757442116,0.018321261184490838,0.8553215871651625,0.21350188064678743,0.0236649882773586,0.0236649882773586,0.2298034934497817,0.09701039721013592,0.11879352229705571,0.7738693467336684,0.0931574010251201,0.017147395400888055,0.25399999999999995,0.028189374774123598,0.10792775383323742,0.25386499999999995
Zone_DH198,0.038335413713584524,0.224,0.2376237623762376,0.9315836515804014,0.058823529411764705,0.11538461538461539,0.9913526868437307,0.9903528114663727,0.01725607158074137,0.8451153129924079,0.19384233587963864,0.01659528746805994,0.01659528746805994,0.19803493449781662,0.07008129905744917,0.09289671875518397,0.6818708929261693,0.06962576378703622,0.011347364114412235,0.26599999999999996,0.019877123238164075,0.07591746190284909,0.26604
Zone_DH199,0.033998349800071936,0.242,0.24437443744374437,0.9290105901790309,0.0784313725490196,0.15384615384615385,0.9503397158739963,0.9445975744211688,0.020025564550489986,0.7920784987824094,0.24285548101903912,0.01542452815992151,0.01542452815992151,0.19579694323144106,0.05673227453817169,0.09513435003631084,0.759953614224971,0.0657517633827927,0.010480969399419997,0.27149999999999996,0.018431514275388507,0.06481853415987232,0.27165999999999996
Zone_DH200,0.03492923181077707,0.2032,0.21737173717371738,0.9399528723490695,0.09803921568627451,0.19230769230769232,0.941692402717727,0.9349503858875413,0.024925436727737536,0.7881034235782838,0.15692737213540656,0.016059567270505597,0.016059567270505597,0.18711790393013103,0.08023234471664092,0.07373124094533473,0.7066099729416313,0.06729877223987188,0.010775784267715966,0.242,0.01915431875677629,0.08528659262556408,0.242115
Zone_DH201,0.039590694000747516,0.156,0.16606660666066608,0.9585059992957937,0.0392156862745098,0.07692307692307693,0.9854231006794316,0.9837375964718852,0.012569237324243716,0.7103566824237215,0.1396331769359029,0.017233336242675232,0.017233336242675232,0.18449781659388653,0.09280400773042831,0.0756776483859195,0.710668728256668,0.07067265085279835,0.011551929533229845,0.1865,0.02059992771955186,0.09525644783648714,0.18651
Zone_DH202,0.05380074893689043,0.0828,0.09225922592259225,0.9131388640611033,0.058823529411764705,0.11538461538461539,0.9804817788758493,0.9782249173098126,0.024286322965487855,0.6714654061022776,0.22672457249214786,0.02364091096510897,0.02364091096510897,0.20436681222707428,0.09681389749624815,0.10049065687564743,0.5927715500579822,0.09080190512715533,0.016509632624574323,0.104,0.028189374774123598,0.11173113598448249,0.104165
Zone_DH203,0.060055993963371204,0.1248,0.1314131413141314,0.8419869450989951,0.0392156862745098,0.07692307692307693,0.990982087708462,0.9899393605292172,0.020664678312739666,0.7938332617103566,0.21776726511303268,0.026012526221697873,0.026012526221697873,0.24721615720524023,0.10814826011379709,0.10782654855512425,0.6213761113258601,0.10121635838779391,0.019343465338194768,0.147,0.03108059269967474,0.12106950671834345,0.14706
Zone_DH204,0.057178722293918946,0.126,0.1152115211521152,0.8758971858833725,0.0392156862745098,0.07692307692307693,0.9873996294008648,0.9859426681367145,0.019173412867490414,0.7980948288210858,0.15622940013183922,0.024862834561777875,0.024862834561777875,0.22745633187772932,0.1199792703598536,0.09086552462684644,0.5933513722458448,0.09622809699771448,0.017971673706123723,0.12949999999999998,0.029634983736899163,0.12883730860953996,0.12930999999999998
Zone_DH205,0.04631138003258087,0.1144,0.10756075607560756,0.8882749654668074,0.09803921568627451,0.19230769230769232,0.9825818406423719,0.9805678059536935,0.03344695355773327,0.7920068758057585,0.15801310636317814,0.020384454483346023,0.020384454483346023,0.21544759825327514,0.09996005225596787,0.08205876823374585,0.705836876691148,0.08266520862593482,0.014415845396676412,0.12149999999999998,0.02421395012649078,0.1065616484458968,0.12142999999999998
Zone_DH206,0.03590242664015063,0.1824,0.17821782178217824,0.921535169686628,0.09803921568627451,0.19230769230769232,0.9862878319950587,0.9847023153252481,0.025777588410737108,0.7764288783841855,0.1096591570049246,0.015698407586761092,0.015698407586761092,0.20005458515283847,0.09729758909966423,0.061252852334767335,0.6677618863548512,0.06705518960575892,0.010745701117889845,0.20049999999999998,0.0187929165160824,0.09979264148690166,0.200375
Zone_DH207,0.02455553910057052,0.1504,0.1467146714671467,0.9456406922889412,0.0392156862745098,0.07692307692307693,0.9919703520691784,0.9910418963616316,0.007669365146996164,0.7688010313708639,0.11543681414556593,0.010584988397745161,0.010584988397745161,0.19301310043668118,0.07248032303689228,0.04737732656514383,0.6629300347893312,0.04877871813343145,0.007009373909485818,0.164,0.012649078424286229,0.07285412889520976,0.163955
Zone_DH208,0.039118200858950215,0.1968,0.19486948694869485,0.9251374556485468,0.0392156862745098,0.07692307692307693,0.994070413835701,0.9933847850055126,0.012569237324243716,0.7758917060593037,0.16099887548954986,0.016842079918618687,0.016842079918618687,0.2031659388646289,0.09095561481737402,0.07241151771857456,0.5780827212988018,0.07093437261923888,0.011618112462847309,0.21749999999999997,0.020238525478857967,0.09577393941367844,0.217305
Zone_DH209,0.08526032961685742,0.2596,0.2812781278127813,0.9004902359091033,0.0392156862745098,0.07692307692307693,0.9762816553428042,0.9735391400220507,0.028121005538985937,0.6439979945566539,0.2904339059288844,0.03762381005408367,0.03762381005408367,0.2103165938864629,0.11955172153183403,0.1586100881412915,0.5052183996907614,0.12536990873425133,0.026719853675559246,0.3185,0.04481387784604264,0.1470544596555605,0.318625
Zone_DH211,0.55467873992426,0.3872,0.18766876687668765,0.41957151756452965,0.0784313725490196,0.15384615384615385,0.5882643607164917,0.5406560088202867,0.44120153387302935,0.5527145108150695,0.121563457287991,0.44822926416724107,0.44822926416724107,0.14552401746724888,0.6181449131406483,0.5611477905695085,0.4006571318129107,0.5894311049841153,0.37326570641252416,0.3125,0.5041561257679799,0.6650617190129301,0.3125
Zone_DH212,0.29449721793217254,0.25,0.16966696669666964,0.6324855773137238,0.0392156862745098,0.07692307692307693,0.9067325509573811,0.8959481808158766,0.11802300809544097,0.8225540753473713,0.3117220520376905,0.14265506541504772,0.14265506541504772,0.35622270742358086,0.26586195355265,0.40372102967902707,0.6093931194433708,0.3132654066016076,0.12001371791632069,0.20400000000000001,0.16769063968196604,0.3251584139425982,0.20407999999999998
Zone_DH213,0.18549939704233395,0.3388,0.25292529252925294,0.6862219333170825,0.0784313725490196,0.15384615384615385,0.9282273008029648,0.919928335170893,0.12121857690668938,0.898510242085661,0.2275776493853969,0.08874295362408695,0.08874295362408695,0.3109716157205241,0.24185659839561224,0.24364007682411187,0.5291843834557404,0.23124025021637395,0.0715076471366858,0.2985,0.10516805204192266,0.27058476548222615,0.298355
Zone_DH214,0.1490045909408255,0.2512,0.2727272727272727,0.7363830882153788,0.058823529411764705,0.11538461538461539,0.9662754786905496,0.9623759647188533,0.0749893481039625,0.9859618965764216,0.2433983481329249,0.06736531001044355,0.06736531001044355,0.2960152838427948,0.20714308850044807,0.19977955461184288,0.5459992269037495,0.19402652459407213,0.05345775724101416,0.3115,0.0798698951933502,0.23238628755885107,0.311525
Zone_DH215,0.15872948709811635,0.1748,0.17821782178217824,0.7029332899975624,0.0392156862745098,0.07692307692307693,0.9755404570722668,0.9727122381477398,0.06071580741371964,0.9681277753903451,0.1888014269649851,0.07060972783608166,0.07060972783608166,0.3259825327510917,0.21945563101240542,0.22375575535722844,0.48801700811751075,0.20390716910335677,0.058000312864758194,0.20199999999999999,0.08384531984098301,0.2402771294054637,0.20202
Zone_DH216,0.21940606906862434,0.0,0.0,0.5590856152325234,0.058823529411764705,0.11538461538461539,0.9437924644842496,0.9372932745314223,0.12654452492543672,0.9458172181635869,0.3940439722362247,0.10311108970905578,0.10311108970905578,0.4145196506550219,0.22317185087615124,0.3631819338000288,0.5952841128720527,0.2696589324861495,0.09272830102403042,0.0,0.12179255511384171,0.2718784944252044,0.0
Zone_DH217,0.33516688880896467,0.0,0.0,0.4265052409198017,0.0392156862745098,0.07692307692307693,0.7782581840642372,0.7526185226019846,0.16126970600766932,0.796375877381464,0.5330179533909807,0.18488366143687382,0.18488366143687382,0.544650655021834,0.2504507617063085,0.7004818095690994,0.5494781600309239,0.40096033749151355,0.18524601999927798,0.0,0.21467293097217202,0.35072358350251326,0.0
Zone_DH218,0.21611977348537736,0.1188,0.15931593159315932,0.5426721919774653,0.058823529411764705,0.11538461538461539,0.8502779493514515,0.8329658213891951,0.12654452492543672,0.8175404669818077,0.250843382837644,0.11148698470789706,0.11148698470789706,0.17156113537117906,0.26941838244026733,0.33454615160597045,0.5794356397371472,0.28352500349826126,0.10095905081645667,0.20099999999999998,0.1315504156125768,0.2993326891829785,0.20115
Zone_DH219,0.14675495941495473,0.116,0.07695769576957696,0.681969610790607,0.0196078431372549,0.038461538461538464,0.9885114268066707,0.9871830209481807,0.03728163613123136,0.9252972353531013,0.21315289464500367,0.06384099342990342,0.06384099342990342,0.35098253275109176,0.20777793372993164,0.2021904456462036,0.5027058368766911,0.19526775950620098,0.053987220677953855,0.0865,0.0758944705457174,0.22695081658723348,0.08647999999999999
Zone_DH220,0.1578761785883033,0.1568,0.12376237623762376,0.5693778608380055,0.11764705882352941,0.23076923076923078,0.8642371834465721,0.8485391400220508,0.16126970600766932,0.8996203982237502,0.21357943309162825,0.08223906965265468,0.08223906965265468,0.3789301310043668,0.2163418663154144,0.2830880048955096,0.6260146888287591,0.23125579804408325,0.0715076471366858,0.1545,0.09721720274665703,0.24669872943151924,0.15431999999999998
Zone_DH221,0.22032284680644,0.2856,0.23582358235823583,0.6336502261585546,0.09803921568627451,0.19230769230769232,0.8588017294626312,0.8424751929437706,0.18001704303365995,0.8725827245380317,0.2819806894412346,0.11614895429223238,0.11614895429223238,0.09459606986899564,0.24860020945573896,0.3259642642543011,0.629880170081175,0.27257415018165043,0.09426855829512773,0.2955,0.13697144922298518,0.29675246894145835,0.29569999999999996
Zone_DH222,0.1798435836136557,0.1356,0.0927092709270927,0.6924514503940846,0.0392156862745098,0.07692307692307693,0.9167387276096356,0.9071113561190739,0.06923732424371538,0.9472854891849305,0.2190468804529063,0.08522164670757804,0.08522164670757804,0.323853711790393,0.23520152017361076,0.23986153965252205,0.5713181291070738,0.22790783247733906,0.06971469140704907,0.1105,0.10083122515359595,0.26326207872385854,0.11044
Zone_DH223,0.12109223489256069,0.2552,0.19351935193519348,0.6409089677961052,0.09803921568627451,0.19230769230769232,0.9203211859172328,0.9111080485115766,0.10055389859394971,0.8686434608222318,0.21330799953468538,0.058146709082865074,0.058146709082865074,0.34890829694323144,0.18471836840457348,0.20955582834750747,0.5991495941244687,0.18411996703860525,0.049095700516226845,0.22999999999999998,0.06902782797253343,0.2050786551009109,0.22988499999999998
Zone_DH224,0.09178355582823816,0.3344,0.2592259225922592,0.653638850518675,0.11764705882352941,0.23076923076923078,0.9313156269302038,0.9233737596471885,0.08947592671495526,0.8717590603065463,0.3960603358020861,0.04349867424299426,0.04349867424299426,0.3431222707423581,0.11346454907634337,0.2468877756028149,0.6886354851178973,0.15324457251247714,0.036551027038735064,0.305,0.0516805204192266,0.14473298520263594,0.30501
Zone_DH225,0.06879359101839902,0.2004,0.18856885688568856,0.6328376804528588,0.5098039215686274,0.19230769230769232,0.6300185299567634,0.9400496141124587,0.059224541968470386,0.6762283340495631,0.2648415991314126,0.03173389754501705,0.03173389754501705,0.37205240174672494,0.07836451776594942,0.10754269747003899,0.7995747970622342,0.12775909159225304,0.0276163315403776,0.21899999999999997,0.03794723527285869,0.1416027039839614,0.21885499999999997
Zone_DH226,0.08601490821644416,0.1244,0.12646264626462647,0.6110072858264943,0.0392156862745098,0.038461538461538464,0.9776405188387893,0.991730981256891,0.023008095440988495,0.5189800888124911,0.41800767769203917,0.03715430246521581,0.03715430246521581,0.4102074235807861,0.10538862676930719,0.2340849857521501,0.653846153846154,0.14519598036827622,0.03369312780525372,0.1415,0.044091073364654856,0.17148150962787653,0.14141499999999999
Zone_DH227,0.12522478684917593,0.1588,0.12646264626462647,0.3843882885078952,0.21568627450980393,0.3076923076923077,0.6618900555898702,0.7388368246968026,0.1991904559011504,0.5442629995702621,0.5612858195354608,0.07289406283576565,0.07289406283576565,0.5537117903930132,0.09268524416708955,0.4482893364151452,0.6536528797835331,0.23878612926463957,0.0753643069443943,0.173,0.08637513552584027,0.22653465203214956,0.17316
Zone_DH228,0.23448353678746975,0.2164,0.17866786678667865,0.578640881882939,0.13725490196078433,0.2692307692307692,0.7058678196417542,0.6718577728776185,0.26800170430336595,0.9100415413264574,0.21435495754003647,0.1515305646430689,0.1515305646430689,0.3212336244541485,0.3148789151488324,0.3450670736427679,0.481059141863162,0.3168543634978466,0.12257078565154085,0.087,0.17780990242139502,0.35724108231734897,0.08680500000000001
Zone_DH229,0.28518839782512106,0.372,0.2925292529252925,0.7302077408520896,0.0392156862745098,0.07692307692307693,0.9581222977146386,0.9532800441014333,0.10566680869194715,0.9159862483884829,0.3316142541393618,0.1306675735787614,0.1306675735787614,0.2941593886462882,0.25625937962233186,0.35232186501222035,0.5411673753382297,0.28631324726746926,0.10278208969591951,0.33649999999999997,0.15395735453559814,0.30906189271639656,0.336255
Zone_DH230,0.19855290160154015,0.322,0.21827182718271826,0.6607079981582298,0.0392156862745098,0.07692307692307693,0.8905497220506485,0.8778941565600882,0.07839795483596079,0.8920999856754046,0.4674473612780644,0.09686603684430707,0.09686603684430707,0.34246724890829694,0.17825763055894453,0.3945050853580763,0.6799381522999614,0.24871341725705223,0.08079130717302624,0.26599999999999996,0.11456451029996388,0.2406335833939486,0.26620499999999997
Zone_DH231,0.11461132149984836,0.1956,0.1674167416741674,0.720294683242599,0.0392156862745098,0.07692307692307693,0.9822112415071031,0.980154355016538,0.04345973583297827,0.7480303681420999,0.21916320912016754,0.050408862858639096,0.050408862858639096,0.31872270742358083,0.16719102579328662,0.18399079880119,0.6791650560494783,0.16474996501738765,0.04114171570220088,0.18849999999999997,0.059992771955186125,0.1884338823086638,0.188565
Zone_DH232,0.09282021988561434,0.2736,0.2587758775877588,0.7588906042631565,0.058823529411764705,0.11538461538461539,0.9715873996294009,0.9683020948180816,0.046442266723476774,0.8246311416702479,0.16673775640777078,0.041406957741307336,0.041406957741307336,0.289028384279476,0.157998725990866,0.14554925184964004,0.6517201391573252,0.1424232844267775,0.03261615104147864,0.294,0.04915070473436935,0.17006112190726408,0.29412
Zone_DH233,0.058236542760629326,0.2196,0.2241224122412241,0.8896021234527774,0.0784313725490196,0.15384615384615385,0.9787523162445955,0.9762954796030872,0.034086067319982954,0.7347084944850307,0.31680173717476445,0.025726608138733474,0.025726608138733474,0.21424672489082974,0.077308601720992,0.14795277012854402,0.7468109779667569,0.0969614362046716,0.018266488574419693,0.2535,0.03071919045898084,0.09993739437562651,0.25349499999999997
Zone_DH234,0.03356816947694304,0.1668,0.19126912691269127,0.9291460144633135,0.0392156862745098,0.07692307692307693,0.9948116121062384,0.9942116868798235,0.010864933958244567,0.7165162584156997,0.3997828531544457,0.014431339029624126,0.014431339029624126,0.20152838427947597,0.042554064413038085,0.10833895505936912,0.8591032083494395,0.06287282395194685,0.00986727314296716,0.2135,0.01734730755330683,0.05744699330156008,0.21358499999999997
Zone_DH235,0.03560623690947172,0.1644,0.18136813681368139,0.8848622735028844,0.11764705882352941,0.23076923076923078,0.9831995058678197,0.9812568908489526,0.03110353642948445,0.7865635295802893,0.15002520454457333,0.015662291618386642,0.015662291618386642,0.2176855895196507,0.08154306258839789,0.07429894311550528,0.6969462698105915,0.06830419843174244,0.01102848272625537,0.2045,0.0187929165160824,0.08355498619419323,0.20451
Zone_DH236,0.03713655051797942,0.1128,0.12106210621062106,0.9092657295306195,0.0392156862745098,0.07692307692307693,0.9943174799258803,0.9936604189636165,0.012143161482743928,0.7601346511961038,0.11667765326301914,0.01598432566972549,0.01598432566972549,0.21168122270742357,0.09201153086233144,0.06628475793400646,0.7156938538848087,0.06890019849393375,0.01115483195552507,0.13499999999999998,0.01915431875677629,0.09270517817271191,0.13502999999999998
Zone_DH237,0.04980923970916989,0.1232,0.10261026102610261,0.8338614880420356,0.13725490196078433,0.2692307692307692,0.9345274861025324,0.9269570011025359,0.05048998721772475,0.7248245237072052,0.18030943425491489,0.023309847921676504,0.023309847921676504,0.23515283842794765,0.10665831722827436,0.09848158101368017,0.6128720525705451,0.0927738879416231,0.017015029541653126,0.1205,0.02782797253342971,0.11637589430144066,0.12061499999999999
Zone_DH238,0.062129322078123564,0.18,0.1566156615661566,0.8534709244061645,0.11764705882352941,0.23076923076923078,0.9630636195182212,0.9587927232635062,0.053046442266723476,0.7834479300959747,0.22323471247431076,0.028155407011915264,0.028155407011915264,0.2264192139737992,0.11241295170641646,0.11300959564122699,0.6128720525705451,0.10487528050872491,0.02036629243228283,0.1795,0.033610408384531984,0.12744949028889058,0.17948499999999998
Zone_DH239,0.06528162706892052,0.1336,0.11476147614761475,0.8454808916334877,0.0784313725490196,0.15384615384615385,0.9806053119209389,0.9783627342888644,0.039198977417980396,0.8215871651625841,0.16289891038815,0.028817533098780185,0.028817533098780185,0.2381550218340611,0.12777879746493778,0.10781180304421074,0.625241592578276,0.10767388949640584,0.02119658736748372,0.12949999999999998,0.03433321286591977,0.1375261007552482,0.12947999999999998
Zone_DH240,0.05937898886467655,0.1252,0.1089108910891089,0.8328864331952006,0.0392156862745098,0.07692307692307693,0.990982087708462,0.9899393605292172,0.020664678312739666,0.8549276607935826,0.21683663577494283,0.025717579146639864,0.025717579146639864,0.2525655021834062,0.1101262132777664,0.11870136285384619,0.5552763819095478,0.10088467139666135,0.019265249148646857,0.122,0.03071919045898084,0.12399713389280324,0.1221
Zone_DH241,0.04600108602901248,0.2072,0.1773177317731773,0.8470518133311665,0.058823529411764705,0.11538461538461539,0.9857936998147003,0.9841510474090407,0.021942905837239027,0.8472998137802606,0.14215363139322973,0.020074459088131994,0.020074459088131994,0.24252183406113534,0.11146932121225209,0.0772738499423082,0.6059141863161964,0.08398936528584681,0.014764809934659397,0.199,0.023852547885796892,0.11674320475657991,0.19922499999999999
Zone_DH242,0.040436950374115835,0.1548,0.13546354635463545,0.8682321713929742,0.0392156862745098,0.07692307692307693,0.9936998147004323,0.9929713340683571,0.013634426927993182,0.8484457814066753,0.13656985536469035,0.017422945076641095,0.017422945076641095,0.23389737991266382,0.1004199911467162,0.06917119169532827,0.6737533822960959,0.07518411219312476,0.012616873037074471,0.1515,0.02059992771955186,0.1050797407475763,0.15131999999999998
Zone_DH243,0.05723513938547683,0.1908,0.17506750675067503,0.867257116546139,0.0196078431372549,0.038461538461538464,0.9957998764669549,0.9953142227122381,0.012143161482743928,0.8397435897435896,0.15770289658381478,0.02457390681478227,0.02457390681478227,0.23580786026200873,0.11887153021453019,0.09276400915696228,0.652686509470429,0.09610630568065798,0.017971673706123723,0.1955,0.029273581496205275,0.1261485237014761,0.19539999999999996
Zone_DH244,0.15058426950444634,0.3056,0.28757875787578757,0.8709677419354839,0.0,0.0,1.0,1.0,0.015125692373242437,0.7561237645036528,0.2921788359378029,0.06422322076186635,0.06422322076186635,0.23651746724890832,0.17350061001284808,0.21554987853385388,0.5794356397371472,0.17994278399402963,0.04736291108624237,0.31949999999999995,0.07625587278641127,0.207957428175426,0.319445
Zone_DH246,0.4962799980254018,0.766,0.6723672367236724,0.5098453454673492,0.09803921568627451,0.19230769230769232,0.7017912291537987,0.6673098125689085,0.43821900298253086,0.7782552642887838,0.1578580014734965,0.34855822044585166,0.34855822044585166,0.08487991266375546,0.5322356700964145,0.45821675163767334,0.38364901430228066,0.49526309515788824,0.27071224865528315,0.985,0.399349475966751,0.5807703024973493,0.98485
Zone_DH247,0.254906523931425,0.4688,0.3280828082808281,0.6960537363560033,0.0,0.0,1.0,1.0,0.030677460587984658,0.8875877381463972,0.40439722362247466,0.10874518077547003,0.10874518077547003,0.34934497816593896,0.2038090713769016,0.3798627930209497,0.6215693853884809,0.2670805843910175,0.09123617679265489,0.3645,0.12829779544633177,0.2629924764686085,0.390625
Zone_DH248,0.18294652364933955,0.4668,0.40504050405040504,0.6841905690528425,0.058823529411764705,0.11538461538461539,0.9573810994441012,0.9524531422271223,0.09544098849595227,0.9255837272597048,0.3078444297956493,0.0839786554626907,0.0839786554626907,0.3257096069868996,0.20764621414150142,0.27191090762306047,0.5674526478546579,0.22600581488756327,0.06885431332202206,0.46649999999999997,0.09938561619082038,0.24593515794349569,0.48611
Zone_DH249,0.16195936558980542,0.1372,0.1116111611161116,0.6366295604127731,0.058823529411764705,0.11538461538461539,0.9605929586164299,0.9560363836824697,0.08819769919045589,0.9608938547486032,0.24572492147814962,0.07395045491071832,0.07395045491071832,0.36386462882096077,0.20766780751665387,0.25613321094559277,0.5682257441051412,0.21506791809404363,0.063343080273877,0.128,0.08782074448861582,0.2370292364647002,0.12820499999999999
Zone_DH250,0.19451202741870646,0.1804,0.19216921692169217,0.6209745131496981,0.0196078431372549,0.038461538461538464,0.9683755404570722,0.9647188533627342,0.05198125266297401,0.9697034808766652,0.2965993252937299,0.08654288921727668,0.08654288921727668,0.1498362445414847,0.22180283089148248,0.2917067560244628,0.5369153459605722,0.2407555207744891,0.07639315066844758,0.2195,0.10227683411637152,0.2546529006669489,0.2193
Zone_DH251,0.33447577943738055,0.4676,0.41674167416741675,0.5820806587037187,0.0392156862745098,0.07692307692307693,0.9176034589252625,0.9080760749724366,0.1395398380911802,0.8704340352385045,0.30385047888634686,0.1610711996219862,0.1610711996219862,0.39328602620087333,0.30167024756804617,0.4233878548599361,0.642442984151527,0.3425678792244744,0.14048229305801233,0.49599999999999994,0.1886519696422118,0.35447992096492276,0.49602999999999997
Zone_DH252,0.27974414848978496,0.2892,0.21647164716471645,0.5515018553126947,0.0196078431372549,0.038461538461538464,0.9762816553428042,0.9735391400220507,0.07946314443971027,0.7941197536169603,0.31730582806622987,0.12424796020020286,0.12424796020020286,0.44879912663755467,0.26183694842422345,0.3918250887495438,0.5421337456513335,0.3057583971226154,0.1152004139441416,0.245,0.1460065052403325,0.305034143587628,0.24509999999999998
Zone_DH253,0.08640277572090464,0.1808,0.16471647164716471,0.6663958180981013,0.0392156862745098,0.07692307692307693,0.792958616429895,0.769018743109151,0.03429910524073285,0.8898796733992265,0.1680173717476444,0.04647222230582401,0.04647222230582401,0.34246724890829694,0.16187041815570985,0.18850661151845588,0.626401236954001,0.15962954709177882,0.039005812064546404,0.21999999999999997,0.05529454282616553,0.17913350920809312,0.219905
Zone_DH254,0.05201655841637224,0.104,0.09945994599459947,0.6962433303539991,0.11764705882352941,0.23076923076923078,0.9600988264360716,0.9554851157662624,0.05091606305922454,0.9689514396218305,0.236534956764512,0.023631881973015353,0.023631881973015353,0.3275109170305678,0.10456375983848154,0.11262989873520382,0.654619250096637,0.1015506366835447,0.019511930977221037,0.114,0.028189374774123598,0.11512740063618895,0.1142
Zone_DH255,0.0438642886862575,0.1344,0.1251125112511251,0.7232469326399609,0.058823529411764705,0.11538461538461539,0.4759728227300803,0.415380374862183,0.023221133361738387,0.9730697607792578,0.0886812206754818,0.034830841833126173,0.034830841833126173,0.3314956331877729,0.13905485796957492,0.14377241778456074,0.6797448782373406,0.13163827460573302,0.028891857093005065,0.13599999999999998,0.04156125767979761,0.1519253943611512,0.13596499999999997
Zone_DH256,0.05866672308375822,0.1584,0.12556255625562557,0.7569946642831991,0.11764705882352941,0.23076923076923078,0.9624459542927732,0.9581036383682469,0.05411163187047294,0.8844005156854319,0.2518515646205747,0.02661144936390751,0.02661144936390751,0.2849890829694323,0.10389004653372345,0.13046828056283616,0.7730962504831852,0.10601286323612487,0.02082355630963984,0.144,0.03180339718106252,0.11830472654369908,0.14378999999999997
Zone_DH257,0.09986530419390553,0.1664,0.14896489648964895,0.7453752606917472,0.11764705882352941,0.23076923076923078,0.9232859789993824,0.9144156560088204,0.09011504047720494,0.8683211574273026,0.24533715925394553,0.04780550347164746,0.04780550347164746,0.2763100436681223,0.1590978287861284,0.17596186810877767,0.6374178585233862,0.1544987639476971,0.03707447384570954,0.1765,0.05674015178894109,0.18219141398240526,0.17659999999999998
Zone_DH258,0.1703937207777096,0.142,0.1665166516651665,0.6422632106389318,0.058823529411764705,0.11538461538461539,0.9451513279802347,0.9388092613009923,0.09203238176395398,0.9005156854318865,0.29803404552328516,0.07912406738035833,0.07912406738035833,0.3566048034934498,0.2011271741829607,0.2747567912293701,0.7147274835717048,0.22277186672402086,0.06718770682165505,0.194,0.09360318033971811,0.23645203432090992,0.1938
Zone_DH259,0.09536604114216402,0.2744,0.22277227722772278,0.6426423986349232,0.17647058823529413,0.34615384615384615,0.5457689932056824,0.49324696802646073,0.13485300383468254,0.8199398366996132,0.1929892589863896,0.07086554927873401,0.07086554927873401,0.10354803493449781,0.1694993575970892,0.2806771138611489,0.5477386934673367,0.20531424751105193,0.058620025751176245,0.391,0.08420672208167691,0.20464982466806353,0.391155
Zone_DH260,0.0646680911982285,0.1924,0.14986498649864988,0.5288047452669213,0.39215686274509803,0.34615384615384615,0.5182211241507103,0.6416758544652701,0.10396250532594802,0.8852241799169174,0.3838846019620769,0.03869525044919236,0.03869525044919236,0.21757641921397386,0.07035769425940122,0.23987628516343554,0.7730962504831852,0.15670137287318675,0.03788070226104954,0.22499999999999998,0.04589808456812432,0.1389989613980234,0.225225
Zone_DH261,0.10901192516272805,0.138,0.1089108910891089,0.40150591804122315,0.27450980392156865,0.15384615384615385,0.5171093267449043,0.9248897464167585,0.09437579889220281,0.9249391204698467,0.42828337663344845,0.05128768475575071,0.05128768475575071,0.2955786026200874,0.0850455080381339,0.2235456318267108,0.6294936219559335,0.1978616554290423,0.05507623070165939,0.128,0.0607155764365739,0.1851678952568097,0.12820499999999999
Zone_DH262,0.1580947948180901,0.2352,0.1251125112511251,0.3292706048048536,0.29411764705882354,0.11538461538461539,0.10784434836318715,0.7511025358324145,0.11589262888794204,0.7249319581721817,0.4569777812245531,0.08473107147049175,0.08473107147049175,0.3838973799126638,0.09757182496410102,0.25699213695630535,0.6403169694626982,0.2807315771198168,0.09920219486661129,0.16949999999999998,0.09974701843151428,0.2462481860653632,0.16948999999999997
Zone_DH263,0.34891150273975496,0.24,0.23447344734473446,0.7129817718913355,0.0392156862745098,0.07692307692307693,0.794070413835701,0.7702590959206174,0.1305922454196847,0.9206059303824666,0.22951646050641747,0.18970815287889412,0.18970815287889412,0.29110262008733634,0.35669880480668525,0.3675724096745297,0.5005798221878625,0.35242520199219507,0.14764208271662876,0.104,0.2219009757860499,0.4110113522452983,0.104165
Zone_DH264,0.3583543134392564,0.4212,0.35193519351935193,0.7751686032339318,0.0392156862745098,0.07692307692307693,0.9495985176034589,0.9437706725468578,0.12782275244993607,0.919925512104283,0.3905541122183877,0.16661199110343314,0.16661199110343314,0.25889737991266376,0.2789324235324602,0.4057448510519079,0.4845380749903364,0.32117147699180626,0.12524216935610025,0.40800000000000003,0.19551861221539574,0.3523122464562684,0.40779999999999994
Zone_DH265,0.20679684910543647,0.3616,0.3096309630963096,0.7265242003196012,0.0,0.0,1.0,1.0,0.024073285044737963,0.8891992551210428,0.4628329908100353,0.088213252754595,0.088213252754595,0.3275109170305678,0.17432979561870418,0.3545447507824337,0.5976034016235022,0.23312931128305855,0.07243420815133027,0.344,0.10444524756053487,0.23013718955028897,0.34375
Zone_DH266,0.15172671560849357,0.3668,0.32268226822682267,0.7224614717911215,0.058823529411764705,0.11538461538461539,0.9654107473749228,0.9614112458654906,0.07711972731146144,0.881034235782839,0.2881073325836597,0.0687046105043294,0.0687046105043294,0.3047489082969433,0.18086395093985166,0.24722692235382593,0.5326633165829145,0.19759993366260176,0.05507623070165939,0.3685,0.08167690639681965,0.21386334603539933,0.36859000000000003
Zone_DH267,0.12344764846510249,0.3516,0.23987398739873986,0.643048671487771,0.19607843137254902,0.38461538461538464,0.8683137739345276,0.8530871003307609,0.18960374946740519,0.8697894284486462,0.25239443173446047,0.06529767082100625,0.06529767082100625,0.3057860262008734,0.17864415197417433,0.24637168272084164,0.5046385775028991,0.19177208957621802,0.052422896886995654,0.298,0.07770148174918684,0.20774210825344785,0.29816499999999996
Zone_DH268,0.09256634297360385,0.248,0.2079207920792079,0.7478128978088349,0.11764705882352941,0.23076923076923078,0.8214947498455837,0.8008544652701213,0.08372390285470814,0.8047557656496203,0.2269960060490907,0.04851879384704286,0.04851879384704286,0.28176855895196506,0.14885177227626564,0.18787624092690283,0.6944337069965212,0.1566625033039134,0.03788070226104954,0.2475,0.05782435851102277,0.17646824664444707,0.24774999999999997
Zone_DH269,0.03971763245675277,0.1808,0.198019801980198,0.9045258795807264,0.0,0.0,1.0,1.0,0.0025564550489987213,0.743947858472998,0.1668153088526116,0.01690829252730518,0.01690829252730518,0.2179039301310044,0.08099243152200905,0.08317574068544507,0.7441051410900658,0.07216524231289484,0.011936993851004175,0.21999999999999997,0.020238525478857967,0.08743617302312791,0.22005
Zone_DH270,0.035972948004597986,0.2032,0.2151215121512151,0.9106470572303025,0.09803921568627451,0.19230769230769232,0.986164298949969,0.9845644983461962,0.026203664252236896,0.7355679702048418,0.16646632285082794,0.015734523555135542,0.015734523555135542,0.20567685589519655,0.08201379816672245,0.07544540658903158,0.6959798994974874,0.06751903313242086,0.010872050347159547,0.242,0.0187929165160824,0.08543315492539796,0.241875
Zone_DH271,0.0494566328869331,0.1984,0.1863186318631863,0.8644132065762031,0.0392156862745098,0.07692307692307693,0.9924644842495367,0.9915931642778391,0.016829995739241585,0.7815141097264002,0.17406646244522858,0.02135958562945619,0.02135958562945619,0.2352620087336245,0.10403472214724523,0.09241748965049454,0.6300734441437958,0.08715075692007898,0.015571038349999396,0.2085,0.025298156848572458,0.11102727506305797,0.208335
Zone_DH272,0.060408600785608,0.1992,0.18901890189018902,0.78689634625281,0.0196078431372549,0.038461538461538464,0.9953057442865967,0.9947629547960309,0.013634426927993182,0.7263286062168743,0.1809686300360619,0.025961361933167403,0.025961361933167403,0.2837882096069869,0.11489403051143911,0.11825531114871218,0.6534596057209122,0.10434924567122564,0.02027604298280447,0.2105,0.03108059269967474,0.1232172777047982,0.21073
Zone_DH273,0.06449883992355483,0.208,0.18361836183618363,0.7969989978602963,0.058823529411764705,0.11538461538461539,0.9851760345892526,0.9834619625137817,0.031742650191734126,0.8214439192092823,0.19271782542944665,0.02823967760478898,0.02823967760478898,0.27030567685589524,0.11115837661005602,0.12942503566570454,0.6911480479319676,0.10922608096272149,0.021683934394666857,0.20650000000000002,0.033610408384531984,0.12321004006036196,0.20663999999999996
Zone_DH274,0.07595150950980599,0.1512,0.1422142214221422,0.7717017415562959,0.058823529411764705,0.11538461538461539,0.9824583075972823,0.9804299889746416,0.037920749893481036,0.872367855608079,0.23300632052425457,0.03340727074636659,0.03340727074636659,0.2844432314410481,0.12750024292547046,0.13830183323564435,0.7180131426362584,0.12357931724305919,0.026154290458828198,0.16049999999999998,0.03975424647632815,0.14012622451896806,0.160255
Zone_DH275,0.08277797758831038,0.194,0.16156615661566157,0.7709704504211695,0.0196078431372549,0.038461538461538464,0.9936998147004323,0.9929713340683571,0.019386450788240306,0.8997994556653773,0.22563883826437628,0.03568558641798816,0.03568558641798816,0.29290393013100435,0.13066583172282742,0.15012404661056003,0.660417471975261,0.12994097008079689,0.028242061056760887,0.1805,0.04264546440187929,0.14814553455432394,0.18041000000000001
Zone_DH276,0.0747173856319772,0.2188,0.1908190819081908,0.8338885728988921,0.058823529411764705,0.11538461538461539,0.9834465719579987,0.9815325248070562,0.03557733276523221,0.8905600916774101,0.19217495831556095,0.032805337940125745,0.032805337940125745,0.24683406113537115,0.13577914295894022,0.12399131489407193,0.6099729416312331,0.11832415147730276,0.024451584178669845,0.21499999999999997,0.03903144199494037,0.14990428215233068,0.21493
Zone_DH277,0.07688944365695587,0.2856,0.2641764176417642,0.7997616532596625,0.058823529411764705,0.11538461538461539,0.9825818406423719,0.9805678059536935,0.03749467405198125,0.8686792723105572,0.17747877001822487,0.033807556062516744,0.033807556062516744,0.2668668122270743,0.14532773345137712,0.12321717557111209,0.5856204097410129,0.12268531714977222,0.0258775254804279,0.2975,0.04011564871702205,0.15856955195362119,0.30356999999999995
Zone_DH278,0.12391308947045507,0.3452,0.31998199819981993,0.7886568619484845,0.0196078431372549,0.038461538461538464,0.963681284743669,0.9594818081587652,0.028760119301235617,0.8872654347514682,0.15805188258559855,0.055260441276940256,0.055260441276940256,0.27549126637554583,0.20492328953477074,0.1596201556388677,0.5850405875531504,0.16916813939145803,0.042808322202567896,0.366,0.0657752078062884,0.21730665537594135,0.372475
Zone_DH279,0.30229688084005046,0.652,0.5292529252925292,0.6160721540586658,0.0392156862745098,0.07692307692307693,0.9515750463248919,0.9459757442116868,0.12270984235193863,0.8467984529437044,0.2687967738182947,0.14009685098852417,0.14009685098852417,0.3729803493449782,0.2938836764880535,0.36150094555588735,0.6321994588326248,0.3131358413706965,0.12001371791632069,0.612,0.164438019515721,0.3367874991405297,0.637755
Zone_DH281,0.4785015620482224,0.6856,0.7713771377137714,0.6955662089325857,0.0392156862745098,0.07692307692307693,0.9294626312538605,0.9213065049614113,0.18001704303365995,0.8783841856467554,0.315716002946993,0.2304860908376798,0.2304860908376798,0.07674672489082973,0.37937400805432897,0.4341152140495228,0.348279860842675,0.39433437158271706,0.17954827142221097,0.9089999999999999,0.2681604625948681,0.4455566291394803,0.90909
Zone_DH282,0.2671772413452655,0.5876,0.47299729972997295,0.7765228460767585,0.0,0.0,1.0,1.0,0.030251384746484873,0.9576350093109868,0.30295862577067745,0.11398199618976533,0.11398199618976533,0.29377729257641927,0.24372442534630379,0.3181307115814929,0.35330498647081565,0.26487538416090967,0.08979218560100115,0.5255,0.13444163353812794,0.2922289411688072,0.55128
Zone_DH283,0.23002658655439664,0.6132,0.43474347434743477,0.6668562606646623,0.0392156862745098,0.07692307692307693,0.9641754169240271,0.9600330760749723,0.09011504047720494,0.9475361696032086,0.33266121214471284,0.10431495532153745,0.10431495532153745,0.34361353711790393,0.21965213072629317,0.32988288377956937,0.5461925009663703,0.25968759231522703,0.08702453581699818,0.4975,0.1232381640766173,0.26927837066148447,0.52239
Zone_DH284,0.22726214906806014,0.2448,0.19036903690369034,0.5442431136751441,0.0392156862745098,0.07692307692307693,0.960840024706609,0.9563120176405733,0.09884959522795057,0.9414124050995559,0.5074644228159293,0.10367991621095338,0.10367991621095338,0.1861353711790393,0.19755347059522138,0.4256955273179021,0.7251642829532277,0.27492964607961523,0.09585694860594683,0.2185,0.12215395735453562,0.256570876442553,0.21857999999999997
Zone_DH285,0.21631018116938525,0.2728,0.14536453645364536,0.4749058801224235,0.09803921568627451,0.19230769230769232,0.8804200123533045,0.866593164277839,0.20366425223689813,0.8970419710643174,0.3167629609523441,0.11208590785010669,0.11208590785010669,0.19486899563318777,0.23948780514138263,0.37877531159107747,0.5689988403556243,0.2894098562862459,0.10466529487503459,0.1785,0.13191181785327072,0.286836896063807,0.17857
Zone_DH286,0.2856256302846947,0.4616,0.36183618361836184,0.6646082175455701,0.0,0.0,1.0,1.0,0.03557733276523221,0.8833619825239936,0.29578502462290124,0.12185527729539551,0.12185527729539551,0.3729803493449782,0.2687641031731465,0.34014575937538016,0.5543100115964439,0.2894020823723912,0.10466529487503459,0.40199999999999997,0.14347668955547527,0.3083019400505911,0.40178499999999995
Zone_DH287,0.17318636680982502,0.2104,0.10846084608460846,0.46707835649088586,0.1568627450980392,0.3076923076923077,0.8374305126621372,0.818632855567806,0.24968044311887513,0.778828248101991,0.34852068711466133,0.09639953891947041,0.09639953891947041,0.4325873362445415,0.20756631865343714,0.3627100774507961,0.6981059141863162,0.2619575751607905,0.08839031081910399,0.13899999999999998,0.11384170581857607,0.2519948757477391,0.13888999999999999
Zone_DH288,0.054118095076903544,0.1472,0.14626462646264626,0.6843259933371251,0.2549019607843137,0.5,0.9213094502779493,0.9122105843439912,0.10907541542394546,0.8836484744305974,0.20043429369110863,0.026367666577379968,0.026367666577379968,0.30966157205240175,0.11577935889269172,0.1216062285038099,0.7234248163896405,0.10764020253636895,0.021292853446927305,0.1735,0.03144199494036863,0.125336098113508,0.17333500000000002
Zone_DH289,0.023511822906749597,0.1128,0.0999099909990999,0.7390644890441754,0.21568627450980393,0.4230769230769231,0.9731933292155651,0.9700937155457552,0.04367277375372816,0.9872869216444636,0.15452324634534104,0.010563920749526732,0.010563920749526732,0.521288209606987,0.07096878677621707,0.06308129568804398,0.8190954773869347,0.05544096230688303,0.00834506576176552,0.1135,0.012649078424286229,0.06968223122102682,0.11337
Zone_DH290,0.020317205097284224,0.12,0.1089108910891089,0.7721350992660003,0.0196078431372549,0.038461538461538464,0.998023471278567,0.9977949283351709,0.004260758414997869,0.9943059733562526,0.20396292993136614,0.008664822745836884,0.008664822745836884,0.514683406113537,0.04969715291348614,0.06295595884527906,0.9195979899497488,0.04721097883940648,0.006762692080911639,0.121,0.010119262739428982,0.05342286299500964,0.12097
Zone_DH291,0.028603465419848945,0.178,0.16156615661566157,0.7943717667452128,0.11764705882352941,0.23076923076923078,0.6705373687461396,0.6324421168687983,0.027481891776736257,0.9142672969488611,0.1266819186474854,0.017760027448135967,0.017760027448135967,0.4992903930131005,0.08936850174366504,0.08797909086552462,0.7756088132972555,0.07987955616134498,0.013802149140223577,0.16449999999999998,0.021322732200939644,0.09475705037038645,0.16437
Zone_DH292,0.05263009428706427,0.1736,0.16156615661566157,0.8801224235529914,0.11764705882352941,0.23076923076923078,0.362816553428042,0.28914002205071665,0.04473796335747763,0.7106789858186506,0.053007096048702955,0.04932237414337438,0.04932237414337438,0.24055676855895203,0.16865505662862632,0.1531431899701035,0.586393505991496,0.15277554637657875,0.036551027038735064,0.16349999999999998,0.05854716299241055,0.1900804464179088,0.1634
Zone_DH293,0.10930106275696222,0.1288,0.09000900090009001,0.7626283145093578,0.17647058823529413,0.34615384615384615,0.46473131562693026,0.40283902976846747,0.1395398380911802,0.6258773814639736,0.10574275854046301,0.09878921216024655,0.09878921216024655,0.18466157205240177,0.242130834260049,0.22596389561652824,0.5274449168921531,0.22393277119298483,0.06801198512689072,0.1765,0.11709432598482113,0.28189901314718113,0.17647
Zone_DH294,0.08206571180739204,0.1984,0.18001800180018002,0.5953793234202758,0.13725490196078433,0.15384615384615385,0.7904879555281038,0.7985115766262403,0.05965061780997017,0.7971995416129495,0.46713715149870094,0.042984021693658336,0.042984021693658336,0.3985807860262009,0.08856306885047667,0.28854753031124086,0.6644762272902976,0.157610920794183,0.03843423221785013,0.23399999999999999,0.050957715937838814,0.1574332417771312,0.23401999999999998
Zone_DH295,0.05256662505906164,0.1104,0.08055805580558055,0.5789117304515045,0.3333333333333333,0.19230769230769232,0.812970969734404,0.9396361631753033,0.04835960801022582,0.8480876665234206,0.31323432471208656,0.024167602170569704,0.024167602170569704,0.42161572052401747,0.06745770397642004,0.14097814346644844,0.7448782373405489,0.1109311594015123,0.02229763065111969,0.094,0.028912179255511386,0.12030955405253806,0.09374999999999999
Zone_DH296,0.09003462598994365,0.0932,0.05355535553555356,0.46729503534573824,0.45098039215686275,0.19230769230769232,0.25880172946263125,0.9310915104740904,0.08883681295270558,0.9351453946426013,0.34848191089224084,0.04221053803763886,0.04221053803763886,0.23962882096069874,0.07244145496161776,0.10962550088657386,0.5935446463084655,0.16851253932304758,0.042465374294550134,0.0625,0.05023491145645103,0.17367089706983965,0.062655
Zone_DH297,0.3167890212339828,0.0,0.0,0.14872294899921457,0.2549019607843137,0.23076923076923078,0.13526868437306977,0.40283902976846747,0.49446101406050275,0.7558372725970491,0.2921788359378029,0.2844674249013583,0.2844674249013583,0.4884279475982533,0.2844106628086503,0.3792803453398656,0.4713954387321222,0.5710872595917141,0.3511485746603612,0.0,0.3212865919768702,0.5454252658929626,0.0
Zone_DH300,0.47891058596201713,0.2552,0.35013501350135007,0.5098453454673492,0.058823529411764705,0.11538461538461539,0.8764669549104386,0.8621830209481808,0.2814230933106093,0.7367497493195817,0.2921788359378029,0.2540156442336342,0.2540156442336342,0.15463973799126646,0.3884432256183803,0.5369467207826918,0.6182837263239273,0.44130435909262883,0.22006425760802856,0.432,0.29345861944344054,0.4577104435590393,0.4321
Zone_DH301,0.24441294490165794,0.384,0.25787578757875784,0.6452696297500067,0.0784313725490196,0.15384615384615385,0.8648548486720198,0.8492282249173099,0.16382616105666806,0.8521701761925224,0.40439722362247466,0.12689646454766254,0.12689646454766254,0.31959606986899564,0.23315446820915345,0.38696644290353854,0.5773096250483185,0.28618368203655814,0.10278208969591951,0.32149999999999995,0.14962052764727143,0.29839179540626704,0.32163499999999995
Zone_DH302,0.19620454016544311,0.554,0.3447344734473447,0.5684028059911702,0.1568627450980392,0.3076923076923077,0.5993823347745522,0.5530595369349504,0.2564976565828717,0.8647041971064318,0.1765869169025554,0.14664888958445568,0.14664888958445568,0.31255458515283846,0.29561978385031473,0.34874239223796305,0.4509083880943179,0.30935512793270903,0.11755893289050935,0.46649999999999997,0.17238886881098664,0.3469346766401407,0.466665
Zone_DH303,0.1316915959689988,0.1896,0.15301530153015303,0.5700278974025622,0.0784313725490196,0.15384615384615385,0.7483631871525632,0.7192668136714443,0.09608010225820196,0.7937616387337056,0.43475900577765714,0.0733605607606023,0.0733605607606023,0.427292576419214,0.15501884021982054,0.3650583000637743,0.7272902976420564,0.2223391188527776,0.06718770682165505,0.1165,0.08673653776653416,0.20933439002942103,0.11628
Zone_DH304,0.05554967877518494,0.156,0.16156615661566157,0.8829392486660709,0.0,0.0,1.0,1.0,0.004473796335747763,0.5493124194241512,0.1720888751017876,0.0236649882773586,0.0236649882773586,0.2298034934497817,0.11083015730773799,0.10162237483826018,0.697332817935833,0.09281016620627822,0.017147395400888055,0.1795,0.028189374774123598,0.11752667976680309,0.18488
Zone_DH305,0.046840290265936065,0.2048,0.2088208820882088,0.8985130413585762,0.058823529411764705,0.11538461538461539,0.9860407659048797,0.9844266813671445,0.02151682999573924,0.5864847443059734,0.15859474969948434,0.020432609107845293,0.020432609107845293,0.41277292576419217,0.10159898943004285,0.08364759703467776,0.7023579435639739,0.08240348685949428,0.014415845396676412,0.235,0.02421395012649078,0.10645308377935317,0.23952500000000002
Zone_DH306,0.055020768541829745,0.2792,0.25067506750675067,0.7939654938923648,0.0784313725490196,0.15384615384615385,0.9610870907967881,0.9565876515986769,0.03472518108223264,0.7675834407677983,0.1843809376090582,0.02465215807959358,0.02465215807959358,0.4855349344978166,0.10882413275607043,0.10695656341122652,0.6441824507151142,0.09953719299518536,0.018946367760489993,0.25749999999999995,0.029273581496205275,0.11860146996558499,0.26354
Zone_DH307,0.060627217015394815,0.282,0.24707470747074706,0.7806939140326643,0.0,0.0,1.0,1.0,0.00553898593949723,0.8675691161724681,0.1827135600449804,0.025831946379825624,0.025831946379825624,0.5094432314410481,0.11607950680731152,0.11342246994680559,0.6465017394665636,0.10459541960995683,0.02036629243228283,0.27449999999999997,0.03071919045898084,0.12297119779396597,0.27436
Zone_DH308,0.07286972588345639,0.256,0.20252025202520252,0.7466753338208606,0.0392156862745098,0.07692307692307693,0.9885114268066707,0.9871830209481807,0.027268853855986364,0.8838275318722245,0.2547210050796852,0.03170380090470501,0.03170380090470501,0.3052947598253275,0.12041545653793416,0.13760142146725207,0.7129880170081175,0.12140521266837,0.025474411272757905,0.227,0.0375858330321648,0.13364853274853167,0.22691499999999998
Zone_DH309,0.11669875388749021,0.2856,0.22457245724572455,0.7233552720673869,0.0392156862745098,0.07692307692307693,0.9819641754169242,0.9798787210584344,0.044098849595227946,0.9285560807907176,0.48776610182636015,0.051350887700406,0.051350887700406,0.3163755458515285,0.11048682264281319,0.28066605472796374,0.741979126401237,0.1665612869455256,0.04179151173844506,0.253,0.061076978677267794,0.1597348127078561,0.253085
Zone_DH310,0.19640905212234042,0.3552,0.25607560756075604,0.6948078329406029,0.0392156862745098,0.07692307692307693,0.9246448424953676,0.9159316427783903,0.07541542394546229,0.8870147543331901,0.3252937298848347,0.09243882105440569,0.09243882105440569,0.3216157205240175,0.20390192289005732,0.3013097700068935,0.7228449942017782,0.23839225096266967,0.0753643069443943,0.303,0.10950487893024935,0.25356182576818553,0.30302999999999997
Zone_DH311,0.20702956960811275,0.3244,0.2925292529252925,0.7608677988136833,0.0392156862745098,0.07692307692307693,0.969857936998147,0.9663726571113561,0.07541542394546229,0.8591176049276608,0.2824847803327,0.09297454125196004,0.09297454125196004,0.2824781659388647,0.233677027887844,0.2557166502622858,0.5556629300347893,0.23308266779993056,0.07243420815133027,0.33349999999999996,0.11022768341163716,0.2722150448914897,0.333335
Zone_DH312,0.20771362684325212,0.4364,0.37983798379837985,0.715554833292706,0.058823529411764705,0.11538461538461539,0.9218035824583076,0.9127618522601985,0.10524073285044737,0.8451511244807333,0.24933111016324794,0.09929182605345765,0.09929182605345765,0.2958515283842795,0.2466611243670442,0.2819710324438104,0.46598376497873983,0.24458287769560463,0.07853507093606728,0.45049999999999996,0.117455728225515,0.28395812298929196,0.46170999999999995
Zone_DH313,0.272826002637499,0.5084,0.33033303330333036,0.6751171420059044,0.0196078431372549,0.038461538461538464,0.9791229153798642,0.9767089305402425,0.06966340008521517,0.8384185646755479,0.2811276125479856,0.12058820873825855,0.12058820873825855,0.34890829694323144,0.2770883492944365,0.32102820447599983,0.6302667182064169,0.283115577368582,0.10095905081645667,0.3735,0.14203108059269967,0.31753174611790846,0.38793
Zone_DH314,0.6435215548550433,0.72,0.4617461746174617,0.6765255545624441,0.0,0.0,1.0,1.0,0.07946314443971027,0.7933677123621258,0.2581333126526814,0.2745957268790085,0.2745957268790085,0.36386462882096077,0.44142904956759266,0.4758745009566151,0.4327406262079629,0.4503972469979737,0.22863795530847258,0.5129999999999999,0.31694976508854356,0.49997466824447323,0.5608949999999999
Zone_DH315,0.37928505440723265,0.0,0.0,0.31762411635654497,0.17647058823529413,0.07692307692307693,0.6413835701050031,0.5999173098125689,0.20366425223689813,0.6997206703910613,0.282950095001745,0.28341404249043683,0.28341404249043683,0.23651746724890832,0.40019865905140306,0.6632788855342853,0.5838809431774257,0.4952190429793784,0.27071224865528315,0.0,0.32453921214311526,0.48035703300003985,0.0
Zone_DH316,0.22184610827850296,0.2696,0.24572457245724572,0.4831938463205222,0.19607843137254902,0.11538461538461539,0.7367510809141445,0.7063120176405733,0.1371964209629314,0.8503796017762497,0.27193764783434804,0.1381917336567719,0.1381917336567719,0.1592794759825328,0.26509107005970567,0.41135183157677435,0.5007730962504832,0.3172352852767254,0.12257078565154085,0.347,0.16226960607155766,0.31961618771554606,0.34722000000000003
Zone_DH317,0.2555130076656723,0.4484,0.45004500450045004,0.6181847728934753,0.0392156862745098,0.07692307692307693,0.9588634959851761,0.9541069459757442,0.10396250532594802,0.8474430597335625,0.27647446585753616,0.11694651526050147,0.11694651526050147,0.3771288209606988,0.2759698124615368,0.3175630094113224,0.6677618863548512,0.283335838261131,0.10095905081645667,0.517,0.13769425370437297,0.3063260631194971,0.5172399999999999
Zone_DH318,0.31960987581187716,0.3332,0.19576957695769576,0.5569459115408574,0.0392156862745098,0.07692307692307693,0.9462631253860408,0.9400496141124587,0.1363442692799318,0.8967554791577138,0.4690371863973012,0.14949001242991244,0.14949001242991244,0.16828602620087338,0.23426652702950734,0.5249254430104435,0.5896791650560496,0.3338248174425897,0.13396628280567488,0.22749999999999998,0.17528008673653778,0.30858782700582266,0.227275
Zone_DH319,0.23123250188644648,0.25,0.19351935193519348,0.5447848108122747,0.0392156862745098,0.07692307692307693,0.9600988264360716,0.9554851157662624,0.10055389859394971,0.9343575418994413,0.612237775795882,0.10560309152689286,0.10560309152689286,0.18531659388646285,0.16605521426026496,0.4990249530908435,0.6758793969849247,0.2778293159474069,0.09750550521641818,0.222,0.12468377303939285,0.23728074460885962,0.22221999999999997
Zone_DH320,0.15493543769084844,0.4912,0.39063906390639064,0.6114135586793423,0.058823529411764705,0.11538461538461539,0.9614576899320568,0.9570011025358324,0.08628035790370686,0.8438260994126916,0.31943852029935244,0.07064885346848732,0.07064885346848732,0.14295851528384282,0.18668336554345127,0.2598564524512569,0.6198299188248937,0.21211901343850575,0.06192315560208416,0.44799999999999995,0.08384531984098301,0.21381811075767282,0.46595
Zone_DH321,0.13671271711765076,0.3576,0.3262826282628262,0.6888491644321659,0.0196078431372549,0.038461538461538464,0.9892526250772081,0.9880099228224917,0.03451214316148274,0.7477080647471708,0.2320369149637443,0.059392709991783615,0.059392709991783615,0.34650655021834065,0.1914986882024595,0.2059726691955218,0.6637031310398146,0.18609713246230947,0.050004211640975654,0.3655,0.070473436935309,0.20922401595176834,0.3801149999999999
Zone_DH322,0.12077488875254756,0.268,0.247974797479748,0.6083258849976977,0.13725490196078433,0.2692307692307692,0.8060531192093885,0.7836273428886439,0.13826161056668085,0.8704698467268298,0.18407072782969483,0.06572504311343726,0.06572504311343726,0.3614082969432314,0.2172423100592738,0.21628346770180157,0.6109393119443371,0.19969889040336247,0.0562133737650867,0.19599999999999998,0.07806288398988075,0.23342127071323368,0.19608
Zone_DH323,0.0459446689374546,0.1084,0.08235823582358236,0.7674765038866769,0.058823529411764705,0.11538461538461539,0.9887584928968499,0.9874586549062845,0.023434171282488283,0.9631857900014323,0.21827135600449807,0.01998717883122707,0.01998717883122707,0.29164847161572055,0.09754807225143325,0.1011320866003856,0.7877850792423656,0.08756536565899468,0.015739503989025665,0.09249999999999999,0.023852547885796892,0.1066249778347139,0.09230999999999999
Zone_DH324,0.021290399926657776,0.1504,0.13591359135913592,0.7929362693318166,0.09803921568627451,0.19230769230769232,0.9840642371834465,0.9822216097023152,0.018108223263740945,0.9945208422862054,0.1618519523827989,0.009320929504639398,0.009320929504639398,0.48984716157205244,0.05897582621651678,0.05294744331272648,0.8040201005025127,0.04884090944426882,0.007057506949207609,0.153,0.01120346946151066,0.05976665834337557,0.15278
Zone_DH325,0.01856827525898971,0.14,0.126012601260126,0.8073183283226347,0.11764705882352941,0.23076923076923078,0.985670166769611,0.984013230429989,0.018960374946740518,1.0,0.15328240722788788,0.008117063892157718,0.008117063892157718,0.478438864628821,0.05301605467442588,0.0525124507407776,0.8432547352145343,0.04323332625043405,0.0060226465951891016,0.1415,0.009757860498735093,0.05087340274234348,0.14156999999999997
Zone_DH326,0.017644445384729302,0.0872,0.07335733573357335,0.8719427967823189,0.0784313725490196,0.15384615384615385,0.9885114268066707,0.9871830209481807,0.011717085641244141,0.8341569975648188,0.36255767963085034,0.007656585295383478,0.007656585295383478,0.43406113537117913,0.021932391142397513,0.07788947502294771,0.9443370699652108,0.03907687364280421,0.0053126842592926835,0.0825,0.009035056017347306,0.03252054586314339,0.08467499999999999
Zone_DH327,0.02260209730537866,0.0736,0.0657065706570657,0.9221581213943285,0.17647058823529413,0.34615384615384615,0.8458307597282273,0.8280044101433296,0.030251384746484873,0.6489041684572411,0.2281205164992827,0.01182496997860129,0.01182496997860129,0.18804585152838432,0.048172660627719424,0.07966262271029866,0.7736760726710475,0.05265012723305676,0.00782161895479104,0.0705,0.014094687387061799,0.06212432101848133,0.07335499999999999
Zone_DH328,0.02879387310385681,0.0776,0.0711071107110711,0.8295008260881341,0.47058823529411764,0.9230769230769231,0.8972205064854849,0.8853362734288865,0.10289731572219855,0.6788425726973212,0.22622048160068248,0.014648034839870826,0.014648034839870826,0.21375545851528382,0.06819403806912039,0.07632645086611446,0.7284499420177812,0.06421252843956819,0.010222254310915368,0.0865,0.01734730755330683,0.08013519919806898,0.08639499999999999
Zone_DH329,0.026854535581554432,0.148,0.12331233123312331,0.6568348636277457,0.45098039215686275,0.4230769230769231,0.6595429277331686,0.9411521499448733,0.05198125266297401,0.8423936398796733,0.4248710690604521,0.01248408640143501,0.01248408640143501,0.3537663755458516,0.02060439857051857,0.0909245066705005,0.8989176652493235,0.06627520691567376,0.010655451668411487,0.143,0.014817491868449582,0.05279499734016566,0.14695
Zone_DH330,0.01688281464869782,0.1252,0.1062106210621062,0.6524742016738442,0.5098039215686274,0.5769230769230769,0.7555281037677578,0.941289966923925,0.04942479761397529,0.8213006732559804,0.20989569196168908,0.007912406738035834,0.007912406738035834,0.3577510917030568,0.02853348592651774,0.051727252284632604,0.8030537301894086,0.047407917990391436,0.006792775230737759,0.123,0.0093964582580412,0.053763032283513014,0.12586
Zone_DH331,0.014724860896608627,0.0888,0.07200720072007201,0.6525825411012702,0.29411764705882354,0.4230769230769231,0.9743051266213713,0.9789140022050716,0.032807839795483594,0.8716158143532444,0.23126139051533606,0.0065369902757755165,0.0065369902757755165,0.36763100436681223,0.03493376232171969,0.06133763902252009,0.7916505604947816,0.04141163910382321,0.005697748577067012,0.08099999999999999,0.0075894470545717395,0.051238903786373684,0.08098499999999999
Zone_DH332,0.03198849091332219,0.0636,0.063006300630063,0.6865198667425043,0.23529411764705882,0.38461538461538464,0.9525633106856084,0.9536934950385888,0.05368555602897315,0.8836484744305974,0.2575128930939548,0.01465104450390203,0.01465104450390203,0.33242358078602624,0.061085498968916345,0.10666902594841285,0.7727097023579437,0.07306960762465471,0.012153592529752235,0.0725,0.01734730755330683,0.07821541401135587,0.072375
Zone_DH333,0.06378657414263651,0.1188,0.10306030603060305,0.6958370575011511,0.17647058823529413,0.2692307692307692,0.7561457689932057,0.727949283351709,0.07051555176821474,0.8465835840137516,0.2338593974175036,0.037620800390052465,0.037620800390052465,0.2827510917030568,0.11856058561233414,0.17104424021911832,0.7247777348279861,0.13313604867506595,0.029403270640049096,0.08,0.04481387784604264,0.13944407653085225,0.08467
Zone_DH334,0.10471717406788385,0.228,0.19306930693069307,0.8222420844505838,0.09803921568627451,0.07692307692307693,0.947004323656578,0.9746416758544653,0.036642522368981675,0.9606073628419997,0.36360463763620154,0.04623144918332767,0.04623144918332767,0.46244541484716156,0.1203528357499919,0.2162539766799745,0.662350212601469,0.14826408503625232,0.03483027086868103,0.21899999999999997,0.05493314058547162,0.15703155251091977,0.22396
Zone_DH335,0.11688210943505332,0.2336,0.2061206120612061,0.878063974431895,0.058823529411764705,0.11538461538461539,0.9434218653489809,0.9368798235942668,0.053046442266723476,0.9423793152843432,0.35278607158090663,0.0536472613562148,0.0536472613562148,0.41391921397379916,0.13174334114293734,0.2260560550597378,0.7796675686122922,0.1580125730100076,0.03843423221785013,0.2395,0.06396819660281894,0.17159369311663825,0.245435
Zone_DH336,0.2210139561780241,0.1024,0.06525652565256526,0.6197556945911541,0.0784313725490196,0.15384615384615385,0.7672637430512662,0.7403528114663727,0.151896037494674,0.8458673542472425,0.2859746403505371,0.1277181028281813,0.1277181028281813,0.33018558951965066,0.24582762008615755,0.376696194552271,0.6687282566679551,0.28959902152337613,0.10466529487503459,0.0895,0.15034333212865922,0.2981692378398526,0.089285
Zone_DH337,0.3472754070845762,0.75,0.364986498649865,0.4073562471222339,0.11764705882352941,0.19230769230769232,0.732921556516368,0.7020396912899669,0.34299105240732847,0.8621973929236498,0.3632944278568382,0.22658255658920798,0.22658255658920798,0.18367903930131008,0.3292255536001555,0.5998547567175019,0.5168148434480092,0.4237379050856945,0.20469778467684677,0.517,0.2623780267437658,0.4059341446732746,0.5172399999999999
Zone_DH338,0.23160626511801746,0.4948,0.4000900090009001,0.5098453454673492,0.11764705882352941,0.19230769230769232,0.7323038912909203,0.7013506063947078,0.21048146570089474,0.8955020770663228,0.2264143627127845,0.1415565380436582,0.1415565380436582,0.4044759825327512,0.28272637954675506,0.4008198504067918,0.696366447622729,0.32049255518183184,0.12524216935610025,0.31899999999999995,0.16624503071919047,0.3275124577954858,0.31915
Zone_DH339,0.10084555115972384,0.242,0.274977497749775,0.8239755152894016,0.0196078431372549,0.038461538461538464,0.9488573193329215,0.9429437706725469,0.022582019599488707,0.5980876665234207,0.3820233432858971,0.04570475797786693,0.04570475797786693,0.25196506550218345,0.11746796082961748,0.20989497509851845,0.7481638964051025,0.1467559457484465,0.03436699036135879,0.31899999999999995,0.054571738344777736,0.15445495109161775,0.339505
Zone_DH340,0.07181895755319073,0.2744,0.279027902790279,0.869450989951518,0.0392156862745098,0.07692307692307693,0.9117974058060531,0.9015986769570011,0.024286322965487855,0.6593253115599483,0.1782542944666331,0.033795517406391924,0.033795517406391924,0.4263646288209608,0.1311149739259995,0.12280798764326188,0.618670274449169,0.11791731665224173,0.024451584178669845,0.3115,0.04011564871702205,0.1461388976343759,0.3322
Zone_DH341,0.07321528056924845,0.2884,0.2484248424842484,0.7213780775168602,0.09803921568627451,0.19230769230769232,0.9058678196417541,0.8949834619625138,0.05837239028547081,0.8157857040538604,0.2609639768893715,0.035041518315310466,0.035041518315310466,0.5300764192139737,0.11683311560013389,0.18072098175611664,0.6936606107460379,0.12971293527439323,0.028242061056760887,0.256,0.04156125767979761,0.1385357521541039,0.264605
Zone_DH342,0.08588796976043893,0.3084,0.2866786678667867,0.7241407329162265,0.09803921568627451,0.19230769230769232,0.9660284126003706,0.9621003307607497,0.06774605879846612,0.9315642458100558,0.30067082864787315,0.038902917267345447,0.038902917267345447,0.5257096069868995,0.12377106703663315,0.18817115114517324,0.6586780054116738,0.13855964924100686,0.031220292889546704,0.3275,0.04625948680881821,0.14474565108039938,0.32768499999999995
Zone_DH343,0.10551406548613902,0.2684,0.20522052205220523,0.7192925435389073,0.0196078431372549,0.038461538461538464,0.9917232859789994,0.990766262403528,0.025777588410737108,0.9072124337487466,0.2957074721780604,0.04563854536918044,0.04563854536918044,0.3264737991266376,0.14170652443830234,0.19486192672218353,0.7073830691921145,0.1559680336662296,0.03760393728264924,0.2295,0.054210336104083844,0.1646383168134099,0.22930499999999998
Zone_DH344,0.20255851510215017,0.5044,0.3487848784878488,0.5556187535548873,0.13725490196078433,0.2692307692307692,0.6694255713403335,0.6312017640573317,0.2375372816361312,0.8532087093539606,0.2780255147543526,0.1352332339140982,0.1352332339140982,0.34836244541484723,0.2500080975156822,0.4112412402449229,0.69655972168535,0.3023637880727431,0.1129321444472522,0.3685,0.15901698590531263,0.3056402963091632,0.36859000000000003
Zone_DH345,0.5335928519544996,0.766,0.8037803780378038,0.5485496059153327,0.058823529411764705,0.11538461538461539,0.8676961087090798,0.8523980154355018,0.30187473370259904,0.7592751754762928,0.3120710380394742,0.2877148523910276,0.2877148523910276,0.12358078602620085,0.4111659342913594,0.5501550121834785,0.6256281407035176,0.4610682394158163,0.2378915321949869,1.0,0.3314058547162992,0.49204401935346126,1.0
Zone_DH346,0.5149328989217283,0.6,0.33348334833483345,0.469732672462826,0.09803921568627451,0.19230769230769232,0.6796788140827671,0.6426405733186328,0.47081380485726454,0.6404884687007592,0.24820659971305595,0.3769483812522009,0.3769483812522009,0.10005458515283845,0.48656568164887015,0.5774673847730483,0.6124855044453034,0.5220830979564972,0.2980578318472257,0.5,0.4297072641850379,0.5759174619028491,0.5
Zone_DH347,1.0,1.0,1.0,0.5098453454673492,0.058823529411764705,0.11538461538461539,0.5058678196417542,0.4487320837927233,0.5656156795909671,0.6294227188081937,0.02617395013377797,0.916400562205241,0.916400562205241,0.08766375545851533,1.0,0.5260387290844145,0.2939698492462312,0.8053204666421357,0.6657401056520221,0.5555,0.9775930610769787,0.9907846692215552,0.555555
Zone_DH350,0.27187396421745963,0.3036,0.22052205220522053,0.4992280815795888,0.19607843137254902,0.11538461538461539,0.75775169857937,0.7297409040793826,0.16446527481891773,0.9005514969202119,0.3230834852068712,0.16928457276314246,0.16928457276314246,0.3700873362445415,0.29647056283132334,0.44370348252103997,0.6279474294549671,0.3478308189040855,0.14397193843784217,0.305,0.19804842790025298,0.3614877701903139,0.30488
Zone_DH351,0.16597908336330489,0.2432,0.1467146714671467,0.5721134313805151,0.21568627450980393,0.11538461538461539,0.8438542310067944,0.8257993384785005,0.09544098849595227,0.88504512247529,0.3494125402303308,0.0897090557781035,0.0897090557781035,0.3605895196506551,0.1858088338497749,0.3499994470433408,0.6781986857363742,0.240719242509834,0.07639315066844758,0.1865,0.10625225876400433,0.23411246575689476,0.186405
Zone_DH352,0.22988554382550194,0.3304,0.3348334833483348,0.5931854500148965,0.0784313725490196,0.15384615384615385,0.6198888202594195,0.5759371554575524,0.16126970600766932,0.7942271880819366,0.20675481794563574,0.14574298071106323,0.14574298071106323,0.42030567685589526,0.3063646473262003,0.37690263170506033,0.43873212214920754,0.3293340865392091,0.1309278846732368,0.111,0.17094325984821107,0.3488128453713454,0.11110999999999999
Zone_DH353,0.3718309461851468,0.0,0.0,0.4169713713063026,0.058823529411764705,0.11538461538461539,0.8234712785670166,0.8030595369349504,0.2409458883681295,0.8564317433032517,0.4467796347279849,0.20434414906264015,0.20434414906264015,0.23651746724890832,0.2912255320067803,0.6477076260096067,0.5983764978739853,0.4158940260063332,0.19777866021683932,0.0,0.2370798698951933,0.38223628737791004,0.0
Zone_DH354,0.4073878181395053,0.0,0.0,0.47799355380406816,0.0392156862745098,0.07692307692307693,0.927362569487338,0.9189636163175304,0.1853429910524073,0.7698753760206274,0.3908255457753307,0.1970186268106891,0.1970186268106891,0.21168122270742357,0.33004178318092003,0.5325156947531786,0.6035948975647469,0.40078672008209254,0.18524601999927798,0.0,0.2291290205999277,0.3927182059326972,0.0
Zone_DH355,0.19216366598260942,0.438,0.3267326732673267,0.6070799815822973,0.058823529411764705,0.11538461538461539,0.936627547869055,0.9292998897464169,0.10673199829569663,0.7683712935109582,0.25266586529140334,0.09038021085706202,0.09038021085706202,0.13902838427947595,0.22884658986622905,0.280474363086088,0.6368380363355238,0.24454400812633129,0.07853507093606728,0.383,0.10697506324539213,0.2553639992328097,0.40540499999999996
Zone_DH356,0.11652950261281653,0.3256,0.28397839783978396,0.6740066628747866,0.0392156862745098,0.07692307692307693,0.9625694873378629,0.9582414553472988,0.0458031529612271,0.7677266867211001,0.265811004691923,0.052323009182484954,0.052323009182484954,0.34934497816593896,0.1572559138856199,0.21074652835377433,0.6169308078855819,0.17260939192445826,0.044228246874360735,0.3255,0.06216118539934948,0.1796057655075579,0.33854
Zone_DH357,0.08877229356633591,0.2824,0.23807380738073808,0.6755504997156089,0.13725490196078433,0.2692307692307692,0.8182828906732552,0.7972712238147741,0.09778440562420111,0.9587809769374015,0.14219240761565013,0.04722764797765625,0.04722764797765625,0.3222707423580786,0.1754677664892411,0.16901673246850912,0.6113258600695788,0.15875368613081944,0.03872303045618088,0.16099999999999998,0.056017347307553304,0.18895137388585512,0.16091999999999998
Zone_DH358,0.05057087044520137,0.2488,0.2277227722772277,0.7590260285474391,0.11764705882352941,0.23076923076923078,0.6911673872760964,0.655457552370452,0.04708138048572646,0.9819510098839709,0.17356237155376328,0.031177109699244275,0.031177109699244275,0.2706331877729258,0.1264767169432418,0.1273901551596386,0.6656358716660226,0.1165672469461475,0.023964237151486708,0.2035,0.037224430791470905,0.14232646842758553,0.203705
Zone_DH359,0.02364581349919958,0.1796,0.1611161116111611,0.7758998943690583,0.19607843137254902,0.38461538461538464,0.5351451513279801,0.4813947078280043,0.03877290157648061,0.9949147686577855,0.1984954825700881,0.019063211973647385,0.019063211973647385,0.46495633187772933,0.06773409917837207,0.11878246316387056,0.8258600695786626,0.08192927811435945,0.014271446277511039,0.17149999999999999,0.022768341163715216,0.08787405051152052,0.17139000000000001
Zone_DH360,0.014816538670390194,0.138,0.12916291629162915,0.7827523631537607,0.17647058823529413,0.34615384615384615,0.5767757875231624,0.5278390297684674,0.024286322965487855,0.945673972210285,0.11113265345690027,0.012029627132723177,0.012029627132723177,0.4515829694323144,0.06191036589974196,0.070903789227667,0.8148434480092771,0.05749068425989749,0.008754196599400741,0.146,0.014456089627755693,0.06618825836943108,0.14623
Zone_DH361,0.011417408904027473,0.0836,0.07515751575157516,0.8129248936919368,0.27450980392156865,0.5,0.9793699814700432,0.9783627342888644,0.028547081380485725,0.8023563959318148,0.3146302687192214,0.005074293556610277,0.005074293556610277,0.2587882096069869,0.01588624609969662,0.05880141114539443,1.0,0.02856654211129134,0.0036039613491691026,0.085,0.006143838091796169,0.01968820227768671,0.08793
Zone_DH362,0.007884288545214772,0.0808,0.0783078307830783,0.865523685707321,0.17647058823529413,0.3076923076923077,0.9878937615812229,0.9886990077177509,0.013208351086493396,0.7187007592035524,0.15824576369770058,0.0034219880034791726,0.0034219880034791726,0.23389737991266382,0.023551894278835254,0.029454158049758723,0.9190181677618865,0.018595201940368896,0.002184036677376268,0.088,0.003975424647632815,0.022082053174973672,0.08930999999999999
Zone_DH363,0.007799662907877939,0.0664,0.0585058505850585,0.8340510820400314,0.21568627450980393,0.4230769230769231,0.9876466954910439,0.9862183020948181,0.018747337025990626,0.7384328892708781,0.15064562410329985,0.003412959011385559,0.003412959011385559,0.25016375545851527,0.027164465941849042,0.02221411219121978,0.8233475067645923,0.019268941141106898,0.00228030275681985,0.06599999999999999,0.003975424647632815,0.02563573659316839,0.06577
Zone_DH364,0.007750297952764788,0.1112,0.09000900090009001,0.6907451044121232,0.7647058823529411,0.5,0.8256948733786288,0.969542447629548,0.024925436727737536,0.871902306259848,0.3617821551824421,0.0035032489323216847,0.0035032489323216847,0.34055676855895206,0.0011379708705369187,0.04477105751117895,0.9663703131039815,0.02375967204448752,0.0029000156432379097,0.10200000000000001,0.003975424647632815,0.016400502292523867,0.10377499999999999
Zone_DH365,0.004435793823738901,0.1268,0.0963096309630963,0.6491969339942038,0.5098039215686274,0.46153846153846156,0.9539221741815935,0.9783627342888644,0.018108223263740945,0.87480303681421,0.191709643646516,0.0019803589325323614,0.0019803589325323614,0.37554585152838427,0.008272422020923983,0.03464826426904659,0.9375724777734828,0.015597062497084783,0.0017869390996714917,0.1085,0.0021684134441633533,0.015937293048604396,0.10984999999999999
Zone_DH366,0.003688267360596893,0.0936,0.07920792079207921,0.695891227214864,0.2549019607843137,0.11538461538461539,0.9866584311303274,0.9972436604189636,0.0031955688112484024,0.8897722389342501,0.13835356159602935,0.0015529866401013655,0.0015529866401013655,0.3475436681222708,0.013906133598212071,0.020260331995178217,0.85678391959799,0.011609044689639442,0.0012875588125579101,0.0885,0.0018070112034694616,0.016780478625426566,0.08828
Zone_DH367,0.006071889478917638,0.06,0.0576057605760576,0.7194008829663334,0.29411764705882354,0.4230769230769231,0.8909203211859172,0.9856670341786107,0.01789518534299105,0.8300386764073915,0.1652254837333747,0.002663552667615715,0.002663552667615715,0.32418122270742367,0.016115135876313143,0.025155841618467272,0.8074990336296871,0.018079532321342497,0.002105820487828357,0.06499999999999999,0.0032526201662450307,0.022807627029706908,0.06488
Zone_DH368,0.011276366175132753,0.068,0.05985598559855985,0.7957530944448958,0.29411764705882354,0.34615384615384615,0.927362569487338,0.929162072767365,0.019812526629740094,0.7935467698037529,0.2031098530381171,0.00528497003879457,0.00528497003879457,0.4872270742358079,0.027758283758542876,0.04796714700168468,0.8076923076923078,0.03040118578099329,0.003880726327569401,0.0645,0.006143838091796169,0.032882428084955465,0.06545
Zone_DH369,0.017982947934076624,0.1604,0.1332133213321332,0.8443974973592263,0.29411764705882354,0.5,0.955775169857937,0.9564498346196252,0.03855986365573072,0.8295373155708351,0.2291674745046338,0.008207353813093846,0.008207353813093846,0.44028384279475985,0.033849774889064044,0.061341325400248475,0.8430614611519135,0.0418262478427389,0.005769948136649699,0.153,0.009757860498735093,0.03884805651152776,0.15683999999999998
Zone_DH370,0.024075993822328473,0.1752,0.15616561656165617,0.9034966550201782,0.13725490196078433,0.2692307692307692,0.9717109326744904,0.9684399117971333,0.025351512569237324,0.7884615384615384,0.22781030671991936,0.010753529583492598,0.010753529583492598,0.4040393013100437,0.049392686323835845,0.07182907003749048,0.8150367220718979,0.050242805242727506,0.007304188777781788,0.17749999999999996,0.012649078424286229,0.05553625517039224,0.184955
Zone_DH371,0.053821905346224636,0.1708,0.18496849684968494,0.8900625660193386,0.0784313725490196,0.15384615384615385,0.9603458925262508,0.9557607497243661,0.031529612270984234,0.6911259131929522,0.2746132071813564,0.02429400805988028,0.02429400805988028,0.2112445414847162,0.08729985640405523,0.13085166384658772,0.7456513335910322,0.09321440972672103,0.017147395400888055,0.2125,0.028912179255511386,0.10702123886759816,0.21799
Zone_DH372,0.06973857730199363,0.246,0.24257425742574257,0.6122531892418948,0.19607843137254902,0.23076923076923078,0.32390364422483015,0.28004410143329656,0.0715807413719642,0.8127059160578713,0.30016673775640784,0.05947999024868854,0.05947999024868854,0.5209606986899564,0.1202880556245344,0.345863331232098,0.3844221105527639,0.20829424782200848,0.059901567933768926,0.19099999999999998,0.070473436935309,0.2447554219003883,0.19096999999999997
Zone_DH373,0.05894175640510293,0.1276,0.13546354635463545,0.6350315538582378,0.09803921568627451,0.15384615384615385,0.9584928968499073,0.9594818081587652,0.04218150830847891,0.553932101418135,0.27876226298034046,0.026518149778940178,0.026518149778940178,0.378438864628821,0.09530667991060342,0.1670813841611095,0.5624275222265173,0.11447347281462324,0.023272324705485962,0.155,0.03144199494036863,0.14721911606648502,0.15512499999999999
Zone_DH374,0.048716158560235825,0.1476,0.16561656165616562,0.6904200861298446,0.1568627450980392,0.2692307692307692,0.8781964175416924,0.8687982359426683,0.0553898593949723,0.4191018478727976,0.29117065415487225,0.02367702693348342,0.02367702693348342,0.33962882096069874,0.0821196057049697,0.15513014756570048,0.5601082334750678,0.10288774986654783,0.01984284562530835,0.06599999999999999,0.028189374774123598,0.1353168097910854,0.06578999999999999
Zone_DH375,0.06306725622527344,0.2764,0.27182718271827183,0.7372227187779312,0.17647058823529413,0.34615384615384615,0.48659666460778256,0.4272326350606394,0.08521516829995739,0.6094040968342644,0.17356237155376328,0.048789663609851236,0.048789663609851236,0.31381004366812226,0.13859060040379612,0.20763891192874973,0.42848859683030543,0.16147973858919012,0.039595441801138345,0.088,0.05818576075171666,0.20702377204315084,0.08803
Zone_DH376,0.10152960839486322,0.4224,0.3973897389738974,0.6820508653611764,0.1568627450980392,0.23076923076923078,0.3618282890673255,0.2880374862183021,0.09629314017895184,0.8167884257269732,0.07293807437279462,0.09985162356326163,0.09985162356326163,0.30322052401746735,0.2629079798317876,0.25489827440658536,0.5216466950135292,0.24642788658377945,0.0796481474796337,0.44499999999999995,0.11817853270690278,0.29317707258995485,0.46233
Zone_DH377,0.21379962059505925,0.2728,0.14716471647164717,0.2761842853660519,0.23529411764705882,0.46153846153846156,0.1037677578752316,0.00013781697905179176,0.5404772049424797,0.8393138518836842,0.05161115204156811,0.4267312339923495,0.4267312339923495,0.2995087336244541,0.5652087539542868,0.7488397126099924,0.5601082334750678,0.6347426575383643,0.4269881953720082,0.0,0.47560534875316235,0.6286020851653621,0.0
Zone_DH378,0.2942503931566068,0.0,0.0,0.19119200455025598,0.17647058823529413,0.34615384615384615,0.16429894996911673,0.06766813671444322,0.623988069876438,0.8487322733132788,0.05831943852029939,0.5439907543120962,0.5439907543120962,0.3183951965065502,0.6511050409734292,0.8417474904983615,0.4634712021646695,0.7238161624851648,0.5441921470945693,0.0,0.5934224792193712,0.7108072506721962,0.0
Zone_DH379,0.18811573966333098,0.1936,0.1854185418541854,0.6882803824381788,0.058823529411764705,0.11538461538461539,0.9563928350833848,0.9513506063947078,0.09778440562420111,0.6284558086234063,0.4408080964752414,0.08649774425680862,0.08649774425680862,0.32199781659388654,0.1659710000971702,0.35443415945058226,0.81793583301121,0.22918534565412302,0.07059913601193699,0.2135,0.10227683411637152,0.22756058813098692,0.213415
Zone_DH380,0.17057707632527272,0.0804,0.05355535553555356,0.5614419977790417,0.09803921568627451,0.19230769230769232,0.8234712785670166,0.8030595369349504,0.14955262036642522,0.6690660363844722,0.36042498739772777,0.09215591263547251,0.09215591263547251,0.3881550218340612,0.1939452176072381,0.37060998492271513,0.8042133745651334,0.2481951563334076,0.08079130717302624,0.06949999999999999,0.10878207444886158,0.24934227906185655,0.06944499999999999
Zone_DH381,0.24465976967722372,0.0,0.0,0.29787925570813356,0.1568627450980392,0.3076923076923077,0.38233477455219267,0.31091510474090406,0.4143587558585428,0.38271737573413556,0.1260227228663384,0.25849101464803487,0.25849101464803487,0.5590611353711791,0.4982282635687371,0.475214639343235,0.865287978353305,0.4803397718615415,0.2588173712140356,0.0,0.29671123960968554,0.535621876504073,0.0
Zone_DH382,0.4699261641314236,0.0,0.0,0.3431651363722542,0.058823529411764705,0.11538461538461539,0.4773316862260655,0.416896361631753,0.3250958670643374,0.7513608365563672,0.2581333126526814,0.3980671937591608,0.3980671937591608,0.29497816593886467,0.48107448634758854,0.8332356443235314,0.48705063780440666,0.6113664985773738,0.3983370034776121,0.0,0.44560896277556916,0.5848070986816631,0.0
Zone_DH383,0.6031269172995959,0.0,0.0,0.41136480593700064,0.0392156862745098,0.07692307692307693,0.8877084620135886,0.8747243660418963,0.28802726885385593,0.7510027216731128,0.3871805808678119,0.3135859244032589,0.3135859244032589,0.23651746724890832,0.4481575452651127,0.6432213043141679,0.6120989563200618,0.5215078283312518,0.2980578318472257,0.0,0.3574268160462595,0.5250476779827238,0.0
Zone_DH385,0.20729049865656798,0.3312,0.3100810081008101,0.6470843151593945,0.17647058823529413,0.07692307692307693,0.8517603458925262,0.834619625137817,0.08265871325095867,0.9076063601203266,0.3526697429136454,0.11043059263294439,0.11043059263294439,0.3072598253275109,0.21441141857678067,0.358492861329529,0.4947816003092385,0.26241364477359774,0.08839031081910399,0.39149999999999996,0.13046620889049512,0.27459261108879507,0.391415
Zone_DH386,0.12870149011643076,0.2868,0.2151215121512151,0.6918826684000976,0.23529411764705882,0.11538461538461539,0.8784434836318715,0.8643880926130099,0.06731998295696634,0.9476794155565105,0.21730195044398778,0.06605911582090092,0.06605911582090092,0.2879366812227075,0.18558210341067363,0.2200030228297373,0.5614611519134132,0.19079516773514796,0.05192351659988207,0.26499999999999996,0.07842428623057462,0.21354488968020469,0.26515
Zone_DH387,0.14985789945063854,0.4976,0.41359135913591355,0.7072939519514639,0.058823529411764705,0.07692307692307693,0.907597282273008,0.8969128996692391,0.05709416276097145,0.9337487465979086,0.4380549846833922,0.07060972783608166,0.07060972783608166,0.3259825327510917,0.14043035596678938,0.32151480633614604,0.6731735601082336,0.20394603867263011,0.058000312864758194,0.362,0.08384531984098301,0.18912145853010678,0.36195499999999997
Zone_DH388,0.2636018081677844,0.5716,0.3055805580558056,0.529915224398039,0.058823529411764705,0.11538461538461539,0.4280420012353305,0.3619073869900772,0.1553046442266723,0.8975075204125483,0.20070572724805147,0.2339953590980639,0.2339953590980639,0.40709606986899566,0.3656600554949742,0.5339423229340617,0.48975647468109773,0.4231237658911756,0.20469778467684677,0.45999999999999996,0.2710516805204192,0.43580752208386264,0.45976999999999996
Zone_DH389,0.18934986354115976,0.1668,0.07155715571557156,0.36366837301264865,0.21568627450980393,0.3076923076923077,0.4117356392835083,0.34371554575523705,0.30187473370259904,0.9062455235639593,0.21435495754003647,0.1905839651119746,0.1905839651119746,0.2124454148471616,0.3157145787672342,0.5365928285207673,0.6592578275995361,0.39373578021590755,0.17954827142221097,0.1515,0.22153957354535597,0.3806856220574452,0.15151499999999998
Zone_DH390,0.07162854986918288,0.1828,0.16426642664266425,0.5561875355488746,0.3137254901960784,0.19230769230769232,0.663125386040766,0.8672822491730982,0.06582871751171708,0.9128706489041685,0.23622474698514873,0.035152875884465015,0.035152875884465015,0.4370633187772926,0.09700607853510544,0.13527900349837246,0.7433320448395827,0.14306851927671504,0.03282673309026148,0.153,0.041922659920491503,0.1377577053772079,0.15286
Zone_DH391,0.04471759719607054,0.126,0.16336633663366334,0.6926952141057933,0.3333333333333333,0.23076923076923078,0.43878937615812225,0.4957276736493936,0.04452492543672774,0.9799455665377453,0.1395944007134825,0.03099352019334082,0.03099352019334082,0.37805676855895204,0.10493516589110462,0.1271874043845777,0.7367607267104754,0.12653858711706997,0.02715906766302059,0.17,0.03686302855077701,0.13398327380370786,0.169985
Zone_DH392,0.029731807251006687,0.084,0.0882088208820882,0.8573169740797918,0.1568627450980392,0.3076923076923077,0.6752316244595429,0.6376791620727673,0.03557733276523221,0.8913837559088955,0.10655705921129166,0.018954864068524035,0.018954864068524035,0.2207969432314411,0.10144567646646008,0.07546015209994508,0.6256281407035176,0.07881971257249175,0.013489284382031935,0.0495,0.02240693892302132,0.10874017942120558,0.04955
Zone_DH393,0.02181225802356824,0.1008,0.1044104410441044,0.8287966198098642,0.11764705882352941,0.23076923076923078,0.8735021618282891,0.8588754134509372,0.021303792074989347,0.9172396504798739,0.17561751134204504,0.010940128753427257,0.010940128753427257,0.24650655021834064,0.0672460888999255,0.060640913631856204,0.7522226517201391,0.05355449254481662,0.007953984814025967,0.08449999999999999,0.013010480664980123,0.07073711789760906,0.08467
Zone_DH394,0.013455476336556159,0.1392,0.12331233123312331,0.7621678719427969,0.19607843137254902,0.38461538461538464,0.863619518221124,0.8478500551267916,0.025564550489987216,0.9866781263429307,0.1288533871030285,0.006976401224331328,0.006976401224331328,0.2885371179039301,0.0500685589661092,0.046658482908109665,0.8279860842674913,0.03938005628313631,0.005348784039084028,0.125,0.008312251535959523,0.04843250715622094,0.12482999999999998
Zone_DH395,0.006325766390928131,0.0944,0.07380738073807382,0.7488692072262398,0.21568627450980393,0.4230769230769231,0.7708462013588635,0.7443495038588754,0.01789518534299105,0.8766294227188082,0.1204777230602195,0.004002853161501581,0.004002853161501581,0.3112445414847162,0.03300547392060116,0.034515554670824906,0.811364514882103,0.025423289609386734,0.003128647581916417,0.076,0.004698229129020599,0.029723196288535928,0.076055
Zone_DH396,0.004400533141515221,0.0756,0.061656165616561655,0.7596218953982828,0.23529411764705882,0.38461538461538464,0.9848054354539839,0.9849779492833517,0.013421389007243288,0.8095545050852313,0.22207142580169845,0.0019322043080330943,0.0019322043080330943,0.5182314410480349,0.009164228414722359,0.03107616425024606,0.9727483571704677,0.012344975201214798,0.001377808262036268,0.06949999999999999,0.0021684134441633533,0.009436078933750217,0.07246999999999999
Zone_DH397,0.003645954541928476,0.0716,0.06030603060306031,0.8142520516779068,0.13725490196078433,0.23076923076923078,0.9871525633106856,0.9940738699007717,0.006604175543246698,0.7152270448359833,0.13881887626507425,0.0015529866401013655,0.0015529866401013655,0.4789847161572052,0.015011714406020234,0.015257917417766125,0.893892539621183,0.00866273133871979,0.0009325776446097013,0.067,0.0018070112034694616,0.011495188775861004,0.06988
Zone_DH398,0.003166409263686433,0.0756,0.06525652565256526,0.8073724980363477,0.5882352941176471,0.6923076923076923,0.9474984558369364,0.9699558985667033,0.021303792074989347,0.7027288354103995,0.10256310830198925,0.001465706383196444,0.001465706383196444,0.475764192139738,0.01670031634294598,0.01116603813926398,0.8366834170854273,0.007978626919508892,0.0008543614550617909,0.071,0.0018070112034694616,0.015162865093926529,0.07146999999999999
Zone_DH399,0.0030958878992390737,0.092,0.07965796579657966,0.7318328322634815,0.5098039215686274,0.34615384615384615,0.9631871525633107,0.9888368246968026,0.010651896037494673,0.8226256983240222,0.20857730039939515,0.0013423101579170718,0.0013423101579170718,0.3183406113537118,0.0015439263234039804,0.023253670710623033,0.88345574023966,0.009095479209963047,0.0009867273142967162,0.089,0.001445608962775569,0.0071453644696797,0.089845
Zone_DH400,0.0005359623697999301,0.0776,0.0594059405940594,0.6445112537580239,0.43137254901960786,0.3076923076923077,0.9489808523780112,0.98332414553473,0.007030251384746484,0.8971135940409684,0.18686261584396452,0.00024679245055874425,0.00024679245055874425,0.3839519650655022,0.0,0.013632224839550417,0.9547738693467337,0.0028374785569542814,0.0002887982383307463,0.06649999999999999,0.00036140224069389166,0.0,0.06665
Zone_DH401,0.0,0.0548,0.041404140414041404,0.6770401668427183,0.3333333333333333,0.38461538461538464,0.9835701050030884,0.9892502756339581,0.008095440988495952,0.89646898725111,0.11551436659040674,0.0,0.0,0.3587336244541485,0.005545178739162827,0.005330502195237935,0.8795902589872441,0.0,0.0,0.04649999999999999,0.0,0.0010404113877097545,0.04646499999999999
Zone_DH402,0.0009026734649261983,0.044,0.0378037803780378,0.7208905500934428,0.4117647058823529,0.5384615384615384,0.9810994441012971,0.98635611907387,0.013208351086493396,0.8381678842572696,0.13129628911551441,0.0004032949801813624,0.0004032949801813624,0.3246724890829695,0.0075252912406473735,0.009241748965049455,0.8550444530344029,0.002319217633309666,0.0002346485686437314,0.0425,0.00036140224069389166,0.005998197826535373,0.0425
Zone_DH403,0.003053575080570659,0.0556,0.054005400540054004,0.7926654207632512,0.39215686274509803,0.4230769230769231,0.9198270537368747,0.9699558985667033,0.012569237324243716,0.8003867640739148,0.19675055256116947,0.001387455118385135,0.001387455118385135,0.2782205240174673,0.0031893415100247226,0.017584021764374104,0.8523386161577118,0.00799935735645468,0.0008543614550617909,0.056499999999999995,0.001445608962775569,0.009904716410996876,0.056295
Zone_DH404,0.005973159568691334,0.0896,0.081008100810081,0.8528479726984642,0.2549019607843137,0.2692307692307692,0.9812229771463867,0.9929713340683571,0.009799744354495099,0.7308050422575563,0.2780255147543526,0.002564233754585976,0.002564233754585976,0.44896288209606994,0.006929314086438274,0.03620022929269471,0.8753382296095864,0.014140749301643406,0.0015944069407843276,0.08999999999999998,0.002891217925551138,0.012624261307914721,0.09162
Zone_DH405,0.010352536300872349,0.1136,0.10126012601260126,0.8677175591127,0.11764705882352941,0.11538461538461539,0.9848054354539839,0.996141124586549,0.00553898593949723,0.7063816072195961,0.167513280856179,0.004421196461838965,0.004421196461838965,0.4406113537117904,0.027263795467550554,0.0323627100774508,0.8436412833397758,0.024189828611112553,0.0029481486829597003,0.11249999999999999,0.005059631369714492,0.02878411192293357,0.11605
Zone_DH406,0.023758647682315354,0.1252,0.1152115211521152,0.8120310934156714,0.11764705882352941,0.07692307692307693,0.8762198888202595,0.9904906284454245,0.008521516829995739,0.6351883684285919,0.2253674047074334,0.010247906026250291,0.010247906026250291,0.26774017467248906,0.04025436995929649,0.059476018269688034,0.843448009277155,0.052240701103377515,0.007689253095556117,0.129,0.012287676183592337,0.05412310509421603,0.131885
Zone_DH407,0.03548635058991121,0.1912,0.17146714671467148,0.6202703068714281,0.23529411764705882,0.15384615384615385,0.6086473131562692,0.787348401323043,0.026842778014486576,0.6878670677553358,0.41777502035751674,0.017796143416510417,0.017796143416510417,0.43957423580786037,0.03602854644195161,0.14901076053658915,0.7035175879396985,0.09195503568226461,0.016822497382765964,0.1955,0.021322732200939644,0.0855598137030322,0.19543999999999997
Zone_DH408,0.03191796954887483,0.1296,0.13546354635463545,0.663118550418461,0.17647058823529413,0.19230769230769232,0.9005558987029031,0.9226846747519295,0.028547081380485725,0.3958601919495774,0.22370002714335574,0.014792498713368627,0.014792498713368627,0.36288209606986904,0.06395525852668402,0.10200207174428336,0.6217626594511017,0.07576715573222495,0.012773305416170293,0.1465,0.017708709794000722,0.10320157201637156,0.14642499999999997
Zone_DH409,0.02181225802356824,0.1512,0.17686768676867687,0.7096774193548386,0.37254901960784315,0.19230769230769232,0.8920321185917234,0.9277839029768469,0.019812526629740094,0.402986678126343,0.17976656714102918,0.009989074919566729,0.009989074919566729,0.33722707423580794,0.0507293162457758,0.06708838827879338,0.7129880170081175,0.05544873622073769,0.008327015871869847,0.152,0.011926273942898446,0.080853535408366,0.152215
Zone_DH410,0.030937722583056538,0.248,0.24122412241224123,0.7444272907017687,0.37254901960784315,0.38461538461538464,0.699444101297097,0.8616317530319735,0.04985087345547507,0.5413264575275748,0.2570863546473303,0.015541905057138473,0.015541905057138473,0.2889192139737992,0.04859157210567799,0.07963681806619999,0.6293003478933128,0.0732613641664032,0.012153592529752235,0.23800000000000002,0.018431514275388507,0.09401881063788978,0.23779999999999998
Zone_DH411,0.05176973364080648,0.2868,0.23807380738073808,0.6819425259337503,0.2549019607843137,0.3076923076923077,0.5138974675725756,0.8308985667034179,0.06668086919471666,0.6784128348374158,0.3548799875916089,0.026873290134622273,0.026873290134622273,0.32008733624454155,0.03271396335604236,0.06944767002495679,0.8608426749130268,0.11008380279135332,0.021984765892928047,0.2845,0.032164799421756415,0.09404414239341663,0.28463499999999997
Zone_DH412,0.11532358728076669,0.0,0.0,0.6241163565450556,0.09803921568627451,0.19230769230769232,0.6911673872760964,0.655457552370452,0.09735832978270131,0.7393997994556654,0.2399084881150879,0.06905072186791789,0.06905072186791789,0.3748362445414848,0.18400578702454087,0.2581054230302762,0.669114804793197,0.20732250859017481,0.059901567933768926,0.0,0.08203830863751356,0.2238006318463593,0.0
Zone_DH413,0.1541667548183722,0.1348,0.08595859585958596,0.6057799084531836,0.1568627450980392,0.3076923076923077,0.22791846819024086,0.1386438809261301,0.19727311461440133,0.8642744592465263,0.121563457287991,0.1878692481558284,0.1878692481558284,0.4002729257641922,0.31780049880696604,0.4830150146164877,0.5970235794356399,0.37414810860675923,0.16435628076002068,0.0,0.21900975786049873,0.3840366514314251,0.0
Zone_DH414,0.09763682907736898,0.1168,0.1035103510351035,0.6452696297500067,0.11764705882352941,0.23076923076923078,0.8212476837554046,0.8005788313120177,0.09565402641670218,0.7670820799312419,0.2604986622203265,0.051696999063994484,0.051696999063994484,0.34530567685589525,0.152935079517604,0.22492065071939665,0.809238500193274,0.17052598301140692,0.043506251278533865,0.13449999999999998,0.061438380917961694,0.1791534127302928,0.13461499999999998
Zone_DH415,0.09990056487612921,0.2216,0.18136813681368139,0.6798028222420845,0.0784313725490196,0.15384615384615385,0.9192093885114268,0.9098676957001102,0.06710694503621645,0.7554433462254692,0.22738376827329487,0.047468421100152584,0.047468421100152584,0.3306768558951966,0.15223977283769338,0.19266115921834046,0.8674139930421337,0.1600208340891305,0.03930062693284237,0.2155,0.056378749548247196,0.1727082903598195,0.227275
Zone_DH416,0.15463219582372478,0.2416,0.135013501350135,0.5220064461959318,0.0784313725490196,0.15384615384615385,0.902779493514515,0.8915380374862183,0.1171708564124414,0.6154204268729409,1.0,0.07562382811206786,0.07562382811206786,0.44672489082969435,0.07810539726411936,0.6175346243028138,0.5972168534982607,0.22898840650313806,0.07059913601193699,0.1625,0.08962775569208528,0.1699489384185023,0.18292499999999998
Zone_DH417,0.2160633563938195,0.0,0.0,0.4565694320305517,0.0784313725490196,0.15384615384615385,0.5544163063619517,0.5028941565600881,0.1721346399659139,0.7794370434035237,0.27193764783434804,0.15518429677695078,0.15518429677695078,0.5094432314410481,0.2717461482817071,0.523602033405955,0.5989563200618476,0.35764408949329635,0.15149874252433726,0.0,0.18142392482833394,0.33383634962165215,0.0
Zone_DH418,0.30494143200682644,0.2068,0.17461746174617462,0.43425150998076967,0.0784313725490196,0.15384615384615385,0.7414453366275477,0.7115490628445423,0.24520664678312737,0.9097908609081794,0.31715072317654813,0.18454958872941016,0.18454958872941016,0.21310043668122278,0.3095604668487708,0.5319332470720946,0.6198299188248937,0.38706057951936484,0.1741874541231965,0.245,0.21503433321286594,0.37393109038732264,0.24509999999999998
Zone_DH419,0.5149328989217283,0.3528,0.27767776777677766,0.469732672462826,0.0196078431372549,0.038461538461538464,0.8627547869054972,0.8468853362734289,0.1553046442266723,0.8866924509382609,0.47206173174609334,0.25849101464803487,0.25849101464803487,0.23651746724890832,0.3349758694032671,0.7235216703714763,0.5454194047158871,0.47173145791980436,0.24792125434701512,0.347,0.29707264185037946,0.4360355078836043,0.34722000000000003
Zone_DH420,0.3578818202974591,0.2552,0.25517551755175516,0.7173153489883806,0.0196078431372549,0.038461538461538464,0.9736874613959234,0.9706449834619626,0.08819769919045589,0.8733705772811917,0.2914033114893947,0.15962054155894578,0.15962054155894578,0.3145196506550219,0.30640999341402064,0.3724089372541647,0.46327792810204876,0.325465268744202,0.1280218524000337,0.29,0.18720636067943625,0.3625824639112954,0.289855
Zone_DH421,0.13348989076240644,0.24,0.23267326732673269,0.8121936025568104,0.0392156862745098,0.0,0.980852378011118,1.0,0.014060502769492968,0.8636656639449936,0.44274690759626195,0.056927795150227375,0.056927795150227375,0.27123362445414856,0.12014985802355836,0.25551758586495327,0.7862388867413994,0.17195638316066608,0.0438672490764473,0.2585,0.06758221900975786,0.17274628799310973,0.27132
Zone_DH422,0.12161409298947115,0.396,0.33078307830783077,0.7647680182010238,0.09803921568627451,0.11538461538461539,0.9182211241507102,0.929024255788313,0.060076693651469955,0.8682137229623262,0.3908255457753307,0.056199456454675965,0.056199456454675965,0.28171397379912666,0.13208883514537742,0.249272861993077,0.66505604947816,0.17185791358517358,0.0438672490764473,0.38749999999999996,0.06685941452837008,0.1754061223234286,0.410205
Zone_DH423,0.16370829542809992,0.5456,0.3865886588658866,0.688551231006744,0.0784313725490196,0.15384615384615385,0.6051883878937617,0.559536934950386,0.10715807413719641,0.8871580002864918,0.35577184070727835,0.1006100588991251,0.1006100588991251,0.3914301310043669,0.18714114509668434,0.4001378705270414,0.7356010823347509,0.2618979751545713,0.08839031081910399,0.40399999999999997,0.11890133718829059,0.24684891055357128,0.42298
Zone_DH424,0.09274264638472224,0.3364,0.2223222322232223,0.45767991116166945,0.39215686274509803,0.38461538461538464,0.4510191476219889,0.3875413450937156,0.17106945036216445,0.9380103137086376,0.2598006902167591,0.08462874289343081,0.08462874289343081,0.42860262008733635,0.17447447123222595,0.3855914240108527,0.7218786238886743,0.2423906339885879,0.07744606091236175,0.378,0.10010842067220817,0.2205111224500874,0.39999999999999997
Zone_DH425,0.04176275202572619,0.1712,0.18226822682268226,0.6209203434359849,0.3137254901960784,0.3076923076923077,0.8012353304508956,0.8912624035281147,0.057946314443971025,0.923470849448503,0.20493233549187642,0.020333290194815553,0.020333290194815553,0.3764737991266376,0.08403925675602725,0.09873594107693841,0.7891379976807112,0.09558286214777693,0.017833291216923574,0.2195,0.02421395012649078,0.10959060264246398,0.21975
Zone_DH426,0.02105062728753676,0.0816,0.08415841584158416,0.8296362503724167,0.21568627450980393,0.11538461538461539,0.3630636195182211,0.34523153252480704,0.010651896037494673,0.9816287064890415,0.04719066268564118,0.018283708989565498,0.018283708989565498,0.32729257641921394,0.08866023903866294,0.08246058340613929,0.7247777348279861,0.08515545236404722,0.015077674692851038,0.16549999999999998,0.02168413444163354,0.10733245757835655,0.16568
Zone_DH427,0.010810925169780185,0.0808,0.0846084608460846,0.9254895587876818,0.11764705882352941,0.23076923076923078,0.7967881408276714,0.7732910694597575,0.011291009799744353,0.9580647471708925,0.09329559114351081,0.006254081856842321,0.006254081856842321,0.19448689956331883,0.04735211237192429,0.03060062152328501,0.7843061461151914,0.031010142366275733,0.003958942517117312,0.0615,0.0072280448138778465,0.04616531503656819,0.06152
Zone_DH428,0.008554241507464687,0.0892,0.08595859585958596,0.8938002762655399,0.17647058823529413,0.3076923076923077,0.9597282273008029,0.9572767364939362,0.013421389007243288,0.9440624552356396,0.0847648222110202,0.003897514920409435,0.003897514920409435,0.2156113537117904,0.0406581660746483,0.019508310938588635,0.8635485117897178,0.020499810834762867,0.0024247018759852228,0.0945,0.004698229129020599,0.03414901586129778,0.09426999999999999
Zone_DH429,0.0063046099815939225,0.1088,0.09225922592259225,0.7804772351778121,0.27450980392156865,0.46153846153846156,0.9692402717726992,0.9688533627342888,0.018960374946740518,0.9819510098839709,0.15882740703400677,0.0028531615015815782,0.0028531615015815782,0.28116812227074245,0.023491432828408244,0.023441675974770426,0.8695400077309625,0.01747834964991474,0.002021587668315223,0.10099999999999999,0.0032526201662450307,0.020147792699388056,0.10101
Zone_DH430,0.00476724423664149,0.098,0.08145814581458147,0.7316703231223423,0.27450980392156865,0.46153846153846156,0.969857936998147,0.9683020948180816,0.01725607158074137,0.8831829250823664,0.1727092946605142,0.002169967766498226,0.002169967766498226,0.7634279475982534,0.01788795197633366,0.027323431722754907,0.8129107073830691,0.01456313195441377,0.0016485566104713426,0.08049999999999999,0.0025298156848572455,0.015419801471413117,0.08027
Zone_DH431,0.004217177593952088,0.11,0.09720972097209721,0.7433168115706508,0.35294117647058826,0.4230769230769231,0.954663372452131,0.9587927232635062,0.014912654452492544,0.8480160435467697,0.13021055488774283,0.0019442429641579114,0.0019442429641579114,0.7561135371179041,0.01874520896988804,0.019430897006292646,0.785659064553537,0.012912470912605657,0.001443991191653731,0.0945,0.0021684134441633533,0.017956595846315863,0.09554
Zone_DH432,0.005091642513099343,0.1104,0.10486048604860486,0.7976219495679965,0.21568627450980393,0.2692307692307692,0.9462631253860408,0.9574145534729879,0.009373668512995313,0.7334909038819653,0.12641048509054245,0.002320450968058436,0.002320450968058436,0.4918668122270743,0.021789874866390998,0.018033759847236503,0.811364514882103,0.014083740600042496,0.0015823736808538802,0.0965,0.0025298156848572455,0.02337397270684283,0.09877999999999999
Zone_DH433,0.005274998060662477,0.1288,0.11566156615661566,0.7948051244549172,0.5882352941176471,0.3076923076923077,0.9505867819641755,0.9921444321940464,0.011077971878994461,0.6492980948288211,0.12982279266353874,0.0022722963435591686,0.0022722963435591686,0.49203056768558956,0.019723388864296428,0.01715271557015361,0.7870119829918826,0.013780557959710397,0.0015462739010625368,0.12949999999999998,0.0025298156848572455,0.023607386739911623,0.13322499999999998
Zone_DH434,0.0033920776299179826,0.1396,0.11116111611161116,0.711790038189648,0.35294117647058826,0.5,0.9719579987646696,0.9776736493936052,0.016829995739241585,0.7891061452513966,0.1894606227461321,0.0015108513436645071,0.0015108513436645071,0.33198689956331884,0.0065708640589067216,0.02518533264029432,0.9052957093158099,0.010810922867226732,0.0011852761031491037,0.1255,0.0018070112034694616,0.01140471822040798,0.129385
Zone_DH435,0.0008462563733683111,0.1048,0.0747074707470747,0.6418027680723706,0.39215686274509803,0.5384615384615384,0.9754169240271773,0.9797409040793826,0.014273540690242864,0.8760564389056008,0.1606886657101865,0.00040028531615015847,0.00040028531615015847,0.3829694323144105,0.00615195258094816,0.011601030711212858,0.8631619636644763,0.004109809124501815,0.0004271807275308956,0.08399999999999999,0.00036140224069389166,0.002887820130060471,0.08479499999999998
Zone_DH436,0.0003243982764578516,0.0644,0.05130513051305131,0.6768776577015789,0.29411764705882354,0.46153846153846156,0.9675108091414454,0.9684399117971333,0.010651896037494673,0.8934608222317718,0.12396758307805653,0.00019261849799706872,0.00019261849799706872,0.35906113537117906,0.006810550523099507,0.006130446162296465,0.899497487437186,0.001645478432571663,0.00016846563902626845,0.0515,0.0,0.0012484936652517003,0.051295
Zone_DH437,0.0005500666426894023,0.0484,0.04545454545454545,0.7432897267137943,0.47058823529411764,0.7692307692307693,0.9781346510191476,0.979465270121279,0.018321261184490838,0.9007305543618392,0.11101632478963899,0.00028290841893319484,0.00028290841893319484,0.3066048034934499,0.006480171883266207,0.008755147104903252,0.8285659064553537,0.0007929392131762586,7.219955958268666e-05,0.0515,0.00036140224069389166,0.004445723094961516,0.051295
Zone_DH438,0.0013892708796129781,0.0464,0.04455445544554456,0.8108122748571274,0.3333333333333333,0.5384615384615384,0.9854231006794316,0.98787210584344,0.012995313165743502,0.7816215441913765,0.163558106169297,0.0006109617983344522,0.0006109617983344522,0.2658842794759826,0.0005182410036600784,0.013536379018612522,0.866254348666409,0.002031582820686903,0.00019854878885238792,0.049999999999999996,0.0007228044813877842,0.0033890270072702133,0.049845
Zone_DH439,0.003109992172128546,0.0492,0.0477047704770477,0.9002735570542508,0.3333333333333333,0.15384615384615385,0.9864113650401483,0.9962789415656009,0.0031955688112484024,0.561022776106575,0.16220093838458258,0.0013061941895426213,0.0013061941895426213,0.21834061135371177,0.004977272972651994,0.01624218027124367,0.8749516814843449,0.00523184402419242,0.0005414966968701489,0.05349999999999999,0.001445608962775569,0.008357669912750193,0.054665
Zone_DH440,0.006882885170062269,0.0784,0.0837083708370837,0.8641965277213509,0.27450980392156865,0.23076923076923078,0.9660284126003706,0.9714718853362735,0.008947592671495527,0.5585159719237931,0.16557446973515846,0.0030638379837658724,0.0030638379837658724,0.23542576419213976,0.018309022791807475,0.02753724163100096,0.7810204870506379,0.01670095826444782,0.0019253215888716411,0.09499999999999999,0.0036140224069389224,0.03032753959896212,0.09895999999999999
Zone_DH441,0.015162093356182254,0.1264,0.1242124212421242,0.7896590016521763,0.23529411764705882,0.2692307692307692,0.9528103767757876,0.9789140022050716,0.019173412867490414,0.6210070190517119,0.23754313854744277,0.006678444485242112,0.006678444485242112,0.27647379912663755,0.028539963939063495,0.05572697211992524,0.7819868573637417,0.0373147865024125,0.004999819501101043,0.13999999999999999,0.007950849295265629,0.04621597854762188,0.143195
Zone_DH442,0.021269243517323573,0.1392,0.1296129612961296,0.7279867825898538,0.35294117647058826,0.3076923076923077,0.9226683137739344,0.9510749724366042,0.029825308904985085,0.6347944420570119,0.1883748885183606,0.009661021540165472,0.009661021540165472,0.31441048034934505,0.04709946988264,0.06676030066096754,0.6673753382296097,0.05261903157763809,0.007779502545034474,0.14049999999999999,0.011564871702204552,0.06781672836758548,0.141815
Zone_DH443,0.0206274991008526,0.1472,0.15526552655265527,0.7268763034587362,0.37254901960784315,0.4230769230769231,0.7177269919703522,0.9178610804851158,0.03983809118023008,0.4056009167741011,0.16759083330101981,0.009733253476914373,0.009733253476914373,0.31250000000000006,0.03557940423877954,0.05037435165831702,0.7448782373405489,0.05288075334407861,0.00782161895479104,0.176,0.011564871702204552,0.06802662005623651,0.176055
Zone_DH444,0.01639621723401104,0.158,0.16831683168316833,0.7725955418325615,0.29411764705882354,0.2692307692307692,0.8975911056207535,0.9775358324145536,0.020664678312739666,0.4055651052857756,0.16890922486331386,0.0072382419950460936,0.0072382419950460936,0.2867903930131005,0.03486682285874694,0.043410784129406604,0.7879783533049867,0.0405565085798096,0.005535299568005968,0.18999999999999997,0.008673653776653417,0.05809838130082183,0.189915
Zone_DH445,0.019125394038123848,0.1964,0.1926192619261926,0.7451044121231818,0.2549019607843137,0.15384615384615385,0.8625077208153181,0.9851157662624036,0.013847464848743076,0.6123048273886262,0.22889604094769095,0.008327740374342014,0.008327740374342014,0.3083515283842795,0.028518370563910985,0.059936815485735574,0.741012756088133,0.0466849440019072,0.00662430959171149,0.216,0.009757860498735093,0.05643010425826809,0.21614499999999998
Zone_DH446,0.02527485701793358,0.1624,0.135013501350135,0.7360580699331004,0.11764705882352941,0.11538461538461539,0.9787523162445955,0.9921444321940464,0.013847464848743076,0.7773599770806474,0.28589708790569623,0.010907022449084012,0.010907022449084012,0.31566593886462885,0.04061281998682804,0.09533341443364338,0.8279860842674913,0.05784828429721228,0.008820379529018204,0.151,0.013010480664980123,0.05931068674389234,0.15093
Zone_DH447,0.04372324595736279,0.0652,0.056255625562556255,0.735272609084261,0.058823529411764705,0.11538461538461539,0.7965410747374922,0.7730154355016539,0.023008095440988495,0.7739578856897292,0.15018030943425495,0.023514505075798393,0.023514505075798393,0.3018558951965065,0.10798846913766856,0.11338929254725016,0.6383842288364903,0.09897228858841271,0.01878993538139417,0.04499999999999999,0.028189374774123598,0.11743620921135008,0.044805
Zone_DH448,0.062347938307910376,0.1272,0.1062106210621062,0.6702689526285852,0.1568627450980392,0.3076923076923077,0.3213094502779494,0.2428335170893054,0.07967618236046016,0.817647901446784,0.05607041761991549,0.06706133394329192,0.06706133394329192,0.31681222707423584,0.20607421643039917,0.2026623019954363,0.593158098183224,0.19606329002399547,0.05452871737482401,0.047499999999999994,0.0795084929526563,0.23211487589249205,0.047619999999999996
Zone_DH449,0.056727385561455845,0.1056,0.08280828082808281,0.6292353944909401,0.058823529411764705,0.11538461538461539,0.9849289684990735,0.9831863285556781,0.03216872603323391,0.8563959318149261,0.39470316801737176,0.024853805569684258,0.024853805569684258,0.38902838427947606,0.07412573822351302,0.17620148266112237,0.9323540780827214,0.1103481158624121,0.02208704860233686,0.09299999999999999,0.029634983736899163,0.09512617023663478,0.092975
Zone_DH450,0.053814853209779905,0.1468,0.10756075607560756,0.6358170147070771,0.09803921568627451,0.19230769230769232,0.9473749227918468,0.941289966923925,0.04708138048572646,0.8165019338203696,0.3052076466710613,0.024715361024248865,0.024715361024248865,0.3739628820960699,0.09024303343734141,0.15042264320655882,0.842481638964051,0.10863785481438483,0.021587668315223272,0.125,0.029273581496205275,0.10397961879326754,0.13157999999999997
Zone_DH451,0.0694564918442042,0.1644,0.135013501350135,0.6019338587795563,0.21568627450980393,0.4230769230769231,0.913526868437307,0.9035281146637266,0.12526629740093737,0.7657212433748746,0.30160145798596305,0.03421386070672931,0.03421386070672931,0.3665938864628821,0.10449466103799356,0.1920234158713307,0.705836876691148,0.13370872699569325,0.02957173627907536,0.1615,0.04083845319840983,0.1274947255666171,0.17024999999999998
Zone_DH452,0.08793308932941235,0.08,0.0909090909090909,0.6280436607892527,0.0196078431372549,0.038461538461538464,0.9924644842495367,0.9915931642778391,0.023221133361738387,0.8249892565535023,0.32955911435107993,0.03798496973782817,0.03798496973782817,0.39606986899563323,0.12504507617063085,0.1997058270572753,0.7852725164282953,0.14600705871378003,0.033915743113967,0.10149999999999999,0.04517528008673653,0.14234456253867617,0.101625
Zone_DH453,0.14229095704543687,0.076,0.04545454545454545,0.5536144741475041,0.0392156862745098,0.07692307692307693,0.9750463248919087,0.9721609702315326,0.061994034938219,0.8112376450365276,0.5052541781379658,0.06335944718491075,0.06335944718491075,0.4458515283842795,0.14181233197654958,0.3444772532062271,0.7149207576343255,0.20658657807859943,0.05925177189752476,0.0515,0.0751716660643296,0.18700263812139703,0.051545
Zone_DH454,0.37314264356386767,0.2792,0.1251125112511251,0.4496627935321362,0.0392156862745098,0.07692307692307693,0.794070413835701,0.7702590959206174,0.1749041329356625,0.7407248245237071,0.5659777424483307,0.20434414906264015,0.20434414906264015,0.23651746724890832,0.2643698513296121,0.7224636799634312,0.49942017781213754,0.4160158173233897,0.19777866021683932,0.1665,0.2370798698951933,0.366727824762153,0.166665
Zone_DH455,0.4055190019816503,0.1968,0.20252025202520252,0.5684028059911702,0.0196078431372549,0.038461538461538464,0.8998147004323657,0.8882304299889746,0.11269706007669365,0.7344220025784272,0.42704253751599525,0.1952790410006531,0.1952790410006531,0.420906113537118,0.31733408190367196,0.5153003107616426,0.5624275222265173,0.38683513601757946,0.1741874541231965,0.245,0.22732200939645825,0.39753304889390706,0.24509999999999998
Zone_DH456,0.09262981220160647,0.1796,0.15436543654365434,0.6871157335933478,0.0784313725490196,0.15384615384615385,0.46843730697961705,0.406973539140022,0.061994034938219,0.8270663228763786,0.2088099577339176,0.0745854940213024,0.0745854940213024,0.32587336244541487,0.18187236155947356,0.2693673069904781,0.8042133745651334,0.2105435002306261,0.06123124315608341,0.15949999999999998,0.08854354897000362,0.23037241299446684,0.177305
Zone_DH457,0.0871996671391598,0.238,0.17236723672367235,0.6841905690528425,0.11764705882352941,0.23076923076923078,0.7159975293390983,0.6831587651598677,0.08308478909245845,0.8171107291219022,0.16673775640777078,0.05183243394539867,0.05183243394539867,0.3152292576419215,0.17431683959361266,0.1840055443121035,0.6407035175879398,0.16743714790648498,0.042128443016497596,0.21149999999999997,0.061799783158655586,0.1943180872353284,0.23321
Zone_DH458,0.08413198778569966,0.2032,0.13906390639063906,0.5941875897185883,0.21568627450980393,0.4230769230769231,0.8594193946880792,0.8431642778390298,0.15061780997017468,0.8873728692164445,0.20590174105238668,0.04436846714801227,0.04436846714801227,0.3570960698689957,0.14818453698405332,0.20221256391257392,0.7518361035948976,0.1566417728669676,0.03788070226104954,0.1745,0.05276472714130827,0.16409730289180086,0.182995
Zone_DH459,0.05011953371273827,0.1772,0.14896489648964895,0.6910430378375448,0.35294117647058826,0.38461538461538464,0.8407659048795553,0.822353914002205,0.07903706859821048,0.958888411402378,0.11493272325410063,0.02694853173540238,0.02694853173540238,0.2925218340611354,0.13448785912482053,0.10440190364545894,0.6847700038654814,0.10776199385342544,0.021292853446927305,0.18999999999999997,0.032164799421756415,0.1371280303112549,0.19666499999999998
Zone_DH460,0.02046529996262367,0.1416,0.12061206120612061,0.7558300154383684,0.23529411764705882,0.15384615384615385,0.9363804817788758,0.9866317530319736,0.014699616531742649,0.941340782122905,0.13036565977742445,0.008893557212208402,0.008893557212208402,0.30114628820960704,0.059988555511169175,0.041357471734698774,0.8333977580208737,0.04864656159790209,0.007009373909485818,0.13549999999999998,0.010480664980122876,0.06261648084014576,0.13549999999999998
Zone_DH461,0.01217198750361422,0.0828,0.08865886588658865,0.8912001300073129,0.21568627450980393,0.11538461538461539,0.3867819641754169,0.34991730981256886,0.006178099701746912,0.9681635868786708,0.024157586567916563,0.011743709049758777,0.011743709049758777,0.2737991266375546,0.06945725051554183,0.057824521047373637,0.712601468882876,0.058470197405585816,0.008934695498357459,0.146,0.014094687387061799,0.07752602837880383,0.145915
Zone_DH462,0.006981615080288573,0.0824,0.0855085508550855,0.9524931610736436,0.0784313725490196,0.15384615384615385,0.7875231624459542,0.762954796030871,0.0051129100979974435,0.9811989686291361,0.10186513629842182,0.004282751916403572,0.004282751916403572,0.1859170305676856,0.030228565875989242,0.026619333576634267,0.8440278314650174,0.021124315247754634,0.0024969014355679096,0.0885,0.005059631369714492,0.027759985235205342,0.088375
Zone_DH463,0.005416040789557196,0.0836,0.08235823582358236,0.8817475149643833,0.21568627450980393,0.23076923076923078,0.9824583075972823,0.9943495038588754,0.007456327226246272,0.9811273456524854,0.10962038078250419,0.002314431639996027,0.002314431639996027,0.22712882096069867,0.022919208386866907,0.013930821435549214,0.8782373405488985,0.012021062123936912,0.001323658592349253,0.092,0.0025298156848572455,0.01820448516825714,0.09195999999999999
Zone_DH464,0.005973159568691334,0.1256,0.10666066606660665,0.7221364535088433,0.3333333333333333,0.5384615384615384,0.9676343421865349,0.9671995589856671,0.022795057520238603,0.9637587738146396,0.13032688355500405,0.002714716956146185,0.002714716956146185,0.32019650655021836,0.02476976063743644,0.02078379763260822,0.8848086586780054,0.01823241929381766,0.0021238703777240295,0.11449999999999999,0.0032526201662450307,0.026965653758327813,0.114685
Zone_DH465,0.006219984344257092,0.1376,0.11206120612061204,0.6758484331410307,0.3137254901960784,0.34615384615384615,0.9596046942557135,0.9757442116868797,0.015338730293992329,0.9072840567253975,0.19771995812167983,0.0027719005727390657,0.0027719005727390657,0.8249454148471616,0.016251174139773915,0.030972945673851424,0.8764978739853112,0.02002560208962804,0.002370552206298208,0.12699999999999997,0.0032526201662450307,0.023147796318210272,0.12678
Zone_DH466,0.006805311669170173,0.1444,0.12466246624662465,0.7049375694049457,0.4117647058823529,0.3076923076923077,0.9693638048177887,0.9881477398015436,0.013847464848743076,0.9100415413264574,0.13408817712978402,0.002958499742673726,0.002958499742673726,0.7955240174672489,0.025115254639876492,0.028093884667986395,0.7630459992269039,0.02040652386850684,0.0024186852460199994,0.13949999999999999,0.0036140224069389224,0.030495814832104732,0.140925
Zone_DH467,0.009753104703069795,0.1432,0.1314131413141314,0.7131984507461877,0.5490196078431373,0.3076923076923077,0.9252625077208153,0.9505237045203969,0.017043033659991477,0.8752685861624409,0.14804761720113227,0.00442420612587017,0.00442420612587017,0.5620087336244541,0.031994903963464,0.03561040885615386,0.7174333204483958,0.028768663871512747,0.0036280278690299984,0.146,0.005059631369714492,0.04568220227044907,0.147695
Zone_DH468,0.01107890635468015,0.2028,0.19126912691269127,0.6674521275155061,0.27450980392156865,0.23076923076923078,0.9702285361334158,0.9811190738699007,0.014486578610992756,0.7187365706918779,0.14575982007832797,0.0048606074103947775,0.0048606074103947775,0.36337336244541485,0.03793956014294815,0.04439504698288415,0.7294163123308851,0.032554559918736695,0.004211640975656714,0.2155,0.005782435851102277,0.05213275287424955,0.22174
Zone_DH469,0.010493579029767065,0.2084,0.16426642664266425,0.6169388694780749,0.47058823529411764,0.2692307692307692,0.8928968499073502,0.9473539140022051,0.017043033659991477,0.7890703337630712,0.1872503780681686,0.004827501106051533,0.004827501106051533,0.4002183406113538,0.028224700661836948,0.04620874482524726,0.7085427135678393,0.034086020948106525,0.0044583228042308935,0.1895,0.005782435851102277,0.04818823665649778,0.196315
Zone_DH470,0.00523268524199406,0.1372,0.10756075607560756,0.6342460930093984,0.39215686274509803,0.5769230769230769,0.9352686843730699,0.9321940463065049,0.024925436727737536,0.8531370863773097,0.22114079646360857,0.002552195098461159,0.002552195098461159,0.3834061135371179,0.0175208645987411,0.03660941722054493,0.8552377270970236,0.01974314988624172,0.0023224191665764168,0.121,0.002891217925551138,0.022073006119428373,0.12246
Zone_DH471,0.00287727166945226,0.064,0.052655265526552655,0.6647707266867094,0.5686274509803921,0.6538461538461539,0.9613341568869673,0.9743660418963617,0.021942905837239027,0.9187079215012175,0.14754352630966688,0.0013272618377610508,0.0013272618377610508,0.36042576419213984,0.0144178965893264,0.0175102942098065,0.884228836490143,0.010494783703803513,0.001149176323357761,0.06,0.001445608962775569,0.0127672047855305,0.059754999999999996
Zone_DH472,0.003109992172128546,0.0556,0.0495049504950495,0.7414750413044067,0.39215686274509803,0.5,0.9710932674490426,0.9822216097023152,0.015764806135492117,0.9351812061309268,0.1493272325410059,0.0013844454543539303,0.0013844454543539303,0.3091157205240175,0.013180596193087958,0.017893677493558052,0.8239273289524547,0.009090296600726595,0.0009807106843314922,0.0555,0.001445608962775569,0.014430053594757044,0.055659999999999994
Zone_DH473,0.0035542767681469092,0.0444,0.048604860486048604,0.8473497467565884,0.49019607843137253,0.5384615384615384,0.9169857936998147,0.9426681367144433,0.016403919897741797,0.7956238361266295,0.15126604366202645,0.0017425954740672303,0.0017425954740672303,0.2395196506550219,0.00979043629414495,0.017344407212029386,0.8335910320834945,0.008903722668214535,0.0009566441644705967,0.03899999999999999,0.0018070112034694616,0.013110992896251977,0.03877
Zone_DH474,0.005401936516667724,0.0404,0.04005400540054005,0.9036320793044608,0.5294117647058824,0.6153846153846154,0.921680049413218,0.9724366041896362,0.02151682999573924,0.5474502220312276,0.13656985536469035,0.0024498665214002166,0.0024498665214002166,0.20780567685589524,0.01705228835793179,0.01438793227386837,0.8310784692694242,0.011961462117717783,0.001323658592349253,0.0455,0.002891217925551138,0.02272258470758107,0.04655
Zone_DH475,0.007665672315427957,0.0596,0.063006300630063,0.8853227160694456,0.45098039215686275,0.4230769230769231,0.9145151327980234,0.9703693495038588,0.017682147422241157,0.5219882538318293,0.16313156772267245,0.003437036323635193,0.003437036323635193,0.2203056768558952,0.01705444769544704,0.024201069786816777,0.765751836103595,0.018074349712106055,0.0021118371177935814,0.072,0.003975424647632815,0.03706940539132135,0.07379
Zone_DH476,0.013307381471216703,0.1088,0.09765976597659766,0.768803661872647,0.19607843137254902,0.23076923076923078,0.9208153180975911,0.9182745314222711,0.015125692373242437,0.7410471279186363,0.26003334755128155,0.006245052864748708,0.006245052864748708,0.29443231441048046,0.020749074184040334,0.0691638189398715,0.879396984924623,0.036143516814975664,0.004813303972179102,0.0945,0.0072280448138778465,0.03319545620682293,0.09562999999999999
Zone_DH477,0.01921001967546068,0.1508,0.12646264626462647,0.7493025649359443,0.09803921568627451,0.19230769230769232,0.9904879555281039,0.98938809261301,0.01725607158074137,0.7450938260994127,0.35084726045988607,0.00833375970240442,0.00833375970240442,0.30491266375545856,0.02236857732047808,0.0972171534528457,0.7626594511016623,0.046389535275429765,0.006600243071850594,0.1415,0.009757860498735093,0.038060962679086464,0.14473
Zone_DH478,0.020705072601744697,0.2004,0.1791179117911791,0.7196446466780424,0.29411764705882354,0.3076923076923077,0.8968499073502163,0.9447353914002204,0.029399233063485297,0.697715227044836,0.2961727868471054,0.00952859632279249,0.00952859632279249,0.54028384279476,0.027775558458664883,0.09388835436411827,0.7514495554696561,0.052186283706394825,0.007689253095556117,0.207,0.01120346946151066,0.04695421828011855,0.20941999999999997
Zone_DH479,0.01576152495398481,0.1764,0.17776777677767777,0.7422063324395329,0.19607843137254902,0.23076923076923078,0.9197035206917851,0.9459757442116868,0.017682147422241157,0.6379100415413264,0.21078754507735856,0.007235232331014889,0.007235232331014889,0.5256550218340612,0.03132550933373641,0.0635973885700172,0.7023579435639739,0.04150751737469747,0.005697748577067012,0.2055,0.008673653776653417,0.050992823875541465,0.20539999999999997
Zone_DH480,0.016071818957553188,0.1596,0.1494149414941494,0.7397686953224453,0.11764705882352941,0.19230769230769232,0.933786287831995,0.9904906284454245,0.014912654452492544,0.7221744735711215,0.20008530768932495,0.006955333576112898,0.006955333576112898,0.31211790393013106,0.03535483313719351,0.05791668049058316,0.6497873985311172,0.04064979554606561,0.005547332827936415,0.16699999999999998,0.008312251535959523,0.05209113641874115,0.16712999999999997
Zone_DH481,0.01615644459489002,0.106,0.09315931593159316,0.784296199994583,0.19607843137254902,0.15384615384615385,0.9588634959851761,0.9706449834619626,0.011717085641244141,0.7731700329465693,0.15056807165845904,0.007163000394265989,0.007163000394265989,0.4971069868995634,0.04997138877792294,0.05033748788103322,0.7328952454580595,0.03984649111441646,0.005420983598666713,0.1055,0.008312251535959523,0.054081488638707646,0.105585
Zone_DH482,0.027862991093151667,0.1148,0.1152115211521152,0.8531729909807425,0.13725490196078433,0.2692307692307692,0.9109326744904263,0.9006339581036384,0.029825308904985085,0.8023205844434894,0.11431230369537403,0.01345319821948276,0.01345319821948276,0.427292576419214,0.08520745835177766,0.06166204026261755,0.6911480479319676,0.06133877161795878,0.009530341864914622,0.121,0.015901698590531258,0.0873583683454383,0.12099499999999999
Zone_DH483,0.03946375554474228,0.1276,0.11296129612961296,0.7632241813602015,0.09803921568627451,0.19230769230769232,0.9834465719579987,0.9815325248070562,0.031742650191734126,0.7918636298524567,0.20830586684245223,0.017347703475860992,0.017347703475860992,0.2906113537117904,0.07859124820505069,0.09981236337362547,0.8073057595670661,0.07927059957606256,0.01362165024126686,0.12699999999999997,0.02059992771955186,0.08712314490126044,0.127155
Zone_DH484,0.043814923731144345,0.0868,0.05670567056705671,0.6235204896942118,0.058823529411764705,0.11538461538461539,0.9878937615812229,0.9864939360529217,0.025351512569237324,0.854247242515399,0.19209740587072005,0.019096318277990628,0.019096318277990628,0.39606986899563323,0.09997732695608987,0.10498803770427141,0.7653652879783533,0.09303301840344541,0.017147395400888055,0.06349999999999999,0.022768341163715216,0.10206888066209972,0.063465
Zone_DH485,0.04119152897370258,0.0832,0.06345634563456345,0.6181847728934753,0.09803921568627451,0.19230769230769232,0.9767757875231625,0.9740904079382581,0.03728163613123136,0.8402449505801461,0.1810074062584823,0.018277689661503088,0.018277689661503088,0.3943777292576419,0.09936839377678928,0.10493274203834572,0.7879783533049867,0.09017480940954532,0.016389300025269844,0.0715,0.02168413444163354,0.09958455920935973,0.07696499999999999
Zone_DH486,0.040775452923463164,0.0752,0.06975697569756975,0.6562389967769019,0.0784313725490196,0.15384615384615385,0.9851760345892526,0.9834619625137817,0.029399233063485297,0.8206202549777969,0.21454883865213853,0.017865365689228113,0.017865365689228113,0.36790393013100436,0.08661534641172088,0.11080145538192718,0.7377270970235795,0.08681388731971,0.015516888680312382,0.07849999999999999,0.021322732200939644,0.09084510355259777,0.07851999999999999
Zone_DH487,0.042735946855099745,0.0568,0.04185418541854185,0.6600308767368164,0.13725490196078433,0.11538461538461539,0.7883878937615812,0.8282800441014334,0.024073285044737963,0.7952299097550494,0.2235836984760945,0.021185025115646343,0.021185025115646343,0.3794213973799127,0.08484253031170039,0.11552370525198237,0.7251642829532277,0.09847475810171388,0.018639519632263575,0.05349999999999999,0.025298156848572458,0.10212316299537154,0.05338
Zone_DH488,0.06362437500440758,0.088,0.0612061206120612,0.6275019636521221,0.1568627450980392,0.07692307692307693,0.40753551575046315,0.5759371554575524,0.02641670217298679,0.7881750465549348,0.19531583233161431,0.039227960982715505,0.039227960982715505,0.43624454148471614,0.09757182496410102,0.14490413574717348,0.703131039814457,0.153184972506258,0.036551027038735064,0.09799999999999999,0.04662088904951211,0.14401464899233898,0.09804
Zone_DH489,0.1767970606695298,0.218,0.12016201620162016,0.4737412312775926,0.21568627450980393,0.23076923076923078,0.192958616429895,0.503858875413451,0.19620792501065185,0.6686004870362412,0.44220404048237627,0.13418888049527034,0.13418888049527034,0.1808951965065502,0.1407996026818972,0.3380334649370182,0.6064940085040588,0.3171160852642872,0.12257078565154085,0.2085,0.15757137694253703,0.27939478817224145,0.208335
Zone_DH490,0.3447507422373608,0.182,0.10711071107110712,0.5356301291947673,0.058823529411764705,0.11538461538461539,0.5293390982087708,0.4749173098125688,0.20025564550489985,0.8283197249677696,0.14463530962813606,0.2745957268790085,0.2745957268790085,0.12734716157205245,0.45831290959933496,0.4569707559654808,0.28855817549284885,0.45092846444470935,0.22863795530847258,0.19249999999999998,0.31694976508854356,0.5071598397585523,0.19231
Zone_DH491,0.08846905169921228,0.1264,0.08415841584158416,0.5978711302510766,0.1568627450980392,0.3076923076923077,0.35145151327980234,0.2764608599779493,0.11738389433319131,0.8881249104712791,0.09368335336771494,0.09287823200296151,0.09287823200296151,0.32947598253275107,0.23033653275175178,0.281211638631764,0.6509470429068419,0.24068037294056066,0.07639315066844758,0.19749999999999998,0.10986628117094326,0.26514205686617237,0.19737
Zone_DH492,0.06693182699698874,0.1348,0.12466246624662465,0.7634137753581973,0.09803921568627451,0.19230769230769232,0.705620753551575,0.6715821389195149,0.05176821474222411,0.7673685718378456,0.23172670518438096,0.03947475343327425,0.03947475343327425,0.28242358078602625,0.11863400308785266,0.1901949725180541,0.842674913026672,0.13735210128891492,0.030841245201737602,0.079,0.046982291290205994,0.1496310610748626,0.079145
Zone_DH493,0.04766539022997018,0.1584,0.1395139513951395,0.8319384632052218,0.11764705882352941,0.23076923076923078,0.9368746139592341,0.9295755237045205,0.04218150830847891,0.7627130783555364,0.19329946876575285,0.02217821424594373,0.02217821424594373,0.23913755458515282,0.09663467248248238,0.10640729312969784,0.8295322767684578,0.08969282675055586,0.016268967425965366,0.16349999999999998,0.026382363570654134,0.10908758635414517,0.16349999999999998
Zone_DH494,0.02622689543797293,0.1428,0.1341134113411341,0.856964870940657,0.11764705882352941,0.15384615384615385,0.979987646695491,0.9776736493936052,0.01661695781849169,0.8823950723392063,0.13765558959246194,0.01155109055176171,0.01155109055176171,0.23558951965065503,0.0693233715895963,0.05881615665630794,0.782759953614225,0.055199970977388275,0.008266849572217608,0.1515,0.013733285146367905,0.0714626917523423,0.15137499999999998
Zone_DH495,0.014047855797913976,0.1312,0.11341134113411341,0.8132228271173586,0.11764705882352941,0.0,0.986781964175417,1.0,0.0,0.9462827675118176,0.12695335220442824,0.0059531154537219005,0.0059531154537219005,0.2706331877729258,0.04790922145085887,0.03130471966940565,0.7483571704677232,0.03361699481220816,0.004380106614682982,0.126,0.0068666425731839535,0.04929740566635184,0.12583999999999998
Zone_DH496,0.01002108588796976,0.1148,0.11386138613861385,0.8835892852306275,0.0784313725490196,0.15384615384615385,0.6192711550339717,0.5752480705622934,0.007243289305496378,0.9745022203122762,0.0668889836752104,0.007373676876450282,0.007373676876450282,0.24366812227074233,0.05489899698772417,0.03983499773287771,0.7241979126401238,0.03878923883018145,0.00522845143977955,0.1465,0.008673653776653417,0.05849464233370606,0.146275
Zone_DH497,0.006283453572259715,0.1112,0.10666066606660665,0.8704531296552098,0.27450980392156865,0.2692307692307692,0.6835083384805435,0.653941565600882,0.009799744354495099,0.9813064030941125,0.14486796696265852,0.0046138149598360335,0.0046138149598360335,0.23624454148471621,0.02648643396206044,0.03878438008028931,0.8830691921144183,0.0252393069814929,0.0030925478021250727,0.11599999999999999,0.005421033610408384,0.027857693435094602,0.116145
Zone_DH498,0.0037023716334863635,0.1604,0.13591359135913592,0.7686140678746513,0.6274509803921569,0.46153846153846156,0.9141445336627547,0.977122381477398,0.015125692373242437,0.9755049419853887,0.11753073015626819,0.0016583248811935128,0.0016583248811935128,0.2915393013100437,0.01582578464926961,0.015073598531347116,0.886161577116351,0.01034189673132835,0.0011311264334620888,0.1505,0.0018070112034694616,0.014107978417344288,0.15223499999999998
Zone_DH499,0.004421689550849429,0.2324,0.1908190819081908,0.68202378050432,0.27450980392156865,0.15384615384615385,0.9812229771463867,0.9920066152149946,0.0051129100979974435,0.9358974358974358,0.10186513629842182,0.00189307867562744,0.00189307867562744,0.3566048034934498,0.024558145560941907,0.015888288009319164,0.843448009277155,0.01432473192953724,0.001618473460645223,0.2135,0.0021684134441633533,0.02662729388093351,0.21551
Zone_DH500,0.004957651920649359,0.236,0.20297029702970296,0.632539747027437,0.35294117647058826,0.15384615384615385,0.9561457689932057,0.9955898566703418,0.005752023860247124,0.9127274029508666,0.1288921633254489,0.002106764821842938,0.002106764821842938,0.8840611353711791,0.020457563619481537,0.021078707850878647,0.8285659064553537,0.017224401797328884,0.0019915045184891035,0.22649999999999998,0.0025298156848572455,0.02878592133404261,0.227435
Zone_DH501,0.007602203087425334,0.2132,0.198019801980198,0.621841228569107,0.6274509803921569,0.5,0.9116738727609635,0.9494211686879823,0.026203664252236896,0.9046698180776394,0.1476598549769282,0.003545384228758544,0.003545384228758544,0.8806768558951965,0.026872955377290245,0.032801389027128064,0.6969462698105915,0.026343202748855935,0.0032610134411513417,0.21749999999999997,0.003975424647632815,0.04316893023996411,0.21732
Zone_DH502,0.010761560214667032,0.194,0.1791179117911791,0.623628829121638,0.8431372549019608,0.4230769230769231,0.8702903026559605,0.9452866593164277,0.027268853855986364,0.8963973642744592,0.17616037845593083,0.004920800691018861,0.004920800691018861,0.39967248908296943,0.026255384847928647,0.044391360605155764,0.7027444916892154,0.03454468186553202,0.004536538993778804,0.20099999999999998,0.005782435851102277,0.053290775984048216,0.20109499999999997
Zone_DH503,0.014400462620150774,0.1916,0.17596759675967596,0.618022263752336,0.7450980392156863,0.23076923076923078,0.8748610253242743,0.982497243660419,0.018321261184490838,0.8087308408537459,0.16208460971732136,0.006308255809403996,0.006308255809403996,0.401528384279476,0.03849019120933698,0.04111785718235405,0.7582141476613838,0.0419609956828865,0.0058000312864758185,0.198,0.0075894470545717395,0.06062250979796114,0.19824499999999998
Zone_DH504,0.012891305420977283,0.2104,0.17596759675967596,0.6091926004171067,0.6470588235294118,0.4230769230769231,0.8174181593576282,0.8927783902976847,0.03110353642948445,0.8430024351812061,0.20466090193493355,0.006359420097934469,0.006359420097934469,0.4004912663755459,0.029563489921292152,0.05059184794429146,0.808465403942791,0.042163117443107904,0.0058361310662671615,0.19999999999999998,0.0075894470545717395,0.053744938172422395,0.201835
Zone_DH505,0.011311626857356436,0.1668,0.135013501350135,0.6483031337179381,0.37254901960784315,0.3076923076923077,0.9680049413218036,0.9853914002205071,0.020025564550489986,0.8609798023205844,0.5109930590561867,0.004953906995362109,0.004953906995362109,0.3759825327510918,0.004592910894937427,0.08080171342836816,0.9497487437185931,0.03361958611682637,0.0043861232446482075,0.1515,0.005782435851102277,0.02928169997792519,0.153075
Zone_DH506,0.009901199568409248,0.1264,0.09720972097209721,0.687169903307061,0.35294117647058826,0.38461538461538464,0.9061148857319333,0.9025633958103639,0.02215594375798892,0.9265148259561667,0.20462212571251306,0.004830510770082736,0.004830510770082736,0.34639737991266384,0.031122531607302883,0.04415174605281105,0.8003478933127175,0.03159059460075769,0.004061225226526118,0.11249999999999999,0.005782435851102277,0.04098135220911003,0.11268999999999998
Zone_DH507,0.008081748365667378,0.126,0.1143114311431143,0.7399041196067279,0.23529411764705882,0.3076923076923077,0.9764051883878938,0.9874586549062845,0.014912654452492544,0.9553430740581579,0.19306681143123042,0.0035182972524777064,0.0035182972524777064,0.31140829694323147,0.019049675559538327,0.03867747512616628,0.8676072671047546,0.0226920545417796,0.002737566634176865,0.128,0.003975424647632815,0.0261749411036684,0.12820499999999999
Zone_DH508,0.008751701327917291,0.1196,0.12466246624662465,0.8060724249072343,0.43137254901960786,0.5,0.9376158122297715,0.9702315325248071,0.024286322965487855,0.8978298238074773,0.22625925782310288,0.003945669544908702,0.003945669544908702,0.26310043668122274,0.015922954837455865,0.038257228065130926,0.8703131039814458,0.022868263255818776,0.002767649784002984,0.1415,0.004698229129020599,0.019089287200587692,0.14165
Zone_DH509,0.008166374003004209,0.12,0.1197119711971197,0.7795021803309767,0.3137254901960784,0.34615384615384615,0.9288449660284125,0.9670617420066152,0.016403919897741797,0.8065463400658931,0.16433363061770526,0.0036747997821003245,0.0036747997821003245,0.2832423580786026,0.02287386229904665,0.03132683793577593,0.8915732508697334,0.02224116753820878,0.00268341696448985,0.1255,0.0043368268883267076,0.02908085534481948,0.12568
Zone_DH510,0.010641673895106521,0.094,0.08910891089108912,0.7714579778445871,0.2549019607843137,0.4230769230769231,0.9770228536133416,0.978638368246968,0.023860247123988067,0.7473857613522418,0.1493272325410059,0.0047191532009281814,0.0047191532009281814,0.28635371179039304,0.030340851426782268,0.03904242652127594,0.8361035948975648,0.028012002922991604,0.0035317617895864167,0.10049999999999999,0.005421033610408384,0.04224974939656139,0.10063
Zone_DH511,0.01932990599502119,0.1128,0.09495949594959496,0.6563473362043281,0.2549019607843137,0.2692307692307692,0.8742433600988263,0.8896085997794928,0.025990626331487004,0.9093611230482738,0.3120322618170538,0.009212581599516047,0.009212581599516047,0.3786572052401747,0.03500933913475345,0.07919076636106596,0.8366834170854273,0.054396666545739124,0.00814651697291313,0.08449999999999999,0.01084206722081677,0.047363145190766225,0.08469499999999999
Zone_DH512,0.034879866855663924,0.202,0.15436543654365434,0.6228704531296552,0.2549019607843137,0.2692307692307692,0.6819024088943793,0.6824696802646085,0.04367277375372816,0.9271594327460249,0.4928845631858545,0.021007454937805294,0.021007454937805294,0.37614628820960705,0.03719458870018678,0.21721980764481014,0.9230769230769231,0.09755743626686292,0.018410887693585065,0.2085,0.02493675460787857,0.06601093608074317,0.212735
Zone_DH513,0.03223531568888795,0.1848,0.1674167416741674,0.7615720050919531,0.21568627450980393,0.34615384615384615,0.8930203829524398,0.918412348401323,0.04601619088197699,0.8190445494914769,0.336538834386754,0.01531618025479816,0.01531618025479816,0.49328602620087336,0.050655898770257286,0.10958863710929007,0.9170854271356785,0.07148372919830218,0.011792594731838801,0.19749999999999998,0.018070112034694615,0.06794519655632877,0.200765
Zone_DH514,0.017362359926939862,0.1232,0.1377137713771377,0.8270631889710461,0.23529411764705882,0.11538461538461539,0.9161210623841877,0.9831863285556781,0.008947592671495527,0.5733419280905314,0.14033114893947032,0.00755124705429133,0.00755124705429133,0.46812227074235807,0.0491206097969143,0.04068655098813355,0.7122149207576345,0.040354386819588195,0.005505216418179849,0.13849999999999998,0.009035056017347306,0.060550133353598726,0.1387
Zone_DH515,0.014689600214384946,0.1004,0.1044104410441044,0.8292299775195687,0.19607843137254902,0.11538461538461539,0.9387276096355776,0.9950385887541345,0.007669365146996164,0.6101919495774244,0.1305595408895266,0.00629621715327918,0.00629621715327918,0.25780567685589517,0.04373090335884951,0.030582189634643105,0.720139157325087,0.03461723839484227,0.004536538993778804,0.1165,0.0075894470545717395,0.054206338005232814,0.11644499999999999
Zone_DH516,0.016516103553571554,0.0924,0.09000900090009001,0.8199940413314916,0.2549019607843137,0.23076923076923078,0.9250154416306363,0.9618246968026462,0.017043033659991477,0.7486749749319582,0.12016751328085616,0.007433870157074366,0.007433870157074366,0.46539301310043674,0.054112998132173046,0.041457003933365044,0.7286432160804021,0.03970915196965064,0.005390900448840594,0.103,0.008673653776653417,0.061992234007519915,0.102895
Zone_DH517,0.02884323805896996,0.124,0.1242124212421242,0.8565856829446655,0.21568627450980393,0.2692307692307692,0.8004941321803581,0.8900220507166482,0.030677460587984658,0.8073700042973786,0.0849974795455427,0.01407619867394203,0.01407619867394203,0.42390829694323146,0.0861014240830913,0.045755320364656495,0.6579049091611907,0.06331852834628122,0.00994548933251507,0.13899999999999998,0.016624503071919046,0.09578117705811466,0.139185
Zone_DH518,0.0342663309849719,0.1708,0.16066606660666066,0.7690745104412121,0.19607843137254902,0.23076923076923078,0.8588017294626312,0.9802921719955897,0.033020877716233486,0.8126701045695458,0.23669006165419362,0.01510249410858266,0.01510249410858266,0.2860807860262009,0.056531456149253416,0.08404203945161445,0.8714727483571705,0.07140080745051904,0.011756494952047458,0.181,0.018070112034694615,0.07514484335928029,0.18116
Zone_DH519,0.03920282649628704,0.1288,0.099009900990099,0.6448633568971588,0.17647058823529413,0.19230769230769232,0.9274861025324274,0.9191014332965821,0.03493821900298253,0.8325454805901733,0.16677653263019118,0.018461279167406544,0.018461279167406544,0.3648471615720525,0.0999190248431781,0.10183618474650626,0.7081561654425977,0.08860707011552037,0.015968135927704172,0.11699999999999999,0.022045536682327428,0.10393438351554102,0.11682
Zone_DH520,0.03099413967461442,0.0976,0.0657065706570657,0.6046423444652094,0.3137254901960784,0.2692307692307692,0.8085237801111798,0.7863836824696803,0.04005112910097997,0.8263500931098696,0.1329636666795921,0.01688722487908675,0.01688722487908675,0.3875,0.0967858261085499,0.09353077572446539,0.7537688442211056,0.08491446103455244,0.015029541653129246,0.0715,0.020238525478857967,0.10114789040758794,0.0715
Zone_DH521,0.031953230231098514,0.0824,0.0612061206120612,0.6068362178705886,0.37254901960784315,0.38461538461538464,0.5734403953057443,0.5453417861080486,0.05730720068172134,0.7939765076636583,0.11799604482531317,0.022792185708309383,0.022792185708309383,0.385698689956332,0.10790641431208906,0.11365471174369356,0.6781986857363742,0.10393204562769173,0.020191810163291336,0.054,0.027105168052041922,0.12097360792956324,0.05407
Zone_DH522,0.02727061163179385,0.1128,0.10126012601260126,0.7251970423336311,0.19607843137254902,0.19230769230769232,0.45571340333539223,0.415380374862183,0.023647209203238175,0.8172539750752041,0.09442010159370276,0.024281969403755464,0.024281969403755464,0.2710698689956332,0.10235907623541098,0.10434292160180487,0.5778894472361811,0.0986120972464797,0.018639519632263575,0.1425,0.028912179255511386,0.12544285336894254,0.14234999999999998
Zone_DH523,0.040592097375900034,0.1548,0.14311431143114312,0.7770103735001759,0.11764705882352941,0.15384615384615385,0.6196417541692402,0.5756615214994487,0.02641670217298679,0.8151769087523277,0.09015471712745746,0.02872122384978165,0.02872122384978165,0.23089519650655027,0.13162025890456808,0.10199101261109823,0.5135291843834559,0.10667623721838997,0.020913805759118203,0.1905,0.03433321286591977,0.14388979962581377,0.19029
Zone_DH524,0.09734063934669009,0.1644,0.1764176417641764,0.7545841120229679,0.09803921568627451,0.07692307692307693,0.7544163063619519,0.7260198456449836,0.036003408606732,0.8026070763500931,0.20733646128194194,0.054724721079385905,0.054724721079385905,0.27691048034934507,0.1705617516545924,0.18308026350228004,0.534209509083881,0.16844516540297377,0.042465374294550134,0.207,0.06505240332490062,0.19969384764034698,0.206765
Zone_DH525,0.2179533289610087,0.06,0.056255625562556255,0.79423634246093,0.0196078431372549,0.038461538461538464,0.8764669549104386,0.8621830209481808,0.05070302513847465,0.643854748603352,0.3327387645895537,0.10746306389817706,0.10746306389817706,0.25393013100436684,0.21703717299532505,0.31832977597882545,0.5535369153459606,0.2480033997916591,0.08079130717302624,0.06949999999999999,0.1272135887242501,0.28456065688860904,0.06944499999999999
Zone_DH526,0.11461132149984836,0.116,0.09180918091809182,0.720294683242599,0.0784313725490196,0.15384615384615385,0.7156269302038296,0.6827453142227123,0.07413719642096292,0.7839851024208566,0.25204544573267673,0.06895742228295056,0.06895742228295056,0.2766375545851528,0.16991395040001728,0.24808584836453854,0.6532663316582914,0.19361709846439287,0.05345775724101416,0.13249999999999998,0.08203830863751356,0.2137312590244379,0.1324
Zone_DH527,0.05751017270682153,0.0948,0.0774077407740774,0.773706020963679,0.17647058823529413,0.11538461538461539,0.8723903644224831,0.8678335170893053,0.028973157221985513,0.776464689872511,0.17336849044166117,0.02859782762450228,0.02859782762450228,0.26413755458515287,0.11850444283693763,0.11484909812768877,0.8457672980286046,0.10942820272294287,0.02178621710407566,0.09499999999999999,0.033971810625225876,0.1289404450427564,0.09523999999999999
Zone_DH528,0.039118200858950215,0.1092,0.10756075607560756,0.8678529833969826,0.23529411764705882,0.23076923076923078,0.9113032736256947,0.9215821389195149,0.03429910524073285,0.7325956166738289,0.1116367443483656,0.01833788294212717,0.01833788294212717,0.21992358078602625,0.10650284492717635,0.07049091492208841,0.7446849632779281,0.07679072105642307,0.013019987244744473,0.12699999999999997,0.02168413444163354,0.11534633938038526,0.12685999999999997
Zone_DH529,0.01737646419982934,0.1316,0.1242124212421242,0.8642777822919205,0.13725490196078433,0.07692307692307693,0.9885114268066707,0.9964167585446526,0.005965061780997018,0.8609439908322589,0.2338593974175036,0.007430860493043162,0.007430860493043162,0.2381550218340611,0.04187171375821898,0.054009120098500014,0.8277928102048706,0.03867781273159785,0.005216418179849102,0.13849999999999998,0.008673653776653417,0.050185826520900506,0.13833499999999999
Zone_DH530,0.009210090196825126,0.1456,0.12871287128712872,0.8133853362584978,0.13725490196078433,0.2692307692307692,0.9703520691785051,0.9669239250275633,0.013208351086493396,0.9719954161294944,0.20846097173213385,0.004135278378874566,0.004135278378874566,0.2622270742358078,0.02399887714449207,0.0380950274450822,0.904136064940085,0.023941063367763128,0.002906032273203133,0.143,0.004698229129020599,0.03182211317504606,0.14321499999999998
Zone_DH531,0.007122657809183292,0.1456,0.14446444644464446,0.8098101351534356,0.2549019607843137,0.34615384615384615,0.9281037677578753,0.925303197353914,0.014699616531742649,0.9871794871794871,0.08965062623599211,0.0033918913631671307,0.0033918913631671307,0.48040393013100446,0.03569384912708782,0.02009075861967272,0.9018167761886355,0.02008520209584717,0.002370552206298208,0.164,0.003975424647632815,0.0360832763368834,0.164105
Zone_DH532,0.002073328114752364,0.138,0.12061206120612061,0.7406354107418542,0.43137254901960786,0.46153846153846156,0.94366893143916,0.9539691289966924,0.012782275244993608,0.9546268442916486,0.05502345961456436,0.000990179466266181,0.000990179466266181,0.5407205240174674,0.023148098163483444,0.004884450490103919,0.8803633552377271,0.00651972241944929,0.0006858958160355221,0.13699999999999998,0.0010842067220816767,0.019235849500421596,0.136845
Zone_DH533,0.001078976876044597,0.2008,0.1566156615661566,0.6723815714633948,0.45098039215686275,0.3076923076923077,0.9577516985793699,0.9768467475192942,0.007456327226246272,0.9289858186506231,0.06359300476947537,0.0004996042291798965,0.0004996042291798965,0.3622816593886463,0.019488021075134147,0.004512126339537505,0.8975647468109781,0.004273061315449871,0.00043921398746134304,0.177,0.00036140224069389166,0.015019921616310748,0.179805
Zone_DH534,0.0020028067503050045,0.2616,0.20522052205220523,0.6273394545109828,0.6470588235294118,0.46153846153846156,0.9597282273008029,0.9800165380374862,0.014273540690242864,0.9208207993124193,0.09756097560975611,0.0009028992093612588,0.0009028992093612588,0.6396288209606988,0.017399941697887094,0.011169724516992358,0.887127947429455,0.008486522624680623,0.0009145277547140298,0.23099999999999998,0.0010842067220816767,0.018662266178849425,0.23456999999999997
Zone_DH535,0.0036247981325942687,0.2608,0.2079207920792079,0.5938084017225967,0.7254901960784313,0.38461538461538464,0.9407041383570105,0.9829106945975745,0.014486578610992756,0.9122618536026357,0.13377796735042075,0.0016011412646006326,0.0016011412646006326,0.6744541484716157,0.01625765215231967,0.022243603213046827,0.7941631233088521,0.014643462397578685,0.0016605898704017906,0.23399999999999999,0.0018070112034694616,0.024788932194128095,0.23703999999999997
Zone_DH536,0.004421689550849429,0.2328,0.1863186318631863,0.554887462419761,0.7058823529411765,0.4230769230769231,0.9431747992588018,0.9743660418963617,0.018108223263740945,0.9297736713937832,0.16646632285082794,0.001989387924625974,0.001989387924625974,0.45605895196506546,0.019313114736398875,0.027404532032779278,0.7605334364128333,0.018628888900405795,0.00217200341744582,0.211,0.0021684134441633533,0.03268158345184975,0.21080000000000002
Zone_DH537,0.005430145062446667,0.1956,0.15706570657065705,0.5590043606619538,0.6666666666666666,0.5,0.9461395923409512,0.9796030871003307,0.023434171282488283,0.9127274029508666,0.19543216099887553,0.0024227795451193784,0.0024227795451193784,0.45000000000000007,0.01805853964003844,0.03640298006775562,0.7454580595284114,0.021409358755759174,0.002557067735220148,0.177,0.002891217925551138,0.03722320533559147,0.177
Zone_DH538,0.00946396710883562,0.2128,0.17686768676867687,0.5850599929579372,0.8823529411764706,0.5,0.8381717109326746,0.9181367144432194,0.03089049850873455,0.8909182065606646,0.15401915545387573,0.004601776303711218,0.004601776303711218,0.41888646288209613,0.03246132086675808,0.032867743826238895,0.755315036722072,0.03361699481220816,0.0043861232446482075,0.20299999999999999,0.005421033610408384,0.04855916593385517,0.20278
Zone_DH539,0.010345484164427612,0.1656,0.14536453645364536,0.6687792855014761,0.5490196078431373,0.6153846153846154,0.9510809141445338,0.9636163175303197,0.03728163613123136,0.8531012748889844,0.1628601341657296,0.004728182193021794,0.004728182193021794,0.3518558951965066,0.0326297491929476,0.04170399124116651,0.8142636258214149,0.031245951086534017,0.00401910881676955,0.16599999999999998,0.005421033610408384,0.050140591243174,0.1661
Zone_DH540,0.008871587647477802,0.1584,0.1395139513951395,0.7187508464017768,0.37254901960784315,0.5,0.9736874613959234,0.978638368246968,0.02641670217298679,0.7898939979945566,0.16033967970840285,0.003948679208939906,0.003948679208939906,0.3209606986899564,0.028038997635525413,0.03478466024499666,0.8239273289524547,0.025526941794115663,0.0031466974718120885,0.1575,0.004698229129020599,0.04088545342032983,0.16213
Zone_DH541,0.010486526893322332,0.1648,0.1323132313231323,0.7363018336448092,0.6078431372549019,0.5,0.9234095120444719,0.9666482910694597,0.028760119301235617,0.8304326027789715,0.16569079840241968,0.004746240177209019,0.004746240177209019,0.3066048034934499,0.02989602789864069,0.03760473920720761,0.8498260533436413,0.029261011748975142,0.0037002274286126844,0.1505,0.005421033610408384,0.0436176641950111,0.155785
Zone_DH542,0.011889902045824782,0.2104,0.1863186318631863,0.6786381733972535,0.5490196078431373,0.2692307692307692,0.8756022235948117,0.9167585446527011,0.017682147422241157,0.8729408394212863,0.1929504827639692,0.0057123423312255665,0.0057123423312255665,0.3466157205240175,0.02798501419764416,0.051856275505125914,0.8488596830305374,0.036241986390468155,0.004813303972179102,0.2205,0.0068666425731839535,0.04482092258253629,0.223415
Zone_DH543,0.014957581399284913,0.2948,0.2583258325832583,0.5965439722651066,0.9019607843137255,0.9230769230769231,0.776899320568252,0.8846471885336273,0.0756284618662122,0.953695745595187,0.17158478421032222,0.0076024113428218,0.0076024113428218,0.39230349344978177,0.036538150095550684,0.053957510810302686,0.7056436026285272,0.047895083258617376,0.006870991420285669,0.305,0.009035056017347306,0.06220393510728,0.306755
Zone_DH544,0.013631779747674556,0.2712,0.2277227722772277,0.6199452885891499,0.43137254901960786,0.38461538461538464,0.9397158739962941,0.9683020948180816,0.029186195142735405,0.9676622260421143,0.16828880530458726,0.006112627647375723,0.006112627647375723,0.3955240174672489,0.04153269776832468,0.050326428747848075,0.8171627367607267,0.04065238685068384,0.005571399347797311,0.25899999999999995,0.0072280448138778465,0.05230102810739217,0.26144
Zone_DH545,0.019992806820826367,0.2088,0.16336633663366334,0.6257956176701605,0.23529411764705882,0.2692307692307692,0.9696108709079679,0.9830485115766262,0.027268853855986364,0.9680919639020197,0.21307534220016286,0.008785209307085052,0.008785209307085052,0.39181222707423585,0.050776821671111305,0.07499935488389754,0.8042133745651334,0.05324612729524807,0.0079118684042694,0.184,0.010480664980122876,0.05544759402604829,0.18679500000000002
Zone_DH546,0.037475053067326736,0.134,0.1152115211521152,0.5824056769859971,0.23529411764705882,0.46153846153846156,0.9484867201976529,0.9425303197353914,0.07988922028121005,0.9641527001862197,0.3392919461786033,0.017540321973858058,0.017540321973858058,0.40382096069869,0.06964295354185336,0.12301442479605118,0.8175492848859685,0.08825206138282381,0.015913986258017158,0.1335,0.020961329960245752,0.08179623859618648,0.13354
Zone_DH547,0.05167805586702492,0.2104,0.19846984698469847,0.5210313913490966,0.39215686274509803,0.5,0.3313156269302038,0.2539966923925027,0.1207925010651896,0.8332617103566824,0.29911977975105664,0.05495044588172623,0.05495044588172623,0.4447052401746725,0.10675548741646063,0.35360841083942507,0.8252802473908003,0.1894010458505439,0.05143015294273371,0.22499999999999998,0.0654138055655945,0.15559849891254393,0.225225
Zone_DH548,0.024428600644565267,0.1128,0.13276327632763274,0.8196690230492132,0.21568627450980393,0.19230769230769232,0.8265596046942556,0.98787210584344,0.019812526629740094,0.7021558515971924,0.229283803171895,0.01062712369418202,0.01062712369418202,0.4695960698689957,0.04053940251130953,0.05033380150330485,0.8260533436412834,0.053155431633610264,0.007875768624478056,0.149,0.012649078424286229,0.06892227855522141,0.14897
Zone_DH549,0.012524594325851015,0.058,0.05895589558955896,0.8717532027843232,0.21568627450980393,0.19230769230769232,0.9789993823347746,0.9853914002205071,0.011077971878994461,0.5108150694742873,0.09201597580363724,0.005453511224542005,0.005453511224542005,0.43384279475982535,0.05135768346271364,0.024072046566323464,0.7406262079628914,0.02915217695500977,0.0036761609087517895,0.06599999999999999,0.0065052403324900605,0.05882033633333694,0.066095
Zone_DH550,0.010669882440885466,0.0728,0.0846084608460846,0.8400910051190378,0.37254901960784315,0.19230769230769232,0.9150092649783818,0.98787210584344,0.010012782275244993,0.5137158000286491,0.10275698941409128,0.00462585361596085,0.00462585361596085,0.2495087336244542,0.04039688623530301,0.02127777224821119,0.7802473908001548,0.025938959228413144,0.003194830511533879,0.09499999999999999,0.005421033610408384,0.049798612543561584,0.09507499999999999
Zone_DH551,0.013899760932574523,0.062,0.061656165616561655,0.7644429999187454,0.3137254901960784,0.3076923076923077,0.927362569487338,0.9780871003307607,0.02087771623348956,0.700472711645896,0.14638023963705457,0.006139714623656562,0.006139714623656562,0.2919759825327511,0.039099124388637566,0.03635874353501506,0.8674139930421337,0.0356200732820946,0.004711021262770297,0.06949999999999999,0.0072280448138778465,0.055205132937434176,0.06944499999999999
Zone_DH552,0.0291253235167594,0.0828,0.07650765076507651,0.7467565883914302,0.23529411764705882,0.19230769230769232,0.9029030265596047,0.9765711135611908,0.024499360886237748,0.8326887265434751,0.3511574702392493,0.012848255749210717,0.012848255749210717,0.3029475982532751,0.0416406646440872,0.09175394165938608,0.8664476227290299,0.06451052847066384,0.010222254310915368,0.0865,0.015178894109143476,0.08398743544925868,0.08639499999999999
Zone_DH553,0.03389256775340089,0.152,0.1395139513951395,0.6711085831911378,0.17647058823529413,0.3076923076923077,0.9560222359481161,0.9543825799338478,0.04622922880272688,0.814962039822375,0.35173911357555554,0.015442586144108735,0.015442586144108735,0.3468340611353712,0.05048747044406776,0.13056781276150242,0.8368766911480481,0.07696433846584402,0.013062103654501037,0.16,0.018431514275388507,0.0872986577788393,0.16008999999999998
Zone_DH554,0.025867236479291397,0.1704,0.14176417641764175,0.7493296497928007,0.21568627450980393,0.19230769230769232,0.4872143298332303,0.9813947078280045,0.02215594375798892,0.8259203552499642,0.23692271898871617,0.01134342373360862,0.01134342373360862,0.3025109170305677,0.03609764524243963,0.03245486952066031,0.7891379976807112,0.058693049602753004,0.009000878427974921,0.16,0.013371882905674013,0.06235049740711389,0.15981499999999998
Zone_DH555,0.024626060465017873,0.1684,0.13546354635463545,0.7322391051163295,0.2549019607843137,0.34615384615384615,0.5253860407659049,0.49393605292172,0.03749467405198125,0.8496275605214152,0.07918104618248092,0.01985475361385409,0.01985475361385409,0.2678493449781659,0.09945260793988404,0.08597738775901413,0.7048705063780442,0.08525910454877614,0.015131824362538052,0.181,0.023491145645102997,0.11279145089439192,0.18105
Zone_DH556,0.02647372021353869,0.2,0.1485148514851485,0.6874407518756264,0.47058823529411764,0.46153846153846156,0.23335392217418155,0.6106670341786108,0.05453770771197273,0.8549276607935826,0.4301058590872077,0.018238564029097435,0.018238564029097435,0.3002183406113538,0.026050247783979873,0.07941932178022554,0.8569771936606109,0.08289065212772023,0.014518128106085217,0.2035,0.02168413444163354,0.0634976640502582,0.203545
Zone_DH557,0.028518839782512115,0.164,0.14761476147614763,0.7856504428374096,0.3333333333333333,0.3076923076923077,0.7419394688079061,0.7287761852260197,0.03642948444823178,0.8439693453659933,0.11000814300670832,0.016983534128085283,0.016983534128085283,0.2412117903930131,0.09228360738925297,0.06912695516258768,0.6532663316582914,0.07436525993376625,0.012418324248222083,0.183,0.020238525478857967,0.10181194428461313,0.18308
Zone_DH558,0.03953427690918963,0.166,0.1665166516651665,0.851818748137916,0.19607843137254902,0.07692307692307693,0.9095738109944411,0.8991179713340685,0.013634426927993182,0.8309697751038534,0.13501880646787387,0.019096318277990628,0.019096318277990628,0.22227074235807862,0.1048747044406776,0.07338472143886697,0.6277541553923464,0.0794545822039564,0.01362165024126686,0.19999999999999998,0.022768341163715216,0.11156105134023081,0.19982
Zone_DH559,0.09940691532499771,0.2264,0.24527452745274528,0.7724872024051351,0.09803921568627451,0.11538461538461539,0.947621988882026,0.9582414553472988,0.048998721772475495,0.8146755479157713,0.32955911435107993,0.04492826465781625,0.04492826465781625,0.2760917030567686,0.13481607842713855,0.17520984705218806,0.513335910320835,0.14869683290749558,0.03483027086868103,0.28099999999999997,0.053487531622696066,0.16837836957583782,0.28125
Zone_DH560,0.1999139639353742,0.11,0.09495949594959496,0.7962677067251699,0.0,0.0,1.0,1.0,0.021942905837239027,0.6470777825526429,0.2662375431385474,0.08527582066013971,0.08527582066013971,0.28116812227074245,0.21495125295559325,0.26204984719964314,0.6731735601082336,0.22053816214311256,0.06638147840631506,0.1055,0.10119262739428984,0.2535455410682039,0.105365
Zone_DH561,0.08982306189660157,0.0888,0.06840684068406841,0.7265242003196012,0.058823529411764705,0.11538461538461539,0.9717109326744904,0.9684399117971333,0.04622922880272688,0.7411545623836125,0.19481174144014893,0.04005561859129666,0.04005561859129666,0.3109716157205241,0.14843717947333757,0.14989917756912882,0.811364514882103,0.14144117997647093,0.032411585622661034,0.07799999999999999,0.047705095771593785,0.16288318803762128,0.07797499999999999
Zone_DH562,0.0511632499065592,0.0832,0.0675067506750675,0.6735191354513692,0.29411764705882354,0.34615384615384615,0.9243977764051884,0.9255788313120176,0.07413719642096292,0.8209783698610513,0.2606925433324286,0.024384297980816403,0.024384297980816403,0.3263646288209608,0.09127735610714634,0.1347555378609425,0.8270197139543874,0.10359776733194095,0.020101560713812975,0.079,0.028912179255511386,0.10757672807807969,0.079215
Zone_DH563,0.035049118130337585,0.0768,0.0927092709270927,0.7452398364074646,0.35294117647058826,0.46153846153846156,0.9237801111797406,0.9353638368246968,0.06582871751171708,0.8098768084801603,0.22680212493698867,0.016465871914718162,0.016465871914718162,0.2848253275109171,0.07185411515746969,0.09486893083986744,0.8620023192887516,0.07590708618160899,0.01281542182592686,0.108,0.019515720997470183,0.09088129177477897,0.107945
Zone_DH564,0.018624692350547596,0.1252,0.11476147614761475,0.8104330868611358,0.29411764705882354,0.38461538461538464,0.9589870290302657,0.9641675854465271,0.03131657435023434,0.9010170462684428,0.19752607700957772,0.008402981975122119,0.008402981975122119,0.25769650655021836,0.04399434253571004,0.060025288551216686,0.7730962504831852,0.04402367415899209,0.0061550124544240276,0.131,0.010119262739428982,0.05220151049639384,0.13105999999999998
Zone_DH565,0.012179039640058953,0.132,0.1152115211521152,0.8075620920343435,0.2549019607843137,0.38461538461538464,0.8814082767140211,0.8737596471885337,0.023008095440988495,0.9627918636298524,0.2508046066152236,0.006097579327219703,0.006097579327219703,0.26528384279475986,0.03138813012167867,0.05759596562821407,0.8581368380363357,0.03402382963726918,0.004446289544300445,0.13599999999999998,0.0072280448138778465,0.04025577835437679,0.13805499999999998
Zone_DH566,0.006431548437599171,0.1396,0.12331233123312331,0.792096638769264,0.1568627450980392,0.07692307692307693,0.9855466337245213,0.9977949283351709,0.002343417128248828,0.9525855894570977,0.18065842025669862,0.0027207362842085942,0.0027207362842085942,0.9310043668122272,0.019747141576964188,0.02552079301357693,0.9136064940085041,0.01675019305219405,0.0019253215888716411,0.13699999999999998,0.0032526201662450307,0.024237061805864657,0.1392
Zone_DH567,0.0018970247036339653,0.1332,0.10801080108010801,0.7262804366078925,0.5294117647058824,0.4230769230769231,0.9720815318097591,0.98938809261301,0.011504047720494247,0.9455307262569831,0.07196866881228435,0.0008246479445499497,0.0008246479445499497,1.0,0.02012718497964825,0.0035573545078870076,0.8351372245844609,0.005465061439832498,0.0005715798466962683,0.1205,0.0007228044813877842,0.01675695628100878,0.12185499999999999
Zone_DH568,0.0011001332853788047,0.1904,0.16066606660666066,0.6734920505945124,0.3137254901960784,0.11538461538461539,0.9739345274861025,0.9977949283351709,0.001917341286749041,0.9090388196533448,0.07274419326069258,0.000439410948555813,0.000439410948555813,0.3646834061135371,0.017808056488269393,0.0022597495474971367,0.8409354464630848,0.0038714090996252947,0.00039709757770477617,0.179,0.00036140224069389166,0.018390854512490364,0.18107499999999999
Zone_DH569,0.002242579389426026,0.24,0.20972097209720972,0.640286016088405,0.45098039215686275,0.23076923076923078,0.975787523162446,0.9915931642778391,0.006604175543246698,0.9186004870362412,0.1289697157702897,0.0009570731619229344,0.0009570731619229344,0.6308951965065503,0.013642694421351523,0.015221053640482323,0.8127174333204484,0.0086756878618109,0.0009385942745749252,0.2345,0.0010842067220816767,0.02100545356508271,0.237825
Zone_DH570,0.002764437486336485,0.2008,0.16516651665166518,0.5938896562931664,0.5882352941176471,0.4230769230769231,0.9477455219271155,0.9778114663726571,0.014699616531742649,0.9213221601489758,0.11772461126837024,0.0012429912448873332,0.0012429912448873332,0.6746724890829696,0.017721682987659384,0.015456981815098669,0.697332817935833,0.012013288210082244,0.0013356918522797012,0.1865,0.001445608962775569,0.029931278566077888,0.187315
Zone_DH571,0.0013892708796129781,0.1696,0.1332133213321332,0.5772324693263996,0.6078431372549019,0.38461538461538464,0.9693638048177887,0.9910418963616316,0.011291009799744353,0.9236857183784557,0.05537244561634807,0.000598923142209635,0.000598923142209635,0.6948144104803493,0.022217423694410553,0.005960872786790973,0.8589099342868188,0.0074733225189553875,0.000794195155409552,0.149,0.0007228044813877842,0.029223798822435247,0.14916
Zone_DH572,0.002129745206310251,0.1504,0.11341134113411341,0.5782887787438042,0.9607843137254902,0.6923076923076923,0.8959851760345893,0.9753307607497242,0.023221133361738387,0.9165234207133648,0.08825468222885728,0.000990179466266181,0.000990179466266181,0.685971615720524,0.017009101607626784,0.009798392002034884,0.8714727483571705,0.010362627168274137,0.0011371430634273128,0.1285,0.0010842067220816767,0.021193632320424996,0.12833
Zone_DH573,0.004104343410836311,0.1804,0.13906390639063906,0.6219495679965331,0.6274509803921569,0.19230769230769232,0.9597282273008029,0.9949007717750826,0.007030251384746484,0.8841140237788281,0.20109348947225564,0.0017486148021296382,0.0017486148021296382,0.6497816593886463,0.010135930296585001,0.029789618423041335,0.863355237727097,0.014972558084093014,0.0017087229101235815,0.155,0.0018070112034694616,0.020118842121643086,0.15525
Zone_DH574,0.005733386929570312,0.152,0.1332133213321332,0.7260908426098968,0.5490196078431373,0.23076923076923078,0.9240271772699197,0.9892502756339581,0.008947592671495527,0.8013178627703766,0.21257125130869756,0.002476953497681054,0.002476953497681054,0.3230349344978167,0.012433465412811349,0.026180654626957005,0.8836490143022808,0.016848662627686528,0.0019433714787673126,0.149,0.002891217925551138,0.020875175965230353,0.14914999999999998
Zone_DH575,0.006706581758943872,0.1328,0.1242124212421242,0.803147260366729,0.27450980392156865,0.23076923076923078,0.9824583075972823,0.990214994487321,0.009160630592245419,0.7318077639306688,0.1288921633254489,0.0028952967980184372,0.0028952967980184372,0.27237991266375555,0.023333801189794962,0.024824067622913046,0.7643989176652493,0.017385062683658716,0.0020095544083847754,0.13899999999999998,0.0032526201662450307,0.02670328914751405,0.142865
Zone_DH576,0.008695284236359402,0.136,0.12556255625562557,0.7754665366593536,0.43137254901960786,0.2692307692307692,0.9591105620753552,0.9797409040793826,0.012995313165743502,0.7756052141527001,0.16057233704292528,0.0038313023117229426,0.0038313023117229426,0.28706331877729263,0.026248906835382904,0.030187747217706413,0.7680711248550445,0.023407254616409176,0.0028338327136204467,0.1415,0.0043368268883267076,0.03269786815183131,0.14575
Zone_DH577,0.013102869514319361,0.2024,0.17866786678667865,0.6955662089325857,0.6666666666666666,0.38461538461538464,0.8373069796170476,0.9264057331863285,0.026629740093736684,0.8467626414553788,0.25883128465624883,0.006220975552499076,0.006220975552499076,0.3323689956331878,0.02329925178955097,0.055568457877604886,0.8013142636258214,0.03807144745093365,0.00512015210040552,0.21,0.0072280448138778465,0.04532755769307322,0.21372999999999998
Zone_DH578,0.01710848301492937,0.2916,0.26147614761476146,0.6185368760326101,0.5098039215686274,0.2692307692307692,0.8711550339715873,0.9368798235942668,0.024286322965487855,0.8789213579716372,0.20357516770716197,0.007936484050285466,0.007936484050285466,0.3945960698689957,0.0363027823063884,0.06558434616561422,0.7989949748743719,0.0495690660419895,0.007189872808442533,0.3045,0.0093964582580412,0.06974556060984391,0.30643
Zone_DH579,0.018300294074089746,0.2988,0.2601260126012601,0.5855204355244982,0.39215686274509803,0.4230769230769231,0.8316244595429277,0.8989801543550165,0.04090328078397955,0.9183856181062885,0.17395013377796736,0.008923653852520445,0.008923653852520445,0.41419213973799124,0.04675829455523046,0.0684117978832819,0.7976420564360263,0.055150736189642044,0.00828489946211328,0.31199999999999994,0.010480664980122876,0.07435594011572995,0.31495
Zone_DH580,0.03331429256493255,0.274,0.2187218721872187,0.6098968066953765,0.47058823529411764,0.5,0.4980852378011117,0.5126791620727674,0.07605453770771198,0.9004440624552357,0.16402342083834198,0.02285839831699588,0.02285839831699588,0.4504366812227074,0.07610585072499756,0.13495460225827502,0.8121376111325861,0.10927272444584951,0.02178621710407566,0.26749999999999996,0.027105168052041922,0.10748263870040856,0.27414999999999995
Zone_DH581,0.038716229081600266,0.2256,0.19036903690369034,0.5220877007665015,0.39215686274509803,0.4230769230769231,0.210994441012971,0.3153252480705623,0.07988922028121005,0.9235424724251539,0.2984218077474892,0.03412056112176198,0.03412056112176198,0.5531113537117904,0.05427710778333207,0.20971434258982782,0.5164282953227677,0.15124408534720893,0.03579293166311685,0.19249999999999998,0.040477050957715935,0.17424990862473902,0.19231
Zone_DH582,0.0361704078250506,0.2124,0.18046804680468045,0.578938815308361,0.4117647058823529,0.2692307692307692,0.6025941939468807,0.968026460859978,0.04686834256497656,0.8488755192665807,0.3729884834619412,0.016237137448346643,0.016237137448346643,0.42292576419213973,0.025143326027574745,0.08556819983116391,0.745844607653653,0.08517100019175654,0.015077674692851038,0.205,0.01915431875677629,0.08690782497928225,0.20524
Zone_DH583,0.01868816157855022,0.1248,0.117011701170117,0.7494921589339401,0.3137254901960784,0.19230769230769232,0.9644224830142064,0.9874586549062845,0.016829995739241585,0.8139951296375877,0.2541005855209586,0.008126092884251332,0.008126092884251332,0.3046397379912664,0.04379136480927651,0.059936815485735574,0.7922303826826441,0.04547221344057879,0.006425760802859101,0.131,0.009757860498735093,0.06435894373817098,0.131245
Zone_DH584,0.01267268919119047,0.09,0.10936093609360935,0.8249505701362368,0.19607843137254902,0.15384615384615385,0.9754169240271773,0.98332414553473,0.009160630592245419,0.6790574416272739,0.0994222342859359,0.005525743161290906,0.005525743161290906,0.2582423580786027,0.05369624599172974,0.027113308192237222,0.7591805179744879,0.03089094235383746,0.003946909257186863,0.123,0.0065052403324900605,0.05947896197703495,0.12290499999999999
Zone_DH585,0.010564100394214425,0.0952,0.08865886588658865,0.8043389940684162,0.39215686274509803,0.23076923076923078,0.7967881408276714,0.9875964718853362,0.012356199403493822,0.6784844578140667,0.08193415797433015,0.004586727983555196,0.004586727983555196,0.2704148471615721,0.036795111259865475,0.011593657955756096,0.8660610746037883,0.026729307136971185,0.003315163110838357,0.0995,0.005421033610408384,0.047164109968769574,0.09953
Zone_DH586,0.013892708796129786,0.1376,0.12556255625562557,0.756019609436364,0.35294117647058826,0.3076923076923077,0.9299567634342186,0.9575523704520397,0.021090754154239454,0.7914697034808766,0.24289425724145952,0.006272139841029546,0.006272139841029546,0.298471615720524,0.029563489921292152,0.053282903686009096,0.9190181677618865,0.03657885599083715,0.004873470271831341,0.144,0.0072280448138778465,0.05270633619582171,0.144005
Zone_DH587,0.02729882017757279,0.1216,0.1188118811881188,0.7394978467538799,0.35294117647058826,0.4230769230769231,0.8547251389746756,0.9244762954796031,0.04921175969322539,0.8326171035668243,0.1798828958082904,0.012905439365803597,0.012905439365803597,0.29410480349344975,0.06846179592101143,0.061956950480887986,0.7143409354464632,0.06415033712873083,0.010138021491402234,0.12149999999999998,0.015178894109143476,0.09166476678500216,0.1216
Zone_DH588,0.03753147015888463,0.1284,0.12556255625562557,0.6391213672435739,0.17647058823529413,0.3076923076923077,0.8841260037059914,0.9334343991179713,0.05198125266297401,0.8242730267869931,0.24250649501725544,0.01743799339679712,0.01743799339679712,0.3701419213973799,0.07027995810885222,0.10833158230391238,0.7640123695400077,0.08558820023529047,0.015185974032225066,0.11199999999999999,0.02059992771955186,0.09881555948800902,0.11194
Zone_DH589,0.030479333714148696,0.136,0.10531053105310531,0.749140055794805,0.27450980392156865,0.23076923076923078,0.7474984558369364,0.8970507166482911,0.030251384746484873,0.8305400372439478,0.16208460971732136,0.014702208792432503,0.014702208792432503,0.2906659388646288,0.06254952980425606,0.06111645635881725,0.788558175492849,0.07026840733235555,0.011515829753438503,0.1265,0.01734730755330683,0.08282036528391469,0.126685
Zone_DH590,0.03229173278044583,0.1892,0.14716471647164717,0.7450502424094689,0.29411764705882354,0.3076923076923077,0.894379246448425,0.8821664829106947,0.04175543246697912,0.8508093396361551,0.1916708674240956,0.016038499622287167,0.016038499622287167,0.281495633187773,0.07998618023990241,0.0915438181288684,0.7918438345574024,0.07413981643198085,0.012418324248222083,0.179,0.01915431875677629,0.0904958872085491,0.17887
Zone_DH591,0.03682625651441103,0.2344,0.1773177317731773,0.7188591858292028,0.21568627450980393,0.34615384615384615,0.37418159357628167,0.316289966923925,0.05325948018747337,0.8517046268442915,0.1430067082864788,0.03600762046932701,0.03600762046932701,0.29475982532751094,0.12106325779250927,0.168220474879179,0.6795516041747198,0.13069244842008157,0.02856094244491775,0.2125,0.04300686664257318,0.14374504673708896,0.212675
Zone_DH592,0.04929443374870417,0.2316,0.20657065706570657,0.7513880989138971,0.0784313725490196,0.15384615384615385,0.902779493514515,0.8915380374862183,0.03238176395398381,0.8346583584013751,0.16987863042382412,0.023710133237826662,0.023710133237826662,0.28924672489082975,0.11397847140497296,0.09868801816646947,0.6567452647854658,0.09853954071716949,0.018639519632263575,0.24899999999999997,0.028189374774123598,0.1207293374298401,0.24910999999999997
Zone_DH593,0.07801073335166889,0.226,0.22817281728172817,0.8443433276455135,0.0,0.0,1.0,1.0,0.007243289305496378,0.8271737573413551,0.1470006591957812,0.03325076821674397,0.03325076821674397,0.251910480349345,0.15165891104609108,0.10927529500237773,0.5850405875531504,0.11990225598980062,0.024950964465783425,0.2535,0.03975424647632815,0.15882648833110777,0.253455
Zone_DH594,0.2826566808414609,0.3184,0.3361836183618362,0.6966496032068471,0.0196078431372549,0.038461538461538464,0.9573810994441012,0.9524531422271223,0.07094162760971454,0.6938475863056868,0.23498390786769552,0.1277181028281813,0.1277181028281813,0.33018558951965066,0.29588106368966,0.31091278398932426,0.5276381909547739,0.28959383891413976,0.10466529487503459,0.38699999999999996,0.15034333212865922,0.32731885080681644,0.386905
Zone_DH595,0.20065443826207147,0.1268,0.10081008100810081,0.7212426532325776,0.0392156862745098,0.07692307692307693,0.969857936998147,0.9663726571113561,0.07541542394546229,0.6223678556080791,0.3252937298848347,0.09011837008634727,0.09011837008634727,0.30895196506550227,0.20873236091167227,0.29346147182317184,0.6379976807112487,0.2323467372883552,0.07243420815133027,0.11449999999999999,0.10661366100469823,0.2561637589430144,0.11458499999999999
Zone_DH596,0.06435074505821539,0.0532,0.03690369036903691,0.6507407708350261,0.09803921568627451,0.19230769230769232,0.8448424953675108,0.8269018743109151,0.05475074563272262,0.7319151983956453,0.2970646399627749,0.03321766191240072,0.03321766191240072,0.3473799126637555,0.11009598255255289,0.18922545517549005,0.7674913026671821,0.12896923084896322,0.02807961204769984,0.047,0.03939284423563426,0.1328270601050182,0.04701
Zone_DH597,0.03822257953046875,0.0696,0.05355535553555356,0.7454836001191734,0.11764705882352941,0.23076923076923078,0.9738109944410129,0.9707828004410143,0.03706859821048146,0.7814066752614238,0.2450657256970026,0.01703770808064696,0.01703770808064696,0.29923580786026205,0.07778797464937758,0.09931838875802249,0.7812137611132587,0.07876270387089085,0.013531400791788502,0.061,0.020238525478857967,0.08488852218157078,0.060974999999999994
Zone_DH598,0.028603465419848945,0.0904,0.07920792079207921,0.7861921399745401,0.09803921568627451,0.15384615384615385,0.9873996294008648,0.9888368246968026,0.019173412867490414,0.8330468414267297,0.1453720578541239,0.012420883456779722,0.012420883456779722,0.4961790393013101,0.07926280217229355,0.06618891211306857,0.7549284885968305,0.06129731074406721,0.009554408384775519,0.089,0.014817491868449582,0.08160805984084421,0.0888
Zone_DH599,0.02184046656934718,0.12,0.1017101710171017,0.8010617263887759,0.1568627450980392,0.23076923076923078,0.8082767140210007,0.7905181918412348,0.021729867916489135,0.8555722675834407,0.21171817441544852,0.011981472508223909,0.011981472508223909,0.4608078602620088,0.053838762267736255,0.07863412332408054,0.8616157711635098,0.05786642342953984,0.008820379529018204,0.106,0.014094687387061799,0.06664422996891432,0.10597499999999999
Zone_DH600,0.009471019245280357,0.1572,0.13591359135913592,0.7938029847512256,0.13725490196078433,0.19230769230769232,0.4486720197652871,0.38492282249173093,0.009586706433745207,0.8972210285059445,0.012602272286633869,0.009925871974911443,0.009925871974911443,0.2766375545851528,0.07357942583215468,0.0500241457741209,0.7470042520293776,0.051484040154856366,0.007544853976390742,0.1315,0.011926273942898446,0.07131793886361745,0.131505
Zone_DH601,0.005465405744670347,0.1252,0.1107110711071107,0.7703204138566129,0.27450980392156865,0.2692307692307692,0.7486102532427426,0.7316703417861081,0.010012782275244993,0.9332115742730267,0.08383419287293034,0.0036507224698506904,0.0036507224698506904,0.9517467248908297,0.03530300903682751,0.02626544131470976,0.8094317742558951,0.022697237151016052,0.002737566634176865,0.10149999999999999,0.0043368268883267076,0.03529799191555116,0.102115
Zone_DH602,0.004830713464644113,0.1476,0.13636363636363635,0.7342433845237127,0.5490196078431373,0.46153846153846156,0.938604076590488,0.9473539140022051,0.017469109501491265,0.8941054290216301,0.12133079995346856,0.0022993833198400064,0.0022993833198400064,0.9790938864628821,0.02457542026106391,0.016938905661907554,0.724971008890607,0.015234279850533548,0.0017327894299844768,0.1475,0.0025298156848572455,0.02955311164428425,0.149445
Zone_DH603,0.0043370639135125975,0.1736,0.15346534653465346,0.6365753906990602,0.5490196078431373,0.5,0.9612106238418777,0.9866317530319736,0.019812526629740094,0.8971135940409684,0.12865950599092635,0.001908126995783461,0.001908126995783461,0.38564410480349354,0.020377668131417285,0.021432600112803166,0.7754155392346348,0.015498592921592306,0.0017688892097758205,0.172,0.0021684134441633533,0.029401121111123172,0.17427499999999999
Zone_DH604,0.00431590750417839,0.1664,0.14626462646264626,0.627149860512987,0.7254901960784313,0.15384615384615385,0.9508338480543544,0.9937982359426681,0.00553898593949723,0.9033806044979229,0.10857342277715307,0.0018389047230657643,0.0018389047230657643,0.64514192139738,0.024508480798091144,0.01664399544363713,0.739273289524546,0.015529688577010979,0.0017688892097758205,0.16349999999999998,0.0021684134441633533,0.03265806110743197,0.165595
Zone_DH605,0.00284201098722858,0.1448,0.1332133213321332,0.6685896915034804,0.35294117647058826,0.46153846153846156,0.974922791846819,0.9772601984564497,0.015125692373242437,0.9338919925512104,0.05824188607545853,0.0012821168772929876,0.0012821168772929876,0.598089519650655,0.029950011336521958,0.006075150496370762,0.8326246617703904,0.010220105414271869,0.0011130765435664175,0.1505,0.001445608962775569,0.03574672587059815,0.15169
Zone_DH606,0.0009943512387077654,0.1284,0.10756075607560756,0.6542076325126622,0.6078431372549019,0.6153846153846154,0.964793082149475,0.982497243660419,0.01661695781849169,0.9251539893997994,0.055411221838768475,0.00045746893274303796,0.00045746893274303796,0.6116812227074236,0.020472678982088287,0.0,0.9342868187089294,0.004257513487740535,0.00043921398746134304,0.1185,0.00036140224069389166,0.022192427252626358,0.11919
Zone_DH607,0.0011494982404919565,0.1104,0.0855085508550855,0.6271769453698437,0.803921568627451,1.0,0.9551575046324893,0.9742282249173098,0.028973157221985513,0.9419853889127631,0.09856915739268685,0.0005748458299600016,0.0005748458299600016,0.6314410480349346,0.012375163299899591,0.007516524188167462,0.9136064940085041,0.005662000590817452,0.0005956463665571638,0.094,0.0007228044813877842,0.012117626197377804,0.09393
Zone_DH608,0.0029760015796785623,0.1608,0.11656165616561655,0.6310500799003276,0.5294117647058824,0.4230769230769231,0.9418159357628166,0.977122381477398,0.014486578610992756,0.921035668242372,0.16545814106789716,0.0013393004938858678,0.0013393004938858678,0.6348799126637555,0.01118320899148142,0.01972212084683469,0.9068419018167764,0.01161681860349411,0.0012875588125579101,0.13199999999999998,0.001445608962775569,0.01782812765757257,0.13189499999999998
Zone_DH609,0.004076134865057368,0.1532,0.1314131413141314,0.7394436770401667,0.3333333333333333,0.34615384615384615,0.7802347127856701,0.7697078280044103,0.011717085641244141,0.8052571264861768,0.11838380704951725,0.0026755913237405306,0.0026755913237405306,0.5455786026200873,0.019831355740058947,0.027644146585123996,0.8343641283339776,0.01798106274585002,0.00209378722789791,0.16299999999999998,0.0032526201662450307,0.028020540434910056,0.163025
Zone_DH610,0.0057404390660150476,0.1272,0.12556255625562557,0.814468730532759,0.3137254901960784,0.2692307692307692,0.982828906732551,0.9920066152149946,0.009799744354495099,0.7654705629565964,0.17612160223351042,0.002470934169618646,0.002470934169618646,0.4772379912663756,0.01443517128944839,0.02534753326034305,0.8417085427135679,0.014547584126704425,0.0016425399805061185,0.14049999999999999,0.002891217925551138,0.01819362870160278,0.140375
Zone_DH611,0.0071861270371859146,0.0764,0.07605760576057605,0.8032285149372984,0.1568627450980392,0.3076923076923077,0.9798641136504015,0.9775358324145536,0.012995313165743502,0.8001360836556367,0.2241653418124006,0.0031782052169516315,0.0031782052169516315,0.2699235807860262,0.016091383163645393,0.03231847354471023,0.8846153846153847,0.0189657585007748,0.002214119827202387,0.08149999999999999,0.0036140224069389224,0.022525358896693486,0.08153499999999998
Zone_DH612,0.012016840501830026,0.1072,0.10981098109810981,0.728501394870128,0.5098039215686274,0.5384615384615384,0.8597899938233479,0.914691289966924,0.034086067319982954,0.8051496920212003,0.17228275621388967,0.0058086515802241,0.0058086515802241,0.30851528384279475,0.03465952645728291,0.04196203768215314,0.8018940858136839,0.03483749928739124,0.004578655403535371,0.09799999999999999,0.0068666425731839535,0.049147224544299824,0.0978
Zone_DH613,0.014597922440603378,0.172,0.1557155715571557,0.6794507191029494,0.5882352941176471,0.2692307692307692,0.9316862260654725,0.9758820286659317,0.020451640391989774,0.8285704053860478,0.1816278258172089,0.006458739010964208,0.006458739010964208,0.35163755458515294,0.0349121689465672,0.05458419502412734,0.8475067645921918,0.040191134628640136,0.0054931831582494,0.176,0.0075894470545717395,0.05501333535987378,0.17753999999999998
Zone_DH614,0.016664198418911008,0.2076,0.17821782178217824,0.663687332412448,1.0,0.4230769230769231,0.770969734403953,0.9649944873208378,0.03557733276523221,0.8194742873513823,0.2655007949125596,0.007530179406072901,0.007530179406072901,0.3567685589519651,0.020243789205471766,0.055538966855777853,0.8790104367993815,0.04557068301607128,0.006455843952685221,0.20299999999999999,0.009035056017347306,0.05658933243586542,0.20577499999999999
Zone_DH615,0.026099956981967685,0.2536,0.24662466246624662,0.709596164784269,0.9607843137254902,0.4230769230769231,0.7474984558369364,0.9392227122381478,0.04857264593097571,0.8602993840424007,0.2812827174376673,0.012050694780941605,0.012050694780941605,0.3217794759825327,0.027294026192764057,0.0831388769081613,0.9313877077696173,0.06258259783470585,0.009837189993141041,0.2655,0.014456089627755693,0.0744265071489833,0.269045
Zone_DH616,0.03271486096712999,0.1548,0.14266426642664265,0.7221364535088433,0.4117647058823529,0.23076923076923078,0.5481161210623843,0.9738147739801543,0.032807839795483594,0.8684285918922791,0.25495366241420764,0.01452162895056025,0.01452162895056025,0.31681222707423584,0.039848414506429425,0.060445535612252056,0.7964824120603016,0.0714059900597555,0.011792594731838801,0.1615,0.01734730755330683,0.08802061281135441,0.16141999999999998
Zone_DH617,0.024238192960557396,0.1876,0.1728172817281728,0.6190785731697407,0.35294117647058826,0.11538461538461539,0.7786287831995059,0.9775358324145536,0.014699616531742649,0.9315284343217303,0.23331653030361782,0.010624114030150816,0.010624114030150816,0.40240174672489093,0.04306366806663716,0.06671606412822698,0.7512562814070353,0.06199437168636922,0.009680757614045219,0.19499999999999998,0.012649078424286229,0.0718191457408272,0.19496
Zone_DH618,0.015260823266408558,0.1272,0.1044104410441044,0.6753067360039001,0.43137254901960786,0.34615384615384615,0.8397776405188389,0.9826350606394707,0.02705581593523647,0.910471279186363,0.2326573345224708,0.0067175701176477665,0.0067175701176477665,0.35289301310043675,0.03452780686885263,0.046702719440850235,0.7781213761113258,0.04155416085782548,0.005721815096927908,0.1175,0.007950849295265629,0.04832213307856824,0.11769999999999999
Zone_DH619,0.014097220753027127,0.1272,0.10711071107110712,0.7106253893448172,0.19607843137254902,0.3076923076923077,0.9539221741815935,0.9787761852260197,0.02215594375798892,0.8156424581005586,0.12924114932723255,0.00622398521653028,0.00622398521653028,0.32849344978165945,0.04899752755854504,0.04160077266477188,0.777928102048705,0.03785636916762113,0.0050900689505794005,0.121,0.0072280448138778465,0.047857114423539716,0.120915
Zone_DH620,0.013201599424545666,0.1444,0.10801080108010801,0.6826738170688766,0.27450980392156865,0.5,0.8161828289067327,0.8122932745314222,0.03515125692373242,0.8059375447643604,0.09759975183217652,0.006973391560300123,0.006973391560300123,0.3601528384279476,0.058749095777415494,0.04052435036808482,0.7964824120603016,0.04313485667494156,0.006010613335258654,0.1105,0.008312251535959523,0.055863758581132184,0.110705
Zone_DH621,0.01737646419982934,0.1716,0.14311431143114312,0.7439126784214946,0.27450980392156865,0.46153846153846156,0.37702285361334154,0.30498897464167585,0.03749467405198125,0.8446855751325025,0.1090775136686184,0.01981863764547964,0.01981863764547964,0.2516921397379913,0.08588333099405103,0.11077565073782851,0.8185156551990723,0.08400491311355616,0.014764809934659397,0.17999999999999997,0.023491145645102997,0.10099409046331782,0.179785
Zone_DH622,0.026255103983751877,0.1556,0.1422142214221422,0.7363560033585221,0.21568627450980393,0.38461538461538464,0.868437306979617,0.8585997794928335,0.04367277375372816,0.8612304827388626,0.19077901430842611,0.013302715017922552,0.013302715017922552,0.29377729257641927,0.07273728420120705,0.0780258709988978,0.782759953614225,0.06557555466875353,0.010450886249593875,0.13899999999999998,0.015901698590531258,0.08218888080685262,0.13919499999999999
Zone_DH623,0.03920987863273179,0.0952,0.06345634563456345,0.6126323772378863,0.11764705882352941,0.23076923076923078,0.962816553428042,0.9585170893054024,0.0423945462292288,0.8836842859189227,0.3216875411997363,0.017714882487667904,0.017714882487667904,0.3955786026200874,0.06734109975059652,0.13879212147351894,0.88345574023966,0.08834793965369805,0.015913986258017158,0.0725,0.020961329960245752,0.08084448835282068,0.072465
Zone_DH624,0.05738323425081628,0.1544,0.1017101710171017,0.5618753554887462,0.21568627450980393,0.4230769230769231,0.5684990735021618,0.5186052921719955,0.10907541542394546,0.8996562097120756,0.21268757997595877,0.0420901514763907,0.0420901514763907,0.3976528384279476,0.1318145992809406,0.21154278594310447,0.8090452261306532,0.1557995988660451,0.03760393728264924,0.123,0.05023491145645103,0.15268715643806569,0.12304499999999999
Zone_DH625,0.06640291676363354,0.2224,0.18406840684068407,0.714173505593023,0.0196078431372549,0.038461538461538464,0.983693638048178,0.9818081587651599,0.016190881976991905,0.8060449792293367,0.5218891775563225,0.028907823019716315,0.028907823019716315,0.3308951965065503,0.06448213688040509,0.21854690362702706,0.9182450715114031,0.11646618606603681,0.023964237151486708,0.2075,0.03433321286591977,0.09839758552181607,0.20740499999999998
Zone_DH626,0.09794007094449264,0.152,0.10981098109810981,0.6892554372850138,0.058823529411764705,0.11538461538461539,0.6223594811612108,0.5786934950385889,0.05176821474222411,0.7918636298524567,0.2518903408429951,0.062230823173209174,0.062230823173209174,0.3473799126637555,0.15531251012189462,0.2615743044726821,0.79609586393506,0.19167362000072555,0.052422896886995654,0.12999999999999998,0.07372605710155403,0.1954200186007462,0.12997
Zone_DH627,0.12440673902158655,0.1544,0.1044104410441044,0.6519325045367136,0.0392156862745098,0.07692307692307693,0.9797405806053119,0.9773980154355016,0.04985087345547507,0.8239149119037387,0.2875256892473536,0.05495044588172623,0.05495044588172623,0.3670305676855896,0.16224830222087863,0.2277554751925211,0.7640123695400077,0.18007753183417724,0.04736291108624237,0.118,0.0654138055655945,0.1847010671906721,0.118055
Zone_DH628,0.24441294490165794,0.1,0.0585058505850585,0.6452696297500067,0.0392156862745098,0.038461538461538464,0.9614576899320568,0.9785005512679161,0.06391137622496804,0.6811345079501504,0.25898638954593045,0.10773393366098544,0.10773393366098544,0.3729803493449782,0.25218255039353926,0.30654442638119356,0.6437959025898726,0.26966152379076774,0.09272830102403042,0.06599999999999999,0.1272135887242501,0.2924044540463861,0.06613999999999999
Zone_DH630,0.19216366598260942,0.0876,0.0576057605760576,0.6070799815822973,0.0784313725490196,0.15384615384615385,0.5882643607164917,0.5406560088202867,0.13400085215168298,0.8475863056868643,0.1209430377292644,0.13750252059362614,0.13750252059362614,0.3333515283842795,0.3249198345947463,0.30418514463503016,0.5506378044066488,0.3022394054510684,0.1129321444472522,0.09599999999999999,0.16190820383086377,0.35552214176374164,0.096155
Zone_DH631,0.05948477091134759,0.0928,0.10666066606660665,0.6860052544622302,0.0784313725490196,0.15384615384615385,0.4074119827053737,0.3388919514884234,0.04069024286322965,0.7810843718664948,0.22028771957035945,0.055654707265028004,0.055654707265028004,0.2966157205240175,0.14138694248604528,0.2479973752990574,0.7089292616930809,0.1722725223240893,0.044228246874360735,0.104,0.06613661004698229,0.18513532585684664,0.104165
Zone_DH632,0.036036417232600614,0.1004,0.10576057605760576,0.8227025270171446,0.0196078431372549,0.038461538461538464,0.9970352069178506,0.9966923925027564,0.007669365146996164,0.7426586448932817,0.1804645391445966,0.015427537823952715,0.015427537823952715,0.2627729257641922,0.08144157372518111,0.08425584935986052,0.7711635098569772,0.07062600736967034,0.011618112462847309,0.1175,0.018431514275388507,0.08522507264785603,0.117625
Zone_DH633,0.026290364665975556,0.1372,0.13276327632763274,0.8310717477858128,0.0784313725490196,0.15384615384615385,0.765657813465102,0.7385611907386991,0.017043033659991477,0.8115241369431314,0.14184342161386637,0.014759392409025383,0.014759392409025383,0.45835152838427956,0.08309346692434762,0.07295710162237486,0.7672980286045613,0.06743870268925593,0.010902133496985666,0.12699999999999997,0.017708709794000722,0.08983545215374204,0.12689499999999998
Zone_DH634,0.01565574290731377,0.1868,0.17416741674167416,0.8033639392215812,0.13725490196078433,0.15384615384615385,0.9888820259419394,0.9929713340683571,0.011077971878994461,0.9182065606646612,0.19876691612703093,0.006741647429897401,0.006741647429897401,0.4859716157205241,0.038494509884367485,0.05083883525209294,0.8822960958639351,0.037395116945577414,0.00501185276103149,0.19449999999999998,0.007950849295265629,0.04733238520191219,0.194265
Zone_DH635,0.008335625277677871,0.17,0.13636363636363635,0.7585385011240214,0.2549019607843137,0.19230769230769232,0.9168622606547251,0.9248897464167585,0.009160630592245419,0.9028434321730411,0.053162200938384585,0.003897514920409435,0.003897514920409435,0.306495633187773,0.046095377938048604,0.018988531678887016,0.840548898337843,0.024609619959264688,0.0030143316125771625,0.1515,0.004698229129020599,0.04289209034027786,0.151605
Zone_DH636,0.005416040789557196,0.1284,0.1062106210621062,0.718154979550933,0.5686274509803921,0.23076923076923078,0.9660284126003706,0.9925578831312016,0.008947592671495527,0.8987967339922648,0.11179184923804723,0.002326470296120844,0.002326470296120844,0.3290938864628821,0.029269820019218098,0.017016319594203543,0.8198685736374179,0.01614641907614807,0.0018531220292889547,0.11900000000000001,0.0025298156848572455,0.03062609243195709,0.119395
Zone_DH637,0.005169216013991438,0.126,0.10981098109810981,0.6957828877874379,0.29411764705882354,0.19230769230769232,0.9755404570722668,0.9926957001102535,0.007243289305496378,0.8647758200830826,0.13276978556749008,0.0022151127269662892,0.0022151127269662892,0.34574235807860265,0.021664633290506472,0.02241686296628071,0.8015075376884422,0.01606867993760138,0.0018410887693585066,0.123,0.0025298156848572455,0.02832452150123221,0.12570499999999998
Zone_DH638,0.007362430448304312,0.156,0.12646264626462647,0.6538013596598142,0.5686274509803921,0.4230769230769231,0.9634342186534899,0.9847023153252481,0.021090754154239454,0.9007663658501646,0.15056807165845904,0.0032383984975757154,0.0032383984975757154,0.37145196506550227,0.02669588970103972,0.028488327084923087,0.7883649014302282,0.023552367675029672,0.002857899233481342,0.142,0.0036140224069389224,0.03545722009314849,0.14474
Zone_DH639,0.006784155259835965,0.1708,0.15616561656165617,0.6747650388667696,0.39215686274509803,0.38461538461538464,0.9503397158739963,0.9746416758544653,0.01789518534299105,0.9273384901876521,0.10430803831090776,0.0030156833592666055,0.0030156833592666055,0.3578056768558952,0.03315014953412292,0.023519089907066415,0.8457672980286046,0.021639984866781023,0.0025871508850462675,0.17250000000000001,0.0036140224069389224,0.038779298889383446,0.17379499999999998
Zone_DH640,0.005260893787773005,0.1276,0.11026102610261027,0.717694536984372,0.47058823529411764,0.5384615384615384,0.9243977764051884,0.9583792723263507,0.02151682999573924,0.9441698897006159,0.06681143123036955,0.002440837529306604,0.002440837529306604,0.5489082969432314,0.03533108042452576,0.011914372818125185,0.8631619636644763,0.016612853907428234,0.001913288328941193,0.1225,0.002891217925551138,0.03927688694437509,0.1237
Zone_DH641,0.00483776560108885,0.1148,0.0963096309630963,0.7144714390184447,0.6470588235294118,0.9230769230769231,0.9474984558369364,0.962651598676957,0.03642948444823178,0.931743303251683,0.09302415758656792,0.002269286679527965,0.002269286679527965,0.5442139737991266,0.02978374234784768,0.015556514013764934,0.8565906455353692,0.015384575518390484,0.0017508393198801483,0.10149999999999999,0.0025298156848572455,0.02959110927757451,0.102585
Zone_DH642,0.0040902391379468404,0.0852,0.06885688568856885,0.6905284255572708,0.29411764705882354,0.2692307692307692,0.974922791846819,0.993246968026461,0.009373668512995313,0.9410901017046267,0.14669044941641785,0.0017546341301920467,0.0017546341301920467,0.5815502183406114,0.016080586476069147,0.019991226421006453,0.8896405102435254,0.013036853534280362,0.0014620410815494023,0.077,0.0021684134441633533,0.0171586455472202,0.07688
Zone_DH643,0.006050733069583428,0.116,0.09180918091809182,0.6831071747785813,0.4117647058823529,0.5384615384615384,0.9500926497838171,0.9659592061742007,0.023860247123988067,0.9416272740295086,0.17115824576369776,0.002768890908707861,0.002768890908707861,0.3461790393013101,0.016145366601526646,0.03527863486059963,0.8877077696173175,0.019548802039874993,0.0023103859066459695,0.10449999999999998,0.0032526201662450307,0.026252745781358,0.10467499999999999
Zone_DH644,0.00755989026875692,0.1244,0.10261026102610261,0.7221906232225561,0.3333333333333333,0.46153846153846156,0.9505867819641755,0.9596196251378168,0.02215594375798892,0.866065033662799,0.18825855985109938,0.003461113635884827,0.003461113635884827,0.5445414847161572,0.019069109597175584,0.037339320010764225,0.8505991495941246,0.022673915409452038,0.002737566634176865,0.1175,0.003975424647632815,0.030602570087539305,0.117675
Zone_DH645,0.007778506498543732,0.1092,0.10081008100810081,0.8237317515776929,0.3137254901960784,0.4230769230769231,0.9793699814700432,0.9873208379272326,0.018747337025990626,0.7964116888697894,0.16309279150025205,0.0033979106912295385,0.0033979106912295385,0.46610262008733633,0.022467906846179587,0.03275346611665911,0.7736760726710475,0.01961358465533057,0.0023043692766807457,0.11299999999999999,0.003975424647632815,0.02749038297995534,0.11294
Zone_DH646,0.007736193679875317,0.1096,0.10396039603960396,0.8029305815118766,0.27450980392156865,0.15384615384615385,0.9843113032736257,0.9953142227122381,0.006391137622496804,0.811810628849735,0.15460079879018185,0.0033046111062622076,0.0033046111062622076,0.27407205240174676,0.025123891989937485,0.025214823662121365,0.7707769617317357,0.01985198468020709,0.0023404690564720883,0.11599999999999999,0.003975424647632815,0.027998827501601334,0.116115
Zone_DH647,0.007425899676306937,0.1024,0.0963096309630963,0.7336204328160125,0.37254901960784315,0.34615384615384615,0.9730697961704755,0.9867695700110255,0.01597784405624201,0.8147829823807476,0.1498313234324712,0.00324140816160692,0.00324140816160692,0.31517467248908293,0.024851815463015944,0.026505055867054476,0.8030537301894086,0.02125647178328401,0.0025330012153592526,0.108,0.0036140224069389224,0.030930073498279247,0.108025
Zone_DH648,0.009054943195040938,0.0976,0.09585958595859585,0.7471899461011346,0.49019607843137253,0.23076923076923078,0.953798641136504,0.9920066152149946,0.011717085641244141,0.7115384615384615,0.17007251153592617,0.003903534248471844,0.003903534248471844,0.30807860262008735,0.02353461957871325,0.035263889349686106,0.7997680711248552,0.024754733017885184,0.0030263648725076106,0.10749999999999998,0.004698229129020599,0.032012101341497394,0.10736
Zone_DH649,0.00965437479284349,0.1108,0.1152115211521152,0.7282847160152758,0.4117647058823529,0.3076923076923077,0.9663990117356392,0.9888368246968026,0.016829995739241585,0.6095115312992407,0.20597929349722752,0.004198481323529855,0.004198481323529855,0.31894104803493456,0.020649744658338826,0.04596175751744579,0.759953614224971,0.02688219410944634,0.003339229630699252,0.129,0.005059631369714492,0.03993189376585497,0.129235
Zone_DH650,0.014160689981029751,0.1636,0.1674167416741674,0.7325641233986079,0.35294117647058826,0.3076923076923077,0.9576281655342803,0.9702315325248071,0.021729867916489135,0.7287279759346798,0.27833572453371597,0.006311265473435201,0.006311265473435201,0.31315502183406124,0.019241856598395616,0.0705683288543844,0.8370699652106689,0.037488403911833446,0.005029902650927161,0.1795,0.0075894470545717395,0.04493129666018896,0.17942
Zone_DH651,0.024160619459665304,0.1904,0.1908190819081908,0.7303431651363721,0.5490196078431373,0.19230769230769232,0.5545398394070413,0.9385336273428887,0.021303792074989347,0.8515613808909898,0.3276590794524798,0.011138766579486734,0.011138766579486734,0.3098253275109171,0.024003195819522573,0.0519521213260638,0.9139930421337457,0.058247345208418635,0.008934695498357459,0.2125,0.013371882905674013,0.0540380627720902,0.212385
Zone_DH652,0.029689494432338277,0.0872,0.06840684068406841,0.6730857777416644,0.35294117647058826,0.038461538461538464,0.9351451513279803,0.9874586549062845,0.007243289305496378,0.9005514969202119,0.17049904998255075,0.012827188100992287,0.012827188100992287,0.36342794759825325,0.0782479135401259,0.06457796504576638,0.8666408967916507,0.06827828538556022,0.011088649025907607,0.077,0.015178894109143476,0.08610987468018658,0.076805
Zone_DH653,0.0236105528169759,0.1012,0.07650765076507651,0.6668562606646623,0.23529411764705882,0.4230769230769231,0.9715873996294009,0.9709206174200662,0.046442266723476774,0.9238647758200831,0.15052929543603863,0.010612075374026,0.010612075374026,0.351146288209607,0.07515574221828744,0.06158462633032156,0.759953614224971,0.05878633656900904,0.009024944947835817,0.0865,0.012649078424286229,0.07454411887107222,0.08659999999999998
Zone_DH654,0.018610588077658124,0.0868,0.06030603060306031,0.6653665935375532,0.13725490196078433,0.2692307692307692,0.9760345892526251,0.9732635060639471,0.024925436727737536,0.8928878384185647,0.1618519523827989,0.008261527765655521,0.008261527765655521,0.3605895196506551,0.056583280249619415,0.061138574625187556,0.7253575570158485,0.04918555295849249,0.007123689878825072,0.06849999999999999,0.009757860498735093,0.0581779953896205,0.06853
Zone_DH655,0.019675460680813252,0.1448,0.1143114311431143,0.6555889602123453,0.0784313725490196,0.07692307692307693,0.9894996911673873,0.9953142227122381,0.008308478909245846,0.8897722389342501,0.1724378611035713,0.008433078615434159,0.008433078615434159,0.37674672489082967,0.05751611405620756,0.05807888111063188,0.8295322767684578,0.050849170523391704,0.007442571266981938,0.12749999999999997,0.010119262739428982,0.057086920490857035,0.127335
Zone_DH656,0.024957510877920464,0.1968,0.15076507650765078,0.6386067549632999,0.21568627450980393,0.4230769230769231,0.6506485484867202,0.6102535832414553,0.04985087345547507,0.8664231485460535,0.12955135910659582,0.01634247568943879,0.01634247568943879,0.38018558951965076,0.08506926075080165,0.10458622253187796,0.8171627367607267,0.08246308686571342,0.014415845396676412,0.1665,0.019515720997470183,0.08856343614407255,0.166665
Zone_DH657,0.042848781038215523,0.246,0.17776777677767777,0.6279082365049701,0.21568627450980393,0.4230769230769231,0.5525633106856084,0.5008269018743109,0.07946314443971027,0.8375949004440625,0.1868238396215441,0.03237495598366355,0.03237495598366355,0.3501637554585153,0.11465434404724632,0.17774607492931374,0.7483571704677232,0.12739112633646535,0.027459899161281782,0.19249999999999998,0.038670039754246474,0.13574383081282368,0.201005
Zone_DH658,0.05706588811080317,0.1668,0.10396039603960396,0.6008775493621515,0.1568627450980392,0.3076923076923077,0.6055589870290302,0.5599503858875413,0.07797187899446101,0.8818579000143245,0.20338128659505994,0.039935232030048486,0.039935232030048486,0.3634825327510917,0.13352911326804937,0.18272637124035554,0.7634325473521454,0.1471809197058351,0.03436699036135879,0.144,0.047705095771593785,0.15741876648825875,0.15431999999999998
Zone_DH659,0.13189610792589612,0.0884,0.06975697569756975,0.4539963706291812,0.17647058823529413,0.34615384615384615,0.7198270537368745,0.687431091510474,0.21708564124414143,0.8435754189944134,0.4738842141998527,0.08245877512693259,0.08245877512693259,0.4541484716157206,0.14863151984971013,0.4224736331832978,0.7406262079628914,0.2423906339885879,0.07744606091236175,0.09999999999999999,0.09757860498735092,0.2098609286621576,0.09999999999999999
Zone_DH660,0.21499848379066436,0.1008,0.05445544554455445,0.5883643454944341,0.058823529411764705,0.11538461538461539,0.7851760345892527,0.7603362734288864,0.12100553898593949,0.8094828821085804,0.23928806855636128,0.11935424648546483,0.11935424648546483,0.37505458515283846,0.2645641917059846,0.3421032259491501,0.6967529957479708,0.28627178639357775,0.10278208969591951,0.073,0.14058547162992413,0.30717105810742834,0.0731
Zone_DH661,0.15957574347148468,0.0652,0.03915391539153915,0.6452696297500067,0.058823529411764705,0.11538461538461539,0.9484867201976529,0.9425303197353914,0.08628035790370686,0.7889270878097693,0.2798867734305324,0.07370968178822199,0.07370968178822199,0.35638646288209613,0.20714524783796331,0.25587885088233453,0.5715114031696946,0.21346390053536352,0.06262710130801534,0.0455,0.08745934224792193,0.23661850014294353,0.04529
Zone_DH662,0.13333474376062227,0.0616,0.0963096309630963,0.5943230140028708,0.058823529411764705,0.11538461538461539,0.9093267449042618,0.8988423373759646,0.0756284618662122,0.7770376736857183,0.32005893985807904,0.06352798837065818,0.06352798837065818,0.40223799126637566,0.1791451182777124,0.2640036273956847,0.649014302280634,0.20128217752509678,0.05679698687171341,0.0,0.07553306830502349,0.21915768294051016,0.0
Zone_DH663,0.19262205485151723,0.1044,0.10576057605760576,0.5022074158338072,0.0784313725490196,0.11538461538461539,0.8086473131562694,0.9029768467475192,0.11738389433319131,0.8042185933247386,0.2780255147543526,0.09289328032311753,0.09289328032311753,0.4695960698689957,0.2178037378132389,0.2880019464074406,0.5662930034789332,0.26217006213948474,0.08839031081910399,0.1265,0.10986628117094326,0.28558297416522815,0.126265
Zone_DH664,0.8320956833872821,0.5716,0.5,0.3292706048048536,0.0784313725490196,0.038461538461538464,0.25880172946263125,0.9080760749724366,0.2814230933106093,0.612448073341928,0.3265345690022878,0.4101961398049137,0.4101961398049137,0.33477074235807863,0.42481078805022626,0.40788663651209683,0.4195979899497487,0.6345716314335615,0.4269881953720082,0.595,0.45717383447777377,0.6606521841401498,0.59524
Zone_DH665,0.21709296831475092,0.158,0.20252025202520252,0.6855177270388125,0.0196078431372549,0.038461538461538464,0.9833230389129093,0.9813947078280045,0.05496378355347251,0.7827317003294657,0.31179960448253136,0.09527091490776884,0.09527091490776884,0.3444323144104804,0.22771077833320738,0.3001522474001821,0.6865094704290684,0.24646416484843459,0.0796481474796337,0.22849999999999998,0.1127574990964944,0.26785255470754493,0.22830999999999999
Zone_DH666,0.08163553148426315,0.1792,0.1863186318631863,0.6855177270388125,0.11764705882352941,0.23076923076923078,0.9399629400864732,0.9330209481808159,0.07797187899446101,0.7989543045408967,0.2674783822560007,0.03821069454016848,0.03821069454016848,0.3240720524017468,0.13132011098994828,0.1790952891779009,0.7792810204870507,0.13877213621970116,0.03141282504843387,0.218,0.04553668232743043,0.15162322270593812,0.224905
Zone_DH667,0.05321542161197735,0.1224,0.09585958595859585,0.7685057284472251,0.11764705882352941,0.23076923076923078,0.7948116121062384,0.7710859977949284,0.048998721772475495,0.7945136799885403,0.15917639303579045,0.028209580964476937,0.028209580964476937,0.2889192139737992,0.12113883460554302,0.13127191090762308,0.763819095477387,0.11054246370877881,0.02218933131174566,0.128,0.033610408384531984,0.13058881856311044,0.133125
Zone_DH668,0.02251747166804183,0.23,0.20837083708370838,0.8234609030091274,0.13725490196078433,0.2692307692307692,0.6038295243977765,0.5580209481808159,0.025564550489987216,0.9296662369288067,0.16611733684904417,0.015881997092664548,0.015881997092664548,0.25267467248908304,0.06740587987605402,0.09359713052357624,0.8121376111325861,0.07163920747539557,0.011792594731838801,0.27849999999999997,0.0187929165160824,0.07388549322737421,0.27845
Zone_DH669,0.007898392818104243,0.1728,0.15931593159315932,0.8514395601419245,0.3333333333333333,0.3076923076923077,0.9050030883261273,0.9727122381477398,0.013208351086493396,0.9164159862483885,0.11597968125945171,0.003527326244571319,0.003527326244571319,0.23957423580786033,0.027596333444899104,0.016385949002650505,0.7777348279860843,0.01956434986758433,0.0022983526467155214,0.1805,0.003975424647632815,0.027591710002062727,0.18072
Zone_DH670,0.004344116049957335,0.158,0.14896489648964895,0.8366783131551149,0.5098039215686274,0.38461538461538464,0.9682520074119828,0.9787761852260197,0.012569237324243716,0.8733705772811917,0.0991120245065726,0.0019382236360955029,0.0019382236360955029,0.24863537117903933,0.023936256356549807,0.010543040303167705,0.8067259373792037,0.010523288054603968,0.001149176323357761,0.16799999999999998,0.0021684134441633533,0.020730423076505525,0.16796999999999998
Zone_DH671,0.004703775008638866,0.114,0.09585958595859585,0.7493567346496572,0.6862745098039216,0.38461538461538464,0.894626312538604,0.9649944873208378,0.014060502769492968,0.8680346655206991,0.1583233161425414,0.0021519097823110007,0.0021519097823110007,0.3033842794759826,0.012537113613543363,0.018841076569751796,0.8531117124081949,0.014021549289205142,0.0015823736808538802,0.109,0.0025298156848572455,0.02403802658386801,0.10901999999999999
Zone_DH672,0.008554241507464687,0.1412,0.12016201620162016,0.6272581999404134,0.5490196078431373,0.7307692307692307,0.9052501544163063,0.9098676957001102,0.04090328078397955,0.8847228190803609,0.18457481872116022,0.004231587627873101,0.004231587627873101,0.38367903930131014,0.027034905690934013,0.044066959365058306,0.7415925782759955,0.02995029877742247,0.003808526767986714,0.1225,0.005059631369714492,0.04733781343523938,0.12408999999999999
Zone_DH673,0.01258806355385364,0.1608,0.1251125112511251,0.6377129546870345,0.8823529411764706,0.34615384615384615,0.8605311920938851,0.9649944873208378,0.024499360886237748,0.8364489328176479,0.27833572453371597,0.005649139386570278,0.005649139386570278,0.38367903930131014,0.01777998510057114,0.06074413220825085,0.8859683030537303,0.03764647349354505,0.005059985800753281,0.12999999999999998,0.0065052403324900605,0.037389671157625044,0.1314
Zone_DH674,0.01533839676730065,0.1668,0.12916291629162915,0.6831342596354378,0.23529411764705882,0.38461538461538464,0.9656578134651019,0.9674751929437707,0.030038346825734977,0.8308623406388769,0.15964170770483543,0.006895140295488814,0.006895140295488814,0.5760917030567687,0.04789842476328263,0.05571222660901172,0.8797835330498649,0.041948039159795385,0.0058000312864758185,0.147,0.008312251535959523,0.04882333995577798,0.1472
Zone_DH675,0.011882849909380044,0.1632,0.13276327632763274,0.7466211641071476,0.45098039215686275,0.5,0.9430512662137122,0.9627894156560087,0.03089049850873455,0.8505944707062024,0.11574702392492928,0.005405356600042738,0.005405356600042738,0.5186135371179039,0.04582546074864231,0.030593248767828242,0.806532663316583,0.032243603364549914,0.004175541195865371,0.1515,0.0065052403324900605,0.047106208813279635,0.15358
Zone_DH676,0.008406146642125231,0.1216,0.09585958595859585,0.7669348067495464,0.4117647058823529,0.4230769230769231,0.9708462013588635,0.9812568908489526,0.020664678312739666,0.8685360263572554,0.1346310442436698,0.0037109157504747747,0.0037109157504747747,0.5088427947598253,0.03217196963971454,0.028901201390501688,0.8641283339775804,0.022850124123491213,0.0027616331540377603,0.108,0.0043368268883267076,0.030635139487502402,0.10932
Zone_DH677,0.009802469658182943,0.0712,0.06345634563456345,0.7843774545651526,0.21568627450980393,0.38461538461538464,0.9819641754169242,0.982497243660419,0.02023860247123988,0.8832187365706918,0.1979526154562023,0.004312848556715614,0.004312848556715614,0.4951965065502184,0.02792455274721715,0.03978338844468038,0.9020100502512564,0.025617637455753472,0.00316474736170776,0.0715,0.005059631369714492,0.027117644291488892,0.07157
Zone_DH678,0.013046452422761475,0.0612,0.052655265526552655,0.7692641044392079,0.3137254901960784,0.34615384615384615,0.9478690549722051,0.9725744211686881,0.022368981678738815,0.8251683139951297,0.29636666795920746,0.005817680572317713,0.005817680572317713,0.28755458515283844,0.020187646430075246,0.05646056128787293,0.8695400077309625,0.033705099169227745,0.004416206394474327,0.059500000000000004,0.0068666425731839535,0.03001270206598561,0.059734999999999996
Zone_DH679,0.01622696595933738,0.0536,0.04095409540954095,0.6849489450448253,0.5294117647058824,0.38461538461538464,0.7432983323038913,0.9721609702315326,0.03131657435023434,0.8418206560664662,0.31501803094342556,0.007271348299389339,0.007271348299389339,0.3414301310043668,0.017076041070599537,0.05340086777331727,0.8477000386548126,0.043570195850803045,0.006088829524806564,0.04649999999999999,0.008673653776653417,0.03904528232241535,0.046634999999999996
Zone_DH680,0.012778471237861508,0.1048,0.09000900090009001,0.7716475718425827,0.21568627450980393,0.23076923076923078,0.9814700432365658,0.9904906284454245,0.014699616531742649,0.8517046268442915,0.2789173678700221,0.005531762489353314,0.005531762489353314,0.2908842794759825,0.0231804882262122,0.05909632136366484,0.8071124855044453,0.03254678600488201,0.004211640975656714,0.10049999999999999,0.0065052403324900605,0.031322715708945355,0.10066
Zone_DH681,0.010549996121324954,0.1256,0.1089108910891089,0.7562362882912164,0.29411764705882354,0.34615384615384615,0.9409512044471896,0.9484564498346197,0.019599488708990198,0.8275318722246096,0.17565628756446547,0.004842549426207553,0.004842549426207553,0.2977620087336245,0.031172196370153633,0.042275379789065475,0.7251642829532277,0.02936466393370406,0.003718277318508357,0.11499999999999999,0.005782435851102277,0.03603623164804783,0.11506499999999999
Zone_DH682,0.009400497880832998,0.1104,0.0999099909990999,0.7152298150104277,0.4117647058823529,0.5769230769230769,0.9442865966646077,0.9488699007717751,0.031529612270984234,0.7549419853889127,0.1679010430803831,0.004364012845246086,0.004364012845246086,0.3212336244541485,0.030265274613748505,0.037379870165776416,0.7758020873598763,0.02790575943364446,0.003495662009795073,0.105,0.005059631369714492,0.03505372141582801,0.105035
Zone_DH683,0.010239702117756572,0.0612,0.07155715571557156,0.7470003521031392,0.23529411764705882,0.3076923076923077,0.9783817171093268,0.9858048511576626,0.017043033659991477,0.4711359404096834,0.19818527279072473,0.00447537041440064,0.00447537041440064,0.3052947598253275,0.03061292795370381,0.0378885902922929,0.7367607267104754,0.027804698553533763,0.003471595489934178,0.0645,0.005421033610408384,0.03799039564583311,0.064555
Zone_DH684,0.01192516272804846,0.072,0.08505850585058505,0.771403808130874,0.6078431372549019,0.3076923076923077,0.904508956145769,0.9740904079382581,0.018534299105240733,0.3401375161151698,0.2156345728799101,0.0052970086949193865,0.0052970086949193865,0.28755458515283844,0.029718962222390167,0.0372508469452831,0.7377270970235795,0.031261498914243374,0.004001058926873879,0.0965,0.006143838091796169,0.04517556715991214,0.096285
Zone_DH685,0.016925127467366238,0.1024,0.10486048604860486,0.723707375206522,0.5490196078431373,0.2692307692307692,0.805929586164299,0.9820837927232635,0.021942905837239027,0.5726615098123478,0.31459149249680096,0.007430860493043162,0.007430860493043162,0.3198144104803494,0.018669632156854278,0.05327921730828071,0.846347120216467,0.043220369727342924,0.006010613335258654,0.118,0.008673653776653417,0.049020565766665594,0.118005
Zone_DH686,0.03600115655037694,0.2488,0.243024302430243,0.6378212941144606,0.39215686274509803,0.3076923076923077,0.7420630018529958,0.7349779492833517,0.050063911376224964,0.828033233061166,0.4981193532126101,0.020887068376557127,0.020887068376557127,0.3480349344978166,0.04010321633322896,0.19869944593742742,0.8732122149207576,0.09487802729162023,0.017688892097758202,0.27799999999999997,0.02493675460787857,0.07184447749635405,0.27777999999999997
Zone_DH687,0.06356090577640496,0.1328,0.0864086408640864,0.6536659353755314,0.21568627450980393,0.34615384615384615,0.7430512662137122,0.719542447629548,0.0916063059224542,0.8842214582438046,0.1900810423048587,0.03498433469871759,0.03498433469871759,0.3786572052401747,0.13005905788104208,0.16159605410127956,0.6517201391573252,0.13668095339279515,0.030654729672815663,0.097,0.04156125767979761,0.14438015003636914,0.10647999999999999
Zone_DH688,0.04746793040951756,0.1776,0.1242124212421242,0.6708919043362854,0.11764705882352941,0.19230769230769232,0.9624459542927732,0.9627894156560087,0.04069024286322965,0.944026643747314,0.1991159021288146,0.021320459997050532,0.021320459997050532,0.3507096069868996,0.10105915505123028,0.10872971109857743,0.6561654425976035,0.09652609702881014,0.018116072825289094,0.142,0.025298156848572458,0.11072691281895394,0.14756999999999998
Zone_DH689,0.03198849091332219,0.1508,0.1116111611161116,0.644267490046315,0.09803921568627451,0.19230769230769232,0.9815935762816554,0.979465270121279,0.029186195142735405,0.9122618536026357,0.18938307030129128,0.014085227666035642,0.014085227666035642,0.3765829694323144,0.07848112199177293,0.08176017163774706,0.7442984151526866,0.07399729467797858,0.012382224468430741,0.126,0.016624503071919046,0.08571180423619328,0.13014499999999998
Zone_DH690,0.02779952186514904,0.1284,0.08595859585958596,0.6257414479564476,0.11764705882352941,0.15384615384615385,0.974922791846819,0.9813947078280045,0.02151682999573924,0.8774172754619681,0.18585443406103375,0.012174091006220977,0.012174091006220977,0.3945960698689957,0.07305470681594887,0.07352480379254543,0.824507151140317,0.06778593750809783,0.010962299796637905,0.097,0.014456089627755693,0.07480829289299505,0.09702999999999999
Zone_DH691,0.03432274807652978,0.1612,0.1062106210621062,0.6040464776143658,0.2549019607843137,0.5,0.8489190858554663,0.8314498346196251,0.07839795483596079,0.8790287924366137,0.23114506184807476,0.017787114424416803,0.017787114424416803,0.3891375545851529,0.08184968851556342,0.11849123932332853,0.7671047545419406,0.08805253092722061,0.015853819958364917,0.134,0.021322732200939644,0.0894482381764031,0.13416
Zone_DH692,0.05105041572344342,0.2384,0.15706570657065705,0.5812410281411663,0.29411764705882354,0.5769230769230769,0.30092649783817166,0.22009371554575516,0.12952705581593524,0.8306474717089242,0.11206328279499013,0.060208328944239956,0.060208328944239956,0.35109170305676857,0.17228706232927737,0.23768289041504925,0.6741399304213375,0.18828419356008974,0.0509488225455158,0.16349999999999998,0.07155764365739067,0.2024097737150467,0.17857
Zone_DH693,0.0929683147509538,0.1912,0.1107110711071107,0.568023617995179,0.11764705882352941,0.23076923076923078,0.49425571340333546,0.43577728776185226,0.0975713677034512,0.7948359833834694,0.17053782620497115,0.07618964494993423,0.07618964494993423,0.3689410480349345,0.2087237235616113,0.2602914450232057,0.66988790104368,0.219416127243422,0.06559931651083595,0.2085,0.09035056017347308,0.24051959049407784,0.227275
Zone_DH694,0.21790396400589554,0.0,0.0,0.39579101324449495,0.11764705882352941,0.23076923076923078,0.41482396541074734,0.34716097023153253,0.2590541116318705,0.8693596905887407,0.18806467873899724,0.20434414906264015,0.20434414906264015,0.5094432314410481,0.3801794409475174,0.48729858553686567,0.7116350985697719,0.41509849548853867,0.19777866021683932,0.0,0.2370798698951933,0.43369593931958905,0.0
Zone_DH695,0.2489968335907363,0.0,0.0,0.5098453454673492,0.0784313725490196,0.15384615384615385,0.647066090179123,0.6062568908489527,0.18768640818065613,0.8553932101418134,0.2439799914692311,0.16655480748684026,0.16655480748684026,0.4102074235807861,0.31557422182874295,0.43174855954790264,0.5496714340935447,0.35267655854016267,0.14764208271662876,0.0,0.19479580773400795,0.3687760781376093,0.0
Zone_DH696,0.2286725763570073,0.0,0.0,0.56910701226944,0.0784313725490196,0.11538461538461539,0.8648548486720198,0.8492282249173099,0.1305922454196847,0.7967698037530438,0.3074566675714452,0.11746718713789979,0.11746718713789979,0.39001091703056767,0.2552963150905302,0.35135234766965634,0.6592578275995361,0.2862821516120506,0.10278208969591951,0.0,0.13841705818576075,0.2999533171933862,0.0
Zone_DH697,0.1729536463071487,0.1472,0.1395139513951395,0.604317326182931,0.058823529411764705,0.038461538461538464,0.7702285361334158,0.7436604189636165,0.04708138048572646,0.849054576708208,0.18577688161619293,0.09273978745752613,0.09273978745752613,0.4102074235807861,0.2483691603416072,0.282752544522227,0.35407808272129887,0.2529838872678839,0.08317990926922011,0.0,0.10950487893024935,0.29720844054094153,0.0
Zone_DH698,0.20864450885395727,0.1888,0.17146714671467148,0.5717613282413803,0.058823529411764705,0.038461538461538464,0.7352686843730697,0.7046582138919514,0.05837239028547081,0.8543188654920498,0.23564310364884253,0.11635662111038546,0.11635662111038546,0.4354257641921398,0.27944634586108985,0.33843159373168336,0.5158484731349053,0.292547926178914,0.10662069961373234,0.0,0.13697144922298518,0.34184299377924465,0.0
Zone_DH700,0.2912320787582598,0.2696,0.29432943294329433,0.5735760136507677,0.0392156862745098,0.07692307692307693,0.4912909203211859,0.4324696802646086,0.12270984235193863,0.7295874516544908,0.2145100624297181,0.21817957461408585,0.21817957461408585,0.44121179039301317,0.3803305945735848,0.49365390074059334,0.5577889447236181,0.4152384259379227,0.19777866021683932,0.5555,0.25298156848572456,0.44159763763285603,0.555555
Zone_DH701,0.11066212509079623,0.2792,0.26597659765976595,0.5695674548360012,0.11764705882352941,0.23076923076923078,0.44558369363804806,0.38147739801543545,0.11482743928419259,0.8985460535739865,0.1731358331071387,0.09273978745752613,0.09273978745752613,0.4102074235807861,0.22042085488172228,0.33170026799966085,0.6522999613451875,0.2528050872492265,0.08317990926922011,0.4165,0.10950487893024935,0.2617946463144105,0.416665
Zone_DH702,0.04312381435956023,0.2076,0.15346534653465346,0.7121692261856395,0.17647058823529413,0.34615384615384615,0.6763434218653489,0.6389195148842337,0.06156795909671921,0.9167741011316429,0.13017177866532242,0.027390952347989394,0.027390952347989394,0.29754366812227073,0.1202794182744734,0.1205924746285053,0.6814843448009278,0.10953185490767182,0.02178621710407566,0.143,0.03252620166245031,0.12988314823057687,0.14285499999999998
Zone_DH703,0.01674882405624784,0.2504,0.20657065706570657,0.7664472793261287,0.19607843137254902,0.38461538461538464,0.9143915997529338,0.9044928335170892,0.029825308904985085,0.9451726113737287,0.3463492186591183,0.008086967251845677,0.008086967251845677,0.2838973799126638,0.02361667440429277,0.08637920293140758,0.971588712794743,0.04417396982684902,0.006179078974284922,0.2295,0.009757860498735093,0.03379618069503099,0.22941499999999998
Zone_DH704,0.007849027862991092,0.1516,0.1449144914491449,0.8918230817150131,0.09803921568627451,0.19230769230769232,0.994070413835701,0.9933847850055126,0.007669365146996164,0.8639879673399226,0.13195548489666142,0.003367814050917496,0.003367814050917496,0.2214519650655022,0.02772157502078363,0.020186604440610614,0.7711635098569772,0.017892958388830437,0.0020697207080370146,0.1615,0.003975424647632815,0.02343368327344182,0.16169999999999998
Zone_DH705,0.005296154469996685,0.1088,0.10081008100810081,0.8773055984399122,0.49019607843137253,0.4230769230769231,0.9708462013588635,0.98787210584344,0.014699616531742649,0.8311488325454806,0.12858195354608554,0.0023114219759648234,0.0023114219759648234,0.22663755458515286,0.021362326038371425,0.014568564782559006,0.7555083107846928,0.01195627950848134,0.0013176419623840297,0.11299999999999999,0.0025298156848572455,0.01891377432300883,0.11281
Zone_DH706,0.007270752674522745,0.1048,0.09765976597659766,0.8180710164946777,0.6666666666666666,0.23076923076923078,0.9558987029030267,0.9888368246968026,0.009586706433745207,0.8063672826242658,0.2008608321377332,0.0031481085766395895,0.0031481085766395895,0.47418122270742363,0.01856814329363752,0.025885744408686576,0.8650947042906842,0.01842417583556617,0.002147936897584925,0.10949999999999999,0.0036140224069389224,0.024088690094921705,0.10951999999999999
Zone_DH707,0.01578973349976375,0.126,0.1044104410441044,0.7007665014490398,0.3333333333333333,0.38461538461538464,0.9274861025324274,0.934399117971334,0.030251384746484873,0.8451153129924079,0.23335530652603823,0.007346589900169443,0.007346589900169443,0.5608078602620088,0.03723129743794604,0.0645705922903096,0.733281793583301,0.04343803931527366,0.0060587463749804445,0.10949999999999999,0.008673653776653417,0.05192286118559854,0.11209
Zone_DH708,0.024760051057467855,0.1744,0.14536453645364536,0.7425855204355245,0.35294117647058826,0.34615384615384615,0.462260654725139,0.4053197353914002,0.03749467405198125,0.7714510815069473,0.16251114816394593,0.022334716775566348,0.022334716775566348,0.2691593886462883,0.07614471880027208,0.132783325776259,0.8623888674139931,0.0926520966245666,0.01708121247127059,0.131,0.026743765811348033,0.10203993008435475,0.130915
Zone_DH709,0.02558515102150196,0.1612,0.1377137713771377,0.7458627881151648,0.21568627450980393,0.34615384615384615,0.9099444101297096,0.904768467475193,0.03834682573498082,0.7797235353101275,0.3373919112800031,0.012279429247313125,0.012279429247313125,0.5126091703056768,0.038991157512875046,0.10065654387342456,0.9907228449942019,0.061590128165926426,0.009632624574323428,0.13699999999999998,0.014456089627755693,0.054235288582977784,0.13677
Zone_DH710,0.018448388939429197,0.1524,0.11476147614761475,0.7173695187020938,0.19607843137254902,0.38461538461538464,0.7699814700432365,0.7433847850055126,0.03344695355773327,0.8663873370577281,0.1668928612974524,0.010377321579592072,0.010377321579592072,0.5617903930131004,0.06410209347772103,0.06456690591258125,0.7930034789331272,0.05671588417904879,0.008597764220304921,0.1105,0.012287676183592337,0.06547715980357033,0.11026999999999999
Zone_DH711,0.016022454002440036,0.1112,0.0819081908190819,0.7425313507218113,0.13725490196078433,0.2692307692307692,0.9881408276714022,0.9867695700110255,0.020664678312739666,0.8587594900444062,0.14172709294660515,0.0069914495444873504,0.0069914495444873504,0.530349344978166,0.05132745273750013,0.04428445565103275,0.8355237727097025,0.040468404222789994,0.005535299568005968,0.092,0.008312251535959523,0.04782273561246756,0.09207999999999998
Zone_DH712,0.01626222664156106,0.0832,0.07695769576957696,0.8271173586847593,0.13725490196078433,0.19230769230769232,0.9294626312538605,0.9910418963616316,0.014060502769492968,0.7171966766938833,0.22885726472527046,0.007033584840924207,0.007033584840924207,0.2566593886462882,0.031336306021312654,0.04526503212678191,0.85678391959799,0.03785636916762113,0.0050900689505794005,0.086,0.008312251535959523,0.04078050757600432,0.08605499999999999
Zone_DH713,0.02262325371471287,0.0896,0.08775877587758775,0.8445600065003657,0.27450980392156865,0.46153846153846156,0.8171710932674491,0.9036659316427784,0.0423945462292288,0.4308480160435468,0.19488929388498974,0.011024399346300975,0.011024399346300975,0.2255458515283843,0.04620982282635688,0.06040498545723986,0.7643989176652493,0.052494648955963376,0.007743402765243131,0.092,0.013010480664980123,0.06821479881157878,0.09178499999999999
Zone_DH714,0.03685446506018998,0.1072,0.0999099909990999,0.7501421954984967,0.35294117647058826,0.6153846153846154,0.7148857319332922,0.7702590959206174,0.09032807839795483,0.4534450651769087,0.23634107565240997,0.02116094780339671,0.02116094780339671,0.24961790393013106,0.07088025393809178,0.10474473677419832,0.7473908001546193,0.0876923395852876,0.015739503989025665,0.1105,0.025298156848572458,0.10687105774554614,0.110255
Zone_DH715,0.03353996093116409,0.1808,0.1638163816381638,0.6196202703068715,0.29411764705882354,0.5,0.7822112415071032,0.7714994487320839,0.07584149978696207,0.8553215871651625,0.8596300748381093,0.018861564483556702,0.018861564483556702,0.3594432314410481,0.014467561352177147,0.2648183168736568,0.8473134905295711,0.0894984789041891,0.016208801126313125,0.1815,0.02240693892302132,0.05501514477098284,0.18138999999999997
Zone_DH716,0.019146550447458055,0.1584,0.13456345634563455,0.6990872403239348,0.1568627450980392,0.23076923076923078,0.8852378011117973,0.9557607497243661,0.021303792074989347,0.7266867211001288,0.23808600566132848,0.00866181308180568,0.00866181308180568,0.33482532751091704,0.032914781744960646,0.06961724340046227,0.8631619636644763,0.0495690660419895,0.007189872808442533,0.1545,0.010119262739428982,0.04914179631097264,0.154525
Zone_DH717,0.013109921650764097,0.1204,0.09945994599459947,0.6613580347227864,0.37254901960784315,0.5769230769230769,0.8643607164916615,0.943632855567806,0.04090328078397955,0.5639593181492623,0.18310132226918457,0.006136704959625357,0.006136704959625357,0.354203056768559,0.03512162468554648,0.04754321356292094,0.9087746424429843,0.038750369260908094,0.005240484699709998,0.11549999999999999,0.0072280448138778465,0.046364350258564835,0.11539999999999999
Zone_DH718,0.013561258383227196,0.07,0.0639063906390639,0.7466211641071476,0.2549019607843137,0.5,0.9185917232859789,0.9091786108048511,0.03387302939923306,0.21759060306546343,0.118732793051301,0.006585144900274782,0.006585144900274782,0.29497816593886467,0.053560207728268965,0.04087086987455257,0.7672980286045613,0.03791078656460382,0.0050900689505794005,0.076,0.007950849295265629,0.057454230945996325,0.075815
Zone_DH719,0.01652315569001629,0.072,0.081008100810081,0.8293383169469948,0.4117647058823529,0.2692307692307692,0.8995676343421866,0.9765711135611908,0.019812526629740094,0.16215441913765938,0.2031098530381171,0.0073014449397013825,0.0073014449397013825,0.25152838427947605,0.039494283153928375,0.04275829527148329,0.7118283726323927,0.03888770840567391,0.005246501329675221,0.092,0.008673653776653417,0.05604108086982011,0.09178
Zone_DH720,0.02385737759254166,0.088,0.10846084608460846,0.8042848243547033,0.29411764705882354,0.07692307692307693,0.9547869054972206,0.9808434399117971,0.008521516829995739,0.42970204841713217,0.2922951646050642,0.010407418219904114,0.010407418219904114,0.27117903930131004,0.04082227572580732,0.08288820322263143,0.851178971781987,0.05304400553502667,0.007857718734582384,0.122,0.012287676183592337,0.06714000861279688,0.122205
Zone_DH721,0.04727047058906496,0.2024,0.1998199819981998,0.6200807128734325,0.17647058823529413,0.15384615384615385,0.9089561457689932,0.9226846747519295,0.03472518108223264,0.7074201403810342,0.3919112800031021,0.021994624740040273,0.021994624740040273,0.39017467248908305,0.06531132248626122,0.16109470673021983,0.7804406648627755,0.10181235844998522,0.019590147166768945,0.23550000000000001,0.026020961329960245,0.11297782023862513,0.23543999999999998
Zone_DH722,0.15236846002496454,0.22,0.10711071107110712,0.4453563012919476,0.1568627450980392,0.2692307692307692,0.6911673872760964,0.6718577728776185,0.20025564550489985,0.9455665377453086,0.40272984605839707,0.09381724718069723,0.09381724718069723,0.22390829694323153,0.1634445752043273,0.4733272139463043,0.6385775028991111,0.26717387135727355,0.09123617679265489,0.15599999999999997,0.11058908565233104,0.22461305743432744,0.18228999999999998
Zone_DH723,0.12057742893209496,0.198,0.11746174617461747,0.5475203813547845,0.0784313725490196,0.15384615384615385,0.935515750463249,0.9280595369349504,0.09011504047720494,0.9676980375304397,0.41285044011012456,0.056605761098888534,0.056605761098888534,0.18051310043668123,0.13224862612150592,0.3182597348019862,0.7402396598376498,0.19171508087461714,0.052422896886995654,0.13749999999999998,0.06722081676906397,0.1662088856560744,0.15290499999999999
Zone_DH724,0.07072587640425666,0.1988,0.1521152115211521,0.603342271336096,0.058823529411764705,0.038461538461538464,0.9812229771463867,0.9929713340683571,0.019173412867490414,0.9502936542042688,0.2230796075846291,0.030481877308036105,0.030481877308036105,0.41763100436681233,0.1285863896956414,0.14736663606973155,0.7877850792423656,0.12869973516866803,0.02792317966860402,0.17,0.03614022406938923,0.1384054745542516,0.182825
Zone_DH725,0.0459658253467888,0.2,0.14086408640864087,0.6244684596841904,0.0392156862745098,0.038461538461538464,0.9830759728227301,0.9859426681367145,0.011930123561994034,0.8955378885546483,0.20152002791888013,0.019905917902384558,0.019905917902384558,0.4009279475982533,0.09603005797821228,0.12136661395146517,0.7889447236180905,0.09600006219131084,0.017971673706123723,0.158,0.023852547885796892,0.09896031237673387,0.162355
Zone_DH726,0.05232685241994062,0.2352,0.1512151215121512,0.6064299450177406,0.058823529411764705,0.11538461538461539,0.9760345892526251,0.9732635060639471,0.030464422667234765,0.9015184071049992,0.35348404358447405,0.023120239087710638,0.023120239087710638,0.40769650655021844,0.0789000334697315,0.17177782938706598,0.8117510630073446,0.10673324591999087,0.02101007183856178,0.17149999999999999,0.02746657029273581,0.0903312307976246,0.17128
Zone_DH727,0.08224906735495517,0.4028,0.2286228622862286,0.5494704910484548,0.1568627450980392,0.3076923076923077,0.10364422483014207,0.0,0.11440136344269279,0.8775963329035954,0.08914653534452678,0.142703220039547,0.142703220039547,0.44121179039301317,0.25779466859567485,0.46367259067567623,0.6708542713567839,0.328473773405959,0.1309278846732368,0.18499999999999997,0.16732923744127215,0.32052451209229443,0.185185
Zone_DH728,0.19403953427690915,0.4248,0.23222322232223222,0.5098453454673492,0.11764705882352941,0.23076923076923078,0.44323656578134646,0.3788588754134509,0.20749893481039622,0.8108079071766222,0.13998216293768664,0.15924433355504525,0.15924433355504525,0.4821506550218341,0.34954923829369156,0.3942580980502748,0.7514495554696561,0.35730981119754557,0.15149874252433726,0.0,0.18612215395735454,0.38235751792221706,0.0
Zone_DH729,0.2398361083490243,0.0,0.0,0.47114108501936564,0.058823529411764705,0.11538461538461539,0.933786287831995,0.926130099228225,0.14955262036642522,0.8245595186935969,0.29578502462290124,0.11471936387741037,0.11471936387741037,0.48924672489082977,0.27554874164606297,0.3567160272644497,0.79609586393506,0.29859862246246494,0.11074810776987593,0.0,0.13480303577882183,0.30921026442733945,0.0
Zone_DH730,0.19077439510299643,0.0,0.0,0.5531811164377997,0.09803921568627451,0.15384615384615385,0.7199505867819642,0.7060363836824697,0.1395398380911802,0.9083584013751611,0.17356237155376328,0.11287443982628219,0.11287443982628219,0.39366812227074244,0.292136772438216,0.28105681076717204,0.48840355624275233,0.28038693360559314,0.09920219486661129,0.0,0.1329960245753524,0.3306499766585967,0.0
Zone_DH731,0.1956333171134195,0.0,0.0,0.6588120581782725,0.058823529411764705,0.038461538461538464,0.9382334774552192,0.9827728776185226,0.05070302513847465,0.8966480446927374,0.3327387645895537,0.08567309631225867,0.08567309631225867,0.12854803493449785,0.20567473899007782,0.27572630857193414,0.39563200618477,0.23511425062061744,0.07338483568583565,0.0,0.10155402963498374,0.26958054231669765,0.0
Zone_DH732,0.17033025154970696,0.1348,0.1278127812781278,0.614501232360987,0.0784313725490196,0.038461538461538464,0.8315009264978381,0.9842888643880926,0.0458031529612271,0.8743016759776536,0.46985148706812985,0.07441394317152376,0.07441394317152376,0.4019650655021834,0.13261571349909848,0.29440887089936557,0.5092771550057982,0.22136997092556218,0.06638147840631506,0.1435,0.08818214672930971,0.22575479584414457,0.14368
Zone_DH733,0.30241676715961097,0.338,0.2502250225022502,0.4737412312775926,0.11764705882352941,0.11538461538461539,0.2862260654725139,0.3568081587651598,0.18683425649765656,0.7796519123334766,0.13044321222226538,0.24758399219895086,0.24758399219895086,0.2721069868995633,0.3591734055991622,0.4181458257301793,0.5500579822187862,0.47188434489227954,0.24792125434701512,0.0,0.2847849656667871,0.4970578975366678,0.0
Zone_DH735,0.2734536427810805,0.2668,0.27767776777677766,0.5700278974025622,0.0196078431372549,0.038461538461538464,0.40518838789376155,0.3364112458654906,0.07626757562846186,0.745917490330898,0.1743378960021715,0.23564164532313261,0.23564164532313261,0.18193231441048033,0.38800703944029974,0.5166605841434149,0.5407808272129881,0.4320015755132079,0.21210425616403736,0.0,0.2724972894831948,0.45186604567677413,0.0
Zone_DH736,0.05513360272494552,0.156,0.1296129612961296,0.6186181306031797,0.1568627450980392,0.3076923076923077,0.8263125386040766,0.8062293274531422,0.07435023434171283,0.8800673255980518,0.21726317422156738,0.029001122604683644,0.029001122604683644,0.37521834061135373,0.11293119271007655,0.15264184259904376,0.7895245458059529,0.12089213435396186,0.025342045413522977,0.0895,0.03469461510661366,0.12405503504829318,0.08956499999999999
Zone_DH737,0.025881340752180872,0.1248,0.09675967596759674,0.7140651661655967,0.17647058823529413,0.34615384615384615,0.933786287831995,0.926130099228225,0.03962505325948019,0.8720813637014754,0.12307572996238707,0.012156033022033752,0.012156033022033752,0.31555676855895204,0.08449055829671456,0.06085103716237389,0.768650947042907,0.06274066741641747,0.009837189993141041,0.103,0.014456089627755693,0.08146149754101031,0.103075
Zone_DH738,0.013779874613014012,0.1548,0.13096309630963096,0.7520652203353105,0.0784313725490196,0.15384615384615385,0.9908585546633725,0.9898015435501655,0.010438858116744781,0.8922432316287066,0.323820233432859,0.0059561251177531055,0.0059561251177531055,0.30518558951965064,0.03298819922047916,0.05378425105706882,0.8676072671047546,0.03540499499878209,0.004674921482978953,0.1465,0.0068666425731839535,0.034856495604940425,0.14645
Zone_DH739,0.0111282713097933,0.1216,0.10306030603060305,0.7461878063974432,0.4117647058823529,0.5,0.9560222359481161,0.9523153252480706,0.029612270984235193,0.8294298811058587,0.21005079685137074,0.005167593141577606,0.005167593141577606,0.29503275109170307,0.02858531002688375,0.04661793275309748,0.845380749903363,0.03090130757231036,0.003958942517117312,0.1185,0.006143838091796169,0.02773827230189662,0.11837999999999999
Zone_DH740,0.010056346570193438,0.0832,0.07380738073807382,0.8221337450231574,0.21568627450980393,0.34615384615384615,0.9822112415071031,0.9827728776185226,0.01789518534299105,0.7905744162727403,0.19496684632983055,0.004418186797807761,0.004418186797807761,0.2570960698689957,0.030448818302544787,0.0324364376320184,0.7964824120603016,0.025187480889128443,0.0030925478021250727,0.08299999999999999,0.005059631369714492,0.030314873721198708,0.082845
Zone_DH741,0.012848992602308868,0.1368,0.13096309630963096,0.8311530023563826,0.1568627450980392,0.11538461538461539,0.989005558987029,0.99545203969129,0.006817213463996592,0.7909325311559948,0.21644887355073875,0.005498656185010067,0.005498656185010067,0.4667576419213974,0.03179408557454573,0.043786794657701404,0.851178971781987,0.030686229288997845,0.0039168261073607435,0.146,0.0065052403324900605,0.036224410403390105,0.14794
Zone_DH742,0.023568239998307487,0.1984,0.1665166516651665,0.7510359957747623,0.21568627450980393,0.2692307692307692,0.96899320568252,0.980154355016538,0.028121005538985937,0.803788855464833,0.13656985536469035,0.010383340907654479,0.010383340907654479,0.519486899563319,0.06868852636011273,0.05929169938326902,0.6739466563587168,0.054702440490689445,0.008182616752704474,0.18749999999999997,0.012287676183592337,0.07319248877260408,0.193685
Zone_DH743,0.037425688112213584,0.22,0.21962196219621963,0.8155521248070204,0.09803921568627451,0.11538461538461539,0.9846819024088944,0.9898015435501655,0.018534299105240733,0.7807620684715657,0.3045872271123347,0.01621907946415942,0.01621907946415942,0.47412663755458523,0.058960710853910026,0.11024849872267013,0.8732122149207576,0.0732924598218219,0.012231808719300144,0.24549999999999997,0.01915431875677629,0.08166596099633412,0.25395
Zone_DH744,0.049350850840262056,0.108,0.09810981098109811,0.7440481027057771,0.2549019607843137,0.4230769230769231,0.8165534280420013,0.8044377067254687,0.0818065615679591,0.7301962469560235,0.2381635581061693,0.026858241814466253,0.026858241814466253,0.26124454148471615,0.1017587804061714,0.12811268519440114,0.7765751836103596,0.10428446305577008,0.02036629243228283,0.12699999999999997,0.032164799421756415,0.12741330206670937,0.126925
Zone_DH745,0.03495038822011128,0.1364,0.117011701170117,0.6672625335175103,0.09803921568627451,0.19230769230769232,0.9741815935762816,0.9711962513781698,0.03089049850873455,0.857792579859619,0.2614680677808368,0.015484721440545595,0.015484721440545595,0.3596069868995634,0.06493127908357715,0.11472376128492384,0.8494395052183997,0.07782983420833052,0.013314802113040442,0.09249999999999999,0.018431514275388507,0.07405376846051685,0.09269
Zone_DH746,0.033666899387169345,0.1588,0.15166516651665166,0.610682267544216,0.21568627450980393,0.4230769230769231,0.9408276714021,0.9339856670341785,0.0654026416702173,0.9229336771236212,0.20574663616270505,0.015758600867385175,0.015758600867385175,0.3875545851528384,0.0796428455749776,0.10578429529360156,0.7723231542327019,0.0809031214855431,0.014030781078902084,0.13499999999999998,0.0187929165160824,0.08368526379404559,0.13501
Zone_DH747,0.02891375942341732,0.0544,0.047254725472547256,0.7475420492402698,0.09803921568627451,0.19230769230769232,0.9791229153798642,0.9767089305402425,0.024499360886237748,0.6395215585159719,0.38481523130016676,0.012751946500212183,0.012751946500212183,0.3025109170305677,0.037026160373997266,0.12414614275866391,0.8689601855431002,0.06410628495022104,0.010138021491402234,0.05349999999999999,0.015178894109143476,0.058212374200692626,0.053649999999999996
Zone_DH748,0.033130937017369404,0.0836,0.0837083708370837,0.8476747650388667,0.0784313725490196,0.15384615384615385,0.9838171710932674,0.9819459757442116,0.020664678312739666,0.3387766795588025,0.3244018767691652,0.014500561302341822,0.014500561302341822,0.24175764192139743,0.05824597013636216,0.09448186117838751,0.8190954773869347,0.06615082429399906,0.010565202218933128,0.094,0.01734730755330683,0.08183242681836769,0.09423499999999999
Zone_DH749,0.051395970409235485,0.0848,0.08730873087308731,0.8953441131063622,0.1568627450980392,0.2692307692307692,0.9242742433600989,0.9196527012127894,0.04963783553472518,0.22521845007878527,0.21978362867889414,0.024333133692285933,0.024333133692285933,0.19716157205240176,0.09523542177260018,0.10847903741304758,0.7288364901430229,0.09210014874088511,0.016822497382765964,0.103,0.028912179255511386,0.12481136889188045,0.10314999999999999
Zone_DH750,0.06473861256267587,0.114,0.13636363636363635,0.7627908236504971,0.1568627450980392,0.23076923076923078,0.8570722668313775,0.8632855567805954,0.05901150404772049,0.5995201260564389,0.3240528907673814,0.032344859343351504,0.032344859343351504,0.48209606986899567,0.09292061195625183,0.16137487143757676,0.7939698492462313,0.11916632547822528,0.024824615236513723,0.12999999999999998,0.038670039754246474,0.13319798938237562,0.12997
Zone_DH751,0.02783478254737272,0.1016,0.0864086408640864,0.716529888139541,0.29411764705882354,0.38461538461538464,0.9248919085855467,0.9393605292171995,0.04665530464422667,0.6580719094685575,0.18744425918027063,0.012938545670146842,0.012938545670146842,0.534934497816594,0.0641690329406938,0.08513689363694342,0.8218013142636259,0.0653241981207859,0.010420803099767758,0.10049999999999999,0.01554029634983737,0.08071782957518646,0.10050999999999999
Zone_DH752,0.019083081219455435,0.102,0.09720972097209721,0.700224804311909,0.3137254901960784,0.4230769230769231,0.9624459542927732,0.9757442116868797,0.03834682573498082,0.40334479300959747,0.2992361084183179,0.008511329880245468,0.008511329880245468,0.329967248908297,0.03433994450502586,0.07832815397262498,0.9217240046385775,0.048553274631646055,0.007009373909485818,0.10999999999999999,0.010119262739428982,0.05660923595806508,0.10975499999999999
Zone_DH753,0.0167417719198031,0.0768,0.06885688568856885,0.7401478833184365,0.0784313725490196,0.11538461538461539,0.8778258184064237,0.8656284454244763,0.009373668512995313,0.017332760349520124,0.2212959013532902,0.00830366306209238,0.00830366306209238,0.31151746724890833,0.04082227572580732,0.07292023784509104,0.8415152686509471,0.046532057029432035,0.006642359481607161,0.077,0.009757860498735093,0.04645301140290881,0.076945
Zone_DH754,0.02060634269151839,0.0768,0.08775877587758775,0.8443974973592263,0.39215686274509803,0.3076923076923077,0.9119209388511428,0.98332414553473,0.026629740093736684,0.1354390488468701,0.2846950250106635,0.009050059741831021,0.009050059741831021,0.24175764192139743,0.03314151218406193,0.060729386697337344,0.8500193274062621,0.04557068301607128,0.006467877212615669,0.09849999999999999,0.01084206722081677,0.047737693290341734,0.10112499999999999
Zone_DH755,0.029886954252790882,0.1156,0.1197119711971197,0.8917959968581565,0.3333333333333333,0.038461538461538464,0.9420630018529957,0.9918687982359427,0.005752023860247124,0.47417991691734707,0.27418666873473185,0.012854275077273127,0.012854275077273127,0.22248908296943232,0.04907526370909405,0.07938614438067011,0.768650947042907,0.05884075396599173,0.009049011467696714,0.1335,0.015178894109143476,0.0745857353265806,0.140145
Zone_DH756,0.0465723090810361,0.2132,0.19306930693069307,0.7044229571246715,0.3333333333333333,0.07692307692307693,0.9040148239654108,0.9866317530319736,0.018108223263740945,0.7276178197965907,0.36554344875722206,0.020224942289692203,0.020224942289692203,0.336735807860262,0.058269722849029926,0.1375018892685858,0.7593737920371088,0.0919343052453188,0.016888680312383424,0.217,0.02421395012649078,0.10319433437193531,0.22766999999999998
Zone_DH757,0.17057707632527272,0.0,0.0,0.5614419977790417,0.23529411764705882,0.34615384615384615,0.23533045089561458,0.14691289966923926,0.25095867064337446,0.7651482595616673,0.229283803171895,0.26983443838164345,0.26983443838164345,0.0,0.3069865365305924,0.5704190305563851,0.0,0.4020357289080761,0.18524601999927798,0.0,0.3136971449222985,0.43405420271918305,0.0
Zone_DH758,0.19988575538959524,0.3304,0.25697569756975697,0.5253107987324287,0.0784313725490196,0.15384615384615385,0.7882643607164916,0.7637816979051819,0.14955262036642522,0.8570763500931098,0.3746558610260189,0.11148698470789706,0.11148698470789706,0.42281659388646287,0.2163785750531737,0.41828959446158614,0.7075763432547352,0.28309743823625444,0.10095905081645667,0.34500000000000003,0.1315504156125768,0.26928741771702985,0.36637999999999993
Zone_DH759,0.1623472330942659,0.2516,0.12196219621962195,0.5350342623439235,0.058823529411764705,0.11538461538461539,0.9568869672637431,0.9519018743109152,0.09650617809970174,0.8820727689442772,0.5202605762146651,0.07460957133355205,0.07460957133355205,0.447434497816594,0.14338864836268234,0.39526816554785105,0.7825666795516043,0.22739216285831265,0.06971469140704907,0.14049999999999999,0.08818214672930971,0.19968118176258354,0.15059999999999998
Zone_DH760,0.09540130182438769,0.2608,0.15301530153015303,0.5403699791446602,0.09803921568627451,0.19230769230769232,0.930450895614577,0.9224090407938259,0.08755858542820621,0.9205343074058158,0.44169994959091086,0.04507874785937646,0.04507874785937646,0.44072052401746736,0.11003768043964113,0.2897861532279767,0.8397758020873599,0.16729721745710094,0.042128443016497596,0.1805,0.053487531622696066,0.14299775994904698,0.18656499999999998
Zone_DH761,0.10534481421146537,0.1792,0.12286228622862286,0.5267733810026813,0.09803921568627451,0.19230769230769232,0.9035206917850525,0.8923649393605292,0.09735832978270131,0.935754189944134,0.34274302997401995,0.0512786557636571,0.0512786557636571,0.44830786026200875,0.14018635082756611,0.27203255808809707,0.8003478933127175,0.18202360160246278,0.04821727254130416,0.1485,0.061076978677267794,0.16547426474579582,0.148305
Zone_DH762,0.21511837011022486,0.0,0.0,0.4180276807237074,0.09803921568627451,0.19230769230769232,0.45558987029030257,0.39264057331863284,0.2141031103536429,0.8611946712505372,0.18015432936523323,0.18488366143687382,0.18488366143687382,0.23651746724890832,0.344187603243325,0.4874939635564698,0.6863161963664476,0.3935595715018684,0.17954827142221097,0.0,0.21503433321286594,0.3975113359605983,0.0
Zone_DH763,0.5133250118123285,0.0,0.0,0.4265052409198017,0.0392156862745098,0.07692307692307693,0.6198888202594195,0.5759371554575524,0.24328930549637834,0.7129709210714796,0.18209314048625388,0.35085760376569164,0.35085760376569164,0.5094432314410481,0.5585385603696786,0.5578779735244351,0.5833011209895631,0.552175918487922,0.33148622793400956,0.0,0.39754246476328153,0.5988101312546819,0.0
Zone_DH764,0.34468727300935814,0.0,0.0,0.4542943040546031,0.0392156862745098,0.07692307692307693,0.8100061766522545,0.7880374862183022,0.16126970600766932,0.6936685288640596,0.2846562487882431,0.18488366143687382,0.18488366143687382,0.5094432314410481,0.36325239416547,0.45821675163767334,0.7110552763819096,0.3930879540613518,0.17954827142221097,0.0,0.21503433321286594,0.4105191924236339,0.0
Zone_DH765,0.2059788012778471,0.0952,0.1089108910891089,0.5412366945640692,0.11764705882352941,0.11538461538461539,0.7851760345892527,0.9400496141124587,0.12100553898593949,0.8870147543331901,0.2859746403505371,0.09639953891947041,0.09639953891947041,0.4325873362445415,0.21763962816207988,0.2654929239979504,0.5463857750289912,0.2620508621270465,0.08839031081910399,0.1265,0.11384170581857607,0.290247636004386,0.126265
Zone_DH766,0.2152805692484538,0.0,0.0,0.6582432761842854,0.0392156862745098,0.0,0.8646077825818407,1.0,0.026629740093736684,0.9045265721243375,0.27042537515995196,0.09183387858413365,0.09183387858413365,0.13788209606986898,0.2156249662603513,0.25905282210646996,0.5506378044066488,0.24678548662109429,0.0796481474796337,0.0,0.10878207444886158,0.2938682676336159,0.0
Zone_DH767,0.28824197290569176,0.0,0.0,0.6302104493377751,0.0196078431372549,0.038461538461538464,0.9771463866584312,0.9745038588754136,0.07626757562846186,0.8440051568543189,0.4118034821047733,0.12782344106927346,0.12782344106927346,0.38209606986899564,0.24739745845974453,0.3975979562721874,0.5823347506764592,0.2992464486170207,0.11074810776987593,0.0,0.15034333212865922,0.32684840391846076,0.0
Zone_DH768,0.7185069216719204,0.0,0.0,0.3186533409170932,0.0392156862745098,0.07692307692307693,0.4912909203211859,0.4324696802646086,0.3734554750745632,0.573306116602206,0.19605258055760205,0.598712465727451,0.598712465727451,0.3275109170305678,0.7281998682804116,0.8054440426292722,0.5867800541167375,0.76106875767674,0.5988893301084196,0.0,0.6465486086013733,0.7708073230486406,0.0
Zone_DH770,0.17618352479883778,0.1264,0.08955895589558956,0.7100295224939734,0.0196078431372549,0.038461538461538464,0.9597282273008029,0.9550716648291069,0.04367277375372816,0.9225397507520411,0.3726394974601574,0.07901571947523499,0.07901571947523499,0.3258187772925764,0.17276643525766294,0.31798694285008605,0.7377270970235795,0.21799090970339927,0.06482918787528728,0.103,0.09360318033971811,0.22311124621380723,0.10299499999999999
Zone_DH771,0.044118165598267985,0.124,0.08775877587758775,0.7098670133528344,0.058823529411764705,0.11538461538461539,0.9848054354539839,0.9830485115766262,0.023647209203238175,0.8763787423005299,0.22052037690488197,0.01928291744792529,0.01928291744792529,0.3303493449781659,0.08538236469051294,0.11237922504967394,0.8057595670660999,0.08857079185086525,0.015968135927704172,0.09849999999999999,0.023129743404409105,0.09212073838448538,0.09865
Zone_DH772,0.019929337592823743,0.1444,0.1242124212421242,0.7576176159908993,0.0392156862745098,0.07692307692307693,0.9864113650401483,0.9848401323043,0.007456327226246272,0.844184214295946,0.12621660397844042,0.008649774425680861,0.008649774425680861,0.30212882096069876,0.06337223739756642,0.05140285104453513,0.7104754541940472,0.04764890931988619,0.0068228583805638775,0.13949999999999999,0.010119262739428982,0.06039995223154671,0.13955499999999998
Zone_DH773,0.013307381471216703,0.1316,0.1143114311431143,0.7736518512499662,0.0784313725490196,0.15384615384615385,0.9927115503397158,0.9918687982359427,0.010012782275244993,0.8562526858616244,0.1390903098220172,0.005733409979443996,0.005733409979443996,0.29132096069869,0.04393172174776779,0.03805816366779839,0.8401623502126014,0.033614403507589936,0.004380106614682982,0.128,0.0068666425731839535,0.0397328585438583,0.127825
Zone_DH774,0.01554996086064273,0.1216,0.0954095409540954,0.7459440426857342,0.27450980392156865,0.038461538461538464,0.9587399629400865,0.9982083792723264,0.0031955688112484024,0.8439693453659933,0.22203264957927804,0.006621260868649232,0.006621260868649232,0.3129366812227074,0.030850455080381343,0.05708724550169759,0.8161963664476228,0.039014682331966845,0.005282601109466564,0.106,0.007950849295265629,0.03674190198058141,0.10597999999999999
Zone_DH775,0.01588141127354532,0.1064,0.0954095409540954,0.7792584166192681,0.23529411764705882,0.11538461538461539,0.96899320568252,0.9944873208379271,0.008734554750745633,0.8255622403667096,0.24762495637674975,0.006813879366646303,0.006813879366646303,0.2885371179039301,0.027920234072186648,0.0581894724424833,0.8840355624275223,0.03863635185770627,0.005216418179849102,0.106,0.007950849295265629,0.03808448502350425,0.10623999999999999
Zone_DH776,0.01789127016029506,0.138,0.1197119711971197,0.7771999674981717,0.2549019607843137,0.23076923076923078,0.8205064854848672,0.9841510474090407,0.018960374946740518,0.7835553645609512,0.15235177788979803,0.007822116817099708,0.007822116817099708,0.28531659388646285,0.045544746871659776,0.02976012740121429,0.7437185929648242,0.043054526231776656,0.005986546815397759,0.13449999999999998,0.0093964582580412,0.05240054571839049,0.13707
Zone_DH777,0.02979527647900931,0.2108,0.18496849684968494,0.7680182010238075,0.1568627450980392,0.19230769230769232,0.9789993823347746,0.9853914002205071,0.024712398806987643,0.7648975791433891,0.13719027492341695,0.013016796934958151,0.013016796934958151,0.28995633187772935,0.08432212997052504,0.061485094131655295,0.6797448782373406,0.06424362409498686,0.010168104641228354,0.208,0.01554029634983737,0.08591988651373524,0.21147
Zone_DH778,0.04695312444905184,0.2392,0.21602160216021601,0.6549118387909318,0.19607843137254902,0.3076923076923077,0.9581222977146386,0.962651598676957,0.06242011077971878,0.7328462970921071,0.2224979642483229,0.021308421340925712,0.021308421340925712,0.3544213973799127,0.10183435721920514,0.1255359071622633,0.8507924236567453,0.09670748835208573,0.018188272384871782,0.247,0.025298156848572458,0.10813402669967032,0.252615
Zone_DH779,0.07502062749910085,0.0824,0.047254725472547256,0.5223043796213538,0.27450980392156865,0.5384615384615384,0.7870290302655961,0.7624035281146638,0.18108223263740944,0.8175046554934823,0.4019155453875684,0.04354983853152473,0.04354983853152473,0.4002729257641922,0.10257285064942076,0.2710704135009898,0.8544646308465406,0.1592123470482449,0.039005812064546404,0.06349999999999999,0.0516805204192266,0.13514491573572465,0.06365499999999999
Zone_DH780,0.07130415159272502,0.04,0.024302430243024302,0.5334091709325315,0.21568627450980393,0.4230769230769231,0.7179740580605313,0.6853638368246968,0.1363442692799318,0.8434321730411115,0.2689518787079763,0.04337828768174609,0.04337828768174609,0.4179039301310044,0.12504723550814612,0.22443404885925042,0.8486664089679167,0.16090706026856283,0.039595441801138345,0.034999999999999996,0.0516805204192266,0.14945011996395652,0.03521
Zone_DH781,0.08814465342275442,0.0448,0.0288028802880288,0.571950922239376,0.11764705882352941,0.23076923076923078,0.9292155651636812,0.9210308710033076,0.09245845760545376,0.8924222890703337,0.2518903408429951,0.0418764653301752,0.0418764653301752,0.4090065502183407,0.14929875514192245,0.19022814991760947,0.8088519520680325,0.15656403372842093,0.03788070226104954,0.033999999999999996,0.04987350921575714,0.1663862079447623,0.033784999999999996
Zone_DH782,0.074188475398622,0.0,0.0,0.6868448850247827,0.11764705882352941,0.15384615384615385,0.363928350833848,0.290380374862183,0.050276949296974856,0.720634579573127,0.05320097716080503,0.06516524560363327,0.06516524560363327,0.4083515283842795,0.21142073611815898,0.2273831510419547,0.5630073444143796,0.20519504749861364,0.058620025751176245,0.0,0.07734007950849295,0.2295075144843359,0.0
Zone_DH783,0.0691250414313016,0.0764,0.0621062106210621,0.8380054711410849,0.0784313725490196,0.07692307692307693,0.5745521927115503,0.6568357221609702,0.023860247123988067,0.4328176479014468,0.1254798557524526,0.04296897337350232,0.04296897337350232,0.20813318777292578,0.13496939139072134,0.11654851826047208,0.733281793583301,0.13667836208817694,0.030468214143893724,0.092,0.051319118178532706,0.17569924692309644,0.09207999999999998
Zone_DH784,0.09303883611540115,0.11,0.10126012601260126,0.9083990141112103,0.058823529411764705,0.11538461538461539,0.8911673872760963,0.8785832414553473,0.041542394546229225,0.3360191949577424,0.39571134980030254,0.0452472890451239,0.0452472890451239,0.1925218340611354,0.1094697746731303,0.20911714939783024,0.7309625048318515,0.1395158406451312,0.03141282504843387,0.0995,0.05384893386338995,0.15877220599783595,0.09943
Zone_DH785,0.099131882003653,0.1048,0.0846084608460846,0.7935863058963732,0.09803921568627451,0.19230769230769232,0.6543545398394071,0.6143880926130099,0.07349808265871326,0.4801962469560235,0.14463530962813606,0.06642328516867663,0.06642328516867663,0.40060043668122275,0.1988836225046156,0.18604779757362622,0.5183610359489756,0.1789529056298684,0.046947763618641926,0.0965,0.07878568847126852,0.24557508513279264,0.09641999999999999
Zone_DH786,0.03771482570644777,0.06,0.049054905490549056,0.7480837463774003,0.0784313725490196,0.11538461538461539,0.9838171710932674,0.9891124586549062,0.019812526629740094,0.6030296519123334,0.2614680677808368,0.016360533673626013,0.016360533673626013,0.5276200873362447,0.0683624663953099,0.10937851357877237,0.8430614611519135,0.07703430369053604,0.013104220064257606,0.05499999999999999,0.019515720997470183,0.09225463480655587,0.05497
Zone_DH787,0.024985719423699405,0.0412,0.0423042304230423,0.6545868205086535,0.35294117647058826,0.6923076923076923,0.9124150710315009,0.9022877618522601,0.07946314443971027,0.3714725683999427,0.4062197060762341,0.012270400255219511,0.012270400255219511,0.343995633187773,0.03600479372928386,0.12287065606464433,0.8726323927328953,0.06495105025576177,0.010336570280254621,0.032499999999999994,0.014456089627755693,0.06828174702261401,0.03268
Zone_DH788,0.02310985112939965,0.0284,0.0315031503150315,0.6609517618699385,0.4117647058823529,0.6153846153846154,0.9062384187770228,0.9581036383682469,0.06625479335321688,0.0,0.2832215285586878,0.01064819134240045,0.01064819134240045,0.3467248908296943,0.04412606212414032,0.08561243636390448,0.7796675686122922,0.058532388716423175,0.009000878427974921,0.036,0.012649078424286229,0.05870272461124802,0.035875
Zone_DH789,0.02629741680242029,0.0564,0.04995499549954995,0.7483545949459657,0.4117647058823529,0.5769230769230769,0.946757257566399,0.9594818081587652,0.06412441414571794,0.20362412261853602,0.3261855830005041,0.012065743101097627,0.012065743101097627,0.28618995633187777,0.04595933967458783,0.0899918531052203,0.7926169308078856,0.06016750193052194,0.00935585959592313,0.057,0.014456089627755693,0.060276912276130606,0.063845
Zone_DH790,0.03981636236697907,0.1972,0.18586858685868587,0.7660410064732808,0.3333333333333333,0.23076923076923078,0.8331068560840024,0.8547409040793825,0.037707711972731144,0.6264503652771808,0.2701151653805886,0.01984271495772927,0.01984271495772927,0.28116812227074245,0.07058874337353299,0.11689135138921146,0.7108620023192889,0.08612200898664442,0.015402572710973126,0.20049999999999998,0.023491145645102997,0.09596211816902071,0.21298999999999998
Zone_DH791,0.04753845177396492,0.3004,0.25517551755175516,0.6344086021505376,0.35294117647058826,0.2692307692307692,0.6255713403335392,0.6350606394707827,0.05688112484022156,0.8152843432173041,0.34382876420179154,0.028907823019716315,0.028907823019716315,0.3917576419213974,0.07652692154047139,0.19626643663669643,0.7035175879396985,0.12196493446590621,0.025739142991227752,0.31449999999999995,0.03433321286591977,0.1232588941603066,0.33412499999999995
Zone_DH792,0.12262960063751312,0.1,0.10081008100810081,0.6054278053140488,0.23529411764705882,0.38461538461538464,0.13835701050030882,0.03872657111356117,0.19429058372390282,0.6318579000143246,0.010198146496568344,0.21414361514824098,0.21414361514824098,0.281495633187773,0.3911531942000194,0.386291835779245,0.32547352145342096,0.3751768565401937,0.16435628076002068,0.13899999999999998,0.24972894831947956,0.4724336217534641,0.13888999999999999
Zone_DH793,0.1645263432556893,0.2976,0.2961296129612961,0.4171880501611549,0.09803921568627451,0.19230769230769232,0.3986411365040148,0.3291069459757442,0.1655304644226672,0.8099842429451367,0.17061537864981197,0.1673674167752654,0.1673674167752654,0.43144104803493455,0.31203722697876296,0.44978600577286754,0.6979126401236954,0.3574005068591834,0.15149874252433726,0.4275,0.19551861221539574,0.3646252890534246,0.42735
Zone_DH794,0.18039365025634513,0.5308,0.34923492349234925,0.4653178407952113,0.17647058823529413,0.2692307692307692,0.5092032118591723,0.45245314222712235,0.2309331060928845,0.8665305830110299,0.27042537515995196,0.14949001242991244,0.14949001242991244,0.4184497816593887,0.26811630191857144,0.45756426277975,0.7046772323154233,0.332829756469192,0.13396628280567488,0.26499999999999996,0.17528008673653778,0.33305649343364707,0.28409
Zone_DH795,0.16870120803097297,0.5372,0.35238523852385234,0.5359551474770455,0.09803921568627451,0.19230769230769232,0.44928968499073507,0.3856119073869901,0.15146996165317425,0.9231127345652484,0.1939974407693203,0.13926618371591182,0.13926618371591182,0.44263100436681224,0.2754818021830902,0.42016964710306004,0.6785852338616157,0.3247811643249911,0.1280218524000337,0.3805,0.16335381279363934,0.3267905027629707,0.38043499999999997
Zone_DH796,0.22377134152791583,0.4,0.2088208820882088,0.49207767936946456,0.0784313725490196,0.15384615384615385,0.6962322421247683,0.6611080485115766,0.1721346399659139,0.9576350093109868,0.27193764783434804,0.13926618371591182,0.13926618371591182,0.44263100436681224,0.2706988695868107,0.4276972304244127,0.6488210282180131,0.3247785730203729,0.1280218524000337,0.308,0.16335381279363934,0.32380859325523914,0.30797
Zone_DH797,0.33516688880896467,0.4896,0.30783078307830786,0.4265052409198017,0.0784313725490196,0.15384615384615385,0.208153180975911,0.11659316427783899,0.2705581593523647,0.8633433605500644,0.09837527628058476,0.45980443203125243,0.45980443203125243,0.23651746724890832,0.5659817967847464,0.7488397126099924,0.3875144955546966,0.6341544313900277,0.4269881953720082,0.357,0.5124683773039393,0.6422830425609681,0.357145
Zone_DH798,0.32441943286718705,0.2856,0.12871287128712872,0.29316649061509714,0.13725490196078433,0.2692307692307692,0.752933909820877,0.7243660418963617,0.4844482317852577,0.7284056725397507,0.315716002946993,0.2197175129340312,0.2197175129340312,0.5094432314410481,0.35436240161518445,0.5699250559407821,0.6687282566679551,0.43190051463309725,0.21210425616403736,0.1785,0.25406577520780627,0.424144058074859,0.17857
Zone_DH799,0.3088412634607654,0.3528,0.279027902790279,0.4468459684190568,0.11764705882352941,0.07692307692307693,0.48289067325509577,0.6474641675854466,0.14614401363442692,0.7978799598911331,0.31715072317654813,0.1970186268106891,0.1970186268106891,0.47636462882096076,0.2787726325563318,0.40431085011556794,0.6372245844607654,0.40050167657408803,0.18524601999927798,0.4165,0.2291290205999277,0.4032435503541018,0.416665
Zone_DH800,0.2171846460885325,0.1332,0.07605760576057605,0.4272094471980716,0.17647058823529413,0.15384615384615385,0.24620135886349592,0.7898291069459757,0.17788666382616103,0.8377023349090388,0.3316142541393618,0.11839416365951069,0.11839416365951069,0.24481441048034944,0.159672212565185,0.23285373559087108,0.5815616544259762,0.309912258425627,0.11755893289050935,0.09999999999999999,0.13913986266714856,0.30560229867587296,0.09999999999999999
Zone_DH801,0.21156409334207796,0.186,0.21422142214221424,0.5872267815064598,0.058823529411764705,0.0,0.7176034589252626,1.0,0.027907967618236044,0.8523492336341498,0.420993446818411,0.09024778563968905,0.09024778563968905,0.18193231441048033,0.14441433368242623,0.29065982474960284,0.6801314263625822,0.25330520904054354,0.08317990926922011,0.23800000000000002,0.10661366100469823,0.2511498807598079,0.238095
Zone_DH802,0.3365561596885776,0.0,0.0,0.5098453454673492,0.0392156862745098,0.038461538461538464,0.9411982705373687,0.9671995589856671,0.09884959522795057,0.7074559518693597,0.2642987320175269,0.15093465116489047,0.15093465116489047,0.2170305676855895,0.31957979291953226,0.3896980488002684,0.5898724391186704,0.3475483667006992,0.14397193843784217,0.0,0.17672569569931335,0.36721274693938116,0.0
Zone_DH805,0.20009731948293735,0.1472,0.10306030603060305,0.6858969150348041,0.0392156862745098,0.07692307692307693,0.9691167387276096,0.9655457552370452,0.07733276523221133,0.9047056295659647,0.37612935747799453,0.08998594486897428,0.08998594486897428,0.3333515283842795,0.19631617019898295,0.3267863264877299,0.7095090838809431,0.23661979860380505,0.07436554637016714,0.1175,0.10661366100469823,0.24734287978634473,0.11752
Zone_DH806,0.08014047855797914,0.1596,0.1044104410441044,0.6778527125484142,0.13725490196078433,0.2692307692307692,0.9009264978381718,0.8894707828004411,0.08862377503195568,0.8112734565248532,0.34964519756485324,0.03934834754396367,0.03934834754396367,0.3204694323144105,0.10607529609915678,0.2227014513269117,0.7897178198685736,0.14126237995781354,0.03220702020384342,0.126,0.046982291290205994,0.13643502585648476,0.12597
Zone_DH807,0.04944252861404362,0.178,0.1548154815481548,0.7549362151621027,0.0784313725490196,0.15384615384615385,0.9594811612106239,0.9547960308710033,0.03238176395398381,0.7897507520412549,0.21427740509519566,0.022319668455410325,0.022319668455410325,0.29290393013100435,0.09772297859016855,0.11551264611879722,0.7013915732508698,0.09484952294081979,0.017622709168140738,0.178,0.026743765811348033,0.10634451911280955,0.17796499999999998
Zone_DH808,0.03691793428819261,0.118,0.1089108910891089,0.7861108854039704,0.11764705882352941,0.23076923076923078,0.9722050648548487,0.9689911797133407,0.03472518108223264,0.8238432889270877,0.2299042227306216,0.01647791057084298,0.01647791057084298,0.27314410480349344,0.07573660400988975,0.09013193545889873,0.7653652879783533,0.07517633827927009,0.012616873037074471,0.1235,0.019515720997470183,0.08528297380334596,0.12361499999999999
Zone_DH809,0.030853096945719707,0.1504,0.12736273627362735,0.7561821185775034,0.21568627450980393,0.11538461538461539,0.9453983940704138,0.978638368246968,0.016190881976991905,0.8382753187222461,0.3452634844313467,0.013522420492200458,0.013522420492200458,0.29978165938864626,0.04723550814610077,0.11420029564749382,0.7651720139157326,0.06680642436240951,0.010715617968063727,0.144,0.016263100831225154,0.0689783702996023,0.14387
Zone_DH810,0.03145958067996699,0.1276,0.10261026102610261,0.7563987974323556,0.23529411764705882,0.19230769230769232,0.9473749227918468,0.9783627342888644,0.026203664252236896,0.8308623406388769,0.31335065337934787,0.013856493199664125,0.013856493199664125,0.2962882096069869,0.05226460521911877,0.09427173764786982,0.8032470042520293,0.06775743315729738,0.010932216646811786,0.11599999999999999,0.016624503071919046,0.0733191475502383,0.115795
Zone_DH811,0.03227762850755636,0.1588,0.13006300630063006,0.7782562769155763,0.27450980392156865,0.038461538461538464,0.952686843730698,0.9875964718853362,0.007030251384746484,0.7601346511961038,0.18585443406103375,0.013949792784631453,0.013949792784631453,0.28951965065502183,0.07319722309195538,0.06825697001868992,0.6836103594897566,0.06758899835711288,0.010902133496985666,0.146,0.016624503071919046,0.08455739994861272,0.145835
Zone_DH812,0.045810678345004616,0.224,0.2007200720072007,0.7683432193060858,0.0392156862745098,0.0,0.9924644842495367,1.0,0.0038346825734980826,0.754261567110729,0.19613013300244295,0.019508642250265603,0.019508642250265603,0.2991266375545852,0.10188834065708642,0.09312527417434355,0.6507537688442211,0.08681906992894642,0.015516888680312382,0.223,0.023129743404409105,0.10955803324250091,0.227965
Zone_DH813,0.07747477098186896,0.2188,0.18856885688568856,0.6658270361041141,0.058823529411764705,0.038461538461538464,0.9806053119209389,0.9928335170893055,0.019812526629740094,0.7137229623263142,0.31501803094342556,0.03340426108233538,0.03340426108233538,0.3670305676855896,0.12253592597790999,0.16200524202912978,0.8349439505218401,0.1315942224272232,0.028891857093005065,0.2105,0.03975424647632815,0.14407435955893794,0.21052499999999996
Zone_DH814,0.1507676250520095,0.1008,0.0522052205220522,0.4594675117142006,0.13725490196078433,0.2692307692307692,0.45410747374922794,0.39098676957001105,0.1955688112484022,0.8055078069044548,0.18577688161619293,0.13285559932944688,0.13285559932944688,0.4452510917030569,0.2766737564915084,0.4004807036557808,0.6503672207189796,0.3167144330484626,0.12257078565154085,0.104,0.1561257679797615,0.32594731718614867,0.104165
Zone_DH815,0.17572513592992994,0.0,0.0,0.5098453454673492,0.0392156862745098,0.07692307692307693,0.4615194564546016,0.3992557883131201,0.07946314443971027,0.7302320584443489,0.25266586529140334,0.1335839380249983,0.1335839380249983,0.25556768558951964,0.2546333984733484,0.48131928086143283,0.7367607267104754,0.33359419133156787,0.13396628280567488,0.0,0.15648717022045538,0.31246901383475734,0.0
Zone_DH816,0.20616215682541025,0.0,0.0,0.5257712412989897,0.0196078431372549,0.038461538461538464,0.8547251389746756,0.8379272326350605,0.060076693651469955,0.8064030941125914,0.24304936213114123,0.1022021711716321,0.1022021711716321,0.2100982532751092,0.2476133922112696,0.34746690554394344,0.7321221492075765,0.27789150725824424,0.09750550521641818,0.0,0.12034694615106614,0.2741221642004394,0.0
Zone_DH817,0.23532979316083805,0.0,0.0,0.5453535928062619,0.058823529411764705,0.11538461538461539,0.7367510809141445,0.7063120176405733,0.1371964209629314,0.805830110299384,0.1726317422156734,0.1355221616610938,0.1355221616610938,0.17352620087336248,0.31748955420477004,0.34179725659769455,0.5301507537688442,0.3170072504703218,0.12257078565154085,0.0,0.15901698590531263,0.3507308211469495,0.0
Zone_DH818,0.23397578296344876,0.0,0.0,0.7987595135559707,0.0196078431372549,0.038461538461538464,0.4564546016059296,0.3936052921719956,0.054324669791222836,0.5138590459819509,0.039241537089456775,0.20651110716510718,0.20651110716510718,0.18193231441048033,0.4293929022575873,0.2733227902930302,0.27232315423270204,0.3439464532813691,0.14048229305801233,0.0,0.24177809902421396,0.4674993576590563,0.0
Zone_DH819,0.4377049527154251,0.112,0.08730873087308731,0.862571436309959,0.0196078431372549,0.038461538461538464,0.655219271155034,0.6153528114663727,0.09650617809970174,0.5571551353674259,0.13974950560316413,0.28156610877527743,0.28156610877527743,0.18689956331877733,0.49480139493203484,0.3297686060699896,0.242945496714341,0.4093613470637928,0.19131078300422363,0.0,0.32706902782797254,0.5441279181277662,0.0
Zone_DH820,0.30071015013998487,0.3636,0.10711071107110712,0.23125050784106607,0.19607843137254902,0.38461538461538464,0.3999999999999999,0.3306229327453142,0.6670217298679165,0.6092608508809627,0.18461359494358062,0.3705287678736423,0.3705287678736423,0.45196506550218346,0.4974962481510672,0.6482274052693083,0.6155778894472362,0.552118909786321,0.33148622793400956,0.23149999999999998,0.41994940368630285,0.5762178241469532,0.23147999999999996
Zone_DH821,0.09014040803661469,0.0396,0.04590459045904591,0.520895967064814,0.0784313725490196,0.15384615384615385,0.957998764669549,0.9531422271223814,0.06987643800596506,0.7151912333476579,0.3334755128155415,0.04112404932237415,0.04112404932237415,0.46872270742358085,0.126176569028622,0.2431313566975954,0.6592578275995361,0.16110140811492954,0.039595441801138345,0.053,0.04878930249367546,0.17014435481828083,0.052814999999999994
Zone_DH822,0.050923477267438164,0.0,0.0,0.5966793965493892,0.09803921568627451,0.19230769230769232,0.9764051883878938,0.9736769570011026,0.04622922880272688,0.3660650336627991,0.5642715886618326,0.022671799147061213,0.022671799147061213,0.40917030567685597,0.054195052957752565,0.2077421305051444,0.7079628913799768,0.10550496753095315,0.020637040780717902,0.0,0.027105168052041922,0.0999283473200812,0.0
Zone_DH823,0.03764430434200041,0.0,0.0,0.6352211478562336,0.23529411764705882,0.23076923076923078,0.8376775787523163,0.976433296582139,0.04005112910097997,0.08630568686434612,0.43053239753383227,0.016700625709152088,0.016700625709152088,0.3794213973799127,0.04586216948640157,0.13648813539328122,0.7785079242365676,0.08358253046078577,0.014716676894937605,0.0,0.019877123238164075,0.07581794429185076,0.0
Zone_DH824,0.04655115267170188,0.0192,0.01485148514851485,0.6748733782941957,0.11764705882352941,0.23076923076923078,0.9672637430512662,0.9634785005512678,0.04686834256497656,0.19037387193811775,0.5067664508123617,0.020956290649274824,0.020956290649274824,0.34536026200873365,0.05171829282776044,0.17437303930784576,0.6925009663703132,0.09493244468860293,0.017688892097758202,0.016999999999999998,0.02493675460787857,0.07860805622202198,0.017005
Zone_DH825,0.06169208961854994,0.2108,0.15886588658865886,0.6001191733701688,0.29411764705882354,0.11538461538461539,0.883137739345275,0.9813947078280045,0.0357903706859821,0.7486033519553073,0.3244018767691652,0.027102024600993795,0.027102024600993795,0.41184497816593885,0.07856317681735243,0.16443825132986079,0.7466177039041361,0.11876726456701892,0.02469826600724402,0.179,0.032164799421756415,0.11137287258488851,0.18264999999999998
Zone_DH826,0.05151585672879599,0.1848,0.17596759675967596,0.5994420519487554,0.39215686274509803,0.11538461538461539,0.857442865966646,0.9841510474090407,0.030251384746484873,0.703230196246956,0.39916243359571907,0.022533354601625824,0.022533354601625824,0.4144104803493451,0.052245171181481524,0.15817509556934262,0.7091225357557016,0.10549719361709847,0.020637040780717902,0.198,0.026743765811348033,0.1049187031588699,0.20104
Zone_DH827,0.0459446689374546,0.0888,0.0999099909990999,0.5624441374827335,0.27450980392156865,0.19230769230769232,0.8400247066090178,0.910832414553473,0.04345973583297827,0.3586162440911043,0.42351390127573774,0.021672590688701424,0.021672590688701424,0.43689956331877733,0.05042053098109501,0.18513357589698787,0.672593737920371,0.10473275875472264,0.02036629243228283,0.1185,0.025659559089266353,0.12443139255897775,0.11858999999999999
Zone_DH828,0.052312748147051155,0.0816,0.0855085508550855,0.5143956014192465,0.2549019607843137,0.11538461538461539,0.8182828906732552,0.9594818081587652,0.03323391563698338,0.3789213579716373,0.45472876032416915,0.023403147506643834,0.023403147506643834,0.22259825327510915,0.049487697174506864,0.17893677493558055,0.6569385388480866,0.11456935108549748,0.023272324705485962,0.09799999999999999,0.02782797253342971,0.13597000720145622,0.09812499999999999
Zone_DH829,0.08145922807314476,0.0988,0.0666066606660666,0.4371225048075621,0.21568627450980393,0.23076923076923078,0.6932674490426189,0.9259922822491731,0.0975713677034512,0.541577137945853,0.29760750707666056,0.03855379623972576,0.03855379623972576,0.5413209606986898,0.10270888891288152,0.1803744622496489,0.4304213374565134,0.16209128647909077,0.039896273299399536,0.07799999999999999,0.04589808456812432,0.20464258702362728,0.078015
Zone_DH830,0.2650192875931763,0.4896,0.36183618361836184,0.577557487608678,0.0784313725490196,0.11538461538461539,0.8896849907350215,0.8769294377067254,0.14955262036642522,0.9130497063457956,0.3476288339989918,0.13368927626609042,0.13368927626609042,0.377674672489083,0.25979853380982715,0.396624752551895,0.6059141863161964,0.30575580581799716,0.1152004139441416,0.441,0.15720997470184317,0.3129575548342036,0.44117499999999993
Zone_DH831,0.31873541089272994,0.4676,0.27137713771377137,0.5789929850220742,0.0196078431372549,0.038461538461538464,0.8685608400247066,0.8533627342888643,0.08819769919045589,0.8676765506374445,0.2914033114893947,0.15757397001772694,0.15757397001772694,0.4145196506550219,0.3057211647466558,0.41707308981122065,0.5444530344027833,0.34265857488611223,0.14048229305801233,0.3375,0.184676544994579,0.3520770230120905,0.3373
Zone_DH832,0.4962799980254018,0.3332,0.1341134113411341,0.47114108501936564,0.0196078431372549,0.038461538461538464,0.4705373687461396,0.409316427783903,0.14955262036642522,0.6955665377453086,0.2387839776648959,0.3980671937591608,0.3980671937591608,0.5094432314410481,0.48607119335787774,0.7586307318565705,0.5185543100115965,0.5892289832238939,0.37326570641252416,0.2605,0.44777737621973257,0.5879048105003746,0.26041499999999995
Zone_DH833,0.4065979788576949,0.2552,0.11386138613861385,0.4441916524471168,0.058823529411764705,0.07692307692307693,0.8502779493514515,0.8329658213891951,0.1910950149126544,0.733705772811918,0.3333204079258599,0.21546184799390847,0.21546184799390847,0.49093886462882097,0.35559106466136187,0.5455433536452747,0.6656358716660226,0.4233362528698699,0.20469778467684677,0.1435,0.24972894831947956,0.42502705069608043,0.14368
Zone_DH834,0.336118927229004,0.3584,0.3564356435643565,0.4556756317542861,0.11764705882352941,0.038461538461538464,0.5367510809141446,0.5865490628445424,0.10396250532594802,0.7937258272453803,0.2775989763077281,0.22768108396059747,0.22768108396059747,0.47177947598253284,0.3372323771067036,0.4692132164014318,0.6667955160417471,0.43184609723611456,0.21210425616403736,0.5655,0.26346223346584746,0.45108980831098716,0.565475
Zone_DH835,0.28741687294165763,0.4284,0.5,0.3550824733891281,0.19607843137254902,0.19230769230769232,0.0,0.24531422271223816,0.30187473370259904,0.828821085804326,0.14463530962813606,0.29598540914877675,0.29598540914877675,0.3328602620087337,0.36961164314788225,0.3353239773066587,0.5829145728643216,0.5368302125388049,0.31389360191569493,0.0,0.33646548608601373,0.5518215341634911,0.0
Zone_DH836,0.2832631645757082,0.3428,0.37488748874887484,0.47598927439668476,0.0784313725490196,0.11538461538461539,0.48523780111179743,0.4257166482910694,0.1749041329356625,0.8408537458816787,0.17356237155376328,0.22768108396059747,0.22768108396059747,0.20829694323144105,0.3985726779024195,0.49640762490369345,0.665249323540781,0.4320015755132079,0.21210425616403736,0.1785,0.26346223346584746,0.45155844578823384,0.17857
Zone_DH837,0.4450955917095084,0.2224,0.1323132313231323,0.5735760136507677,0.0,0.0,1.0,1.0,0.060076693651469955,0.8319008738003151,0.25782310287331817,0.18991281003301605,0.18991281003301605,0.19104803493449787,0.3642543267725462,0.43788637846565587,0.6865094704290684,0.3870864925655471,0.1741874541231965,0.147,0.2211781713046621,0.4108394581899375,0.14706
Zone_DH840,0.45400244003920986,0.0,0.0,0.737926925056201,0.0196078431372549,0.038461538461538464,0.902532427424336,0.8912624035281147,0.10950149126544524,0.8849734994986391,0.22905114583737257,0.21934431459416187,0.21934431459416187,0.2861353711790393,0.3971647898424764,0.38114565247042603,0.4105141090065714,0.3811057615066882,0.16912746832244321,0.0,0.25551138417058183,0.45603854769426744,0.0
Zone_DH841,0.24791080457824693,0.1044,0.0702070207020702,0.662197665285339,0.0196078431372549,0.038461538461538464,0.710438542310068,0.6769570011025359,0.06391137622496804,0.893783125626701,0.40439722362247466,0.14265506541504772,0.14265506541504772,0.35622270742358086,0.2255881495557163,0.47721634244974553,0.6209895632006186,0.3134157022694646,0.12001371791632069,0.10200000000000001,0.16769063968196604,0.3113670824693396,0.10203999999999999
Zone_DH842,0.1764797145295167,0.3124,0.32718271827182716,0.7403645621732888,0.058823529411764705,0.11538461538461539,0.855466337245213,0.8387541345093715,0.08819769919045589,0.6747958745165449,0.5256892473535228,0.08964284316941701,0.08964284316941701,0.28073144104803494,0.14822988307187354,0.38235478436533477,0.591998453807499,0.22826543251465384,0.06971469140704907,0.3515,0.10625225876400433,0.22239110059240122,0.35140499999999997
Zone_DH843,0.15789028286119278,0.1464,0.1719171917191719,0.7980823921345575,0.0392156862745098,0.07692307692307693,0.9660284126003706,0.9621003307607497,0.05602897315722198,0.7418349806617962,0.46864942417309713,0.07087156860679643,0.07087156860679643,0.26239082969432326,0.14117532740955074,0.30115494214230154,0.6120989563200618,0.19557353345115133,0.053987220677953855,0.1965,0.08420672208167691,0.20090796249452655,0.19654
Zone_DH844,0.09603599410441392,0.1084,0.11656165616561655,0.698274694618239,0.27450980392156865,0.15384615384615385,0.685361334156887,0.6489801543550165,0.06369833830421814,0.7842715943274602,0.337004149055799,0.062116455940023414,0.062116455940023414,0.26293668122270747,0.13712225089342592,0.2675278045040163,0.6855431001159645,0.18041440143454623,0.04736291108624237,0.1735,0.07372605710155403,0.18730480977661013,0.17361000000000001
Zone_DH845,0.08293312459009455,0.1796,0.16516651665166518,0.7107878984859565,0.23529411764705882,0.23076923076923078,0.4553428042001235,0.39980705622932744,0.07754580315296122,0.6771236212576994,0.20915894373570126,0.06843976006958344,0.06843976006958344,0.2995087336244541,0.17310545124755725,0.25240628306220025,0.505798221878624,0.1963820204920369,0.05452871737482401,0.12699999999999997,0.08131550415612576,0.22561909001096506,0.126985
Zone_DH846,0.1132432070295696,0.1324,0.08415841584158416,0.6594079250291162,0.23529411764705882,0.34615384615384615,0.8432365657813465,0.8559812568908489,0.1563698338304218,0.6607577710929665,0.3287835899026717,0.059163975525412096,0.059163975525412096,0.3028930131004367,0.15086427484047893,0.232639925682625,0.593931194433707,0.18004902748337676,0.04736291108624237,0.104,0.070473436935309,0.19943872067396945,0.104165
Zone_DH847,0.15211458311295406,0.198,0.12736273627362735,0.6398526583787005,0.0196078431372549,0.038461538461538464,0.9752933909820877,0.9724366041896362,0.04005112910097997,0.5847657928663516,0.46256155725309234,0.06706735327135432,0.06706735327135432,0.38160480349344983,0.15213180596193088,0.3156092292152808,0.682257441051411,0.20521318663094124,0.058620025751176245,0.1445,0.0795084929526563,0.20191761389338228,0.14456
Zone_DH848,0.23573176493818798,0.3,0.15526552655265527,0.49115679423634245,0.058823529411764705,0.11538461538461539,0.6591723285978999,0.6197629547960308,0.14443971026842778,0.5888483025354533,0.336810267943697,0.15058252047323958,0.15058252047323958,0.19929039301310045,0.25498752982584943,0.5109466986644254,0.5796289137997682,0.3428684705601883,0.14048229305801233,0.23800000000000002,0.17636429345861945,0.3180799976839538,0.238095
Zone_DH849,0.2688838583648916,0.0,0.0,0.4665095744968987,0.058823529411764705,0.11538461538461539,0.3082149474984558,0.22822491730981254,0.16787388155091604,0.6494413407821228,0.1096591570049246,0.2964428780815198,0.2964428780815198,0.4619541484716158,0.4542447177206034,0.5595515890131199,0.3693467336683417,0.4953019647271616,0.27071224865528315,0.0,0.33935670401156487,0.520594717243326,0.0
Zone_DH850,0.25315054195668574,0.0,0.0,0.44733349584247445,0.058823529411764705,0.11538461538461539,0.2397776405188388,0.15187431091510473,0.16126970600766932,0.6789141956739722,0.15599674279731668,0.29774606260703124,0.29774606260703124,0.27958515283842794,0.4476932876993338,0.6464542575819575,0.6486277541553924,0.5215415152912886,0.2980578318472257,0.0,0.33935670401156487,0.5159264365819501,0.0
Zone_DH851,0.4810121226225485,0.0,0.0,0.21437664201944692,0.09803921568627451,0.19230769230769232,0.32612723903644225,0.24820837927232636,0.5783979548359608,0.5911402377882825,0.2218387684671759,0.598712465727451,0.598712465727451,0.3275109170305678,0.6495265652497814,0.9487998997305258,0.4010436799381524,0.7620508621270465,0.5988893301084196,0.0,0.6465486086013733,0.7367252553983781,0.0
Zone_DH856,0.23918731179610858,0.0,0.0,0.5631212589041467,0.0196078431372549,0.038461538461538464,0.9797405806053119,0.9773980154355016,0.06731998295696634,0.7661151697464545,0.22230408313622088,0.10560309152689286,0.10560309152689286,0.44121179039301317,0.2755681756837002,0.3072337790164007,0.7093158098183224,0.2773810202484543,0.09750550521641818,0.0,0.12468377303939285,0.3097748006933664,0.0
Zone_DH857,0.16243891086804746,0.0,0.0,0.5226023130467756,0.09803921568627451,0.15384615384615385,0.680296479308215,0.6594542447629549,0.12270984235193863,0.6735424724251541,0.14641901585947498,0.09829562725912908,0.09829562725912908,0.4452510917030569,0.26908152578788824,0.2755493624409719,0.6418631619636647,0.2668162713199587,0.09123617679265489,0.0,0.11601011926273944,0.31209084691296374,0.0
Zone_DH858,0.15643049061713246,0.0,0.0,0.534194631781371,0.0392156862745098,0.07692307692307693,0.5697344039530575,0.5199834619625138,0.06923732424371538,0.19649763644177048,0.3012524719841793,0.10784529123013997,0.10784529123013997,0.455731441048035,0.21685794798155927,0.4155321839207576,0.5056049478160032,0.28330474260571226,0.10095905081645667,0.0,0.1272135887242501,0.2754557001878169,0.0
Zone_DH859,0.1855276055881129,0.0,0.0,0.4640719373798109,0.13725490196078433,0.2692307692307692,0.5824583075972823,0.5341786108048512,0.2375372816361312,0.3317934393353387,0.2320369149637443,0.13598564992189924,0.13598564992189924,0.18739082969432314,0.27614040012524155,0.40195525474713295,0.5028991109393119,0.32092012044383866,0.12524216935610025,0.0,0.15973979038670041,0.33063188254750603,0.0
Zone_DH860,0.14256599036678158,0.3208,0.19531953195319532,0.5211397307765228,0.17647058823529413,0.11538461538461539,0.7426806670784435,0.9570011025358324,0.08628035790370686,0.8072983813207277,0.43817131335065335,0.06502078173013547,0.06502078173013547,0.464410480349345,0.11346238973882812,0.25983433418488655,0.7369540007730963,0.21194021341984837,0.06192315560208416,0.22399999999999998,0.07697867726779906,0.1999254522623067,0.232975
Zone_DH861,0.07760876157431894,0.1816,0.17956795679567955,0.6481406245767991,0.21568627450980393,0.0,0.8226065472513897,1.0,0.008734554750745633,0.5423291792006876,0.3762456861452558,0.03307921736696533,0.03307921736696533,0.38586244541484727,0.0740264086978115,0.1570581231176434,0.6370313103981446,0.13274735298233248,0.029228788371057603,0.19949999999999998,0.03939284423563426,0.14410511954779198,0.20389999999999997
Zone_DH862,0.04706595863216761,0.09,0.1017101710171017,0.5653963868800953,0.27450980392156865,0.15384615384615385,0.8596664607782581,0.9393605292171995,0.03642948444823178,0.32882108580432606,0.4298732017526853,0.021528126815203618,0.021528126815203618,0.43902838427947605,0.04970579026354714,0.18206282324924708,0.6886354851178973,0.10442698480977233,0.02027604298280447,0.118,0.025659559089266353,0.12393018568176802,0.11813499999999999
Zone_DH863,0.05387127030133779,0.0852,0.08910891089108912,0.5003927304244197,0.23529411764705882,0.07692307692307693,0.821988882025942,0.9699558985667033,0.025351512569237324,0.3770591605787137,0.46892085773004005,0.023773336182481952,0.023773336182481952,0.23651746724890832,0.050811371071355305,0.19382974095823702,0.6173173560108234,0.1172306209284126,0.024084569750791186,0.10099999999999999,0.028189374774123598,0.13938979419758044,0.10118999999999999
Zone_DH864,0.09318693098074061,0.106,0.0729072907290729,0.4700035210313913,0.1568627450980392,0.038461538461538464,0.7093267449042618,0.9898015435501655,0.028760119301235617,0.5396433175762784,0.3243243243243244,0.04036862365054189,0.04036862365054189,0.5427947598253277,0.1020977963960657,0.1597528652370894,0.39292616930807894,0.16684892175814836,0.04179151173844506,0.08149999999999999,0.04806649801228767,0.20853643973032537,0.08148
Zone_DH865,0.5892694691856897,0.5456,0.576957695769577,0.5723571950922239,0.058823529411764705,0.07692307692307693,0.8100061766522545,0.7880374862183022,0.24328930549637834,0.8414625411832115,0.2581333126526814,0.3355293848547687,0.3355293848547687,0.3414847161572052,0.47493764912924713,0.5435932598269615,0.3459605720912254,0.4950221038283935,0.27071224865528315,0.7575,0.3841705818576075,0.5420145259523835,0.757575
Zone_DH866,0.8740699995063503,0.5216,0.44104410441044106,0.5098453454673492,0.0196078431372549,0.038461538461538464,0.927362569487338,0.9189636163175304,0.24797613975287597,0.6276321443919209,0.4781883748885184,0.4231497337952165,0.4231497337952165,0.18837336244541483,0.4408050010256854,0.8617608351857382,0.3735987630459993,0.5909185138349754,0.37326570641252416,0.521,0.4759667509938562,0.5689801797107114,0.5208349999999999
Zone_DH868,0.7185069216719204,0.6316,0.22052205220522053,0.3186533409170932,0.0784313725490196,0.07692307692307693,0.6366893143915998,0.6757166482910695,0.3734554750745632,0.707491763357685,0.2900849199271007,0.47909637847127134,0.47909637847127134,0.5531113537117904,0.5572451171980436,0.6923717785666627,0.4669501352918439,0.6595440340393774,0.4600435604009482,0.3205,0.5305384893386339,0.6695725809078177,0.32051499999999994
Zone_DH869,0.6666525623937771,0.0,0.0,0.25492267273367464,0.0784313725490196,0.11538461538461539,0.5640518838789376,0.51364388092613,0.4987217724755006,0.7317719524423435,0.2900849199271007,0.5713516100197735,0.5713516100197735,0.27549126637554583,0.6560607205709289,0.8194043550866483,0.5050251256281407,0.7237643363928002,0.5441921470945693,0.0,0.6234188651969643,0.7527132119580362,0.0
Zone_DH870,0.6147982031156338,0.0,0.0,0.19119200455025598,0.09803921568627451,0.11538461538461539,0.27337862878319946,0.18936052921719954,0.4987217724755006,0.5618822518263858,0.007949125596184449,0.8566828084980874,0.8566828084980874,0.3729803493449782,0.9659839561222616,0.8332356443235314,0.6756861229223039,0.9205169134452431,0.8567440405280194,0.0,0.8810986628117095,0.948303315203034,0.0
Zone_DH871,0.535024435652781,0.3156,0.1665166516651665,0.5098453454673492,0.0196078431372549,0.038461538461538464,0.7712168004941322,0.7447629547960309,0.1553046442266723,0.8081578570405386,0.3228120516499283,0.2964428780815198,0.2964428780815198,0.20092794759825333,0.4281253711361355,0.6098190357173139,0.5075376884422111,0.49475519945271657,0.27071224865528315,0.22749999999999998,0.33935670401156487,0.5092913260450254,0.227275
Zone_DH872,0.7313488621377845,0.3872,0.21422142214221424,0.5614419977790417,0.0,0.0,1.0,1.0,0.09884959522795057,0.7839134794442056,0.41122183876846724,0.3120780827236256,0.3120780827236256,0.19929039301310045,0.4127983934528886,0.6697042419148521,0.5117897178198687,0.5081211486735112,0.2837322359000276,0.23800000000000002,0.3567040115648717,0.5089565849898492,0.238095
