zone_id,b_0,b_1,b_2,b_3,b_4,b_5,b_6,b_7,b_8,b_9,b_10,b_11,b_12,b_13,b_14,b_15,b_16,b_17,b_18,b_19,b_20,b_21,b_22,b_23,b_24,b_25,b_26,b_27,b_28,b_29,b_30,b_31,b_32,b_33,b_34,b_35,a_0,a_1,a_2,a_3,a_4,a_5,a_6,a_7,a_8,a_9,a_10,a_11,a_12,a_13,a_14,a_15,a_16,a_17,a_18,a_19,a_20,a_21,a_22,a_23,a_24,a_25,a_26,a_27,a_28,a_29,a_30,a_31,a_32,a_33,a_34,a_35,l_0,l_1,l_2,l_3,l_4,l_5,l_6,l_7,l_8,l_9,l_10,l_11,l_12,l_13,l_14,l_15,l_16,l_17,l_18,l_19,l_20,l_21,l_22,l_23,l_24,l_25,l_26,l_27,l_28,l_29,l_30,l_31,l_32,l_33,l_34,l_35,l_36,l_37,l_38,l_39
Zone_DH009,0.0,0.0,0.0,0.0625,0.0,0.0625,0.125,0.0625,0.0625,0.0,0.0,0.0,0.0,0.0,0.0,0.0,0.0,0.0,0.0,0.0,0.0,0.0,0.0,0.0625,0.0625,0.0,0.0625,0.3125,0.0,0.0625,0.0,0.0,0.0,0.0,0.0625,0.0,0.25,0.0,0.0,0.0,0.0,0.0,0.03125,0.0,0.0,0.0,0.03125,0.0,0.0,0.0,0.03125,0.03125,0.0625,0.0625,0.03125,0.09375,0.0625,0.03125,0.0,0.0625,0.0,0.0,0.0,0.0,0.0,0.03125,0.0,0.0,0.03125,0.0625,0.0,0.09375,0.0625,0.0,0.125,0.0,0.0625,0.0,0.0,0.0,0.0,0.0,0.0625,0.0625,0.0,0.0625,0.125,0.0,0.0,0.0,0.0,0.125,0.0,0.0,0.0625,0.0,0.0,0.0,0.0,0.0,0.0,0.0,0.0625,0.0,0.0,0.0,0.0,0.0,0.0,0.0,0.0,0.1875
Zone_DH010,0.0,0.0,0.074074,0.037037,0.0,0.074074,0.074074,0.037037,0.074074,0.0,0.0,0.0,0.0,0.0,0.0,0.0,0.037037,0.0,0.037037,0.037037,0.0,0.0,0.037037,0.037037,0.037037,0.037037,0.037037,0.259259,0.0,0.037037,0.0,0.0,0.0,0.0,0.037037,0.0,0.243243,0.0,0.0,0.0,0.0,0.018018,0.018018,0.0,0.0,0.0,0.036036,0.0,0.0,0.0,0.018018,0.036036,0.036036,0.036036,0.018018,0.108108,0.054054,0.036036,0.0,0.036036,0.036036,0.018018,0.0,0.018018,0.0,0.036036,0.018018,0.0,0.018018,0.054054,0.018018,0.09009,0.037037,0.0,0.074074,0.037037,0.037037,0.0,0.0,0.0,0.0,0.0,0.037037,0.111111,0.0,0.074074,0.074074,0.0,0.037037,0.0,0.0,0.074074,0.0,0.037037,0.037037,0.0,0.0,0.0,0.0,0.037037,0.0,0.0,0.037037,0.037037,0.0,0.0,0.0,0.0,0.037037,0.0,0.0,0.185185
Zone_DH011,0.0,0.0,0.117647,0.0,0.0,0.058824,0.058824,0.0,0.058824,0.0,0.0,0.0,0.058824,0.0,0.058824,0.0,0.117647,0.0,0.058824,0.058824,0.0,0.0,0.058824,0.058824,0.0,0.0,0.0,0.117647,0.0,0.0,0.0,0.0,0.0,0.058824,0.058824,0.0,0.253731,0.0,0.0,0.0,0.0,0.029851,0.0,0.0,0.0,0.0,0.059701,0.0,0.0,0.029851,0.0,0.0,0.0,0.059701,0.0,0.089552,0.029851,0.029851,0.0,0.0,0.089552,0.029851,0.059701,0.059701,0.0,0.0,0.029851,0.0,0.0,0.059701,0.029851,0.059701,0.0,0.0,0.0,0.058824,0.0,0.0,0.0,0.0,0.0,0.0,0.0,0.117647,0.0,0.117647,0.0,0.058824,0.058824,0.058824,0.0,0.0,0.0,0.058824,0.0,0.0,0.0,0.0,0.0,0.058824,0.0,0.0,0.0,0.058824,0.0,0.0,0.0,0.0,0.058824,0.058824,0.0,0.235294
Zone_DH012,0.0,0.05,0.1,0.0,0.05,0.0,0.05,0.0,0.0,0.0,0.0,0.0,0.05,0.0,0.05,0.0,0.1,0.05,0.15,0.05,0.05,0.0,0.05,0.1,0.0,0.0,0.0,0.0,0.0,0.0,0.0,0.0,0.0,0.05,0.05,0.0,0.263158,0.0,0.0,0.0,0.0,0.026316,0.0,0.0,0.0,0.0,0.026316,0.0,0.026316,0.026316,0.0,0.026316,0.026316,0.105263,0.0,0.052632,0.105263,0.026316,0.0,0.0,0.026316,0.0,0.026316,0.026316,0.0,0.0,0.0,0.0,0.026316,0.078947,0.078947,0.026316,0.0,0.0,0.0,0.05,0.0,0.05,0.0,0.0,0.0,0.0,0.0,0.0,0.0,0.15,0.05,0.05,0.0,0.05,0.0,0.0,0.0,0.0,0.0,0.0,0.0,0.05,0.05,0.0,0.05,0.05,0.0,0.05,0.0,0.0,0.0,0.05,0.0,0.05,0.0,0.25
Zone_DH013,0.029412,0.029412,0.058824,0.058824,0.058824,0.029412,0.0,0.0,0.0,0.0,0.0,0.0,0.0,0.029412,0.029412,0.0,0.029412,0.058824,0.147059,0.058824,0.117647,0.0,0.088235,0.029412,0.029412,0.0,0.0,0.0,0.0,0.029412,0.0,0.0,0.0,0.0,0.058824,0.029412,0.22973,0.0,0.0,0.0,0.013514,0.013514,0.0,0.0,0.0,0.0,0.0,0.027027,0.013514,0.013514,0.027027,0.067568,0.040541,0.054054,0.027027,0.067568,0.054054,0.013514,0.013514,0.0,0.027027,0.0,0.0,0.013514,0.040541,0.0,0.013514,0.013514,0.040541,0.054054,0.067568,0.054054,0.0,0.029412,0.058824,0.0,0.0,0.058824,0.0,0.029412,0.029412,0.0,0.029412,0.0,0.0,0.117647,0.029412,0.058824,0.029412,0.0,0.0,0.029412,0.029412,0.029412,0.0,0.029412,0.058824,0.058824,0.029412,0.0,0.029412,0.029412,0.0,0.058824,0.0,0.0,0.0,0.029412,0.029412,0.0,0.0,0.088235
Zone_DH014,0.027027,0.0,0.054054,0.054054,0.108108,0.0,0.0,0.027027,0.0,0.0,0.0,0.0,0.0,0.027027,0.054054,0.0,0.0,0.081081,0.081081,0.027027,0.081081,0.054054,0.108108,0.0,0.054054,0.0,0.0,0.0,0.027027,0.027027,0.0,0.0,0.0,0.0,0.054054,0.054054,0.245033,0.0,0.0,0.0,0.013245,0.0,0.0,0.0,0.0,0.0,0.0,0.039735,0.0,0.013245,0.039735,0.066225,0.066225,0.039735,0.039735,0.039735,0.013245,0.02649,0.02649,0.02649,0.013245,0.013245,0.0,0.0,0.02649,0.013245,0.013245,0.02649,0.05298,0.039735,0.02649,0.07947,0.0,0.054054,0.054054,0.0,0.027027,0.108108,0.027027,0.108108,0.0,0.0,0.027027,0.0,0.0,0.081081,0.0,0.054054,0.027027,0.0,0.027027,0.027027,0.027027,0.027027,0.0,0.027027,0.027027,0.054054,0.027027,0.0,0.0,0.0,0.0,0.027027,0.0,0.0,0.0,0.027027,0.054054,0.0,0.0,0.081081
Zone_DH015,0.034188,0.068376,0.034188,0.068376,0.051282,0.017094,0.017094,0.017094,0.0,0.0,0.0,0.017094,0.0,0.034188,0.051282,0.0,0.0,0.034188,0.034188,0.051282,0.068376,0.068376,0.153846,0.051282,0.017094,0.0,0.0,0.0,0.017094,0.008547,0.0,0.017094,0.0,0.017094,0.017094,0.034188,0.235789,0.0,0.0,0.0,0.008421,0.002105,0.0,0.006316,0.008421,0.0,0.0,0.016842,0.006316,0.008421,0.008421,0.096842,0.046316,0.067368,0.067368,0.033684,0.029474,0.037895,0.008421,0.031579,0.016842,0.004211,0.008421,0.002105,0.029474,0.016842,0.016842,0.029474,0.042105,0.008421,0.042105,0.063158,0.042735,0.042735,0.051282,0.017094,0.034188,0.051282,0.051282,0.068376,0.025641,0.051282,0.0,0.068376,0.017094,0.017094,0.017094,0.034188,0.051282,0.017094,0.068376,0.034188,0.017094,0.017094,0.0,0.0,0.034188,0.068376,0.0,0.017094,0.0,0.0,0.0,0.0,0.017094,0.0,0.0,0.0,0.017094,0.0,0.017094,0.034188
Zone_DH016,0.025806,0.103226,0.077419,0.077419,0.03871,0.012903,0.03871,0.012903,0.0,0.0,0.0,0.025806,0.0,0.012903,0.025806,0.0,0.012903,0.012903,0.025806,0.051613,0.070968,0.103226,0.109677,0.045161,0.012903,0.0,0.012903,0.0,0.0,0.019355,0.012903,0.025806,0.0,0.012903,0.006452,0.012903,0.22973,0.0,0.0,0.0,0.0,0.001689,0.0,0.011824,0.010135,0.0,0.0,0.006757,0.008446,0.013514,0.013514,0.0625,0.060811,0.081081,0.060811,0.052365,0.033784,0.010135,0.013514,0.028716,0.015203,0.02027,0.006757,0.032095,0.018581,0.02027,0.006757,0.025338,0.013514,0.02027,0.040541,0.081081,0.096774,0.019355,0.045161,0.025806,0.012903,0.045161,0.070968,0.03871,0.058065,0.045161,0.0,0.083871,0.025806,0.0,0.03871,0.012903,0.051613,0.03871,0.070968,0.025806,0.025806,0.025806,0.012903,0.012903,0.025806,0.025806,0.0,0.012903,0.0,0.0,0.0,0.0,0.012903,0.0,0.0,0.0,0.0,0.0,0.012903,0.025806
Zone_DH017,0.018182,0.109091,0.054545,0.045455,0.0,0.0,0.036364,0.009091,0.0,0.0,0.009091,0.009091,0.027273,0.018182,0.0,0.018182,0.018182,0.045455,0.009091,0.027273,0.068182,0.118182,0.05,0.018182,0.0,0.009091,0.009091,0.036364,0.009091,0.013636,0.018182,0.009091,0.036364,0.036364,0.059091,0.054545,0.227325,0.0,0.0,0.0,0.0,0.001148,0.013777,0.008037,0.011481,0.009185,0.009185,0.013777,0.026406,0.013777,0.013777,0.02411,0.036739,0.059701,0.045924,0.053961,0.027555,0.016073,0.009185,0.033295,0.014925,0.036739,0.004592,0.030999,0.021814,0.027555,0.004592,0.019518,0.009185,0.036739,0.032147,0.106774,0.077273,0.031818,0.077273,0.045455,0.045455,0.022727,0.086364,0.045455,0.05,0.059091,0.045455,0.040909,0.063636,0.009091,0.045455,0.018182,0.013636,0.018182,0.05,0.009091,0.018182,0.027273,0.018182,0.009091,0.036364,0.004545,0.0,0.0,0.0,0.0,0.009091,0.0,0.004545,0.0,0.0,0.0,0.0,0.0,0.0,0.018182
Zone_DH018,0.041667,0.05,0.058333,0.05,0.016667,0.016667,0.025,0.016667,0.0,0.0,0.008333,0.008333,0.033333,0.016667,0.0,0.025,0.016667,0.095833,0.0125,0.025,0.05,0.066667,0.05,0.020833,0.0,0.008333,0.0,0.033333,0.008333,0.0,0.016667,0.016667,0.05,0.05,0.0625,0.05,0.231009,0.004162,0.0,0.0,0.006243,0.0,0.016649,0.008325,0.008325,0.008325,0.014568,0.016649,0.022893,0.016649,0.020812,0.031217,0.031217,0.060354,0.043704,0.039542,0.027055,0.029136,0.004162,0.024974,0.015609,0.027055,0.008325,0.024974,0.012487,0.024974,0.004162,0.031217,0.01769,0.026015,0.03538,0.106139,0.025,0.025,0.079167,0.058333,0.058333,0.041667,0.095833,0.041667,0.016667,0.054167,0.05,0.029167,0.070833,0.0125,0.0375,0.016667,0.0125,0.016667,0.041667,0.029167,0.008333,0.016667,0.016667,0.008333,0.033333,0.020833,0.0,0.0,0.0,0.0,0.008333,0.008333,0.008333,0.016667,0.008333,0.0,0.0,0.0,0.0,0.033333
Zone_DH019,0.120879,0.054945,0.032967,0.027473,0.027473,0.010989,0.021978,0.005495,0.005495,0.005495,0.0,0.005495,0.021978,0.021978,0.005495,0.019231,0.043956,0.115385,0.14011,0.016484,0.027473,0.016484,0.016484,0.005495,0.0,0.010989,0.010989,0.005495,0.005495,0.0,0.010989,0.005495,0.021978,0.021978,0.049451,0.087912,0.229987,0.002541,0.0,0.007624,0.003812,0.002541,0.002541,0.007624,0.005083,0.002541,0.005083,0.013977,0.011436,0.010165,0.02033,0.024142,0.030496,0.088945,0.095299,0.033037,0.029225,0.025413,0.01906,0.022872,0.007624,0.007624,0.007624,0.007624,0.02033,0.015248,0.002541,0.021601,0.018424,0.014612,0.038119,0.144854,0.019231,0.06044,0.071429,0.093407,0.096154,0.065934,0.101648,0.063187,0.035714,0.063187,0.016484,0.035714,0.057692,0.013736,0.019231,0.019231,0.013736,0.016484,0.027473,0.013736,0.005495,0.010989,0.005495,0.010989,0.005495,0.010989,0.0,0.0,0.002747,0.0,0.0,0.008242,0.0,0.010989,0.005495,0.0,0.0,0.002747,0.0,0.016484
Zone_DH020,0.142857,0.075397,0.047619,0.031746,0.019841,0.0,0.007937,0.0,0.003968,0.0,0.003968,0.003968,0.003968,0.011905,0.003968,0.02381,0.045635,0.081349,0.200397,0.055556,0.029762,0.011905,0.019841,0.007937,0.001984,0.003968,0.007937,0.003968,0.003968,0.0,0.003968,0.009921,0.007937,0.007937,0.039683,0.075397,0.222624,0.00181,0.0,0.00724,0.0,0.00543,0.0,0.002262,0.00543,0.000452,0.0,0.004525,0.00362,0.01086,0.017647,0.025792,0.024434,0.107692,0.113122,0.052036,0.040271,0.019005,0.022624,0.015385,0.006335,0.00181,0.004072,0.004072,0.01629,0.00724,0.00724,0.01448,0.0181,0.016742,0.050226,0.151131,0.025794,0.103175,0.049603,0.103175,0.099206,0.06746,0.079365,0.061508,0.03373,0.065476,0.021825,0.055556,0.039683,0.015873,0.021825,0.027778,0.005952,0.02381,0.021825,0.003968,0.003968,0.007937,0.003968,0.011905,0.015873,0.003968,0.0,0.007937,0.001984,0.0,0.0,0.005952,0.0,0.0,0.0,0.0,0.0,0.001984,0.0,0.007937
Zone_DH021,0.115385,0.115385,0.084615,0.042308,0.015385,0.003846,0.007692,0.0,0.003846,0.0,0.003846,0.003846,0.007692,0.001923,0.003846,0.019231,0.023077,0.028846,0.15,0.103846,0.065385,0.046154,0.015385,0.015385,0.001923,0.003846,0.007692,0.003846,0.003846,0.0,0.023077,0.017308,0.003846,0.007692,0.017308,0.032692,0.213196,0.004039,0.002244,0.003591,0.002244,0.005386,0.001795,0.004039,0.002693,0.000449,0.006284,0.003591,0.004488,0.01167,0.021544,0.02693,0.04219,0.079892,0.091113,0.062388,0.044434,0.030072,0.021544,0.007181,0.01167,0.005386,0.008528,0.00763,0.016158,0.007181,0.007181,0.019749,0.018851,0.025135,0.055206,0.124327,0.021154,0.094231,0.051923,0.078846,0.086538,0.05,0.073077,0.040385,0.030769,0.080769,0.046154,0.055769,0.053846,0.030769,0.044231,0.023077,0.007692,0.025,0.017308,0.007692,0.007692,0.007692,0.0,0.019231,0.011538,0.003846,0.003846,0.011538,0.0,0.0,0.0,0.003846,0.0,0.0,0.0,0.003846,0.0,0.003846,0.0,0.003846
Zone_DH022,0.113452,0.119935,0.077796,0.032415,0.009724,0.009724,0.016207,0.006483,0.009724,0.0,0.006483,0.0,0.006483,0.004862,0.025932,0.004862,0.02107,0.034036,0.124797,0.103728,0.06483,0.038898,0.009724,0.012966,0.0,0.009724,0.003241,0.003241,0.012966,0.0,0.012966,0.012966,0.009724,0.019449,0.024311,0.037277,0.21211,0.004404,0.002936,0.002936,0.004404,0.004404,0.001468,0.002936,0.00367,0.00367,0.006606,0.00367,0.010275,0.013211,0.020917,0.017982,0.05578,0.07633,0.089908,0.052844,0.038899,0.033394,0.018349,0.006606,0.02055,0.010275,0.017615,0.007339,0.011743,0.002936,0.008807,0.019083,0.021284,0.030092,0.049541,0.113028,0.030794,0.081037,0.082658,0.12966,0.082658,0.06483,0.069692,0.056726,0.04376,0.051864,0.047002,0.037277,0.032415,0.027553,0.040519,0.024311,0.003241,0.014587,0.012966,0.003241,0.006483,0.003241,0.0,0.016207,0.009724,0.0,0.008104,0.003241,0.0,0.0,0.0,0.003241,0.0,0.0,0.003241,0.003241,0.0,0.003241,0.0,0.003241
Zone_DH023,0.128814,0.111864,0.047458,0.010169,0.010169,0.030508,0.013559,0.013559,0.013559,0.00678,0.00339,0.00678,0.008475,0.016949,0.023729,0.005085,0.018644,0.038983,0.142373,0.09661,0.044068,0.010169,0.013559,0.016949,0.0,0.013559,0.00678,0.0,0.013559,0.00339,0.013559,0.010169,0.00678,0.023729,0.032203,0.044068,0.213678,0.005915,0.004436,0.005915,0.005915,0.001479,0.002957,0.001479,0.005176,0.006654,0.007394,0.014048,0.008872,0.017745,0.020333,0.012569,0.05841,0.076895,0.085028,0.03475,0.030314,0.02403,0.02366,0.014048,0.031054,0.014048,0.017006,0.01183,0.008872,0.007394,0.01183,0.014787,0.030314,0.021072,0.04695,0.103142,0.035593,0.076271,0.088136,0.123729,0.086441,0.086441,0.050847,0.064407,0.066102,0.027119,0.042373,0.044068,0.030508,0.018644,0.028814,0.028814,0.00678,0.020339,0.010169,0.00678,0.00678,0.010169,0.0,0.013559,0.0,0.0,0.005085,0.00339,0.0,0.0,0.0,0.0,0.0,0.0,0.001695,0.00339,0.0,0.00339,0.00339,0.00678
Zone_DH024,0.092437,0.086835,0.053221,0.030812,0.008403,0.02521,0.014006,0.008403,0.014006,0.008403,0.014006,0.008403,0.008403,0.011204,0.005602,0.02521,0.022409,0.058824,0.170868,0.061625,0.044818,0.011204,0.016807,0.016807,0.005602,0.011204,0.008403,0.0,0.005602,0.008403,0.005602,0.011204,0.014006,0.022409,0.028011,0.061625,0.21516,0.003499,0.003499,0.004665,0.004665,0.002332,0.004665,0.002332,0.006997,0.008163,0.006997,0.009329,0.010496,0.013994,0.01516,0.019825,0.047813,0.086297,0.083965,0.033819,0.044315,0.02449,0.016327,0.013994,0.018659,0.011662,0.017493,0.010496,0.009329,0.013994,0.011662,0.012828,0.026822,0.029155,0.041983,0.11312,0.056022,0.056022,0.098039,0.137255,0.106443,0.114846,0.056022,0.047619,0.053221,0.028011,0.036415,0.05042,0.028011,0.030812,0.016807,0.016807,0.008403,0.014006,0.005602,0.008403,0.005602,0.011204,0.0,0.002801,0.0,0.0,0.002801,0.0,0.0,0.0,0.0,0.0,0.0,0.0,0.0,0.0,0.0,0.0,0.002801,0.005602
Zone_DH025,0.091286,0.058091,0.062241,0.041494,0.012448,0.012448,0.008299,0.0,0.008299,0.012448,0.033195,0.004149,0.012448,0.004149,0.004149,0.029046,0.029046,0.070539,0.153527,0.049793,0.041494,0.020747,0.020747,0.012448,0.012448,0.004149,0.016598,0.0,0.0,0.016598,0.004149,0.008299,0.012448,0.012448,0.024896,0.095436,0.222515,0.001759,0.003518,0.005277,0.0,0.005277,0.003518,0.005277,0.012313,0.010554,0.005277,0.008795,0.010554,0.012313,0.005277,0.029903,0.047493,0.087951,0.082674,0.036939,0.045734,0.021108,0.01759,0.015831,0.012313,0.008795,0.019349,0.007036,0.008795,0.014072,0.010554,0.01759,0.026385,0.022867,0.045734,0.109059,0.045643,0.058091,0.091286,0.116183,0.099585,0.095436,0.06639,0.058091,0.062241,0.012448,0.045643,0.053942,0.070539,0.037344,0.008299,0.004149,0.016598,0.008299,0.004149,0.012448,0.0,0.004149,0.008299,0.004149,0.0,0.0,0.004149,0.0,0.0,0.0,0.0,0.0,0.004149,0.0,0.0,0.0,0.0,0.0,0.0,0.008299
Zone_DH026,0.074074,0.061728,0.024691,0.030864,0.024691,0.012346,0.012346,0.0,0.012346,0.006173,0.04321,0.0,0.024691,0.0,0.018519,0.04321,0.024691,0.067901,0.080247,0.055556,0.067901,0.012346,0.012346,0.006173,0.030864,0.0,0.012346,0.006173,0.006173,0.024691,0.006173,0.0,0.030864,0.018519,0.037037,0.111111,0.229947,0.002674,0.002674,0.005348,0.002674,0.010695,0.005348,0.008021,0.010695,0.013369,0.002674,0.010695,0.016043,0.024064,0.008021,0.02139,0.053476,0.064171,0.064171,0.029412,0.029412,0.029412,0.013369,0.024064,0.016043,0.010695,0.010695,0.013369,0.008021,0.024064,0.016043,0.040107,0.029412,0.024064,0.05615,0.069519,0.037037,0.037037,0.098765,0.067901,0.111111,0.067901,0.055556,0.055556,0.049383,0.018519,0.067901,0.04321,0.074074,0.049383,0.030864,0.006173,0.012346,0.012346,0.006173,0.024691,0.0,0.0,0.018519,0.0,0.0,0.006173,0.006173,0.006173,0.012346,0.0,0.0,0.0,0.006173,0.006173,0.0,0.0,0.0,0.0,0.0,0.012346
Zone_DH027,0.085714,0.057143,0.0,0.057143,0.042857,0.014286,0.0,0.0,0.028571,0.0,0.014286,0.0,0.014286,0.0,0.028571,0.028571,0.028571,0.028571,0.057143,0.085714,0.042857,0.014286,0.014286,0.014286,0.042857,0.0,0.028571,0.014286,0.014286,0.028571,0.028571,0.0,0.028571,0.014286,0.071429,0.071429,0.255034,0.0,0.0,0.006711,0.006711,0.0,0.006711,0.013423,0.013423,0.026846,0.0,0.006711,0.020134,0.020134,0.013423,0.013423,0.04698,0.053691,0.060403,0.026846,0.013423,0.04698,0.013423,0.026846,0.013423,0.013423,0.0,0.020134,0.013423,0.040268,0.020134,0.060403,0.013423,0.026846,0.04698,0.040268,0.014286,0.042857,0.1,0.114286,0.071429,0.071429,0.028571,0.028571,0.014286,0.028571,0.071429,0.042857,0.085714,0.057143,0.057143,0.014286,0.014286,0.014286,0.0,0.042857,0.0,0.0,0.0,0.0,0.0,0.014286,0.0,0.0,0.028571,0.0,0.0,0.0,0.0,0.014286,0.0,0.0,0.0,0.0,0.014286,0.014286
Zone_DH028,0.060811,0.087838,0.02027,0.054054,0.033784,0.013514,0.013514,0.006757,0.027027,0.013514,0.0,0.006757,0.006757,0.0,0.02027,0.02027,0.027027,0.033784,0.081081,0.121622,0.054054,0.047297,0.027027,0.027027,0.02027,0.006757,0.0,0.013514,0.006757,0.013514,0.013514,0.0,0.0,0.047297,0.047297,0.027027,0.212644,0.002874,0.0,0.008621,0.002874,0.005747,0.002874,0.005747,0.002874,0.005747,0.014368,0.011494,0.011494,0.014368,0.017241,0.028736,0.060345,0.074713,0.060345,0.054598,0.051724,0.022989,0.005747,0.008621,0.008621,0.022989,0.011494,0.008621,0.011494,0.011494,0.011494,0.008621,0.022989,0.028736,0.04023,0.126437,0.027027,0.081081,0.148649,0.094595,0.108108,0.081081,0.060811,0.040541,0.060811,0.027027,0.02027,0.033784,0.067568,0.033784,0.027027,0.006757,0.0,0.0,0.0,0.013514,0.006757,0.0,0.006757,0.013514,0.006757,0.006757,0.0,0.0,0.006757,0.0,0.0,0.0,0.0,0.0,0.0,0.0,0.0,0.0,0.006757,0.013514
Zone_DH029,0.031746,0.058201,0.021164,0.042328,0.026455,0.010582,0.015873,0.010582,0.037037,0.015873,0.0,0.010582,0.013228,0.013228,0.026455,0.021164,0.063492,0.026455,0.063492,0.10582,0.031746,0.037037,0.026455,0.026455,0.015873,0.005291,0.005291,0.010582,0.031746,0.029101,0.018519,0.002646,0.005291,0.047619,0.068783,0.02381,0.214085,0.002254,0.0,0.006761,0.004507,0.011268,0.002817,0.002254,0.0,0.004507,0.015775,0.013521,0.015775,0.010141,0.013521,0.032676,0.052958,0.070423,0.077183,0.054648,0.046197,0.016901,0.007887,0.016901,0.006761,0.024789,0.011268,0.004507,0.011268,0.00507,0.013521,0.009014,0.022535,0.028169,0.034366,0.135775,0.044974,0.055556,0.126984,0.092593,0.100529,0.089947,0.07672,0.037037,0.079365,0.031746,0.010582,0.034392,0.07672,0.026455,0.031746,0.010582,0.007937,0.005291,0.0,0.002646,0.015873,0.0,0.005291,0.010582,0.005291,0.005291,0.002646,0.0,0.0,0.0,0.0,0.002646,0.0,0.0,0.0,0.0,0.0,0.0,0.0,0.010582
Zone_DH030,0.048077,0.038462,0.019231,0.038462,0.024038,0.009615,0.014423,0.0,0.028846,0.004808,0.004808,0.014423,0.048077,0.055288,0.038462,0.038462,0.052885,0.040865,0.048077,0.057692,0.014423,0.004808,0.028846,0.004808,0.009615,0.009615,0.009615,0.004808,0.038462,0.03125,0.012019,0.03125,0.009615,0.028846,0.081731,0.055288,0.224175,0.00213,0.00213,0.004792,0.00852,0.00852,0.000532,0.00639,0.00852,0.01065,0.017039,0.00852,0.017572,0.011715,0.017039,0.030884,0.028754,0.067093,0.073482,0.036741,0.033014,0.026624,0.022364,0.021832,0.009052,0.019169,0.00852,0.00639,0.01065,0.015442,0.023429,0.01065,0.023429,0.030884,0.036741,0.116613,0.03125,0.069712,0.081731,0.088942,0.129808,0.067308,0.084135,0.043269,0.076923,0.040865,0.038462,0.045673,0.064904,0.009615,0.024038,0.014423,0.002404,0.019231,0.004808,0.002404,0.012019,0.009615,0.0,0.014423,0.004808,0.0,0.002404,0.004808,0.0,0.0,0.0,0.002404,0.0,0.0,0.0,0.0,0.0,0.0,0.0,0.009615
Zone_DH031,0.065041,0.065041,0.03252,0.020325,0.020325,0.00813,0.004065,0.0,0.004065,0.00813,0.012195,0.012195,0.028455,0.020325,0.03252,0.04878,0.052846,0.052846,0.060976,0.081301,0.044715,0.00813,0.036585,0.012195,0.012195,0.012195,0.01626,0.0,0.012195,0.036585,0.006098,0.018293,0.02439,0.020325,0.060976,0.04878,0.209611,0.003314,0.001657,0.001657,0.011599,0.003314,0.001657,0.003314,0.008285,0.009942,0.01657,0.004971,0.009942,0.008285,0.026512,0.036454,0.042254,0.069594,0.061309,0.039768,0.033969,0.031483,0.020713,0.025684,0.008285,0.019884,0.014913,0.013256,0.014913,0.013256,0.014913,0.011599,0.031483,0.039768,0.041425,0.094449,0.03252,0.081301,0.093496,0.158537,0.109756,0.044715,0.071138,0.044715,0.056911,0.03252,0.036585,0.028455,0.04878,0.020325,0.03252,0.004065,0.0,0.020325,0.01626,0.006098,0.00813,0.00813,0.004065,0.01626,0.004065,0.004065,0.0,0.004065,0.0,0.0,0.004065,0.0,0.0,0.0,0.004065,0.0,0.0,0.0,0.0,0.004065
Zone_DH032,0.062112,0.068323,0.043478,0.012422,0.024845,0.012422,0.018634,0.0,0.006211,0.006211,0.024845,0.012422,0.018634,0.006211,0.031056,0.062112,0.024845,0.062112,0.055901,0.086957,0.062112,0.024845,0.037267,0.031056,0.024845,0.012422,0.006211,0.0,0.012422,0.018634,0.0,0.018634,0.031056,0.024845,0.031056,0.024845,0.20354,0.0,0.0,0.002528,0.007585,0.0,0.005057,0.0,0.002528,0.015171,0.010114,0.005057,0.002528,0.007585,0.030341,0.040455,0.055626,0.063211,0.053097,0.040455,0.027813,0.050569,0.027813,0.030341,0.015171,0.025284,0.020228,0.027813,0.017699,0.010114,0.012642,0.015171,0.022756,0.042984,0.042984,0.06574,0.037267,0.086957,0.068323,0.192547,0.086957,0.062112,0.068323,0.043478,0.037267,0.037267,0.024845,0.037267,0.043478,0.018634,0.012422,0.006211,0.006211,0.031056,0.012422,0.012422,0.012422,0.0,0.006211,0.012422,0.0,0.006211,0.006211,0.0,0.0,0.0,0.006211,0.0,0.0,0.0,0.006211,0.006211,0.0,0.0,0.006211,0.006211
Zone_DH033,0.027778,0.027778,0.055556,0.0,0.083333,0.027778,0.027778,0.0,0.0,0.0,0.055556,0.027778,0.027778,0.0,0.0,0.083333,0.0,0.083333,0.083333,0.111111,0.027778,0.055556,0.027778,0.027778,0.0,0.0,0.0,0.0,0.0,0.027778,0.0,0.0,0.027778,0.027778,0.055556,0.0,0.230769,0.0,0.0,0.012821,0.0,0.0,0.012821,0.0,0.0,0.0,0.0,0.0,0.0,0.025641,0.025641,0.012821,0.064103,0.038462,0.051282,0.038462,0.025641,0.051282,0.051282,0.025641,0.012821,0.038462,0.025641,0.051282,0.0,0.038462,0.025641,0.025641,0.038462,0.025641,0.025641,0.025641,0.0,0.0,0.0,0.027778,0.027778,0.055556,0.055556,0.0,0.027778,0.055556,0.055556,0.083333,0.055556,0.027778,0.027778,0.027778,0.027778,0.111111,0.0,0.055556,0.055556,0.0,0.055556,0.027778,0.0,0.0,0.027778,0.0,0.027778,0.0,0.0,0.0,0.0,0.0,0.0,0.027778,0.0,0.0,0.027778,0.027778
Zone_DH044,0.0,0.02381,0.047619,0.071429,0.02381,0.02381,0.047619,0.02381,0.071429,0.02381,0.0,0.047619,0.02381,0.0,0.0,0.0,0.02381,0.0,0.0,0.02381,0.0,0.047619,0.02381,0.095238,0.047619,0.0,0.047619,0.119048,0.0,0.02381,0.0,0.0,0.0,0.0,0.095238,0.02381,0.247059,0.0,0.0,0.0,0.0,0.0,0.011765,0.0,0.0,0.0,0.011765,0.011765,0.023529,0.011765,0.047059,0.011765,0.058824,0.035294,0.035294,0.070588,0.058824,0.035294,0.011765,0.047059,0.011765,0.0,0.011765,0.011765,0.011765,0.035294,0.023529,0.023529,0.011765,0.047059,0.035294,0.047059,0.02381,0.0,0.071429,0.0,0.047619,0.02381,0.02381,0.0,0.02381,0.02381,0.047619,0.047619,0.095238,0.02381,0.047619,0.0,0.0,0.0,0.0,0.047619,0.02381,0.0,0.02381,0.02381,0.0,0.0,0.02381,0.047619,0.02381,0.0,0.02381,0.0,0.0,0.02381,0.0,0.0,0.0,0.0,0.0,0.238095
Zone_DH045,0.0,0.038462,0.076923,0.019231,0.019231,0.038462,0.038462,0.019231,0.057692,0.019231,0.019231,0.038462,0.019231,0.0,0.0,0.0,0.038462,0.019231,0.019231,0.057692,0.0,0.038462,0.019231,0.057692,0.019231,0.019231,0.057692,0.134615,0.0,0.019231,0.0,0.0,0.0,0.0,0.076923,0.019231,0.238532,0.0,0.0,0.0,0.0,0.009174,0.009174,0.0,0.009174,0.0,0.018349,0.009174,0.018349,0.0,0.045872,0.018349,0.055046,0.036697,0.027523,0.073394,0.055046,0.027523,0.009174,0.027523,0.027523,0.009174,0.018349,0.018349,0.009174,0.036697,0.036697,0.018349,0.009174,0.036697,0.036697,0.055046,0.019231,0.0,0.057692,0.019231,0.038462,0.019231,0.019231,0.0,0.019231,0.019231,0.019231,0.076923,0.057692,0.038462,0.038462,0.0,0.019231,0.0,0.0,0.038462,0.0,0.019231,0.038462,0.038462,0.0,0.0,0.019231,0.057692,0.019231,0.0,0.019231,0.019231,0.0,0.019231,0.0,0.0,0.038462,0.0,0.0,0.211538
Zone_DH046,0.027027,0.027027,0.054054,0.0,0.0,0.027027,0.027027,0.0,0.027027,0.0,0.054054,0.0,0.054054,0.027027,0.027027,0.0,0.054054,0.0,0.027027,0.054054,0.054054,0.0,0.027027,0.054054,0.0,0.0,0.108108,0.054054,0.054054,0.027027,0.0,0.0,0.027027,0.027027,0.027027,0.054054,0.235669,0.0,0.0,0.0,0.0,0.025478,0.012739,0.0,0.038217,0.0,0.025478,0.012739,0.012739,0.012739,0.025478,0.012739,0.025478,0.038217,0.012739,0.063694,0.012739,0.038217,0.012739,0.012739,0.038217,0.038217,0.038217,0.050955,0.0,0.0,0.038217,0.012739,0.0,0.050955,0.038217,0.063694,0.0,0.0,0.027027,0.027027,0.0,0.027027,0.0,0.0,0.027027,0.0,0.0,0.054054,0.0,0.054054,0.027027,0.027027,0.027027,0.027027,0.0,0.027027,0.027027,0.027027,0.081081,0.027027,0.0,0.0,0.0,0.054054,0.0,0.0,0.0,0.054054,0.0,0.027027,0.0,0.0,0.027027,0.027027,0.0,0.297297
Zone_DH047,0.042553,0.06383,0.06383,0.0,0.021277,0.021277,0.021277,0.0,0.021277,0.0,0.042553,0.021277,0.021277,0.042553,0.021277,0.0,0.042553,0.021277,0.085106,0.042553,0.042553,0.0,0.021277,0.06383,0.0,0.0,0.06383,0.042553,0.042553,0.021277,0.0,0.0,0.021277,0.021277,0.021277,0.042553,0.243523,0.0,0.0,0.0,0.0,0.031088,0.010363,0.0,0.020725,0.0,0.020725,0.010363,0.041451,0.010363,0.0,0.031088,0.031088,0.051813,0.010363,0.062176,0.041451,0.031088,0.010363,0.010363,0.031088,0.031088,0.020725,0.031088,0.010363,0.010363,0.010363,0.020725,0.010363,0.041451,0.062176,0.051813,0.0,0.0,0.0,0.021277,0.0,0.042553,0.021277,0.0,0.042553,0.0,0.0,0.021277,0.021277,0.085106,0.021277,0.021277,0.0,0.021277,0.0,0.021277,0.021277,0.0,0.06383,0.021277,0.021277,0.021277,0.042553,0.042553,0.021277,0.021277,0.0,0.06383,0.0,0.021277,0.042553,0.021277,0.0,0.021277,0.0,0.212766
Zone_DH048,0.040816,0.040816,0.061224,0.040816,0.040816,0.020408,0.0,0.0,0.0,0.0,0.020408,0.020408,0.040816,0.020408,0.0,0.0,0.040816,0.040816,0.122449,0.040816,0.081633,0.020408,0.081633,0.040816,0.020408,0.0,0.0,0.020408,0.0,0.020408,0.0,0.0,0.061224,0.0,0.020408,0.040816,0.230047,0.0,0.0,0.0,0.0,0.00939,0.0,0.0,0.018779,0.00939,0.0,0.028169,0.028169,0.018779,0.018779,0.028169,0.028169,0.065728,0.018779,0.084507,0.037559,0.018779,0.028169,0.0,0.018779,0.00939,0.0,0.018779,0.037559,0.018779,0.00939,0.018779,0.028169,0.046948,0.056338,0.065728,0.0,0.0,0.020408,0.0,0.020408,0.020408,0.020408,0.020408,0.020408,0.020408,0.040816,0.020408,0.040816,0.061224,0.020408,0.040816,0.040816,0.0,0.0,0.020408,0.020408,0.020408,0.020408,0.040816,0.061224,0.040816,0.040816,0.0,0.020408,0.040816,0.0,0.040816,0.0,0.020408,0.040816,0.020408,0.020408,0.0,0.0,0.122449
Zone_DH049,0.037037,0.037037,0.061728,0.037037,0.049383,0.024691,0.024691,0.012346,0.012346,0.0,0.0,0.0,0.037037,0.024691,0.037037,0.0,0.024691,0.037037,0.061728,0.024691,0.049383,0.049383,0.074074,0.0,0.037037,0.0,0.012346,0.024691,0.024691,0.037037,0.024691,0.012346,0.024691,0.012346,0.049383,0.024691,0.22314,0.0,0.0,0.0,0.00551,0.0,0.00551,0.0,0.016529,0.016529,0.00551,0.038567,0.011019,0.016529,0.022039,0.038567,0.033058,0.049587,0.027548,0.049587,0.016529,0.011019,0.016529,0.027548,0.022039,0.016529,0.022039,0.027548,0.033058,0.027548,0.027548,0.022039,0.038567,0.022039,0.049587,0.060606,0.0,0.024691,0.024691,0.012346,0.037037,0.061728,0.012346,0.061728,0.037037,0.037037,0.037037,0.049383,0.012346,0.037037,0.024691,0.024691,0.061728,0.012346,0.024691,0.024691,0.024691,0.012346,0.012346,0.024691,0.061728,0.049383,0.012346,0.0,0.0,0.012346,0.012346,0.012346,0.0,0.0,0.024691,0.012346,0.024691,0.0,0.012346,0.074074
Zone_DH050,0.041096,0.063927,0.045662,0.03653,0.03653,0.009132,0.03653,0.018265,0.018265,0.0,0.0,0.009132,0.009132,0.018265,0.03653,0.009132,0.018265,0.03653,0.063927,0.054795,0.03653,0.03653,0.086758,0.027397,0.027397,0.0,0.018265,0.009132,0.027397,0.022831,0.018265,0.027397,0.009132,0.009132,0.045662,0.03653,0.221739,0.0,0.0,0.0,0.004348,0.001087,0.004348,0.005435,0.01087,0.008696,0.008696,0.017391,0.007609,0.004348,0.015217,0.073913,0.032609,0.058696,0.056522,0.033696,0.031522,0.028261,0.008696,0.031522,0.021739,0.017391,0.021739,0.016304,0.023913,0.028261,0.030435,0.029348,0.030435,0.01087,0.043478,0.06087,0.041096,0.031963,0.027397,0.031963,0.027397,0.03653,0.03653,0.045662,0.059361,0.068493,0.013699,0.077626,0.018265,0.022831,0.027397,0.018265,0.073059,0.009132,0.050228,0.018265,0.027397,0.009132,0.018265,0.009132,0.027397,0.054795,0.0,0.009132,0.0,0.0,0.018265,0.0,0.009132,0.0,0.009132,0.0,0.009132,0.0,0.009132,0.054795
Zone_DH051,0.054545,0.084848,0.045455,0.042424,0.024242,0.012121,0.036364,0.030303,0.012121,0.0,0.00303,0.021212,0.018182,0.006061,0.018182,0.006061,0.024242,0.027273,0.054545,0.036364,0.066667,0.051515,0.057576,0.030303,0.021212,0.006061,0.018182,0.006061,0.027273,0.030303,0.021212,0.033333,0.015152,0.009091,0.027273,0.021212,0.221865,0.0,0.0,0.0,0.0,0.000804,0.003215,0.007235,0.011254,0.001608,0.006431,0.012862,0.016881,0.014469,0.008039,0.057878,0.036977,0.061897,0.057878,0.041801,0.033762,0.02492,0.009646,0.016881,0.032154,0.025723,0.007235,0.038585,0.026527,0.027331,0.022508,0.029743,0.017685,0.022508,0.034566,0.069132,0.090909,0.024242,0.027273,0.024242,0.018182,0.048485,0.063636,0.042424,0.066667,0.057576,0.018182,0.063636,0.027273,0.024242,0.039394,0.006061,0.042424,0.027273,0.042424,0.018182,0.024242,0.015152,0.030303,0.018182,0.018182,0.033333,0.0,0.006061,0.00303,0.0,0.012121,0.00303,0.006061,0.0,0.006061,0.0,0.0,0.0,0.012121,0.039394
Zone_DH052,0.05305,0.079576,0.034483,0.03183,0.0,0.015915,0.03183,0.026525,0.005305,0.0,0.007958,0.013263,0.02122,0.015915,0.015915,0.01061,0.02122,0.045093,0.04244,0.02122,0.068966,0.074271,0.045093,0.026525,0.002653,0.01061,0.02122,0.026525,0.023873,0.02122,0.013263,0.013263,0.029178,0.029178,0.050398,0.050398,0.228207,0.0,0.0,0.001417,0.0,0.000709,0.008505,0.006378,0.012757,0.007087,0.014174,0.012757,0.024805,0.022679,0.009922,0.034018,0.031184,0.051736,0.052445,0.042523,0.025514,0.024805,0.008505,0.023388,0.026931,0.028349,0.003544,0.039688,0.023388,0.021262,0.008505,0.013466,0.014174,0.034018,0.046067,0.097094,0.084881,0.03183,0.055703,0.034483,0.037135,0.047745,0.087533,0.04244,0.04244,0.050398,0.045093,0.039788,0.050398,0.02122,0.037135,0.015915,0.018568,0.023873,0.03183,0.007958,0.015915,0.018568,0.03183,0.01061,0.02122,0.015915,0.0,0.002653,0.007958,0.0,0.01061,0.002653,0.005305,0.0,0.005305,0.0,0.0,0.005305,0.005305,0.034483
Zone_DH053,0.05571,0.044568,0.044568,0.061281,0.022284,0.016713,0.016713,0.016713,0.011142,0.005571,0.005571,0.011142,0.027855,0.016713,0.016713,0.022284,0.016713,0.075209,0.019499,0.016713,0.064067,0.050139,0.038997,0.019499,0.0,0.011142,0.011142,0.022284,0.011142,0.005571,0.011142,0.027855,0.038997,0.038997,0.064067,0.061281,0.236253,0.002716,0.0,0.004073,0.006789,0.002716,0.010862,0.005431,0.008147,0.005431,0.014936,0.019009,0.021724,0.014936,0.019009,0.028513,0.027155,0.067889,0.03666,0.031229,0.021724,0.031229,0.008147,0.02444,0.01833,0.027155,0.010862,0.027155,0.016293,0.021724,0.010862,0.031229,0.026477,0.027834,0.038018,0.095044,0.027855,0.030641,0.058496,0.044568,0.061281,0.058496,0.08078,0.038997,0.013928,0.05571,0.047354,0.02507,0.052925,0.013928,0.033426,0.016713,0.013928,0.022284,0.038997,0.02507,0.005571,0.030641,0.027855,0.016713,0.022284,0.019499,0.005571,0.002786,0.005571,0.0,0.005571,0.011142,0.005571,0.011142,0.011142,0.0,0.0,0.008357,0.005571,0.044568
Zone_DH054,0.117816,0.048851,0.060345,0.060345,0.028736,0.011494,0.011494,0.005747,0.008621,0.005747,0.002874,0.008621,0.014368,0.017241,0.011494,0.018678,0.030172,0.067529,0.104885,0.031609,0.054598,0.028736,0.034483,0.028736,0.002874,0.008621,0.017241,0.008621,0.011494,0.002874,0.005747,0.011494,0.011494,0.017241,0.034483,0.054598,0.223881,0.002488,0.001244,0.003731,0.003109,0.003731,0.003731,0.007463,0.006219,0.004975,0.006841,0.009328,0.00995,0.00995,0.013682,0.021766,0.028607,0.097637,0.102612,0.043532,0.02301,0.026119,0.016791,0.0199,0.007463,0.00995,0.014925,0.012438,0.0199,0.011194,0.004975,0.016791,0.020211,0.023321,0.033893,0.134639,0.030172,0.04023,0.077586,0.08908,0.113506,0.054598,0.081897,0.076149,0.024425,0.061782,0.031609,0.038793,0.050287,0.015805,0.010057,0.017241,0.015805,0.021552,0.022989,0.010057,0.002874,0.017241,0.011494,0.011494,0.005747,0.015805,0.002874,0.002874,0.00431,0.0,0.002874,0.00431,0.001437,0.005747,0.005747,0.0,0.0,0.001437,0.002874,0.017241
Zone_DH055,0.116947,0.079286,0.067393,0.049554,0.019822,0.007929,0.011893,0.003964,0.005946,0.005946,0.007929,0.005946,0.007929,0.009911,0.005946,0.013875,0.026759,0.050545,0.133796,0.061447,0.057483,0.039643,0.031715,0.021804,0.00892,0.001982,0.011893,0.003964,0.007929,0.005946,0.009911,0.014866,0.005946,0.009911,0.029732,0.04559,0.21421,0.001697,0.000848,0.003393,0.0,0.005938,0.001697,0.006151,0.005938,0.004454,0.008484,0.007211,0.002545,0.01018,0.014634,0.024814,0.033086,0.106893,0.104772,0.049841,0.030753,0.021633,0.021209,0.012301,0.008059,0.008484,0.013786,0.015483,0.021209,0.008484,0.007635,0.013574,0.016967,0.023118,0.039024,0.131495,0.030723,0.068385,0.056492,0.085233,0.11001,0.0555,0.06442,0.075322,0.038652,0.065411,0.054509,0.04559,0.039643,0.017839,0.026759,0.023786,0.014866,0.023786,0.016848,0.003964,0.005946,0.011893,0.009911,0.011893,0.011893,0.005946,0.001982,0.005946,0.002973,0.001982,0.0,0.002973,0.0,0.001982,0.0,0.0,0.0,0.000991,0.001982,0.003964
Zone_DH056,0.088,0.106,0.094,0.044,0.016,0.008,0.012,0.002,0.006,0.004,0.008,0.006,0.008,0.003,0.011,0.017,0.024,0.029,0.11,0.114,0.068,0.044,0.02,0.014,0.009,0.002,0.014,0.008,0.004,0.004,0.018,0.013,0.006,0.012,0.021,0.033,0.209323,0.00196,0.001089,0.001743,0.002832,0.007841,0.000871,0.006317,0.004792,0.002832,0.005663,0.00697,0.005663,0.010455,0.017425,0.025267,0.053583,0.076672,0.091266,0.053365,0.035504,0.024613,0.021782,0.012633,0.014376,0.010455,0.013723,0.014158,0.020039,0.012198,0.011327,0.016554,0.020475,0.025267,0.050534,0.110433,0.021,0.073,0.07,0.065,0.087,0.07,0.066,0.055,0.049,0.073,0.057,0.047,0.036,0.028,0.035,0.018,0.01,0.023,0.019,0.008,0.006,0.012,0.008,0.014,0.014,0.004,0.002,0.006,0.002,0.002,0.002,0.004,0.0,0.004,0.002,0.002,0.0,0.002,0.0,0.004
Zone_DH057,0.100629,0.121069,0.092767,0.033019,0.02044,0.011006,0.015723,0.007862,0.009434,0.001572,0.006289,0.001572,0.008648,0.006289,0.018868,0.008648,0.014937,0.043239,0.09434,0.119497,0.070755,0.025157,0.012579,0.012579,0.006289,0.006289,0.009434,0.003145,0.011006,0.006289,0.012579,0.009434,0.006289,0.012579,0.024371,0.035377,0.20931,0.002679,0.00134,0.002009,0.004019,0.006698,0.002009,0.006028,0.005023,0.004019,0.007703,0.010047,0.010047,0.009377,0.014233,0.017917,0.051574,0.085399,0.095948,0.051574,0.033825,0.022271,0.013396,0.013396,0.016745,0.011052,0.019424,0.010717,0.011386,0.006698,0.010047,0.014735,0.020429,0.025117,0.050569,0.123242,0.027516,0.070755,0.102987,0.105346,0.089623,0.075472,0.074686,0.065252,0.05739,0.051101,0.050314,0.029088,0.025157,0.019654,0.029088,0.021226,0.008648,0.017296,0.011006,0.004717,0.006289,0.007862,0.001572,0.011006,0.008648,0.001572,0.003931,0.003145,0.003145,0.0,0.001572,0.003145,0.0,0.003145,0.002358,0.001572,0.0,0.001572,0.0,0.003145
Zone_DH058,0.100867,0.099291,0.07565,0.025217,0.017336,0.018913,0.012608,0.013396,0.018125,0.007092,0.00394,0.006304,0.011032,0.012608,0.017336,0.010244,0.018125,0.054374,0.109535,0.107959,0.058314,0.01576,0.011032,0.01576,0.004728,0.006304,0.00788,0.004728,0.012608,0.006304,0.011032,0.00788,0.003152,0.018913,0.030733,0.044917,0.212279,0.003364,0.003364,0.004037,0.005383,0.004037,0.002019,0.002691,0.006392,0.008074,0.006224,0.013961,0.01127,0.012111,0.015307,0.017325,0.04979,0.082086,0.089992,0.044407,0.032969,0.019008,0.016148,0.016653,0.020185,0.017494,0.018503,0.00841,0.012111,0.006728,0.012111,0.014802,0.025399,0.022372,0.043902,0.119092,0.027581,0.06383,0.120567,0.110323,0.092199,0.097715,0.07565,0.055162,0.066982,0.037825,0.048069,0.033097,0.022853,0.018913,0.019701,0.025217,0.005516,0.01576,0.00788,0.004728,0.004728,0.00788,0.0,0.008668,0.002364,0.002364,0.002364,0.003152,0.001576,0.0,0.001576,0.0,0.0,0.001576,0.002364,0.002364,0.0,0.001576,0.001576,0.006304
Zone_DH059,0.095798,0.084034,0.060504,0.033613,0.013445,0.020168,0.013445,0.012605,0.02437,0.015126,0.014286,0.008403,0.013445,0.010084,0.007563,0.021849,0.016807,0.060504,0.132773,0.063025,0.04958,0.021849,0.013445,0.023529,0.006723,0.006723,0.011765,0.001681,0.010084,0.011765,0.006723,0.008403,0.010084,0.016807,0.02521,0.053782,0.211223,0.002788,0.003486,0.004183,0.004183,0.00488,0.003486,0.002788,0.009759,0.009411,0.007494,0.013594,0.011328,0.016033,0.012548,0.023005,0.040084,0.078076,0.088533,0.034158,0.040084,0.021959,0.017428,0.017776,0.018822,0.014291,0.016731,0.012896,0.011851,0.011154,0.017428,0.016731,0.026664,0.023702,0.045661,0.105786,0.038655,0.057143,0.09916,0.115966,0.098319,0.105042,0.072269,0.053782,0.064706,0.040336,0.042857,0.040336,0.029412,0.027731,0.014286,0.021008,0.010924,0.011765,0.008403,0.006723,0.005042,0.008403,0.001681,0.004202,0.002521,0.002521,0.001681,0.001681,0.001681,0.0,0.0,0.0,0.00084,0.0,0.0,0.00084,0.0,0.0,0.001681,0.008403
Zone_DH060,0.103226,0.055914,0.043011,0.032258,0.017204,0.012903,0.012903,0.004301,0.022581,0.017204,0.023656,0.010753,0.008602,0.006452,0.006452,0.030108,0.02043,0.096774,0.122581,0.050538,0.031183,0.025806,0.012903,0.017204,0.006452,0.002151,0.015054,0.0,0.008602,0.017204,0.010753,0.004301,0.012903,0.010753,0.025806,0.101075,0.221022,0.001801,0.001801,0.003601,0.0009,0.004501,0.004501,0.004501,0.009228,0.009003,0.006527,0.011029,0.011479,0.021157,0.004952,0.026559,0.036012,0.082827,0.09273,0.02926,0.037812,0.019806,0.017106,0.017331,0.011254,0.010353,0.021607,0.013504,0.010128,0.018006,0.016205,0.022507,0.03151,0.025208,0.041188,0.103084,0.056989,0.064516,0.090323,0.106452,0.090323,0.091398,0.077419,0.046237,0.052688,0.032258,0.049462,0.047312,0.047312,0.025806,0.015054,0.010753,0.012903,0.015054,0.004301,0.010753,0.004301,0.006452,0.010753,0.005376,0.002151,0.002151,0.002151,0.002151,0.002151,0.0,0.0,0.0,0.002151,0.0,0.0,0.0,0.0,0.0,0.0,0.012903
Zone_DH061,0.103571,0.040476,0.014286,0.019048,0.016667,0.011905,0.009524,0.002381,0.015476,0.013095,0.021429,0.007143,0.019048,0.009524,0.019048,0.035714,0.015476,0.135714,0.115476,0.035714,0.030952,0.011905,0.009524,0.011905,0.011905,0.0,0.016667,0.002381,0.011905,0.011905,0.011905,0.002381,0.019048,0.019048,0.028571,0.139286,0.224918,0.001011,0.002022,0.002022,0.001011,0.004043,0.004043,0.005054,0.009351,0.010109,0.006065,0.009098,0.012636,0.021228,0.00556,0.025272,0.03159,0.08744,0.102856,0.022492,0.027293,0.022239,0.013141,0.021228,0.010109,0.009603,0.015921,0.014152,0.009351,0.020217,0.014152,0.021228,0.024261,0.024766,0.039171,0.125347,0.065476,0.07619,0.097619,0.103571,0.071429,0.088095,0.064286,0.05119,0.055952,0.033333,0.047619,0.042857,0.040476,0.021429,0.02381,0.011905,0.009524,0.014286,0.002381,0.014286,0.009524,0.0,0.009524,0.009524,0.002381,0.002381,0.002381,0.002381,0.004762,0.0,0.0,0.0,0.002381,0.002381,0.0,0.0,0.002381,0.002381,0.0,0.011905
Zone_DH062,0.095726,0.023932,0.017094,0.030769,0.023932,0.006838,0.010256,0.003419,0.020513,0.017094,0.013675,0.010256,0.017094,0.010256,0.023932,0.023932,0.010256,0.14359,0.073504,0.034188,0.034188,0.010256,0.013675,0.010256,0.020513,0.006838,0.020513,0.006838,0.010256,0.023932,0.013675,0.003419,0.017094,0.02735,0.037607,0.133333,0.244867,0.001521,0.0,0.003042,0.001521,0.003042,0.006084,0.007605,0.009125,0.015209,0.010646,0.009125,0.012167,0.01673,0.010646,0.022814,0.025856,0.069202,0.08403,0.028897,0.027376,0.022814,0.015209,0.018251,0.012167,0.010646,0.020532,0.019772,0.013688,0.022814,0.013688,0.025856,0.01673,0.026616,0.038403,0.113308,0.047863,0.105983,0.105983,0.08547,0.071795,0.068376,0.030769,0.054701,0.042735,0.044444,0.047863,0.02735,0.030769,0.030769,0.037607,0.010256,0.020513,0.020513,0.006838,0.013675,0.013675,0.006838,0.013675,0.013675,0.0,0.003419,0.003419,0.003419,0.010256,0.0,0.0,0.0,0.0,0.003419,0.0,0.0,0.003419,0.003419,0.003419,0.013675
Zone_DH063,0.06175,0.048027,0.030875,0.051458,0.037736,0.006861,0.017153,0.010292,0.030875,0.013722,0.003431,0.010292,0.013722,0.003431,0.013722,0.020583,0.013722,0.075472,0.054889,0.072041,0.048027,0.030875,0.039451,0.027444,0.025729,0.013722,0.013722,0.018868,0.003431,0.020583,0.020583,0.003431,0.010292,0.030875,0.034305,0.068611,0.219993,0.001486,0.0,0.008919,0.001486,0.005946,0.002973,0.005203,0.001486,0.011891,0.014864,0.014864,0.013378,0.013378,0.014864,0.027499,0.040877,0.070606,0.068376,0.047566,0.038647,0.019324,0.014864,0.014864,0.013378,0.02081,0.016351,0.017094,0.013378,0.013378,0.014864,0.016351,0.016722,0.031215,0.046451,0.106652,0.030875,0.073756,0.113208,0.092624,0.106346,0.077187,0.058319,0.044597,0.06175,0.039451,0.020583,0.034305,0.051458,0.030875,0.020583,0.010292,0.013722,0.013722,0.003431,0.010292,0.010292,0.008576,0.010292,0.010292,0.003431,0.005146,0.003431,0.0,0.010292,0.0,0.0,0.0,0.0,0.0,0.0,0.0,0.003431,0.003431,0.003431,0.020583
Zone_DH064,0.045056,0.035044,0.020025,0.032541,0.025031,0.015019,0.020025,0.007509,0.022528,0.012516,0.007509,0.007509,0.032541,0.053817,0.022528,0.012516,0.032541,0.041302,0.052566,0.060075,0.027534,0.017522,0.045056,0.030038,0.018773,0.025031,0.017522,0.013767,0.020025,0.015019,0.018773,0.031289,0.015019,0.032541,0.045056,0.068836,0.216187,0.001331,0.001065,0.005591,0.003195,0.009585,0.003461,0.002662,0.0,0.007455,0.013845,0.015974,0.014111,0.011182,0.014377,0.021832,0.045793,0.078807,0.090522,0.050852,0.030351,0.014643,0.011715,0.016241,0.013046,0.018104,0.013845,0.005857,0.00639,0.009851,0.01065,0.00852,0.011981,0.027423,0.032481,0.161076,0.038798,0.072591,0.113892,0.08761,0.130163,0.08761,0.051314,0.062578,0.062578,0.031289,0.010013,0.036295,0.045056,0.020025,0.015019,0.020025,0.021277,0.012516,0.005006,0.002503,0.013767,0.006258,0.006258,0.007509,0.006258,0.007509,0.001252,0.0,0.005006,0.0,0.0,0.001252,0.002503,0.0,0.0,0.0,0.002503,0.0,0.0,0.013767
Zone_DH065,0.074784,0.028763,0.023011,0.021093,0.028763,0.011505,0.023011,0.00767,0.017258,0.00767,0.005753,0.00767,0.03931,0.075743,0.026846,0.01534,0.028763,0.066155,0.057526,0.036433,0.021093,0.003835,0.026846,0.00767,0.017258,0.019175,0.017258,0.014382,0.023011,0.013423,0.016299,0.04698,0.013423,0.030681,0.042186,0.083413,0.20807,0.00178,0.000791,0.004153,0.006329,0.00712,0.002571,0.005142,0.004747,0.009494,0.011867,0.012263,0.010087,0.017801,0.018592,0.017801,0.030063,0.091377,0.104035,0.037777,0.024921,0.017603,0.019778,0.020767,0.014834,0.018987,0.011867,0.005934,0.014241,0.009691,0.015823,0.012658,0.018394,0.023536,0.029866,0.139241,0.024928,0.066155,0.100671,0.092042,0.149569,0.070949,0.058485,0.059444,0.067114,0.038351,0.023011,0.036433,0.043145,0.018217,0.023969,0.018217,0.020134,0.01534,0.013423,0.001918,0.004794,0.005753,0.001918,0.01534,0.004794,0.005753,0.000959,0.001918,0.001918,0.0,0.0,0.000959,0.001918,0.001918,0.0,0.0,0.0,0.001918,0.0,0.008629
Zone_DH066,0.077098,0.045351,0.025699,0.024187,0.024187,0.013605,0.019652,0.007559,0.006047,0.010582,0.007559,0.004535,0.029478,0.061224,0.027211,0.027211,0.033258,0.063492,0.071051,0.051398,0.025699,0.016629,0.019652,0.012094,0.015117,0.007559,0.00907,0.004535,0.011338,0.013605,0.012094,0.045351,0.018141,0.031746,0.045351,0.081633,0.197812,0.001774,0.000591,0.003548,0.005914,0.00414,0.003253,0.003253,0.007096,0.006505,0.007096,0.006801,0.010349,0.011827,0.023063,0.02809,0.038734,0.090923,0.098906,0.045535,0.024542,0.024246,0.022768,0.020106,0.01508,0.017741,0.011236,0.011827,0.015671,0.010645,0.015671,0.01301,0.021289,0.027351,0.032969,0.120639,0.030234,0.065004,0.107332,0.121693,0.14059,0.076342,0.079365,0.059713,0.049131,0.034769,0.027967,0.034014,0.033258,0.017385,0.021164,0.009826,0.01285,0.012094,0.015117,0.003023,0.003023,0.006047,0.003023,0.010582,0.003023,0.004535,0.001512,0.001512,0.0,0.0,0.001512,0.000756,0.003023,0.001512,0.001512,0.0,0.001512,0.001512,0.001512,0.003023
Zone_DH067,0.081858,0.064159,0.044248,0.033186,0.024336,0.022124,0.022124,0.006637,0.011062,0.011062,0.013274,0.00885,0.011062,0.021018,0.022124,0.033186,0.033186,0.059735,0.066372,0.064159,0.039823,0.030973,0.026549,0.015487,0.022124,0.00885,0.013274,0.004425,0.00885,0.00885,0.011062,0.016593,0.015487,0.022124,0.042035,0.059735,0.200221,0.001768,0.0,0.006188,0.00442,0.002652,0.004862,0.004862,0.006188,0.00884,0.004862,0.007514,0.005304,0.01326,0.028729,0.035359,0.041547,0.072707,0.064309,0.043315,0.030939,0.035801,0.030939,0.020773,0.01989,0.022099,0.016796,0.021215,0.016354,0.01326,0.018122,0.019448,0.025635,0.030939,0.038895,0.081989,0.033186,0.073009,0.081858,0.127212,0.095133,0.095133,0.075221,0.050885,0.051991,0.038717,0.024336,0.033186,0.030973,0.018805,0.029867,0.011062,0.00885,0.017699,0.024336,0.004425,0.00885,0.004425,0.007743,0.013274,0.002212,0.004425,0.006637,0.0,0.004425,0.0,0.002212,0.002212,0.0,0.002212,0.002212,0.002212,0.002212,0.0,0.002212,0.006637
Zone_DH068,0.08547,0.07265,0.07265,0.038462,0.038462,0.025641,0.012821,0.004274,0.004274,0.004274,0.012821,0.012821,0.008547,0.0,0.008547,0.034188,0.034188,0.047009,0.07265,0.076923,0.034188,0.068376,0.012821,0.017094,0.025641,0.012821,0.004274,0.004274,0.008547,0.008547,0.017094,0.004274,0.012821,0.017094,0.047009,0.038462,0.215929,0.0,0.0,0.00708,0.00354,0.0,0.00354,0.00708,0.00354,0.00177,0.00354,0.00354,0.00708,0.014159,0.021239,0.037168,0.037168,0.079646,0.069027,0.046018,0.030088,0.035398,0.033628,0.015929,0.015929,0.021239,0.015929,0.026549,0.010619,0.019469,0.019469,0.015929,0.021239,0.023009,0.044248,0.090265,0.042735,0.07265,0.064103,0.149573,0.07265,0.106838,0.068376,0.034188,0.055556,0.047009,0.021368,0.029915,0.021368,0.008547,0.017094,0.025641,0.021368,0.017094,0.021368,0.017094,0.021368,0.0,0.012821,0.008547,0.004274,0.0,0.008547,0.0,0.008547,0.0,0.0,0.004274,0.0,0.0,0.0,0.004274,0.0,0.0,0.004274,0.008547
Zone_DH069,0.179487,0.076923,0.051282,0.0,0.0,0.025641,0.0,0.0,0.0,0.0,0.0,0.0,0.0,0.0,0.051282,0.0,0.025641,0.0,0.051282,0.179487,0.025641,0.0,0.0,0.0,0.0,0.025641,0.0,0.025641,0.0,0.0,0.051282,0.0,0.0,0.025641,0.128205,0.076923,0.242604,0.0,0.0,0.0,0.0,0.0,0.0,0.023669,0.0,0.0,0.011834,0.0,0.0,0.023669,0.011834,0.023669,0.023669,0.106509,0.071006,0.035503,0.071006,0.023669,0.023669,0.0,0.011834,0.0,0.0,0.011834,0.0,0.035503,0.023669,0.023669,0.023669,0.011834,0.08284,0.08284,0.025641,0.076923,0.025641,0.128205,0.0,0.153846,0.076923,0.0,0.051282,0.025641,0.025641,0.025641,0.0,0.0,0.0,0.051282,0.025641,0.0,0.025641,0.025641,0.076923,0.0,0.051282,0.025641,0.0,0.0,0.025641,0.0,0.025641,0.0,0.0,0.0,0.0,0.0,0.0,0.0,0.0,0.0,0.0,0.051282
Zone_DH072,0.0,0.0,0.0,0.0,0.071429,0.0,0.0,0.0,0.071429,0.0,0.071429,0.214286,0.071429,0.0,0.142857,0.071429,0.0,0.0,0.0,0.0,0.0,0.0,0.071429,0.0,0.0,0.0,0.0,0.071429,0.0,0.0,0.0,0.0,0.071429,0.0,0.0,0.071429,0.28,0.0,0.0,0.0,0.0,0.0,0.04,0.08,0.0,0.0,0.0,0.0,0.04,0.0,0.0,0.04,0.0,0.0,0.12,0.0,0.04,0.04,0.0,0.0,0.0,0.04,0.0,0.0,0.04,0.0,0.0,0.0,0.04,0.08,0.0,0.12,0.0,0.071429,0.071429,0.0,0.0,0.071429,0.0,0.071429,0.071429,0.0,0.071429,0.0,0.071429,0.0,0.071429,0.071429,0.0,0.0,0.0,0.0,0.0,0.0,0.0,0.0,0.0,0.0,0.0,0.071429,0.0,0.0,0.0,0.0,0.0,0.0,0.0,0.0,0.0,0.0,0.0,0.285714
Zone_DH073,0.0,0.0,0.083333,0.0,0.083333,0.0,0.0,0.166667,0.083333,0.0,0.083333,0.0,0.0,0.0,0.0,0.0,0.0,0.0,0.0,0.0,0.0,0.0,0.166667,0.083333,0.083333,0.0,0.0,0.166667,0.0,0.0,0.0,0.0,0.0,0.0,0.0,0.0,0.3,0.0,0.0,0.0,0.0,0.0,0.0,0.0,0.0,0.0,0.0,0.0,0.0,0.0,0.0,0.1,0.2,0.0,0.05,0.15,0.05,0.0,0.0,0.0,0.0,0.0,0.0,0.0,0.0,0.0,0.0,0.0,0.0,0.1,0.05,0.0,0.166667,0.0,0.0,0.0,0.0,0.083333,0.0,0.0,0.166667,0.166667,0.0,0.0,0.0,0.083333,0.0,0.083333,0.0,0.083333,0.0,0.0,0.083333,0.0,0.0,0.0,0.0,0.0,0.0,0.0,0.0,0.0,0.0,0.0,0.0,0.0,0.0,0.0,0.0,0.0,0.0,0.083333
Zone_DH074,0.0,0.0,0.041667,0.041667,0.041667,0.0,0.0,0.083333,0.041667,0.041667,0.083333,0.0,0.0,0.041667,0.0,0.0,0.0,0.0,0.0,0.041667,0.0,0.041667,0.166667,0.083333,0.083333,0.083333,0.0,0.041667,0.0,0.0,0.0,0.0,0.0,0.041667,0.0,0.0,0.297872,0.0,0.0,0.0,0.0,0.0,0.0,0.0,0.0,0.0,0.0,0.0,0.021277,0.021277,0.0,0.06383,0.06383,0.0,0.042553,0.06383,0.021277,0.021277,0.042553,0.021277,0.042553,0.042553,0.021277,0.0,0.021277,0.0,0.0,0.0,0.0,0.06383,0.06383,0.06383,0.083333,0.0,0.0,0.041667,0.0,0.041667,0.0,0.0,0.083333,0.083333,0.0,0.0,0.0,0.083333,0.0,0.041667,0.0,0.083333,0.041667,0.0,0.083333,0.0,0.0,0.083333,0.0,0.0,0.0,0.0,0.083333,0.0,0.0,0.0,0.0,0.0,0.0,0.0,0.0,0.041667,0.0,0.125
Zone_DH075,0.0,0.0,0.0,0.045455,0.0,0.0,0.0,0.090909,0.0,0.090909,0.090909,0.0,0.045455,0.045455,0.0,0.0,0.045455,0.0,0.0,0.045455,0.0,0.090909,0.090909,0.090909,0.0,0.090909,0.045455,0.045455,0.0,0.0,0.0,0.0,0.0,0.045455,0.0,0.0,0.288889,0.0,0.0,0.0,0.0,0.0,0.0,0.0,0.0,0.022222,0.022222,0.0,0.022222,0.022222,0.0,0.022222,0.044444,0.022222,0.044444,0.066667,0.0,0.0,0.044444,0.022222,0.044444,0.066667,0.022222,0.0,0.022222,0.022222,0.022222,0.022222,0.0,0.066667,0.022222,0.044444,0.090909,0.0,0.0,0.045455,0.0,0.0,0.0,0.0,0.0,0.090909,0.0,0.0,0.0,0.045455,0.0,0.045455,0.0,0.045455,0.090909,0.0,0.045455,0.045455,0.0,0.090909,0.0,0.0,0.0,0.0,0.136364,0.0,0.0,0.0,0.0,0.0,0.0,0.045455,0.0,0.045455,0.0,0.136364
Zone_DH076,0.0,0.0,0.0,0.0625,0.0,0.0625,0.0625,0.0,0.0625,0.125,0.0,0.0625,0.0625,0.0625,0.0,0.0,0.0625,0.0,0.0,0.0625,0.0,0.0625,0.0,0.0625,0.0,0.0,0.0625,0.0,0.0,0.0,0.0,0.0625,0.0,0.0625,0.0,0.0,0.285714,0.0,0.0,0.0,0.0,0.0,0.0,0.0,0.0,0.035714,0.071429,0.0,0.0,0.071429,0.0,0.0,0.0,0.035714,0.035714,0.035714,0.035714,0.0,0.0,0.0,0.035714,0.071429,0.035714,0.0,0.0,0.035714,0.035714,0.071429,0.0,0.107143,0.0,0.0,0.0,0.0,0.0,0.0,0.0,0.0625,0.0,0.0,0.0,0.0625,0.0,0.0,0.0,0.0625,0.0,0.0625,0.0,0.0,0.1875,0.0625,0.0625,0.0625,0.0,0.0,0.0,0.0,0.0,0.0,0.125,0.0,0.0,0.0,0.0,0.0,0.0,0.0625,0.0,0.0,0.0,0.1875
Zone_DH077,0.0,0.0,0.0,0.111111,0.0,0.111111,0.111111,0.0,0.222222,0.0,0.0,0.0,0.0,0.0,0.0,0.0,0.0,0.0,0.0,0.0,0.0,0.0,0.0,0.111111,0.0,0.0,0.0,0.0,0.111111,0.0,0.111111,0.111111,0.0,0.0,0.0,0.0,0.391304,0.0,0.0,0.0,0.0,0.0,0.0,0.0,0.0,0.0,0.086957,0.0,0.0,0.0,0.0,0.0,0.0,0.0,0.086957,0.0,0.173913,0.0,0.0,0.0,0.0,0.0,0.0,0.0,0.0,0.0,0.086957,0.0,0.0,0.086957,0.086957,0.0,0.0,0.111111,0.0,0.0,0.0,0.111111,0.0,0.0,0.0,0.0,0.111111,0.0,0.0,0.0,0.0,0.0,0.0,0.0,0.111111,0.111111,0.0,0.0,0.0,0.0,0.0,0.0,0.0,0.0,0.0,0.0,0.0,0.0,0.0,0.0,0.0,0.0,0.0,0.0,0.0,0.444444
Zone_DH078,0.0,0.0,0.052632,0.105263,0.0,0.052632,0.0,0.0,0.105263,0.0,0.0,0.052632,0.0,0.0,0.0,0.0,0.052632,0.0,0.052632,0.0,0.105263,0.0,0.0,0.105263,0.052632,0.0,0.052632,0.052632,0.052632,0.0,0.052632,0.0,0.0,0.052632,0.0,0.0,0.301587,0.0,0.031746,0.0,0.0,0.0,0.0,0.0,0.031746,0.0,0.0,0.0,0.031746,0.0,0.031746,0.0,0.031746,0.0,0.031746,0.063492,0.031746,0.031746,0.0,0.095238,0.063492,0.0,0.031746,0.0,0.0,0.0,0.063492,0.063492,0.0,0.031746,0.031746,0.0,0.0,0.052632,0.0,0.0,0.052632,0.0,0.0,0.0,0.0,0.0,0.052632,0.0,0.105263,0.052632,0.0,0.0,0.0,0.0,0.0,0.0,0.052632,0.0,0.0,0.052632,0.0,0.0,0.0,0.052632,0.0,0.0,0.0,0.0,0.0,0.0,0.0,0.0,0.0,0.0,0.0,0.526316
Zone_DH079,0.025641,0.025641,0.038462,0.051282,0.025641,0.012821,0.025641,0.025641,0.025641,0.012821,0.0,0.025641,0.025641,0.012821,0.012821,0.0,0.051282,0.025641,0.025641,0.064103,0.012821,0.025641,0.025641,0.064103,0.038462,0.0,0.038462,0.064103,0.0,0.0,0.025641,0.0,0.051282,0.025641,0.076923,0.038462,0.230769,0.0,0.005917,0.005917,0.0,0.005917,0.005917,0.0,0.0,0.0,0.005917,0.023669,0.023669,0.005917,0.035503,0.035503,0.076923,0.04142,0.04142,0.047337,0.059172,0.023669,0.011834,0.017751,0.029586,0.017751,0.011834,0.017751,0.011834,0.017751,0.011834,0.029586,0.011834,0.023669,0.059172,0.053254,0.012821,0.012821,0.064103,0.012821,0.051282,0.038462,0.025641,0.0,0.051282,0.025641,0.038462,0.038462,0.051282,0.064103,0.051282,0.051282,0.012821,0.0,0.0,0.025641,0.012821,0.0,0.025641,0.051282,0.025641,0.012821,0.012821,0.038462,0.012821,0.012821,0.012821,0.0,0.0,0.012821,0.0,0.0,0.012821,0.0,0.0,0.128205
Zone_DH080,0.018519,0.064815,0.046296,0.027778,0.046296,0.027778,0.027778,0.018519,0.009259,0.018519,0.018519,0.018519,0.018519,0.018519,0.009259,0.009259,0.046296,0.018519,0.027778,0.064815,0.055556,0.037037,0.018519,0.046296,0.018519,0.009259,0.037037,0.064815,0.0,0.0,0.009259,0.009259,0.037037,0.018519,0.046296,0.037037,0.222222,0.004115,0.0,0.004115,0.00823,0.004115,0.0,0.0,0.012346,0.004115,0.0,0.016461,0.012346,0.00823,0.041152,0.032922,0.069959,0.065844,0.049383,0.053498,0.057613,0.012346,0.012346,0.016461,0.016461,0.012346,0.004115,0.016461,0.016461,0.020576,0.016461,0.012346,0.012346,0.032922,0.065844,0.065844,0.009259,0.009259,0.046296,0.018519,0.046296,0.046296,0.018519,0.018519,0.037037,0.055556,0.037037,0.064815,0.055556,0.064815,0.055556,0.037037,0.009259,0.009259,0.0,0.027778,0.009259,0.0,0.018519,0.027778,0.027778,0.018519,0.009259,0.018519,0.009259,0.009259,0.027778,0.0,0.0,0.009259,0.0,0.009259,0.027778,0.0,0.0,0.111111
Zone_DH081,0.042254,0.084507,0.042254,0.028169,0.042254,0.028169,0.014085,0.0,0.014085,0.014085,0.042254,0.0,0.014085,0.028169,0.0,0.014085,0.042254,0.014085,0.028169,0.042254,0.098592,0.042254,0.014085,0.042254,0.0,0.014085,0.070423,0.042254,0.028169,0.014085,0.0,0.014085,0.014085,0.014085,0.014085,0.042254,0.222571,0.00627,0.0,0.0,0.012539,0.012539,0.00627,0.0,0.031348,0.00627,0.00627,0.00627,0.00627,0.00627,0.043887,0.018809,0.056426,0.081505,0.037618,0.062696,0.031348,0.012539,0.012539,0.018809,0.018809,0.012539,0.00627,0.025078,0.012539,0.012539,0.025078,0.00627,0.012539,0.043887,0.062696,0.062696,0.0,0.014085,0.028169,0.014085,0.028169,0.056338,0.014085,0.028169,0.014085,0.056338,0.028169,0.056338,0.042254,0.042254,0.028169,0.014085,0.014085,0.014085,0.0,0.042254,0.042254,0.0,0.042254,0.014085,0.042254,0.028169,0.0,0.042254,0.0,0.0,0.028169,0.028169,0.0,0.014085,0.0,0.014085,0.028169,0.014085,0.0,0.126761
Zone_DH082,0.057692,0.096154,0.019231,0.038462,0.019231,0.038462,0.019231,0.0,0.0,0.019231,0.019231,0.019231,0.0,0.038462,0.0,0.0,0.019231,0.0,0.038462,0.019231,0.096154,0.019231,0.038462,0.038462,0.019231,0.019231,0.076923,0.019231,0.038462,0.019231,0.0,0.0,0.019231,0.0,0.038462,0.096154,0.240741,0.0,0.0,0.0,0.027778,0.009259,0.009259,0.0,0.018519,0.0,0.009259,0.018519,0.027778,0.0,0.046296,0.027778,0.037037,0.064815,0.018519,0.027778,0.027778,0.027778,0.018519,0.009259,0.027778,0.009259,0.009259,0.037037,0.018519,0.009259,0.009259,0.027778,0.018519,0.064815,0.064815,0.037037,0.0,0.019231,0.0,0.019231,0.019231,0.019231,0.038462,0.038462,0.057692,0.057692,0.0,0.019231,0.019231,0.0,0.019231,0.0,0.0,0.019231,0.0,0.057692,0.057692,0.0,0.076923,0.038462,0.019231,0.038462,0.019231,0.038462,0.019231,0.0,0.019231,0.038462,0.0,0.019231,0.038462,0.019231,0.0,0.038462,0.0,0.115385
Zone_DH083,0.076923,0.057692,0.019231,0.038462,0.0,0.019231,0.0,0.0,0.0,0.0,0.038462,0.019231,0.038462,0.019231,0.019231,0.0,0.057692,0.038462,0.076923,0.019231,0.057692,0.019231,0.057692,0.038462,0.019231,0.0,0.0,0.038462,0.0,0.0,0.019231,0.019231,0.076923,0.019231,0.057692,0.038462,0.236364,0.0,0.0,0.0,0.009091,0.0,0.0,0.0,0.027273,0.009091,0.018182,0.018182,0.018182,0.009091,0.027273,0.027273,0.045455,0.045455,0.009091,0.054545,0.027273,0.036364,0.036364,0.009091,0.018182,0.009091,0.009091,0.036364,0.027273,0.018182,0.018182,0.036364,0.027273,0.063636,0.027273,0.045455,0.0,0.0,0.019231,0.019231,0.019231,0.019231,0.057692,0.076923,0.038462,0.019231,0.057692,0.038462,0.038462,0.0,0.0,0.019231,0.019231,0.019231,0.0,0.0,0.038462,0.019231,0.038462,0.038462,0.057692,0.019231,0.019231,0.019231,0.019231,0.019231,0.0,0.019231,0.0,0.038462,0.038462,0.0,0.0,0.019231,0.0,0.134615
Zone_DH084,0.058824,0.044118,0.044118,0.029412,0.0,0.029412,0.029412,0.014706,0.014706,0.0,0.014706,0.0,0.044118,0.014706,0.044118,0.0,0.029412,0.058824,0.044118,0.014706,0.044118,0.029412,0.029412,0.014706,0.029412,0.0,0.014706,0.029412,0.029412,0.029412,0.029412,0.029412,0.044118,0.014706,0.058824,0.044118,0.225166,0.0,0.0,0.0,0.006623,0.0,0.006623,0.006623,0.02649,0.019868,0.013245,0.02649,0.006623,0.006623,0.013245,0.013245,0.046358,0.039735,0.019868,0.039735,0.033113,0.033113,0.013245,0.02649,0.006623,0.019868,0.02649,0.039735,0.019868,0.02649,0.02649,0.033113,0.033113,0.05298,0.039735,0.05298,0.0,0.0,0.014706,0.014706,0.044118,0.029412,0.044118,0.088235,0.044118,0.044118,0.058824,0.058824,0.029412,0.0,0.029412,0.014706,0.058824,0.014706,0.029412,0.0,0.044118,0.0,0.014706,0.014706,0.058824,0.029412,0.014706,0.0,0.0,0.014706,0.014706,0.014706,0.0,0.014706,0.014706,0.0,0.014706,0.014706,0.0,0.102941
Zone_DH085,0.044199,0.055249,0.044199,0.022099,0.022099,0.01105,0.033149,0.022099,0.022099,0.0,0.005525,0.016575,0.022099,0.0,0.044199,0.01105,0.033149,0.060773,0.044199,0.055249,0.022099,0.033149,0.055249,0.022099,0.033149,0.0,0.01105,0.01105,0.044199,0.022099,0.022099,0.033149,0.01105,0.022099,0.055249,0.033149,0.221614,0.0,0.0,0.0,0.0,0.0,0.005472,0.005472,0.008208,0.010944,0.012312,0.02736,0.015048,0.008208,0.005472,0.042408,0.021888,0.053352,0.060192,0.0342,0.021888,0.04104,0.016416,0.02736,0.025992,0.023256,0.024624,0.019152,0.016416,0.04104,0.032832,0.046512,0.021888,0.017784,0.042408,0.049248,0.049724,0.01105,0.01105,0.038674,0.033149,0.027624,0.027624,0.044199,0.077348,0.066298,0.027624,0.066298,0.016575,0.038674,0.033149,0.0,0.055249,0.016575,0.044199,0.022099,0.033149,0.005525,0.01105,0.01105,0.01105,0.044199,0.0,0.01105,0.005525,0.0,0.022099,0.0,0.0,0.0,0.01105,0.0,0.01105,0.0,0.01105,0.104972
Zone_DH086,0.048649,0.110811,0.056757,0.024324,0.021622,0.010811,0.021622,0.032432,0.016216,0.0,0.002703,0.008108,0.016216,0.010811,0.010811,0.005405,0.027027,0.040541,0.048649,0.091892,0.056757,0.035135,0.037838,0.02973,0.018919,0.005405,0.016216,0.010811,0.02973,0.024324,0.018919,0.024324,0.013514,0.013514,0.027027,0.032432,0.225923,0.0,0.002172,0.001448,0.000724,0.0,0.002896,0.004345,0.008689,0.001448,0.005793,0.008689,0.01593,0.01593,0.008689,0.04055,0.025344,0.07748,0.081825,0.038378,0.027516,0.026792,0.020275,0.013034,0.02824,0.021723,0.004345,0.031137,0.021723,0.021723,0.021723,0.027516,0.014482,0.027516,0.041999,0.083997,0.067568,0.024324,0.027027,0.048649,0.051351,0.043243,0.072973,0.043243,0.081081,0.072973,0.032432,0.048649,0.02973,0.035135,0.037838,0.016216,0.021622,0.016216,0.024324,0.010811,0.021622,0.010811,0.016216,0.016216,0.010811,0.024324,0.005405,0.005405,0.008108,0.0,0.010811,0.002703,0.0,0.0,0.005405,0.0,0.0,0.0,0.005405,0.051351
Zone_DH087,0.048913,0.122283,0.057065,0.019022,0.01087,0.01087,0.01087,0.038043,0.01087,0.0,0.008152,0.013587,0.005435,0.01087,0.016304,0.005435,0.027174,0.0625,0.048913,0.103261,0.05163,0.021739,0.021739,0.021739,0.002717,0.005435,0.021739,0.016304,0.024457,0.019022,0.008152,0.013587,0.013587,0.019022,0.054348,0.054348,0.236981,0.0,0.002264,0.003019,0.000755,0.0,0.003019,0.004528,0.009057,0.001509,0.007547,0.007547,0.013585,0.021132,0.009057,0.02717,0.020377,0.100377,0.109434,0.027925,0.018113,0.027925,0.018113,0.010566,0.027925,0.021132,0.001509,0.032453,0.013585,0.010566,0.007547,0.001509,0.010566,0.030943,0.051321,0.110943,0.067935,0.035326,0.048913,0.065217,0.0625,0.043478,0.100543,0.048913,0.067935,0.057065,0.040761,0.038043,0.029891,0.029891,0.024457,0.01087,0.008152,0.021739,0.01087,0.005435,0.01087,0.016304,0.021739,0.01087,0.01087,0.01087,0.005435,0.002717,0.013587,0.0,0.016304,0.002717,0.002717,0.0,0.005435,0.0,0.0,0.005435,0.005435,0.040761
Zone_DH088,0.033195,0.049793,0.033195,0.058091,0.024896,0.024896,0.016598,0.016598,0.016598,0.008299,0.008299,0.008299,0.016598,0.016598,0.024896,0.016598,0.024896,0.087137,0.020747,0.016598,0.087137,0.016598,0.024896,0.041494,0.0,0.008299,0.016598,0.008299,0.008299,0.016598,0.0,0.041494,0.024896,0.041494,0.091286,0.049793,0.248352,0.0,0.0,0.002198,0.010989,0.004396,0.004396,0.008791,0.004396,0.0,0.015385,0.017582,0.01978,0.006593,0.013187,0.035165,0.024176,0.083516,0.052747,0.028571,0.026374,0.030769,0.008791,0.021978,0.01978,0.026374,0.008791,0.021978,0.017582,0.017582,0.021978,0.024176,0.020879,0.02967,0.041758,0.081319,0.049793,0.037344,0.045643,0.049793,0.06639,0.053942,0.074689,0.024896,0.020747,0.058091,0.037344,0.037344,0.029046,0.020747,0.024896,0.016598,0.020747,0.016598,0.029046,0.020747,0.0,0.037344,0.033195,0.024896,0.008299,0.012448,0.008299,0.004149,0.008299,0.0,0.016598,0.004149,0.008299,0.016598,0.008299,0.0,0.0,0.008299,0.008299,0.058091
Zone_DH089,0.116638,0.044597,0.068611,0.072041,0.027444,0.010292,0.010292,0.003431,0.006861,0.010292,0.006861,0.006861,0.006861,0.013722,0.013722,0.012007,0.030875,0.068611,0.080617,0.041166,0.058319,0.034305,0.030875,0.03259,0.010292,0.003431,0.013722,0.006861,0.013722,0.006861,0.0,0.013722,0.010292,0.017153,0.037736,0.058319,0.221157,0.001474,0.002949,0.002949,0.003686,0.004423,0.001474,0.008846,0.005898,0.005898,0.008846,0.00516,0.008109,0.005898,0.010321,0.02359,0.02875,0.115002,0.109104,0.038334,0.022116,0.024327,0.014744,0.016218,0.007372,0.010321,0.014744,0.014744,0.013269,0.008846,0.011795,0.01843,0.02101,0.030593,0.025065,0.134537,0.039451,0.030875,0.072041,0.089194,0.135506,0.054889,0.070326,0.077187,0.022298,0.049743,0.034305,0.039451,0.036021,0.018868,0.015437,0.018868,0.018868,0.020583,0.027444,0.008576,0.003431,0.017153,0.010292,0.013722,0.006861,0.013722,0.006861,0.003431,0.005146,0.0,0.0,0.001715,0.001715,0.006861,0.003431,0.0,0.0,0.005146,0.006861,0.013722
Zone_DH090,0.114068,0.055767,0.063371,0.063371,0.025349,0.012674,0.010139,0.007605,0.00507,0.012674,0.007605,0.007605,0.00507,0.010139,0.010139,0.015209,0.029151,0.04943,0.089987,0.063371,0.063371,0.045627,0.032953,0.027883,0.011407,0.002535,0.015209,0.007605,0.010139,0.007605,0.012674,0.011407,0.00507,0.017744,0.030418,0.040558,0.216436,0.001085,0.00217,0.003255,0.0,0.006509,0.003255,0.005696,0.008679,0.006781,0.008137,0.009222,0.00434,0.007594,0.01329,0.023596,0.036886,0.102522,0.09981,0.03987,0.025766,0.020071,0.019528,0.013561,0.012476,0.012476,0.020884,0.019799,0.016273,0.011934,0.010849,0.017358,0.020613,0.030648,0.029292,0.119338,0.026616,0.036755,0.054499,0.069708,0.119138,0.053232,0.068441,0.089987,0.04436,0.058302,0.059569,0.040558,0.035488,0.020279,0.019011,0.022814,0.013942,0.027883,0.026616,0.007605,0.00507,0.015209,0.007605,0.012674,0.010139,0.010139,0.007605,0.00507,0.003802,0.002535,0.00507,0.0,0.0,0.002535,0.0,0.0,0.0,0.002535,0.00507,0.010139
Zone_DH091,0.087041,0.117988,0.079304,0.040619,0.015474,0.011605,0.011605,0.007737,0.005803,0.005803,0.005803,0.009671,0.003868,0.005803,0.011605,0.014507,0.029981,0.044487,0.067698,0.129594,0.065764,0.052224,0.021277,0.01354,0.012573,0.003868,0.01354,0.009671,0.003868,0.007737,0.015474,0.012573,0.005803,0.019342,0.014507,0.022244,0.211336,0.000211,0.001896,0.001686,0.002739,0.0059,0.003371,0.00611,0.00885,0.002739,0.007164,0.010957,0.0059,0.012221,0.016856,0.018963,0.053097,0.072061,0.097556,0.050358,0.030552,0.02381,0.017699,0.018542,0.014328,0.013485,0.02086,0.017067,0.016013,0.011799,0.015171,0.018542,0.022967,0.024231,0.042141,0.102823,0.022244,0.053191,0.066731,0.084139,0.089942,0.078337,0.061896,0.066731,0.046422,0.069632,0.058027,0.035783,0.022244,0.032882,0.028046,0.018375,0.015474,0.022244,0.021277,0.009671,0.011605,0.009671,0.011605,0.005803,0.005803,0.007737,0.005803,0.005803,0.003868,0.001934,0.003868,0.003868,0.001934,0.005803,0.0,0.0,0.0,0.0,0.0,0.011605
Zone_DH092,0.096419,0.119835,0.089532,0.027548,0.019284,0.008264,0.011019,0.009642,0.011019,0.001377,0.004132,0.006887,0.006198,0.004132,0.017906,0.008953,0.02135,0.050275,0.083333,0.139807,0.053719,0.030303,0.013774,0.011019,0.008264,0.012397,0.015152,0.008264,0.011019,0.011019,0.017906,0.008264,0.004132,0.011019,0.017218,0.029614,0.212059,0.000583,0.000583,0.001165,0.005243,0.006408,0.005826,0.009904,0.00903,0.005826,0.008447,0.014565,0.008156,0.00903,0.010632,0.017623,0.046606,0.084183,0.088989,0.049519,0.026507,0.018206,0.011652,0.016312,0.016895,0.015438,0.019225,0.009904,0.016312,0.009321,0.01573,0.013399,0.018934,0.019516,0.040926,0.137343,0.032369,0.068871,0.116391,0.097796,0.097796,0.073003,0.069559,0.080579,0.05854,0.057851,0.044077,0.02686,0.017906,0.019972,0.019972,0.01584,0.011708,0.013085,0.013774,0.004132,0.006887,0.00551,0.006887,0.004132,0.003444,0.004132,0.003444,0.002755,0.004132,0.0,0.002755,0.002755,0.001377,0.00551,0.002066,0.0,0.0,0.0,0.0,0.004132
Zone_DH093,0.098168,0.104712,0.086387,0.027487,0.018325,0.01178,0.014398,0.012435,0.021597,0.005236,0.003272,0.009162,0.009162,0.009162,0.015052,0.01178,0.017016,0.054974,0.090314,0.122382,0.047775,0.02356,0.01178,0.013089,0.009162,0.009162,0.013089,0.013089,0.014398,0.01178,0.013089,0.006545,0.002618,0.01178,0.022251,0.034031,0.213253,0.001091,0.001636,0.002182,0.005999,0.004909,0.005999,0.007636,0.007636,0.00709,0.008863,0.014453,0.011863,0.011454,0.011999,0.022089,0.044178,0.075811,0.088901,0.05045,0.028634,0.016362,0.01309,0.016362,0.018816,0.021271,0.014999,0.006818,0.015271,0.008726,0.017453,0.011999,0.020862,0.021816,0.03477,0.13526,0.031414,0.071335,0.125654,0.098822,0.092277,0.084424,0.073298,0.074607,0.057592,0.045812,0.039921,0.026178,0.016361,0.02356,0.018979,0.024869,0.012435,0.015707,0.010471,0.006545,0.009162,0.003927,0.003927,0.003272,0.003272,0.003272,0.001309,0.001309,0.002618,0.001309,0.001309,0.002618,0.000654,0.002618,0.001963,0.000654,0.0,0.0,0.0,0.006545
Zone_DH094,0.093474,0.079365,0.07231,0.031746,0.0194,0.017637,0.014109,0.011464,0.022046,0.015873,0.012346,0.013228,0.008818,0.010582,0.007055,0.018519,0.022046,0.048501,0.104056,0.060847,0.046737,0.03351,0.0194,0.026455,0.010582,0.008818,0.022928,0.015873,0.015873,0.012346,0.010582,0.008818,0.008818,0.012346,0.024691,0.038801,0.219158,0.001491,0.003727,0.005963,0.004473,0.007454,0.005963,0.006709,0.011182,0.008572,0.007268,0.0123,0.012486,0.013791,0.010436,0.023854,0.039135,0.071189,0.083116,0.03839,0.032426,0.018636,0.014163,0.018263,0.020127,0.014536,0.019381,0.0123,0.014909,0.011182,0.021618,0.011927,0.026649,0.032054,0.04249,0.102684,0.038801,0.056437,0.107584,0.100529,0.082011,0.090829,0.067019,0.051146,0.048501,0.050265,0.05291,0.039683,0.031746,0.022046,0.022928,0.020282,0.016755,0.015873,0.008818,0.005291,0.008818,0.014991,0.004409,0.000882,0.004409,0.005291,0.001764,0.001764,0.001764,0.001764,0.002646,0.003527,0.002646,0.001764,0.0,0.000882,0.0,0.0,0.0,0.013228
Zone_DH095,0.093878,0.05,0.04898,0.02449,0.012245,0.010204,0.014286,0.004082,0.02449,0.016327,0.019388,0.011224,0.006122,0.006122,0.008163,0.021429,0.026531,0.1,0.130612,0.043878,0.027551,0.034694,0.018367,0.018367,0.008163,0.006122,0.02449,0.008163,0.010204,0.016327,0.012245,0.004082,0.014286,0.008163,0.010204,0.106122,0.222662,0.00088,0.00264,0.0044,0.00264,0.006161,0.007041,0.00308,0.011661,0.008801,0.007261,0.009021,0.010341,0.017602,0.00484,0.025963,0.029923,0.083828,0.10099,0.027283,0.030803,0.018922,0.016722,0.019802,0.011441,0.009681,0.018702,0.016722,0.009461,0.017602,0.017602,0.014961,0.026843,0.027283,0.039604,0.116832,0.082653,0.073469,0.082653,0.103061,0.081633,0.081633,0.079592,0.038776,0.041837,0.039796,0.05,0.037755,0.037755,0.015306,0.012245,0.010204,0.011224,0.016327,0.007143,0.008163,0.010204,0.011224,0.011224,0.007143,0.002041,0.007143,0.004082,0.004082,0.002041,0.002041,0.00102,0.002041,0.004082,0.002041,0.0,0.00102,0.0,0.0,0.0,0.017347
Zone_DH096,0.106904,0.030067,0.017817,0.013363,0.013363,0.011136,0.008909,0.002227,0.023385,0.014477,0.01559,0.008909,0.013363,0.011136,0.020045,0.025612,0.028953,0.151448,0.120267,0.03118,0.022272,0.01559,0.013363,0.017817,0.006682,0.002227,0.020045,0.002227,0.008909,0.006682,0.008909,0.004454,0.008909,0.01559,0.017817,0.160356,0.226667,0.000988,0.0,0.000988,0.001975,0.002963,0.003951,0.003457,0.011111,0.009877,0.005926,0.007901,0.011358,0.015802,0.009383,0.027654,0.029136,0.089136,0.106173,0.025185,0.025679,0.024691,0.020741,0.017778,0.008889,0.009383,0.016543,0.019753,0.008642,0.014815,0.009877,0.019753,0.022716,0.020247,0.029383,0.141481,0.081292,0.08686,0.108018,0.092428,0.053452,0.087973,0.064588,0.046771,0.050111,0.030067,0.047884,0.042316,0.032294,0.021158,0.022272,0.013363,0.007795,0.017817,0.003341,0.006682,0.01559,0.001114,0.014477,0.011136,0.004454,0.002227,0.002227,0.004454,0.0,0.0,0.003341,0.004454,0.003341,0.0,0.0,0.003341,0.002227,0.002227,0.0,0.008909
Zone_DH097,0.096692,0.024173,0.020356,0.022901,0.015267,0.010178,0.005089,0.007634,0.026718,0.01145,0.010178,0.010178,0.012723,0.010178,0.022901,0.022901,0.013995,0.148855,0.089059,0.050891,0.025445,0.021628,0.012723,0.012723,0.005089,0.007634,0.020356,0.007634,0.007634,0.012723,0.012723,0.007634,0.015267,0.020356,0.025445,0.152672,0.236528,0.0,0.0,0.003495,0.001165,0.003495,0.003495,0.002913,0.008447,0.010486,0.006991,0.009321,0.013982,0.011069,0.01573,0.023886,0.023303,0.087096,0.100204,0.030877,0.024468,0.021555,0.019808,0.01573,0.009904,0.012234,0.017186,0.024468,0.009613,0.016312,0.013982,0.022138,0.013982,0.021555,0.026507,0.138072,0.082697,0.10687,0.097964,0.087786,0.052163,0.080153,0.048346,0.040712,0.041985,0.041985,0.034351,0.031807,0.017812,0.026718,0.02799,0.019084,0.015267,0.022901,0.002545,0.005089,0.017812,0.005089,0.012723,0.017812,0.005089,0.005089,0.006361,0.002545,0.002545,0.005089,0.002545,0.002545,0.005089,0.0,0.0,0.002545,0.002545,0.002545,0.002545,0.015267
Zone_DH098,0.086842,0.034211,0.028947,0.031579,0.023684,0.015789,0.018421,0.018421,0.023684,0.005263,0.010526,0.007895,0.007895,0.002632,0.010526,0.018421,0.015789,0.084211,0.043421,0.068421,0.036842,0.032895,0.052632,0.036842,0.022368,0.023684,0.018421,0.017105,0.0,0.015789,0.010526,0.010526,0.010526,0.013158,0.028947,0.113158,0.226674,0.0,0.0,0.006869,0.00229,0.006869,0.005724,0.002862,0.003434,0.012593,0.011448,0.016027,0.012021,0.014883,0.019462,0.02862,0.03091,0.076703,0.080137,0.037207,0.032055,0.017745,0.018317,0.016027,0.0166,0.017172,0.014883,0.0166,0.008014,0.008014,0.014883,0.011448,0.01059,0.020893,0.0332,0.148827,0.034211,0.082895,0.092105,0.086842,0.077632,0.082895,0.065789,0.034211,0.071053,0.036842,0.025,0.030263,0.039474,0.028947,0.026316,0.011842,0.015789,0.018421,0.005263,0.002632,0.015789,0.009211,0.013158,0.010526,0.005263,0.011842,0.006579,0.0,0.002632,0.005263,0.002632,0.0,0.005263,0.0,0.0,0.0,0.005263,0.002632,0.005263,0.030263
Zone_DH099,0.076352,0.019088,0.016967,0.019088,0.021209,0.012725,0.019088,0.012725,0.012725,0.004242,0.010604,0.008484,0.02333,0.043478,0.019088,0.010604,0.02333,0.098621,0.063627,0.036055,0.025451,0.018028,0.04666,0.02333,0.020148,0.02333,0.014846,0.011665,0.016967,0.006363,0.013786,0.027572,0.010604,0.014846,0.038176,0.136797,0.215001,0.000223,0.0,0.004674,0.00089,0.006232,0.005564,0.003116,0.0,0.008012,0.009793,0.012464,0.00779,0.012464,0.015135,0.019141,0.036946,0.11351,0.116626,0.038949,0.023147,0.013132,0.011128,0.015357,0.013577,0.015135,0.012464,0.004897,0.006232,0.010906,0.012464,0.006232,0.009348,0.017138,0.028044,0.174271,0.028632,0.07211,0.117709,0.084836,0.124072,0.074231,0.063627,0.04878,0.050901,0.033934,0.011665,0.034995,0.038176,0.021209,0.027572,0.02333,0.02439,0.012725,0.014846,0.003181,0.013786,0.007423,0.005302,0.010604,0.00106,0.006363,0.003181,0.0,0.004242,0.002121,0.002121,0.0,0.004242,0.0,0.0,0.0,0.002121,0.0,0.002121,0.02439
Zone_DH100,0.076923,0.03193,0.029028,0.017417,0.029028,0.014514,0.023222,0.008708,0.011611,0.007257,0.011611,0.011611,0.034107,0.060958,0.021771,0.018868,0.020319,0.084906,0.071118,0.030479,0.027576,0.005806,0.020319,0.013062,0.016691,0.018142,0.013062,0.012337,0.015965,0.008708,0.018142,0.038462,0.01016,0.021771,0.047896,0.096517,0.206612,0.001328,0.001181,0.003689,0.004132,0.005903,0.002509,0.005608,0.004132,0.007084,0.007674,0.010921,0.010478,0.017119,0.022137,0.018005,0.033058,0.099321,0.104486,0.039699,0.027155,0.01402,0.020071,0.019628,0.016972,0.016529,0.012397,0.007969,0.010921,0.011954,0.015939,0.013577,0.017267,0.01771,0.035124,0.137692,0.026851,0.062409,0.103048,0.08418,0.149492,0.072569,0.072569,0.063861,0.052975,0.041364,0.030479,0.037736,0.032656,0.022496,0.026851,0.013788,0.018142,0.008708,0.011611,0.00508,0.010885,0.006531,0.007257,0.007257,0.003628,0.005806,0.002177,0.0,0.002903,0.001451,0.0,0.0,0.002903,0.001451,0.0,0.0,0.0,0.001451,0.001451,0.007983
Zone_DH101,0.075751,0.050808,0.02679,0.021247,0.015704,0.011085,0.018476,0.006467,0.003695,0.010162,0.008314,0.008314,0.022633,0.044804,0.018476,0.022171,0.025866,0.089607,0.090531,0.036952,0.033256,0.020323,0.014781,0.009238,0.015704,0.005543,0.009238,0.005543,0.006467,0.010162,0.016628,0.038337,0.015704,0.023095,0.046189,0.12194,0.201232,0.001811,0.000725,0.00326,0.004709,0.004709,0.003441,0.003441,0.006158,0.005072,0.00489,0.006339,0.010324,0.014309,0.023003,0.023184,0.037855,0.097718,0.105506,0.04184,0.026807,0.023365,0.021011,0.016301,0.015758,0.013947,0.010143,0.012679,0.011049,0.011592,0.014309,0.013766,0.018475,0.024271,0.038942,0.128057,0.042494,0.098845,0.116397,0.124249,0.126097,0.07806,0.079908,0.059122,0.045727,0.03418,0.030023,0.031871,0.0194,0.01709,0.018476,0.008776,0.011085,0.00739,0.012933,0.005081,0.001848,0.002771,0.005543,0.005543,0.002771,0.002771,0.000924,0.000924,0.000924,0.0,0.0,0.0,0.001848,0.000924,0.000924,0.0,0.000924,0.000924,0.000924,0.002309
Zone_DH102,0.092955,0.062622,0.036204,0.022505,0.017613,0.014677,0.015656,0.005871,0.006849,0.010763,0.011742,0.003914,0.010763,0.027886,0.01272,0.021526,0.03229,0.08317,0.091977,0.045988,0.040117,0.031311,0.016634,0.01272,0.015656,0.006849,0.009785,0.008806,0.005871,0.008806,0.016634,0.018102,0.015656,0.020548,0.03816,0.106654,0.203785,0.001569,0.000392,0.003923,0.004707,0.0051,0.004511,0.004511,0.00608,0.005296,0.004511,0.009022,0.008238,0.013337,0.02334,0.025302,0.04315,0.086006,0.08934,0.042758,0.031186,0.030597,0.021771,0.018829,0.014514,0.013141,0.013141,0.015887,0.011964,0.012945,0.012749,0.014906,0.021183,0.02942,0.040012,0.112876,0.054795,0.103718,0.108611,0.128669,0.10274,0.09638,0.078767,0.055284,0.045499,0.040117,0.02593,0.029843,0.015166,0.011252,0.018591,0.008806,0.011742,0.010274,0.014188,0.006849,0.003914,0.003914,0.007339,0.002935,0.000978,0.001957,0.002935,0.000978,0.000978,0.0,0.0,0.000978,0.0,0.001957,0.000978,0.0,0.000978,0.0,0.0,0.001957
Zone_DH103,0.085803,0.078003,0.039002,0.023401,0.014041,0.015601,0.01092,0.00468,0.01092,0.0078,0.01248,0.0078,0.00936,0.031981,0.0117,0.028081,0.032761,0.082683,0.093604,0.054602,0.023401,0.032761,0.01248,0.00936,0.015601,0.00936,0.00624,0.01092,0.00468,0.00624,0.020281,0.017161,0.017161,0.017161,0.045242,0.096724,0.21278,0.000649,0.0,0.003892,0.003892,0.00519,0.004541,0.006487,0.006812,0.004865,0.003892,0.010055,0.01038,0.013947,0.018164,0.02303,0.034382,0.086604,0.09893,0.036328,0.030165,0.033085,0.024327,0.02011,0.013299,0.012001,0.014596,0.015894,0.013623,0.016218,0.013623,0.011677,0.02011,0.019624,0.027408,0.129419,0.068643,0.109984,0.090484,0.126365,0.090484,0.106864,0.075663,0.040562,0.049922,0.044462,0.026521,0.032761,0.013261,0.01248,0.016381,0.01248,0.017161,0.00858,0.0117,0.00858,0.0078,0.00156,0.0078,0.00156,0.00156,0.00156,0.00312,0.0,0.00312,0.0,0.00156,0.00234,0.0,0.00156,0.0,0.0,0.0,0.0,0.0,0.00312
Zone_DH104,0.089965,0.131488,0.055363,0.0,0.00692,0.013841,0.00692,0.0,0.027682,0.0,0.013841,0.013841,0.020761,0.041522,0.038062,0.027682,0.013841,0.013841,0.055363,0.117647,0.020761,0.013841,0.00692,0.020761,0.00692,0.034602,0.00692,0.00692,0.0,0.0,0.034602,0.013841,0.034602,0.013841,0.062284,0.034602,0.224632,0.003098,0.0,0.0,0.003098,0.006197,0.003098,0.015492,0.009295,0.012393,0.012393,0.020139,0.006197,0.023238,0.009295,0.013943,0.007746,0.103796,0.099148,0.024787,0.029435,0.026336,0.021689,0.021689,0.020139,0.015492,0.009295,0.012393,0.021689,0.024787,0.015492,0.01859,0.021689,0.01007,0.02866,0.10457,0.041522,0.079585,0.089965,0.114187,0.041522,0.110727,0.062284,0.058824,0.055363,0.055363,0.041522,0.048443,0.00692,0.00692,0.00692,0.013841,0.031142,0.0,0.010381,0.024221,0.020761,0.00692,0.027682,0.00692,0.0,0.00692,0.0,0.0,0.00692,0.0,0.00692,0.00346,0.0,0.00692,0.0,0.0,0.0,0.0,0.0,0.00692
Zone_DH106,0.0,0.0,0.0,0.0,0.071429,0.0,0.0,0.0,0.142857,0.0,0.0,0.214286,0.071429,0.0,0.142857,0.071429,0.0,0.0,0.0,0.0,0.0,0.0,0.071429,0.0,0.0,0.0,0.0,0.071429,0.0,0.0,0.0,0.0,0.071429,0.0,0.0,0.071429,0.269231,0.0,0.0,0.0,0.0,0.0,0.038462,0.076923,0.0,0.0,0.0,0.0,0.038462,0.0,0.0,0.038462,0.0,0.0,0.115385,0.0,0.038462,0.038462,0.0,0.0,0.0,0.038462,0.0,0.0,0.038462,0.0,0.0,0.0,0.038462,0.115385,0.0,0.115385,0.0,0.071429,0.071429,0.0,0.0,0.071429,0.0,0.071429,0.071429,0.0,0.071429,0.0,0.071429,0.0,0.071429,0.0,0.0,0.0,0.071429,0.0,0.0,0.0,0.0,0.0,0.0,0.0,0.0,0.071429,0.0,0.0,0.0,0.0,0.0,0.0,0.0,0.0,0.0,0.0,0.0,0.285714
Zone_DH107,0.0,0.0,0.0,0.0,0.04,0.04,0.04,0.04,0.12,0.0,0.04,0.12,0.04,0.04,0.08,0.04,0.0,0.0,0.0,0.0,0.0,0.04,0.04,0.0,0.0,0.0,0.0,0.04,0.04,0.04,0.0,0.0,0.04,0.08,0.0,0.04,0.252525,0.0,0.0,0.0,0.0,0.020202,0.040404,0.060606,0.0,0.0,0.020202,0.0,0.020202,0.0,0.020202,0.040404,0.0,0.0,0.060606,0.0,0.040404,0.040404,0.020202,0.020202,0.0,0.040404,0.020202,0.0,0.020202,0.020202,0.020202,0.020202,0.040404,0.040404,0.020202,0.10101,0.0,0.04,0.04,0.0,0.0,0.04,0.0,0.08,0.12,0.0,0.04,0.04,0.08,0.0,0.04,0.04,0.04,0.04,0.0,0.04,0.0,0.0,0.0,0.0,0.04,0.0,0.0,0.04,0.0,0.04,0.0,0.0,0.0,0.0,0.0,0.0,0.0,0.0,0.0,0.2
Zone_DH108,0.0,0.0,0.121212,0.0,0.030303,0.030303,0.060606,0.090909,0.090909,0.030303,0.060606,0.060606,0.0,0.060606,0.030303,0.0,0.0,0.0,0.0,0.0,0.0,0.030303,0.060606,0.030303,0.030303,0.0,0.0,0.060606,0.030303,0.030303,0.0,0.0,0.0,0.060606,0.0,0.0,0.274074,0.0,0.0,0.0,0.0,0.014815,0.014815,0.014815,0.0,0.0,0.02963,0.014815,0.0,0.0,0.014815,0.059259,0.059259,0.0,0.014815,0.044444,0.044444,0.014815,0.014815,0.014815,0.059259,0.014815,0.014815,0.0,0.0,0.044444,0.059259,0.02963,0.02963,0.02963,0.02963,0.044444,0.090909,0.0,0.0,0.0,0.0,0.060606,0.0,0.030303,0.151515,0.060606,0.0,0.030303,0.030303,0.030303,0.0,0.030303,0.030303,0.060606,0.0,0.030303,0.030303,0.0,0.0,0.0,0.030303,0.0,0.0,0.030303,0.0,0.030303,0.0,0.0,0.0,0.0,0.0,0.0,0.0,0.0,0.0,0.242424
Zone_DH109,0.0,0.0,0.080645,0.016129,0.032258,0.0,0.032258,0.096774,0.032258,0.032258,0.096774,0.0,0.032258,0.032258,0.0,0.0,0.0,0.0,0.0,0.032258,0.032258,0.032258,0.080645,0.064516,0.032258,0.048387,0.016129,0.032258,0.0,0.0,0.032258,0.016129,0.0,0.064516,0.032258,0.0,0.261194,0.0,0.0,0.0,0.0,0.0,0.0,0.0,0.0,0.014925,0.007463,0.007463,0.007463,0.022388,0.022388,0.029851,0.052239,0.037313,0.022388,0.059701,0.029851,0.022388,0.029851,0.037313,0.059701,0.029851,0.014925,0.007463,0.007463,0.007463,0.029851,0.007463,0.014925,0.014925,0.052239,0.089552,0.064516,0.032258,0.016129,0.016129,0.032258,0.016129,0.0,0.016129,0.064516,0.080645,0.0,0.0,0.048387,0.032258,0.016129,0.048387,0.016129,0.048387,0.032258,0.0,0.096774,0.0,0.032258,0.048387,0.0,0.0,0.032258,0.0,0.016129,0.0,0.0,0.0,0.0,0.0,0.0,0.0,0.0,0.016129,0.0,0.177419
Zone_DH110,0.012048,0.0,0.048193,0.024096,0.012048,0.012048,0.048193,0.072289,0.0,0.024096,0.060241,0.024096,0.072289,0.024096,0.012048,0.0,0.012048,0.0,0.0,0.012048,0.012048,0.036145,0.060241,0.060241,0.024096,0.060241,0.024096,0.036145,0.036145,0.012048,0.024096,0.036145,0.036145,0.048193,0.024096,0.0,0.22807,0.0,0.0,0.0,0.0,0.005013,0.005013,0.005013,0.0,0.02005,0.02005,0.010025,0.02005,0.025063,0.025063,0.02005,0.030075,0.045113,0.025063,0.065163,0.02005,0.02005,0.025063,0.0401,0.0401,0.0401,0.010025,0.0,0.010025,0.010025,0.030075,0.030075,0.02005,0.045113,0.035088,0.075188,0.060241,0.036145,0.012048,0.012048,0.036145,0.024096,0.0,0.024096,0.024096,0.072289,0.0,0.012048,0.024096,0.012048,0.012048,0.024096,0.024096,0.036145,0.060241,0.024096,0.072289,0.012048,0.036145,0.060241,0.0,0.012048,0.036145,0.0,0.048193,0.0,0.012048,0.0,0.0,0.0,0.0,0.012048,0.0,0.012048,0.0,0.156627
Zone_DH111,0.0,0.0,0.0,0.034483,0.0,0.017241,0.034483,0.017241,0.0,0.034483,0.034483,0.034483,0.12069,0.017241,0.017241,0.034483,0.017241,0.017241,0.0,0.017241,0.0,0.034483,0.0,0.051724,0.034483,0.051724,0.034483,0.034483,0.068966,0.034483,0.034483,0.068966,0.051724,0.017241,0.034483,0.0,0.221374,0.0,0.0,0.0,0.0,0.007634,0.015267,0.015267,0.0,0.015267,0.030534,0.007634,0.022901,0.045802,0.007634,0.022901,0.007634,0.053435,0.030534,0.061069,0.022901,0.030534,0.015267,0.038168,0.0,0.038168,0.015267,0.0,0.0,0.022901,0.030534,0.038168,0.030534,0.068702,0.030534,0.053435,0.017241,0.051724,0.051724,0.017241,0.017241,0.034483,0.017241,0.034483,0.0,0.051724,0.0,0.017241,0.0,0.034483,0.017241,0.017241,0.017241,0.017241,0.086207,0.051724,0.051724,0.034483,0.034483,0.034483,0.0,0.0,0.034483,0.017241,0.068966,0.0,0.017241,0.0,0.0,0.0,0.0,0.017241,0.0,0.0,0.0,0.137931
Zone_DH112,0.0,0.0,0.038462,0.0,0.0,0.0,0.038462,0.0,0.0,0.0,0.038462,0.038462,0.038462,0.0,0.0,0.076923,0.0,0.038462,0.0,0.038462,0.038462,0.038462,0.0,0.076923,0.0,0.038462,0.038462,0.038462,0.076923,0.076923,0.038462,0.076923,0.038462,0.038462,0.038462,0.0,0.240741,0.018519,0.0,0.0,0.0,0.0,0.037037,0.018519,0.0,0.0,0.055556,0.0,0.018519,0.074074,0.0,0.018519,0.0,0.018519,0.0,0.018519,0.037037,0.018519,0.018519,0.055556,0.0,0.037037,0.018519,0.0,0.0,0.055556,0.037037,0.018519,0.037037,0.055556,0.037037,0.055556,0.0,0.076923,0.076923,0.038462,0.0,0.0,0.038462,0.0,0.0,0.038462,0.0,0.0,0.0,0.038462,0.038462,0.0,0.0,0.0,0.153846,0.076923,0.0,0.038462,0.0,0.0,0.0,0.0,0.0,0.038462,0.038462,0.0,0.038462,0.0,0.0,0.0,0.0,0.0,0.0,0.0,0.0,0.269231
Zone_DH113,0.041667,0.041667,0.041667,0.041667,0.0,0.0,0.0,0.0,0.0,0.0,0.0,0.0,0.041667,0.0,0.0,0.0,0.041667,0.0,0.041667,0.041667,0.125,0.0,0.0,0.0,0.0,0.0,0.0,0.083333,0.041667,0.041667,0.041667,0.0,0.125,0.041667,0.041667,0.125,0.27907,0.023256,0.023256,0.0,0.0,0.023256,0.023256,0.0,0.023256,0.0,0.0,0.0,0.023256,0.023256,0.0,0.0,0.023256,0.0,0.023256,0.023256,0.069767,0.0,0.0,0.023256,0.046512,0.0,0.046512,0.0,0.023256,0.023256,0.023256,0.023256,0.046512,0.046512,0.046512,0.069767,0.0,0.041667,0.0,0.0,0.0,0.083333,0.041667,0.0,0.083333,0.0,0.0,0.041667,0.0,0.083333,0.041667,0.0,0.0,0.0,0.041667,0.0,0.041667,0.0,0.0,0.083333,0.041667,0.0,0.0,0.041667,0.0,0.0,0.0,0.0,0.0,0.0,0.0,0.0,0.0,0.0,0.0,0.333333
Zone_DH114,0.036145,0.036145,0.024096,0.024096,0.024096,0.0,0.0,0.012048,0.0,0.0,0.0,0.036145,0.024096,0.024096,0.024096,0.036145,0.072289,0.024096,0.060241,0.072289,0.024096,0.012048,0.024096,0.036145,0.012048,0.0,0.0,0.012048,0.012048,0.012048,0.024096,0.012048,0.072289,0.072289,0.060241,0.084337,0.22865,0.0,0.00551,0.011019,0.0,0.00551,0.00551,0.0,0.011019,0.0,0.0,0.022039,0.022039,0.00551,0.011019,0.038567,0.066116,0.066116,0.060606,0.038567,0.055096,0.016529,0.00551,0.011019,0.027548,0.016529,0.011019,0.016529,0.022039,0.00551,0.011019,0.027548,0.011019,0.027548,0.071625,0.066116,0.0,0.012048,0.048193,0.012048,0.060241,0.060241,0.036145,0.024096,0.036145,0.036145,0.012048,0.036145,0.024096,0.096386,0.024096,0.048193,0.024096,0.0,0.024096,0.0,0.024096,0.0,0.012048,0.036145,0.036145,0.012048,0.0,0.036145,0.012048,0.012048,0.0,0.0,0.0,0.0,0.0,0.0,0.012048,0.0,0.012048,0.180723
Zone_DH115,0.024793,0.07438,0.033058,0.024793,0.041322,0.016529,0.008264,0.016529,0.0,0.008264,0.016529,0.041322,0.016529,0.024793,0.024793,0.033058,0.049587,0.016529,0.041322,0.057851,0.041322,0.024793,0.016529,0.024793,0.016529,0.008264,0.033058,0.008264,0.0,0.016529,0.008264,0.024793,0.057851,0.049587,0.041322,0.057851,0.211169,0.00349,0.0,0.006981,0.006981,0.00349,0.00349,0.0,0.010471,0.010471,0.0,0.017452,0.017452,0.010471,0.024433,0.031414,0.059337,0.080279,0.055846,0.052356,0.048866,0.013962,0.010471,0.013962,0.017452,0.010471,0.010471,0.013962,0.013962,0.017452,0.017452,0.013962,0.010471,0.034904,0.066318,0.080279,0.0,0.016529,0.033058,0.016529,0.049587,0.057851,0.033058,0.033058,0.024793,0.066116,0.024793,0.07438,0.049587,0.07438,0.033058,0.033058,0.016529,0.008264,0.016529,0.008264,0.016529,0.0,0.008264,0.024793,0.033058,0.016529,0.0,0.016529,0.016529,0.008264,0.016529,0.0,0.0,0.0,0.0,0.016529,0.016529,0.008264,0.008264,0.123967
Zone_DH116,0.047619,0.083333,0.035714,0.035714,0.047619,0.02381,0.011905,0.011905,0.011905,0.011905,0.02381,0.035714,0.011905,0.011905,0.011905,0.035714,0.071429,0.02381,0.02381,0.035714,0.083333,0.02381,0.011905,0.035714,0.02381,0.011905,0.047619,0.02381,0.011905,0.011905,0.0,0.02381,0.011905,0.011905,0.02381,0.035714,0.217617,0.005181,0.005181,0.0,0.010363,0.0,0.005181,0.005181,0.020725,0.020725,0.0,0.005181,0.015544,0.020725,0.036269,0.010363,0.046632,0.088083,0.036269,0.056995,0.031088,0.010363,0.010363,0.020725,0.020725,0.015544,0.015544,0.020725,0.015544,0.020725,0.010363,0.010363,0.010363,0.031088,0.056995,0.093264,0.0,0.02381,0.02381,0.02381,0.035714,0.059524,0.02381,0.047619,0.011905,0.071429,0.02381,0.071429,0.047619,0.02381,0.035714,0.011905,0.011905,0.011905,0.0,0.035714,0.035714,0.02381,0.0,0.011905,0.035714,0.02381,0.0,0.011905,0.02381,0.0,0.02381,0.0,0.0,0.011905,0.0,0.02381,0.02381,0.02381,0.0,0.130952
Zone_DH117,0.057971,0.043478,0.043478,0.028986,0.028986,0.014493,0.0,0.0,0.014493,0.028986,0.014493,0.014493,0.0,0.014493,0.014493,0.028986,0.043478,0.043478,0.072464,0.028986,0.101449,0.028986,0.028986,0.014493,0.014493,0.014493,0.028986,0.043478,0.014493,0.014493,0.014493,0.014493,0.0,0.028986,0.043478,0.057971,0.232323,0.0,0.013468,0.0,0.013468,0.0,0.013468,0.013468,0.013468,0.006734,0.006734,0.020202,0.0,0.013468,0.026936,0.013468,0.040404,0.06734,0.053872,0.03367,0.040404,0.006734,0.020202,0.013468,0.03367,0.020202,0.013468,0.03367,0.026936,0.006734,0.0,0.013468,0.013468,0.053872,0.06734,0.053872,0.014493,0.014493,0.014493,0.014493,0.043478,0.028986,0.028986,0.043478,0.028986,0.086957,0.0,0.028986,0.043478,0.0,0.028986,0.0,0.014493,0.0,0.0,0.028986,0.043478,0.043478,0.014493,0.028986,0.014493,0.014493,0.0,0.028986,0.0,0.0,0.014493,0.028986,0.0,0.014493,0.0,0.028986,0.014493,0.028986,0.028986,0.188406
Zone_DH118,0.086207,0.034483,0.034483,0.017241,0.017241,0.0,0.017241,0.0,0.017241,0.017241,0.017241,0.017241,0.0,0.017241,0.034483,0.017241,0.086207,0.103448,0.051724,0.017241,0.034483,0.017241,0.051724,0.017241,0.017241,0.0,0.0,0.017241,0.0,0.0,0.017241,0.017241,0.017241,0.051724,0.068966,0.068966,0.214815,0.0,0.0,0.0,0.007407,0.007407,0.007407,0.007407,0.007407,0.007407,0.014815,0.02963,0.007407,0.0,0.014815,0.022222,0.051852,0.059259,0.051852,0.037037,0.051852,0.022222,0.022222,0.014815,0.037037,0.014815,0.014815,0.02963,0.02963,0.007407,0.007407,0.02963,0.022222,0.074074,0.02963,0.044444,0.017241,0.0,0.034483,0.017241,0.017241,0.017241,0.103448,0.086207,0.017241,0.034483,0.034483,0.034483,0.034483,0.0,0.0,0.0,0.017241,0.017241,0.0,0.0,0.017241,0.034483,0.017241,0.051724,0.017241,0.017241,0.017241,0.051724,0.0,0.0,0.0,0.034483,0.0,0.017241,0.0,0.0,0.017241,0.017241,0.034483,0.172414
Zone_DH119,0.097561,0.04878,0.02439,0.0,0.02439,0.0,0.02439,0.0,0.0,0.0,0.02439,0.0,0.0,0.02439,0.073171,0.02439,0.121951,0.097561,0.04878,0.0,0.02439,0.02439,0.02439,0.02439,0.0,0.0,0.0,0.0,0.02439,0.0,0.02439,0.02439,0.02439,0.073171,0.04878,0.04878,0.236994,0.0,0.0,0.0,0.0,0.0,0.0,0.023121,0.011561,0.0,0.011561,0.011561,0.0,0.0,0.011561,0.023121,0.069364,0.069364,0.034682,0.034682,0.080925,0.034682,0.023121,0.011561,0.023121,0.023121,0.0,0.023121,0.011561,0.0,0.011561,0.011561,0.011561,0.080925,0.046243,0.069364,0.02439,0.0,0.04878,0.0,0.02439,0.04878,0.121951,0.073171,0.0,0.02439,0.04878,0.04878,0.0,0.0,0.0,0.0,0.04878,0.02439,0.0,0.0,0.04878,0.02439,0.0,0.0,0.02439,0.02439,0.0,0.02439,0.0,0.0,0.0,0.04878,0.0,0.02439,0.0,0.0,0.0,0.0,0.04878,0.195122
Zone_DH120,0.05,0.1,0.066667,0.033333,0.0,0.0,0.0,0.0,0.0,0.0,0.016667,0.05,0.0,0.0,0.033333,0.033333,0.066667,0.033333,0.033333,0.033333,0.033333,0.066667,0.033333,0.0,0.0,0.0,0.033333,0.0,0.1,0.0,0.0,0.0,0.033333,0.033333,0.066667,0.05,0.261307,0.0,0.0,0.0,0.0,0.0,0.0,0.020101,0.0,0.0,0.005025,0.0,0.020101,0.0,0.0,0.060302,0.030151,0.020101,0.060302,0.090452,0.0,0.050251,0.060302,0.0,0.025126,0.020101,0.025126,0.020101,0.020101,0.020101,0.040201,0.030151,0.0,0.040201,0.070352,0.01005,0.083333,0.033333,0.0,0.016667,0.0,0.05,0.0,0.033333,0.066667,0.0,0.033333,0.0,0.033333,0.1,0.0,0.0,0.066667,0.033333,0.033333,0.0,0.033333,0.016667,0.0,0.033333,0.0,0.033333,0.0,0.033333,0.0,0.0,0.0,0.0,0.033333,0.0,0.033333,0.0,0.0,0.0,0.0,0.2
Zone_DH121,0.046921,0.164223,0.082111,0.026393,0.02346,0.005865,0.0,0.02346,0.017595,0.0,0.002933,0.008798,0.005865,0.005865,0.005865,0.01173,0.041056,0.049853,0.041056,0.129032,0.064516,0.02346,0.017595,0.017595,0.02346,0.0,0.0,0.005865,0.035191,0.032258,0.002933,0.002933,0.008798,0.014663,0.02346,0.035191,0.222384,0.0,0.00218,0.005814,0.00218,0.005814,0.0,0.0,0.005814,0.008721,0.000727,0.005814,0.019622,0.015988,0.017442,0.031977,0.021076,0.088663,0.101017,0.039971,0.020349,0.022529,0.037791,0.008721,0.010901,0.015262,0.013081,0.017442,0.005814,0.005814,0.015988,0.02907,0.013808,0.040698,0.042878,0.104651,0.046921,0.035191,0.049853,0.073314,0.079179,0.032258,0.096774,0.064516,0.067449,0.058651,0.046921,0.043988,0.043988,0.046921,0.029326,0.017595,0.005865,0.020528,0.008798,0.0,0.005865,0.008798,0.01173,0.005865,0.005865,0.014663,0.005865,0.005865,0.005865,0.0,0.0,0.0,0.01173,0.0,0.0,0.0,0.0,0.0,0.0,0.049853
Zone_DH122,0.067568,0.13964,0.076577,0.024775,0.022523,0.009009,0.0,0.018018,0.013514,0.004505,0.002252,0.002252,0.0,0.004505,0.009009,0.009009,0.027027,0.060811,0.054054,0.126126,0.067568,0.009009,0.027027,0.013514,0.022523,0.0,0.0,0.009009,0.022523,0.024775,0.002252,0.011261,0.024775,0.018018,0.022523,0.054054,0.219369,0.0,0.001605,0.00428,0.001605,0.00428,0.0,0.0,0.006421,0.008561,0.006956,0.00428,0.016586,0.024612,0.014981,0.026752,0.027287,0.088818,0.082932,0.049759,0.023542,0.033708,0.029963,0.014981,0.009096,0.013376,0.011771,0.014981,0.006421,0.010701,0.009631,0.026752,0.018727,0.038523,0.05725,0.091493,0.036036,0.027027,0.060811,0.065315,0.074324,0.056306,0.108108,0.072072,0.074324,0.067568,0.058559,0.038288,0.029279,0.045045,0.022523,0.013514,0.013514,0.024775,0.011261,0.004505,0.009009,0.011261,0.009009,0.009009,0.009009,0.006757,0.009009,0.0,0.004505,0.0,0.004505,0.0,0.009009,0.0,0.0,0.0,0.0,0.0,0.0,0.015766
Zone_DH123,0.079646,0.132743,0.044248,0.026549,0.026549,0.017699,0.0,0.00885,0.0,0.00885,0.0,0.0,0.0,0.0,0.0,0.017699,0.017699,0.044248,0.053097,0.132743,0.088496,0.00885,0.026549,0.0,0.026549,0.00885,0.0,0.0,0.0,0.017699,0.0,0.035398,0.044248,0.035398,0.00885,0.088496,0.23299,0.0,0.004124,0.0,0.0,0.0,0.0,0.004124,0.012371,0.004124,0.012371,0.008247,0.012371,0.020619,0.008247,0.020619,0.03299,0.090722,0.074227,0.057732,0.024742,0.03299,0.016495,0.028866,0.008247,0.012371,0.004124,0.004124,0.004124,0.012371,0.020619,0.03299,0.03299,0.024742,0.065979,0.078351,0.00885,0.026549,0.053097,0.061947,0.035398,0.053097,0.132743,0.106195,0.070796,0.079646,0.070796,0.026549,0.00885,0.026549,0.00885,0.0,0.026549,0.035398,0.017699,0.017699,0.0,0.017699,0.00885,0.00885,0.00885,0.017699,0.017699,0.0,0.0,0.0,0.017699,0.0,0.0,0.0,0.0,0.0,0.0,0.0,0.0,0.035398
Zone_DH124,0.039683,0.031746,0.095238,0.087302,0.047619,0.015873,0.007937,0.0,0.007937,0.007937,0.0,0.0,0.007937,0.007937,0.015873,0.015873,0.007937,0.031746,0.02381,0.079365,0.095238,0.095238,0.055556,0.031746,0.015873,0.007937,0.007937,0.015873,0.0,0.007937,0.015873,0.02381,0.02381,0.031746,0.007937,0.031746,0.231047,0.00361,0.00722,0.0,0.0,0.00361,0.0,0.00722,0.00722,0.01083,0.01083,0.01083,0.00722,0.018051,0.00722,0.028881,0.025271,0.079422,0.079422,0.043321,0.032491,0.032491,0.018051,0.025271,0.01444,0.01083,0.00722,0.01444,0.00722,0.01444,0.028881,0.021661,0.032491,0.046931,0.025271,0.086643,0.02381,0.007937,0.039683,0.063492,0.079365,0.02381,0.079365,0.087302,0.031746,0.063492,0.063492,0.055556,0.055556,0.0,0.031746,0.015873,0.007937,0.007937,0.02381,0.031746,0.015873,0.02381,0.007937,0.007937,0.015873,0.02381,0.015873,0.007937,0.0,0.0,0.007937,0.0,0.0,0.0,0.0,0.0,0.0,0.015873,0.015873,0.047619
Zone_DH125,0.039604,0.049505,0.084158,0.089109,0.039604,0.019802,0.014851,0.00495,0.00495,0.014851,0.00495,0.00495,0.009901,0.014851,0.024752,0.00495,0.014851,0.029703,0.034653,0.09901,0.094059,0.089109,0.039604,0.034653,0.009901,0.00495,0.014851,0.009901,0.0,0.014851,0.009901,0.0,0.009901,0.024752,0.009901,0.029703,0.222698,0.004283,0.004283,0.002141,0.0,0.006424,0.002141,0.004283,0.010707,0.008565,0.008565,0.008565,0.006424,0.012848,0.017131,0.034261,0.040685,0.070664,0.08137,0.042827,0.019272,0.029979,0.019272,0.023555,0.014989,0.023555,0.023555,0.010707,0.021413,0.008565,0.017131,0.03212,0.019272,0.040685,0.025696,0.08137,0.014851,0.009901,0.029703,0.059406,0.084158,0.034653,0.069307,0.108911,0.069307,0.044554,0.049505,0.039604,0.039604,0.029703,0.034653,0.009901,0.009901,0.00495,0.029703,0.014851,0.019802,0.019802,0.009901,0.019802,0.009901,0.009901,0.014851,0.009901,0.00495,0.0,0.014851,0.009901,0.00495,0.0,0.0,0.0,0.0,0.009901,0.009901,0.044554
Zone_DH126,0.110032,0.119741,0.045307,0.042071,0.019417,0.012945,0.012945,0.012945,0.006472,0.006472,0.006472,0.016181,0.003236,0.006472,0.016181,0.009709,0.029126,0.05178,0.080906,0.119741,0.055016,0.05178,0.009709,0.012945,0.009709,0.016181,0.012945,0.003236,0.006472,0.012945,0.012945,0.006472,0.003236,0.02589,0.006472,0.02589,0.223082,0.001407,0.002815,0.004222,0.002815,0.00563,0.007037,0.004222,0.012667,0.008445,0.009852,0.012667,0.007037,0.01126,0.015482,0.019704,0.039409,0.070373,0.080225,0.040816,0.021112,0.025334,0.021112,0.026742,0.018297,0.018297,0.021112,0.012667,0.015482,0.009852,0.021112,0.022519,0.025334,0.029557,0.039409,0.092892,0.019417,0.048544,0.061489,0.090615,0.10356,0.071197,0.048544,0.080906,0.055016,0.055016,0.038835,0.038835,0.019417,0.038835,0.019417,0.0,0.022654,0.012945,0.02589,0.009709,0.016181,0.009709,0.012945,0.009709,0.006472,0.006472,0.006472,0.006472,0.003236,0.0,0.006472,0.009709,0.006472,0.003236,0.0,0.003236,0.0,0.0,0.003236,0.029126
Zone_DH127,0.094017,0.116809,0.078348,0.029915,0.012821,0.011396,0.014245,0.012821,0.007123,0.005698,0.009972,0.009972,0.002849,0.007123,0.008547,0.009972,0.024217,0.047009,0.08547,0.106838,0.059829,0.034188,0.024217,0.014245,0.011396,0.014245,0.022792,0.012821,0.009972,0.011396,0.014245,0.005698,0.008547,0.011396,0.017094,0.032764,0.215168,0.000588,0.001176,0.001764,0.005291,0.00823,0.007643,0.007643,0.007643,0.007055,0.00823,0.013521,0.009406,0.009994,0.009994,0.024103,0.040564,0.077601,0.077601,0.05291,0.027631,0.019988,0.016461,0.017637,0.0194,0.019988,0.017637,0.00823,0.015873,0.011758,0.0194,0.013521,0.017049,0.018812,0.037037,0.133451,0.034188,0.089744,0.136752,0.125356,0.109687,0.065527,0.059829,0.07265,0.049858,0.042735,0.029915,0.029915,0.022792,0.019943,0.014245,0.007123,0.011396,0.009972,0.012821,0.005698,0.007123,0.001425,0.007123,0.0,0.002849,0.004274,0.002849,0.002849,0.002849,0.0,0.002849,0.001425,0.001425,0.002849,0.0,0.001425,0.0,0.0,0.001425,0.007123
Zone_DH128,0.080054,0.107191,0.078697,0.029851,0.013569,0.018996,0.020353,0.014247,0.010855,0.003392,0.009498,0.012212,0.004071,0.008141,0.009498,0.013569,0.024423,0.040706,0.080054,0.091588,0.061737,0.032564,0.029851,0.017639,0.009498,0.016282,0.02171,0.014925,0.014925,0.012212,0.017639,0.009498,0.009498,0.008141,0.020353,0.032564,0.21724,0.000557,0.002228,0.002785,0.006127,0.006684,0.009469,0.008355,0.00557,0.006684,0.010166,0.011837,0.010723,0.011976,0.012812,0.027016,0.04122,0.068514,0.074084,0.047626,0.027294,0.022838,0.016154,0.018521,0.020749,0.022838,0.016711,0.010583,0.017268,0.011698,0.022281,0.012255,0.017268,0.018382,0.034675,0.128812,0.029851,0.09498,0.12483,0.115332,0.108548,0.073948,0.063772,0.071913,0.045455,0.036635,0.032564,0.027137,0.02171,0.02171,0.018996,0.013569,0.012212,0.012212,0.009498,0.006784,0.006784,0.005427,0.006784,0.001357,0.005427,0.004071,0.002714,0.002714,0.002714,0.001357,0.001357,0.004071,0.001357,0.001357,0.0,0.001357,0.0,0.0,0.0,0.009498
Zone_DH129,0.058625,0.060879,0.065389,0.027057,0.011274,0.024803,0.018038,0.009019,0.023675,0.010147,0.010147,0.010147,0.002255,0.009019,0.002255,0.014656,0.021421,0.052988,0.063134,0.059752,0.071026,0.05637,0.031567,0.020293,0.015784,0.013529,0.027057,0.020293,0.015784,0.020293,0.022548,0.015784,0.020293,0.00451,0.020293,0.069899,0.22883,0.001903,0.005709,0.004757,0.004757,0.009515,0.011418,0.008563,0.00666,0.009515,0.00785,0.008801,0.009753,0.014272,0.013321,0.019505,0.043292,0.074691,0.072788,0.033302,0.022835,0.020457,0.015224,0.019505,0.019981,0.018554,0.011418,0.017127,0.019981,0.012369,0.023787,0.012369,0.015699,0.029496,0.040913,0.111085,0.038331,0.069899,0.096956,0.076663,0.094701,0.091319,0.045096,0.047351,0.028185,0.050733,0.055242,0.034949,0.023675,0.029312,0.024803,0.020293,0.024803,0.018038,0.009019,0.009019,0.015784,0.012401,0.007892,0.005637,0.006764,0.005637,0.006764,0.002255,0.00451,0.002255,0.003382,0.006764,0.010147,0.002255,0.0,0.0,0.0,0.002255,0.0,0.016911
Zone_DH130,0.070838,0.05549,0.03778,0.023613,0.009445,0.023613,0.007084,0.001181,0.021251,0.009445,0.005903,0.010626,0.002361,0.007084,0.007084,0.005903,0.01889,0.122786,0.087367,0.05549,0.050767,0.051948,0.01889,0.016529,0.011806,0.009445,0.030697,0.014168,0.011806,0.01889,0.025974,0.009445,0.014168,0.007084,0.009445,0.115702,0.224081,0.002028,0.004056,0.00507,0.00507,0.00507,0.008112,0.006591,0.006337,0.007098,0.007351,0.007351,0.0109,0.013181,0.010646,0.022814,0.032446,0.098606,0.096071,0.026362,0.023321,0.01673,0.017237,0.020786,0.008872,0.012674,0.012421,0.018251,0.0109,0.014195,0.020279,0.012167,0.015716,0.025349,0.037516,0.134347,0.081464,0.080283,0.097993,0.079103,0.089728,0.09209,0.061393,0.021251,0.041322,0.0366,0.05549,0.034238,0.015348,0.024793,0.011806,0.021251,0.022432,0.016529,0.003542,0.007084,0.009445,0.010626,0.010626,0.007084,0.004723,0.005903,0.007084,0.002361,0.002361,0.002361,0.001181,0.004723,0.011806,0.002361,0.0,0.001181,0.0,0.002361,0.0,0.020071
Zone_DH131,0.095491,0.046419,0.03183,0.018568,0.007958,0.015915,0.005305,0.0,0.025199,0.009284,0.002653,0.01061,0.005305,0.005305,0.01061,0.009284,0.026525,0.180371,0.114058,0.039788,0.03183,0.034483,0.023873,0.015915,0.002653,0.002653,0.015915,0.002653,0.005305,0.007958,0.013263,0.005305,0.01061,0.01061,0.01061,0.145889,0.230307,0.0,0.001203,0.0,0.004811,0.002405,0.006013,0.004209,0.007517,0.008419,0.002405,0.004811,0.01383,0.006013,0.011425,0.021648,0.028262,0.107336,0.112447,0.028262,0.026458,0.019242,0.019242,0.013229,0.009621,0.010222,0.012928,0.019242,0.009321,0.012026,0.010824,0.015634,0.01804,0.015033,0.024955,0.162658,0.088859,0.106101,0.133952,0.088859,0.061008,0.083554,0.055703,0.023873,0.049072,0.022546,0.051724,0.029178,0.011936,0.025199,0.007958,0.02122,0.011936,0.015915,0.001326,0.002653,0.015915,0.001326,0.011936,0.013263,0.005305,0.002653,0.002653,0.005305,0.002653,0.0,0.003979,0.007958,0.006631,0.0,0.0,0.003979,0.0,0.0,0.0,0.023873
Zone_DH132,0.097473,0.027076,0.018051,0.018051,0.00361,0.01083,0.01083,0.01444,0.028881,0.009025,0.00361,0.00722,0.00722,0.00361,0.01083,0.01444,0.009025,0.198556,0.101083,0.050542,0.021661,0.034296,0.021661,0.01444,0.00722,0.00722,0.01083,0.00722,0.00361,0.00361,0.00722,0.00722,0.00722,0.018051,0.01083,0.173285,0.234622,0.0,0.0,0.003515,0.003515,0.001757,0.005272,0.002636,0.010545,0.00703,0.0,0.003515,0.017575,0.006151,0.019332,0.018453,0.015817,0.11116,0.12478,0.025483,0.033392,0.021968,0.02109,0.006151,0.011424,0.008787,0.011863,0.019332,0.009227,0.012302,0.008787,0.012302,0.01406,0.011424,0.021529,0.165202,0.084838,0.122744,0.099278,0.092058,0.048736,0.070397,0.043321,0.034296,0.043321,0.027076,0.041516,0.023466,0.01444,0.027076,0.01083,0.012635,0.01444,0.021661,0.0,0.00361,0.018051,0.00361,0.01444,0.018051,0.01083,0.01083,0.009025,0.00722,0.00361,0.00722,0.00361,0.01083,0.00722,0.0,0.0,0.00361,0.00361,0.0,0.0,0.032491
Zone_DH133,0.096429,0.032143,0.032143,0.017857,0.014286,0.025,0.042857,0.028571,0.017857,0.0,0.010714,0.010714,0.007143,0.007143,0.007143,0.014286,0.010714,0.107143,0.073214,0.053571,0.042857,0.044643,0.046429,0.028571,0.019643,0.008929,0.007143,0.014286,0.0,0.0,0.007143,0.014286,0.007143,0.003571,0.010714,0.135714,0.231815,0.0,0.0,0.007994,0.003197,0.006395,0.006395,0.007994,0.004796,0.006395,0.007994,0.006395,0.016787,0.015987,0.030376,0.027978,0.021583,0.083933,0.083133,0.032774,0.031974,0.026379,0.023981,0.010392,0.018385,0.006395,0.007994,0.011191,0.009592,0.009592,0.009592,0.007994,0.009592,0.016387,0.031575,0.167066,0.032143,0.073214,0.075,0.078571,0.058929,0.082143,0.060714,0.046429,0.053571,0.030357,0.033929,0.026786,0.032143,0.032143,0.039286,0.023214,0.014286,0.017857,0.007143,0.007143,0.025,0.008929,0.017857,0.014286,0.010714,0.010714,0.0125,0.007143,0.003571,0.007143,0.003571,0.0,0.007143,0.0,0.0,0.0,0.003571,0.0,0.003571,0.039286
Zone_DH134,0.107692,0.04359,0.033333,0.012821,0.012821,0.023077,0.038462,0.017949,0.007692,0.0,0.010256,0.010256,0.012821,0.007692,0.005128,0.015385,0.023077,0.112821,0.097436,0.038462,0.038462,0.026923,0.033333,0.015385,0.016667,0.025641,0.012821,0.010256,0.002564,0.010256,0.007692,0.015385,0.007692,0.007692,0.025641,0.112821,0.219208,0.001085,0.001085,0.005426,0.003256,0.005426,0.004341,0.007054,0.001085,0.007596,0.010852,0.010852,0.015735,0.01465,0.023332,0.024417,0.028757,0.097667,0.090071,0.038524,0.02713,0.019533,0.014107,0.01465,0.018448,0.016278,0.009767,0.006511,0.011937,0.011937,0.013022,0.008681,0.008953,0.013294,0.033912,0.161422,0.023077,0.052564,0.058974,0.082051,0.091026,0.061538,0.061538,0.048718,0.069231,0.05,0.039744,0.033333,0.041026,0.030769,0.035897,0.020513,0.023077,0.017949,0.025641,0.015385,0.023077,0.014103,0.007692,0.015385,0.0,0.010256,0.007692,0.0,0.002564,0.002564,0.002564,0.0,0.002564,0.0,0.0,0.0,0.002564,0.0,0.002564,0.024359
Zone_DH135,0.113821,0.068293,0.037398,0.009756,0.01626,0.011382,0.01626,0.004878,0.004878,0.003252,0.01626,0.017886,0.00813,0.004878,0.004878,0.014634,0.019512,0.107317,0.130081,0.050407,0.035772,0.014634,0.017886,0.014634,0.009756,0.014634,0.009756,0.006504,0.003252,0.00813,0.011382,0.006504,0.00813,0.013008,0.056911,0.108943,0.209788,0.001305,0.000653,0.003915,0.003263,0.003915,0.000653,0.003263,0.00261,0.005873,0.005873,0.00783,0.015008,0.009788,0.018271,0.026101,0.046982,0.095922,0.1031,0.05416,0.030669,0.013051,0.013051,0.016966,0.013703,0.013703,0.00783,0.007178,0.008483,0.014356,0.013051,0.01044,0.011746,0.016313,0.050245,0.140946,0.027642,0.055285,0.087805,0.082927,0.113821,0.074797,0.074797,0.047154,0.060163,0.066667,0.045528,0.042276,0.029268,0.026016,0.022764,0.009756,0.02439,0.013008,0.021138,0.011382,0.013008,0.006504,0.006504,0.009756,0.001626,0.004878,0.001626,0.003252,0.003252,0.001626,0.0,0.0,0.003252,0.0,0.0,0.0,0.0,0.0,0.001626,0.006504
Zone_DH136,0.106729,0.082599,0.049188,0.013921,0.010209,0.005568,0.012065,0.00464,0.003712,0.006497,0.011137,0.009281,0.006497,0.015777,0.007425,0.014849,0.023202,0.090951,0.110441,0.07239,0.040835,0.035267,0.011137,0.006497,0.008353,0.001856,0.00464,0.00464,0.001856,0.008353,0.012993,0.014385,0.008353,0.016705,0.045476,0.121578,0.202418,0.001099,0.000733,0.002198,0.002931,0.004763,0.002381,0.001832,0.003297,0.002931,0.004213,0.00458,0.009526,0.010808,0.020333,0.02473,0.045613,0.105239,0.116413,0.055871,0.030042,0.017219,0.014838,0.013372,0.011541,0.006778,0.005129,0.008426,0.005496,0.012823,0.009709,0.011357,0.014288,0.021616,0.049826,0.145631,0.04826,0.095592,0.108585,0.119258,0.101624,0.080742,0.083063,0.061253,0.048724,0.040371,0.039443,0.035267,0.020418,0.020882,0.022738,0.007425,0.009281,0.008353,0.011137,0.005568,0.00464,0.002784,0.006032,0.00464,0.000928,0.003712,0.0,0.002784,0.000928,0.0,0.0,0.000928,0.000928,0.0,0.0,0.0,0.000928,0.0,0.000928,0.001856
Zone_DH137,0.100564,0.094495,0.050282,0.016472,0.013004,0.006068,0.009536,0.004335,0.005202,0.006935,0.017339,0.004335,0.008669,0.022107,0.010403,0.019072,0.026008,0.071088,0.102297,0.081925,0.040746,0.038145,0.014738,0.007802,0.008669,0.004335,0.005202,0.008669,0.002601,0.012137,0.013004,0.011704,0.010403,0.014738,0.032943,0.104031,0.203662,0.001395,0.000349,0.001744,0.00279,0.005231,0.003313,0.003139,0.004359,0.002964,0.005754,0.0068,0.009416,0.010985,0.018657,0.02075,0.047777,0.102092,0.114298,0.050218,0.028073,0.020227,0.017088,0.016216,0.010288,0.008544,0.009241,0.013078,0.007672,0.009416,0.010288,0.013078,0.015344,0.022668,0.044289,0.138797,0.061552,0.103164,0.099263,0.120936,0.097096,0.094062,0.089727,0.064586,0.048114,0.039879,0.029909,0.030776,0.015171,0.015605,0.021673,0.012137,0.009536,0.006502,0.006502,0.006068,0.003468,0.002601,0.004335,0.002601,0.000867,0.001734,0.001734,0.000867,0.001734,0.000867,0.0,0.000867,0.0,0.001734,0.0,0.0,0.000867,0.0,0.0,0.003468
Zone_DH138,0.088116,0.118261,0.044058,0.015072,0.006957,0.006957,0.008116,0.005797,0.008116,0.005797,0.010435,0.005797,0.009275,0.023768,0.011014,0.01971,0.026667,0.073043,0.081159,0.107246,0.035942,0.034783,0.018551,0.005797,0.009275,0.005797,0.006957,0.010435,0.002319,0.013913,0.012754,0.011594,0.013913,0.012754,0.032464,0.097391,0.207866,0.000945,0.0,0.001417,0.002835,0.005669,0.004252,0.005669,0.004488,0.004488,0.005197,0.00874,0.007559,0.013936,0.0137,0.016299,0.039211,0.108657,0.123066,0.041573,0.025747,0.022204,0.018188,0.017952,0.009212,0.009685,0.011102,0.013464,0.011338,0.008976,0.009921,0.01063,0.013228,0.020905,0.03366,0.148223,0.072464,0.129275,0.097391,0.125217,0.08,0.095652,0.07942,0.047536,0.051014,0.038841,0.026667,0.027826,0.015652,0.016232,0.016812,0.015072,0.009275,0.004058,0.006377,0.008696,0.006957,0.001159,0.003478,0.001159,0.002319,0.004638,0.003478,0.0,0.003478,0.001159,0.001159,0.00058,0.0,0.002319,0.0,0.0,0.0,0.0,0.0,0.004638
Zone_DH139,0.088235,0.172269,0.05042,0.008403,0.004202,0.008403,0.004202,0.008403,0.021008,0.004202,0.02521,0.016807,0.012605,0.029412,0.023109,0.021008,0.016807,0.021008,0.058824,0.17437,0.029412,0.0,0.008403,0.012605,0.008403,0.016807,0.008403,0.021008,0.004202,0.012605,0.016807,0.008403,0.021008,0.004202,0.02521,0.033613,0.22048,0.001845,0.0,0.0,0.001845,0.00738,0.005535,0.01107,0.009225,0.01107,0.009225,0.017528,0.00369,0.013838,0.00738,0.010148,0.015683,0.110701,0.130996,0.02952,0.013838,0.021218,0.020295,0.012915,0.013838,0.02583,0.01845,0.020295,0.027675,0.016605,0.01476,0.008303,0.012915,0.007841,0.026292,0.121771,0.090336,0.115546,0.07563,0.102941,0.054622,0.10084,0.058824,0.052521,0.042017,0.046218,0.033613,0.05042,0.012605,0.02521,0.012605,0.016807,0.018908,0.0,0.002101,0.014706,0.008403,0.004202,0.012605,0.004202,0.004202,0.012605,0.004202,0.0,0.004202,0.0,0.004202,0.002101,0.0,0.004202,0.0,0.0,0.0,0.0,0.0,0.008403
Zone_DH142,0.0,0.0,0.0,0.0,0.0,0.032258,0.032258,0.032258,0.096774,0.0,0.096774,0.064516,0.0,0.032258,0.064516,0.032258,0.0,0.032258,0.0,0.0,0.032258,0.032258,0.032258,0.0,0.0,0.0,0.0,0.032258,0.064516,0.096774,0.032258,0.032258,0.032258,0.064516,0.0,0.032258,0.244094,0.0,0.0,0.0,0.0,0.015748,0.015748,0.031496,0.0,0.0,0.031496,0.0,0.0,0.015748,0.015748,0.07874,0.015748,0.0,0.094488,0.031496,0.015748,0.031496,0.015748,0.015748,0.015748,0.031496,0.031496,0.0,0.0,0.015748,0.015748,0.031496,0.047244,0.0,0.07874,0.062992,0.0,0.0,0.0,0.0,0.0,0.032258,0.0,0.096774,0.096774,0.0,0.032258,0.032258,0.064516,0.032258,0.064516,0.096774,0.032258,0.064516,0.0,0.032258,0.0,0.0,0.0,0.0,0.032258,0.032258,0.0,0.032258,0.032258,0.032258,0.0,0.0,0.0,0.0,0.0,0.0,0.0,0.0,0.0,0.16129
Zone_DH143,0.0,0.0,0.070175,0.035088,0.017544,0.017544,0.035088,0.052632,0.052632,0.017544,0.070175,0.017544,0.017544,0.052632,0.0,0.0,0.035088,0.035088,0.017544,0.017544,0.035088,0.052632,0.035088,0.017544,0.0,0.0,0.0,0.035088,0.052632,0.070175,0.052632,0.017544,0.0,0.052632,0.017544,0.0,0.24898,0.0,0.0,0.008163,0.0,0.008163,0.008163,0.016327,0.0,0.008163,0.02449,0.008163,0.008163,0.016327,0.02449,0.04898,0.02449,0.008163,0.040816,0.04898,0.032653,0.02449,0.016327,0.016327,0.057143,0.02449,0.02449,0.016327,0.008163,0.008163,0.040816,0.032653,0.02449,0.008163,0.089796,0.02449,0.070175,0.017544,0.0,0.017544,0.0,0.0,0.0,0.052632,0.052632,0.052632,0.0,0.017544,0.052632,0.017544,0.017544,0.087719,0.017544,0.035088,0.0,0.017544,0.035088,0.0,0.052632,0.017544,0.017544,0.017544,0.0,0.035088,0.035088,0.017544,0.0,0.0,0.0,0.0,0.0,0.0,0.0,0.0,0.0,0.245614
Zone_DH144,0.029703,0.0,0.039604,0.049505,0.019802,0.009901,0.029703,0.059406,0.039604,0.029703,0.049505,0.009901,0.059406,0.049505,0.0,0.0,0.019802,0.009901,0.009901,0.019802,0.019802,0.029703,0.059406,0.029703,0.009901,0.019802,0.009901,0.039604,0.029703,0.009901,0.059406,0.019802,0.019802,0.069307,0.029703,0.009901,0.242762,0.0,0.0,0.004454,0.0,0.0,0.0,0.013363,0.0,0.017817,0.008909,0.008909,0.013363,0.013363,0.035635,0.017817,0.053452,0.035635,0.03118,0.048998,0.03118,0.026726,0.040089,0.03118,0.044543,0.022272,0.008909,0.013363,0.017817,0.004454,0.026726,0.022272,0.03118,0.017817,0.044543,0.071269,0.059406,0.059406,0.009901,0.019802,0.029703,0.019802,0.009901,0.019802,0.019802,0.079208,0.019802,0.009901,0.049505,0.019802,0.039604,0.039604,0.029703,0.039604,0.039604,0.009901,0.059406,0.009901,0.039604,0.029703,0.0,0.009901,0.019802,0.009901,0.009901,0.009901,0.0,0.0,0.009901,0.009901,0.0,0.0,0.009901,0.009901,0.0,0.138614
Zone_DH145,0.024,0.016,0.04,0.048,0.016,0.016,0.032,0.048,0.016,0.016,0.032,0.016,0.072,0.048,0.008,0.008,0.008,0.016,0.0,0.024,0.016,0.024,0.032,0.024,0.016,0.032,0.016,0.032,0.056,0.016,0.072,0.04,0.032,0.056,0.024,0.008,0.236427,0.0,0.0,0.0,0.003503,0.003503,0.0,0.010508,0.003503,0.014011,0.007005,0.014011,0.017513,0.014011,0.024518,0.031524,0.042032,0.035026,0.045534,0.045534,0.028021,0.031524,0.028021,0.049037,0.031524,0.021016,0.007005,0.014011,0.014011,0.010508,0.028021,0.021016,0.031524,0.024518,0.031524,0.08056,0.056,0.056,0.024,0.016,0.032,0.024,0.008,0.032,0.024,0.064,0.016,0.024,0.04,0.008,0.024,0.032,0.024,0.04,0.056,0.016,0.048,0.008,0.032,0.032,0.0,0.016,0.032,0.024,0.016,0.008,0.016,0.0,0.008,0.008,0.0,0.0,0.008,0.008,0.0,0.12
Zone_DH146,0.021739,0.032609,0.021739,0.032609,0.0,0.021739,0.021739,0.01087,0.021739,0.0,0.021739,0.021739,0.086957,0.065217,0.01087,0.032609,0.0,0.021739,0.01087,0.021739,0.0,0.01087,0.0,0.021739,0.021739,0.043478,0.021739,0.032609,0.054348,0.032609,0.086957,0.065217,0.054348,0.043478,0.021739,0.01087,0.239024,0.0,0.0,0.0,0.004878,0.004878,0.009756,0.014634,0.004878,0.004878,0.019512,0.014634,0.014634,0.02439,0.014634,0.02439,0.014634,0.043902,0.043902,0.034146,0.029268,0.034146,0.019512,0.053659,0.004878,0.029268,0.014634,0.014634,0.014634,0.029268,0.029268,0.029268,0.034146,0.043902,0.014634,0.073171,0.021739,0.065217,0.043478,0.01087,0.032609,0.054348,0.01087,0.032609,0.01087,0.054348,0.01087,0.032609,0.01087,0.01087,0.021739,0.021739,0.021739,0.043478,0.065217,0.032609,0.032609,0.01087,0.021739,0.021739,0.0,0.021739,0.032609,0.032609,0.021739,0.0,0.021739,0.0,0.0,0.0,0.0,0.0,0.01087,0.0,0.0,0.163043
Zone_DH147,0.0,0.097561,0.02439,0.0,0.0,0.0,0.02439,0.0,0.02439,0.0,0.02439,0.02439,0.02439,0.02439,0.0,0.097561,0.0,0.02439,0.04878,0.04878,0.02439,0.02439,0.0,0.04878,0.0,0.02439,0.02439,0.02439,0.04878,0.04878,0.0,0.073171,0.097561,0.02439,0.02439,0.02439,0.242604,0.0,0.0,0.0,0.0,0.0,0.023669,0.023669,0.0,0.011834,0.035503,0.011834,0.023669,0.047337,0.0,0.011834,0.011834,0.023669,0.011834,0.035503,0.059172,0.023669,0.035503,0.047337,0.0,0.023669,0.023669,0.023669,0.0,0.071006,0.023669,0.035503,0.011834,0.047337,0.011834,0.047337,0.02439,0.04878,0.04878,0.04878,0.0,0.02439,0.02439,0.02439,0.02439,0.04878,0.0,0.0,0.02439,0.02439,0.02439,0.0,0.02439,0.02439,0.121951,0.04878,0.0,0.02439,0.0,0.0,0.0,0.0,0.0,0.02439,0.02439,0.0,0.04878,0.0,0.0,0.0,0.0,0.0,0.0,0.0,0.0,0.268293
Zone_DH148,0.023256,0.023256,0.069767,0.0,0.023256,0.0,0.023256,0.0,0.0,0.0,0.023256,0.023256,0.0,0.023256,0.0,0.069767,0.0,0.046512,0.116279,0.046512,0.046512,0.0,0.0,0.023256,0.0,0.0,0.0,0.023256,0.046512,0.023256,0.0,0.0,0.046512,0.069767,0.069767,0.139535,0.245714,0.0,0.0,0.011429,0.0,0.0,0.011429,0.0,0.011429,0.034286,0.0,0.011429,0.011429,0.011429,0.022857,0.022857,0.022857,0.068571,0.034286,0.034286,0.08,0.022857,0.034286,0.011429,0.011429,0.011429,0.011429,0.034286,0.022857,0.034286,0.011429,0.0,0.011429,0.034286,0.057143,0.057143,0.023256,0.0,0.0,0.069767,0.093023,0.069767,0.069767,0.023256,0.023256,0.0,0.0,0.069767,0.069767,0.046512,0.069767,0.0,0.046512,0.023256,0.023256,0.0,0.0,0.023256,0.0,0.0,0.023256,0.0,0.0,0.0,0.0,0.0,0.0,0.0,0.0,0.0,0.023256,0.0,0.0,0.0,0.0,0.209302
Zone_DH149,0.027027,0.054054,0.040541,0.0,0.040541,0.013514,0.013514,0.013514,0.013514,0.0,0.013514,0.027027,0.013514,0.027027,0.013514,0.040541,0.027027,0.027027,0.108108,0.054054,0.027027,0.0,0.0,0.027027,0.013514,0.0,0.027027,0.0,0.013514,0.013514,0.0,0.013514,0.067568,0.094595,0.027027,0.108108,0.228395,0.0,0.0,0.012346,0.0,0.006173,0.006173,0.0,0.006173,0.012346,0.0,0.012346,0.018519,0.0,0.018519,0.018519,0.037037,0.074074,0.074074,0.030864,0.074074,0.037037,0.018519,0.012346,0.012346,0.024691,0.0,0.006173,0.024691,0.012346,0.012346,0.018519,0.024691,0.049383,0.055556,0.061728,0.027027,0.0,0.027027,0.067568,0.081081,0.081081,0.040541,0.013514,0.054054,0.013514,0.040541,0.054054,0.040541,0.067568,0.027027,0.013514,0.027027,0.027027,0.027027,0.0,0.013514,0.013514,0.0,0.013514,0.013514,0.0,0.0,0.0,0.027027,0.027027,0.0,0.0,0.0,0.0,0.013514,0.0,0.0,0.0,0.013514,0.135135
Zone_DH150,0.020833,0.0625,0.041667,0.010417,0.041667,0.020833,0.010417,0.020833,0.010417,0.010417,0.010417,0.052083,0.0,0.020833,0.020833,0.041667,0.03125,0.010417,0.072917,0.041667,0.010417,0.0,0.010417,0.041667,0.020833,0.010417,0.052083,0.010417,0.010417,0.020833,0.0,0.020833,0.0625,0.072917,0.020833,0.083333,0.228571,0.004762,0.0,0.009524,0.0,0.004762,0.004762,0.0,0.014286,0.019048,0.0,0.014286,0.028571,0.004762,0.02381,0.009524,0.042857,0.057143,0.071429,0.033333,0.052381,0.033333,0.004762,0.019048,0.014286,0.014286,0.014286,0.014286,0.014286,0.014286,0.014286,0.019048,0.019048,0.042857,0.047619,0.090476,0.020833,0.020833,0.020833,0.052083,0.0625,0.09375,0.052083,0.03125,0.041667,0.020833,0.03125,0.083333,0.041667,0.052083,0.03125,0.010417,0.020833,0.020833,0.020833,0.0,0.010417,0.020833,0.0,0.0,0.010417,0.0,0.0,0.0,0.041667,0.020833,0.0,0.0,0.0,0.0,0.0,0.010417,0.010417,0.010417,0.010417,0.125
Zone_DH151,0.017857,0.053571,0.035714,0.017857,0.035714,0.017857,0.0,0.017857,0.017857,0.035714,0.017857,0.053571,0.017857,0.0,0.017857,0.053571,0.071429,0.035714,0.017857,0.017857,0.017857,0.0,0.053571,0.035714,0.035714,0.017857,0.053571,0.035714,0.017857,0.017857,0.035714,0.035714,0.017857,0.035714,0.017857,0.017857,0.229508,0.008197,0.008197,0.0,0.0,0.0,0.0,0.008197,0.016393,0.032787,0.0,0.016393,0.02459,0.040984,0.02459,0.008197,0.04918,0.040984,0.040984,0.02459,0.02459,0.016393,0.016393,0.016393,0.032787,0.032787,0.02459,0.032787,0.016393,0.008197,0.008197,0.016393,0.0,0.02459,0.032787,0.122951,0.017857,0.035714,0.0,0.035714,0.053571,0.053571,0.035714,0.035714,0.017857,0.035714,0.0,0.107143,0.017857,0.017857,0.035714,0.017857,0.0,0.0,0.017857,0.0,0.0,0.035714,0.0,0.0,0.0,0.0,0.0,0.017857,0.053571,0.0,0.0,0.0,0.0,0.017857,0.0,0.017857,0.035714,0.017857,0.0,0.267857
Zone_DH152,0.037975,0.025316,0.050633,0.0,0.012658,0.0,0.012658,0.012658,0.012658,0.050633,0.012658,0.025316,0.012658,0.025316,0.012658,0.050633,0.075949,0.088608,0.050633,0.012658,0.037975,0.012658,0.037975,0.012658,0.025316,0.037975,0.012658,0.025316,0.012658,0.012658,0.025316,0.025316,0.012658,0.037975,0.037975,0.050633,0.225071,0.0,0.017094,0.005698,0.0,0.011396,0.005698,0.011396,0.005698,0.017094,0.0,0.022792,0.005698,0.022792,0.022792,0.017094,0.039886,0.045584,0.062678,0.017094,0.045584,0.017094,0.017094,0.005698,0.034188,0.022792,0.022792,0.02849,0.017094,0.005698,0.0,0.02849,0.005698,0.039886,0.051282,0.102564,0.037975,0.025316,0.012658,0.012658,0.063291,0.012658,0.050633,0.063291,0.012658,0.050633,0.0,0.075949,0.025316,0.012658,0.012658,0.012658,0.012658,0.012658,0.025316,0.0,0.0,0.037975,0.012658,0.012658,0.012658,0.012658,0.012658,0.025316,0.025316,0.0,0.0,0.012658,0.0,0.012658,0.0,0.012658,0.012658,0.0,0.025316,0.240506
Zone_DH153,0.077778,0.055556,0.066667,0.022222,0.033333,0.0,0.011111,0.011111,0.0,0.044444,0.011111,0.0,0.022222,0.033333,0.022222,0.022222,0.033333,0.066667,0.077778,0.022222,0.077778,0.022222,0.033333,0.011111,0.022222,0.033333,0.011111,0.011111,0.0,0.0,0.022222,0.011111,0.011111,0.044444,0.022222,0.033333,0.237374,0.0,0.010101,0.005051,0.0,0.010101,0.015152,0.005051,0.0,0.0,0.005051,0.030303,0.005051,0.010101,0.010101,0.020202,0.050505,0.055556,0.070707,0.060606,0.030303,0.010101,0.015152,0.015152,0.025253,0.015152,0.010101,0.015152,0.015152,0.015152,0.005051,0.025253,0.010101,0.050505,0.045455,0.09596,0.022222,0.011111,0.033333,0.033333,0.066667,0.033333,0.077778,0.077778,0.044444,0.022222,0.066667,0.033333,0.011111,0.0,0.022222,0.011111,0.022222,0.0,0.022222,0.011111,0.044444,0.033333,0.0,0.011111,0.011111,0.011111,0.011111,0.033333,0.0,0.0,0.0,0.022222,0.0,0.011111,0.0,0.0,0.0,0.0,0.022222,0.166667
Zone_DH154,0.061728,0.061728,0.074074,0.037037,0.037037,0.0,0.012346,0.012346,0.0,0.0,0.0,0.0,0.012346,0.037037,0.08642,0.012346,0.037037,0.049383,0.061728,0.024691,0.061728,0.024691,0.037037,0.012346,0.012346,0.012346,0.012346,0.012346,0.0,0.0,0.012346,0.012346,0.111111,0.037037,0.012346,0.012346,0.243402,0.0,0.0,0.0,0.0,0.01173,0.005865,0.005865,0.0,0.0,0.005865,0.029326,0.005865,0.01173,0.0,0.017595,0.052786,0.102639,0.087977,0.058651,0.035191,0.005865,0.017595,0.01173,0.01173,0.02346,0.0,0.005865,0.01173,0.01173,0.005865,0.01173,0.005865,0.041056,0.041056,0.120235,0.061728,0.012346,0.037037,0.024691,0.074074,0.049383,0.111111,0.074074,0.049383,0.012346,0.074074,0.024691,0.0,0.0,0.024691,0.012346,0.024691,0.0,0.037037,0.012346,0.061728,0.024691,0.0,0.012346,0.024691,0.024691,0.0,0.012346,0.0,0.0,0.0,0.024691,0.0,0.012346,0.0,0.0,0.0,0.0,0.024691,0.061728
Zone_DH155,0.0,0.05042,0.0,0.0,0.0,0.0,0.0,0.016807,0.0,0.016807,0.0,0.016807,0.0,0.0,0.394958,0.0,0.0,0.016807,0.0,0.0,0.016807,0.016807,0.0,0.0,0.0,0.016807,0.0,0.0,0.0,0.0,0.0,0.0,0.436975,0.0,0.0,0.0,0.240481,0.0,0.008016,0.0,0.0,0.0,0.0,0.016032,0.0,0.0,0.016032,0.0,0.0,0.0,0.008016,0.008016,0.0,0.196393,0.216433,0.0,0.008016,0.0,0.0,0.008016,0.0,0.032064,0.0,0.0,0.0,0.0,0.016032,0.0,0.0,0.008016,0.0,0.218437,0.067227,0.0,0.05042,0.016807,0.168067,0.092437,0.084034,0.0,0.05042,0.05042,0.05042,0.033613,0.05042,0.008403,0.016807,0.016807,0.016807,0.016807,0.042017,0.016807,0.016807,0.0,0.033613,0.0,0.016807,0.0,0.0,0.016807,0.0,0.0,0.0,0.0,0.0,0.0,0.0,0.0,0.0,0.0,0.0,0.067227
Zone_DH156,0.032634,0.130536,0.055944,0.020979,0.009324,0.004662,0.009324,0.018648,0.018648,0.013986,0.004662,0.013986,0.0,0.009324,0.121212,0.009324,0.02331,0.032634,0.02331,0.111888,0.037296,0.009324,0.02331,0.009324,0.02331,0.009324,0.0,0.004662,0.004662,0.018648,0.0,0.009324,0.107226,0.020979,0.009324,0.048951,0.222461,0.0,0.003224,0.003224,0.003224,0.006448,0.002149,0.004299,0.010747,0.008598,0.008598,0.006448,0.010747,0.011822,0.01827,0.018807,0.009135,0.117679,0.11338,0.038689,0.022569,0.01827,0.021494,0.011822,0.006448,0.019344,0.012896,0.010747,0.008598,0.004299,0.025793,0.022569,0.012896,0.038689,0.024718,0.120903,0.025641,0.02331,0.074592,0.076923,0.118881,0.074592,0.107226,0.055944,0.079254,0.065268,0.039627,0.039627,0.032634,0.020979,0.027972,0.009324,0.009324,0.018648,0.018648,0.0,0.004662,0.004662,0.018648,0.004662,0.009324,0.0,0.0,0.004662,0.004662,0.0,0.0,0.0,0.009324,0.0,0.0,0.0,0.0,0.0,0.0,0.020979
Zone_DH157,0.055675,0.137045,0.059957,0.03212,0.012848,0.008565,0.008565,0.012848,0.017131,0.012848,0.004283,0.008565,0.0,0.008565,0.021413,0.012848,0.017131,0.055675,0.047109,0.12848,0.055675,0.008565,0.029979,0.008565,0.029979,0.008565,0.0,0.004283,0.004283,0.021413,0.012848,0.017131,0.029979,0.023555,0.012848,0.070664,0.219098,0.0,0.000969,0.002908,0.002908,0.003878,0.001939,0.0,0.009695,0.009695,0.009695,0.011634,0.013572,0.020359,0.01842,0.02763,0.021813,0.077072,0.079981,0.05332,0.022298,0.027145,0.027145,0.01842,0.009695,0.01745,0.013572,0.011634,0.007756,0.007756,0.031023,0.031992,0.021328,0.040717,0.045565,0.08192,0.023555,0.025696,0.068522,0.070664,0.074946,0.068522,0.111349,0.072805,0.077088,0.068522,0.053533,0.03212,0.021413,0.03212,0.034261,0.008565,0.017131,0.021413,0.012848,0.008565,0.008565,0.008565,0.012848,0.004283,0.012848,0.0,0.008565,0.0,0.004283,0.0,0.004283,0.0,0.008565,0.0,0.0,0.004283,0.0,0.0,0.004283,0.014989
Zone_DH158,0.058824,0.1,0.041176,0.041176,0.017647,0.011765,0.011765,0.011765,0.011765,0.005882,0.005882,0.005882,0.0,0.005882,0.005882,0.023529,0.011765,0.070588,0.052941,0.1,0.058824,0.017647,0.029412,0.005882,0.029412,0.017647,0.0,0.011765,0.0,0.017647,0.023529,0.029412,0.041176,0.029412,0.011765,0.082353,0.217391,0.0,0.002558,0.0,0.0,0.002558,0.005115,0.002558,0.01023,0.007673,0.012788,0.012788,0.012788,0.023018,0.015345,0.023018,0.025575,0.069054,0.058824,0.056266,0.025575,0.028133,0.033248,0.028133,0.007673,0.017903,0.015345,0.02046,0.005115,0.015345,0.030691,0.035806,0.035806,0.033248,0.056266,0.053708,0.005882,0.017647,0.070588,0.052941,0.041176,0.064706,0.105882,0.076471,0.1,0.047059,0.052941,0.023529,0.011765,0.035294,0.029412,0.005882,0.023529,0.035294,0.017647,0.017647,0.017647,0.011765,0.017647,0.011765,0.011765,0.017647,0.011765,0.0,0.0,0.005882,0.011765,0.0,0.0,0.0,0.0,0.005882,0.0,0.0,0.011765,0.029412
Zone_DH159,0.025974,0.051948,0.090909,0.051948,0.038961,0.025974,0.0,0.0,0.0,0.0,0.0,0.0,0.0,0.012987,0.012987,0.012987,0.012987,0.038961,0.051948,0.103896,0.064935,0.064935,0.012987,0.012987,0.012987,0.038961,0.0,0.025974,0.0,0.012987,0.051948,0.025974,0.025974,0.038961,0.0,0.077922,0.22063,0.005731,0.005731,0.0,0.0,0.005731,0.005731,0.005731,0.0,0.017192,0.034384,0.022923,0.0,0.022923,0.005731,0.022923,0.028653,0.028653,0.063037,0.022923,0.040115,0.017192,0.022923,0.040115,0.034384,0.022923,0.022923,0.011461,0.011461,0.017192,0.034384,0.045845,0.028653,0.040115,0.051576,0.040115,0.0,0.0,0.025974,0.012987,0.025974,0.012987,0.051948,0.038961,0.051948,0.038961,0.103896,0.064935,0.012987,0.012987,0.025974,0.012987,0.012987,0.025974,0.012987,0.051948,0.025974,0.025974,0.025974,0.012987,0.038961,0.038961,0.025974,0.0,0.0,0.012987,0.012987,0.012987,0.012987,0.0,0.0,0.012987,0.0,0.012987,0.025974,0.103896
Zone_DH160,0.039604,0.089109,0.089109,0.049505,0.029703,0.029703,0.009901,0.0,0.0,0.0,0.009901,0.009901,0.0,0.009901,0.029703,0.029703,0.039604,0.049505,0.009901,0.128713,0.029703,0.059406,0.009901,0.029703,0.0,0.009901,0.019802,0.019802,0.0,0.029703,0.019802,0.009901,0.019802,0.029703,0.0,0.059406,0.218143,0.00432,0.008639,0.0,0.0,0.008639,0.00432,0.00432,0.008639,0.021598,0.012959,0.008639,0.008639,0.017279,0.017279,0.025918,0.047516,0.043197,0.056156,0.034557,0.025918,0.030238,0.021598,0.034557,0.034557,0.017279,0.021598,0.012959,0.021598,0.012959,0.021598,0.047516,0.008639,0.038877,0.047516,0.051836,0.0,0.009901,0.049505,0.029703,0.029703,0.059406,0.029703,0.059406,0.069307,0.019802,0.039604,0.039604,0.029703,0.049505,0.029703,0.009901,0.0,0.009901,0.029703,0.029703,0.019802,0.029703,0.019802,0.029703,0.029703,0.009901,0.029703,0.009901,0.0,0.009901,0.009901,0.019802,0.009901,0.009901,0.009901,0.0,0.0,0.009901,0.019802,0.09901
Zone_DH161,0.082474,0.082474,0.036082,0.030928,0.025773,0.025773,0.020619,0.020619,0.010309,0.020619,0.010309,0.010309,0.010309,0.0,0.020619,0.030928,0.025773,0.06701,0.06701,0.072165,0.025773,0.041237,0.015464,0.020619,0.020619,0.025773,0.025773,0.020619,0.005155,0.015464,0.015464,0.005155,0.005155,0.015464,0.036082,0.036082,0.218543,0.004415,0.002208,0.00883,0.002208,0.00883,0.004415,0.004415,0.00883,0.013245,0.013245,0.015453,0.011038,0.00883,0.00883,0.033113,0.04415,0.059603,0.06181,0.041943,0.019868,0.02649,0.019868,0.024283,0.02649,0.015453,0.01766,0.01766,0.011038,0.006623,0.01766,0.022075,0.015453,0.033113,0.05298,0.099338,0.030928,0.07732,0.082474,0.087629,0.072165,0.051546,0.015464,0.051546,0.056701,0.030928,0.036082,0.056701,0.020619,0.051546,0.030928,0.005155,0.0,0.010309,0.015464,0.010309,0.010309,0.010309,0.025773,0.015464,0.015464,0.010309,0.005155,0.005155,0.005155,0.0,0.0,0.015464,0.005155,0.005155,0.005155,0.005155,0.0,0.0,0.005155,0.061856
Zone_DH162,0.063018,0.102819,0.086235,0.034826,0.013267,0.021559,0.023217,0.014925,0.008292,0.013267,0.011609,0.011609,0.008292,0.008292,0.008292,0.018242,0.023217,0.044776,0.08126,0.086235,0.072968,0.034826,0.023217,0.0199,0.013267,0.013267,0.016584,0.013267,0.006633,0.008292,0.016584,0.00995,0.006633,0.004975,0.026534,0.029851,0.213629,0.002044,0.003407,0.003407,0.006133,0.006814,0.005451,0.007496,0.008859,0.007496,0.010221,0.012947,0.010221,0.01431,0.014991,0.022487,0.043612,0.062692,0.063373,0.051789,0.025213,0.025894,0.021124,0.018399,0.023169,0.022487,0.013629,0.008859,0.016354,0.013629,0.017036,0.015673,0.018399,0.01908,0.041567,0.128109,0.039801,0.101161,0.111111,0.119403,0.097844,0.079602,0.069652,0.072968,0.046434,0.034826,0.026534,0.031509,0.021559,0.023217,0.018242,0.00995,0.008292,0.006633,0.008292,0.008292,0.004975,0.001658,0.014925,0.001658,0.003317,0.006633,0.003317,0.004975,0.001658,0.0,0.0,0.001658,0.001658,0.001658,0.001658,0.001658,0.0,0.0,0.001658,0.011609
Zone_DH163,0.076825,0.075544,0.075544,0.034571,0.011524,0.020487,0.024328,0.011524,0.006402,0.007682,0.008963,0.012804,0.008963,0.006402,0.007682,0.015365,0.03073,0.055058,0.067862,0.06402,0.075544,0.037132,0.029449,0.019206,0.015365,0.017926,0.015365,0.012804,0.010243,0.006402,0.019206,0.007682,0.010243,0.005122,0.014085,0.081946,0.207585,0.001517,0.00354,0.00354,0.007585,0.005563,0.00708,0.007585,0.006574,0.00708,0.008091,0.009102,0.00708,0.016182,0.016182,0.024273,0.041466,0.08091,0.078382,0.047029,0.028824,0.022756,0.019216,0.017193,0.019722,0.019216,0.011631,0.009608,0.015171,0.013148,0.01871,0.015171,0.018205,0.016182,0.040455,0.128445,0.039693,0.106274,0.113956,0.147247,0.083227,0.081946,0.072983,0.055058,0.047375,0.034571,0.043534,0.028169,0.020487,0.019206,0.015365,0.010243,0.010243,0.007682,0.003841,0.005122,0.005122,0.005122,0.007682,0.003841,0.003841,0.003841,0.002561,0.00128,0.003841,0.002561,0.00128,0.002561,0.003841,0.0,0.00128,0.00128,0.0,0.0,0.0,0.003841
Zone_DH164,0.070149,0.053731,0.056716,0.023881,0.013433,0.026866,0.020896,0.008955,0.00597,0.00597,0.004478,0.00597,0.00597,0.004478,0.00597,0.010448,0.029851,0.08209,0.061194,0.058209,0.079104,0.047761,0.028358,0.022388,0.013433,0.01194,0.010448,0.008955,0.008955,0.008955,0.023881,0.008955,0.014925,0.00597,0.023881,0.126866,0.208113,0.003527,0.005291,0.004703,0.00823,0.005291,0.006467,0.008818,0.004115,0.007643,0.004115,0.008818,0.007055,0.017637,0.017049,0.02234,0.037625,0.092299,0.089947,0.032334,0.029982,0.017637,0.020576,0.017637,0.014109,0.009406,0.010582,0.011758,0.017049,0.012346,0.017049,0.012934,0.018225,0.020576,0.049383,0.129336,0.050746,0.071642,0.1,0.120896,0.079104,0.09403,0.062687,0.043284,0.047761,0.044776,0.065672,0.025373,0.016418,0.022388,0.013433,0.016418,0.020896,0.016418,0.008955,0.007463,0.008955,0.007463,0.008955,0.00597,0.00597,0.002985,0.00597,0.001493,0.002985,0.002985,0.001493,0.002985,0.00597,0.001493,0.0,0.0,0.0,0.001493,0.0,0.004478
Zone_DH165,0.077213,0.07533,0.06968,0.030132,0.020716,0.024482,0.009416,0.00565,0.00565,0.003766,0.001883,0.003766,0.00565,0.001883,0.009416,0.009416,0.013183,0.05838,0.079096,0.090395,0.084746,0.052731,0.026365,0.026365,0.013183,0.007533,0.009416,0.007533,0.007533,0.013183,0.018832,0.009416,0.016949,0.00565,0.016949,0.088512,0.211823,0.003031,0.004547,0.006063,0.004547,0.004547,0.005305,0.009094,0.003789,0.009852,0.003789,0.009852,0.009094,0.01061,0.018947,0.027283,0.046987,0.083365,0.084123,0.039409,0.036377,0.018189,0.017431,0.013642,0.007579,0.008336,0.013642,0.011368,0.015157,0.009852,0.015157,0.014399,0.022736,0.025009,0.048503,0.126563,0.050847,0.084746,0.096045,0.054614,0.094162,0.086629,0.06968,0.052731,0.060264,0.043315,0.045198,0.035782,0.020716,0.022599,0.009416,0.026365,0.024482,0.022599,0.007533,0.007533,0.007533,0.007533,0.013183,0.007533,0.00565,0.0,0.00565,0.003766,0.001883,0.003766,0.0,0.001883,0.007533,0.001883,0.0,0.0,0.0,0.001883,0.0,0.015066
Zone_DH166,0.07431,0.101911,0.091295,0.036093,0.019108,0.012739,0.010616,0.002123,0.004246,0.004246,0.002123,0.002123,0.008493,0.0,0.010616,0.010616,0.006369,0.055202,0.125265,0.118896,0.080679,0.044586,0.023355,0.021231,0.008493,0.002123,0.006369,0.002123,0.002123,0.004246,0.006369,0.002123,0.006369,0.004246,0.019108,0.070064,0.202516,0.0,0.001677,0.002516,0.001677,0.005031,0.000839,0.005031,0.004193,0.002516,0.002516,0.005031,0.010901,0.008386,0.012579,0.031866,0.05283,0.113208,0.102306,0.053669,0.04109,0.016771,0.013417,0.012579,0.006709,0.00587,0.006709,0.00587,0.006709,0.007547,0.007547,0.012579,0.01761,0.021803,0.057862,0.140042,0.04034,0.144374,0.082803,0.061571,0.070064,0.084926,0.082803,0.053079,0.078556,0.042463,0.04034,0.027601,0.021231,0.023355,0.008493,0.021231,0.016985,0.012739,0.008493,0.0,0.006369,0.0,0.006369,0.010616,0.004246,0.002123,0.002123,0.006369,0.002123,0.0,0.0,0.006369,0.002123,0.002123,0.004246,0.002123,0.0,0.002123,0.0,0.019108
Zone_DH167,0.070513,0.11859,0.108974,0.032051,0.012821,0.012821,0.016026,0.003205,0.0,0.003205,0.003205,0.003205,0.003205,0.0,0.009615,0.009615,0.00641,0.048077,0.141026,0.166667,0.076923,0.032051,0.019231,0.016026,0.009615,0.003205,0.003205,0.003205,0.003205,0.003205,0.0,0.0,0.0,0.00641,0.009615,0.044872,0.203125,0.0,0.0,0.001302,0.001302,0.001302,0.001302,0.002604,0.002604,0.0,0.001302,0.001302,0.00651,0.007812,0.015625,0.028646,0.054688,0.132812,0.119792,0.065104,0.040365,0.014323,0.011719,0.003906,0.009115,0.005208,0.005208,0.003906,0.003906,0.007812,0.003906,0.011719,0.014323,0.02474,0.052083,0.140625,0.038462,0.201923,0.057692,0.060897,0.041667,0.073718,0.086538,0.041667,0.083333,0.032051,0.035256,0.028846,0.022436,0.022436,0.009615,0.019231,0.009615,0.00641,0.009615,0.0,0.009615,0.003205,0.012821,0.003205,0.009615,0.00641,0.003205,0.009615,0.003205,0.00641,0.0,0.009615,0.003205,0.003205,0.00641,0.003205,0.0,0.0,0.0,0.025641
Zone_DH168,0.108949,0.11284,0.058366,0.019455,0.003891,0.023346,0.038911,0.019455,0.011673,0.0,0.0,0.011673,0.007782,0.007782,0.011673,0.011673,0.023346,0.062257,0.116732,0.097276,0.038911,0.038911,0.019455,0.007782,0.015564,0.007782,0.003891,0.015564,0.003891,0.0,0.003891,0.007782,0.003891,0.011673,0.023346,0.050584,0.224558,0.0,0.0,0.003364,0.001682,0.001682,0.003364,0.00841,0.003364,0.003364,0.010093,0.001682,0.013457,0.020185,0.028595,0.028595,0.045416,0.08074,0.077376,0.055509,0.030278,0.025231,0.021867,0.011775,0.018503,0.001682,0.013457,0.006728,0.013457,0.006728,0.00841,0.011775,0.00841,0.033642,0.04037,0.136249,0.035019,0.050584,0.038911,0.077821,0.066148,0.077821,0.081712,0.035019,0.038911,0.031128,0.042802,0.027237,0.031128,0.038911,0.046693,0.035019,0.011673,0.019455,0.015564,0.007782,0.015564,0.019455,0.011673,0.011673,0.011673,0.015564,0.007782,0.015564,0.011673,0.007782,0.007782,0.011673,0.0,0.0,0.003891,0.0,0.003891,0.0,0.003891,0.031128
Zone_DH169,0.101449,0.095652,0.049275,0.008696,0.002899,0.017391,0.031884,0.011594,0.008696,0.0,0.002899,0.008696,0.005797,0.011594,0.011594,0.011594,0.037681,0.107246,0.124638,0.046377,0.026087,0.028986,0.02029,0.008696,0.011594,0.005797,0.005797,0.014493,0.002899,0.014493,0.014493,0.011594,0.008696,0.011594,0.055072,0.063768,0.208752,0.001183,0.002365,0.004731,0.002365,0.002365,0.003548,0.008279,0.001183,0.003548,0.009462,0.003548,0.015376,0.018924,0.018924,0.033116,0.050857,0.072147,0.072147,0.062685,0.029568,0.024837,0.018924,0.014193,0.01301,0.010645,0.007096,0.01301,0.016558,0.009462,0.011827,0.007096,0.016558,0.031934,0.044944,0.134831,0.023188,0.037681,0.046377,0.057971,0.081159,0.072464,0.072464,0.049275,0.055072,0.057971,0.049275,0.037681,0.034783,0.037681,0.031884,0.023188,0.02029,0.028986,0.02029,0.023188,0.017391,0.023188,0.005797,0.008696,0.011594,0.005797,0.014493,0.008696,0.005797,0.005797,0.0,0.008696,0.0,0.0,0.002899,0.0,0.002899,0.0,0.002899,0.014493
Zone_DH170,0.110075,0.100746,0.057836,0.014925,0.003731,0.007463,0.009328,0.003731,0.003731,0.003731,0.007463,0.011194,0.005597,0.007463,0.009328,0.020522,0.027985,0.097015,0.13806,0.070896,0.039179,0.01306,0.01306,0.007463,0.005597,0.001866,0.005597,0.005597,0.001866,0.01306,0.014925,0.007463,0.007463,0.022388,0.057836,0.072761,0.200442,0.001474,0.001474,0.002948,0.003685,0.002211,0.000737,0.002948,0.003685,0.003685,0.007369,0.004422,0.011054,0.013265,0.017686,0.032424,0.061164,0.078113,0.096536,0.06927,0.028003,0.020634,0.016212,0.014738,0.011054,0.008843,0.005158,0.011054,0.008843,0.014001,0.010317,0.008106,0.017686,0.025792,0.061901,0.123066,0.029851,0.046642,0.063433,0.080224,0.08209,0.074627,0.091418,0.035448,0.061567,0.059701,0.052239,0.037313,0.027985,0.033582,0.022388,0.024254,0.024254,0.024254,0.020522,0.022388,0.014925,0.009328,0.005597,0.009328,0.005597,0.007463,0.005597,0.005597,0.001866,0.003731,0.0,0.003731,0.0,0.0,0.001866,0.0,0.0,0.001866,0.003731,0.005597
Zone_DH171,0.111588,0.089056,0.052575,0.011803,0.008584,0.002146,0.004292,0.002146,0.001073,0.008584,0.009657,0.009657,0.009657,0.006438,0.008584,0.022532,0.030043,0.083691,0.11588,0.082618,0.04721,0.033262,0.008584,0.007511,0.004292,0.002146,0.003219,0.001073,0.0,0.016094,0.01073,0.007511,0.005365,0.022532,0.050429,0.109442,0.194848,0.000831,0.000831,0.001662,0.003324,0.003324,0.001662,0.002908,0.002908,0.00457,0.006232,0.004155,0.006647,0.010802,0.018695,0.029082,0.053594,0.102202,0.113835,0.062318,0.031159,0.019111,0.010802,0.012879,0.010386,0.004985,0.004155,0.005401,0.005816,0.011633,0.00914,0.010802,0.015787,0.027835,0.064396,0.131284,0.036481,0.080472,0.100858,0.114807,0.078326,0.079399,0.087983,0.063305,0.062232,0.043991,0.048283,0.030043,0.021459,0.021459,0.023605,0.012876,0.01824,0.008584,0.009657,0.012876,0.007511,0.005365,0.006438,0.004292,0.003219,0.005365,0.001073,0.002146,0.001073,0.001073,0.001073,0.002146,0.0,0.0,0.001073,0.0,0.0,0.001073,0.002146,0.0
Zone_DH172,0.116232,0.087375,0.049699,0.010421,0.006413,0.00481,0.005611,0.004008,0.007214,0.005611,0.013627,0.005611,0.008818,0.006413,0.008818,0.019238,0.032064,0.085772,0.113828,0.104609,0.044088,0.029659,0.010421,0.00481,0.00481,0.001603,0.002405,0.007214,0.001603,0.013627,0.008016,0.007214,0.006413,0.014429,0.037675,0.10982,0.19738,0.000941,0.000314,0.001569,0.00251,0.003766,0.004079,0.00251,0.003138,0.003766,0.006904,0.00659,0.006276,0.009728,0.016318,0.025418,0.054915,0.10528,0.114537,0.060877,0.027301,0.020083,0.012238,0.013493,0.009728,0.006276,0.007217,0.008786,0.007217,0.007531,0.008473,0.009885,0.01318,0.027301,0.049894,0.144583,0.0501,0.094589,0.091383,0.132265,0.088176,0.088176,0.083367,0.064128,0.052104,0.041683,0.039279,0.029659,0.019238,0.023246,0.021643,0.017635,0.011222,0.007214,0.004008,0.008818,0.008818,0.004008,0.003206,0.002405,0.001603,0.003206,0.000802,0.0,0.000802,0.000802,0.001603,0.000802,0.0,0.000802,0.0,0.0,0.0,0.0,0.0,0.003206
Zone_DH173,0.120849,0.113228,0.05117,0.007621,0.005444,0.007621,0.006532,0.007621,0.015242,0.006532,0.013065,0.006532,0.006532,0.008165,0.011432,0.019597,0.030484,0.05117,0.107784,0.135547,0.045727,0.02613,0.016331,0.006532,0.006532,0.002177,0.002177,0.00871,0.004355,0.010887,0.009799,0.00871,0.00871,0.010887,0.023952,0.076211,0.20084,0.001724,0.000862,0.001724,0.003017,0.003879,0.003879,0.004741,0.003448,0.005603,0.00862,0.007758,0.00431,0.009697,0.013145,0.018963,0.047193,0.113565,0.119815,0.053012,0.024135,0.01724,0.015085,0.014007,0.009051,0.010775,0.009482,0.011637,0.009913,0.006465,0.009051,0.013145,0.009482,0.023812,0.036742,0.154186,0.059336,0.099619,0.08601,0.138269,0.090365,0.097986,0.074034,0.05988,0.053348,0.040283,0.035928,0.023408,0.021775,0.021775,0.018508,0.016331,0.009799,0.006532,0.001089,0.005988,0.009799,0.003266,0.003266,0.002177,0.001089,0.005444,0.002177,0.0,0.002177,0.001089,0.001089,0.001633,0.0,0.002177,0.0,0.0,0.0,0.0,0.0,0.004355
Zone_DH174,0.142433,0.151335,0.047478,0.002967,0.002967,0.014837,0.0,0.008902,0.011869,0.002967,0.020772,0.011869,0.005935,0.002967,0.010386,0.005935,0.0,0.017804,0.133531,0.218101,0.041543,0.008902,0.020772,0.008902,0.002967,0.002967,0.002967,0.008902,0.008902,0.008902,0.005935,0.005935,0.005935,0.005935,0.017804,0.029674,0.20933,0.002392,0.001196,0.002392,0.003589,0.003589,0.003589,0.010766,0.004785,0.005981,0.008373,0.007177,0.002392,0.010167,0.007775,0.013158,0.038278,0.130383,0.145933,0.044258,0.010766,0.005981,0.01555,0.008373,0.009569,0.017943,0.011962,0.014354,0.014354,0.009569,0.005981,0.016148,0.003589,0.020335,0.02512,0.154904,0.075668,0.087537,0.071217,0.160237,0.071217,0.103858,0.068249,0.05638,0.04451,0.047478,0.023739,0.031157,0.023739,0.026706,0.014837,0.017804,0.005935,0.011869,0.0,0.002967,0.005935,0.002967,0.005935,0.005935,0.002967,0.011869,0.002967,0.0,0.002967,0.0,0.0,0.004451,0.0,0.002967,0.0,0.0,0.0,0.0,0.0,0.005935
Zone_DH176,0.055556,0.0,0.055556,0.0,0.0,0.0,0.0,0.0,0.0,0.0,0.0,0.055556,0.0,0.0,0.055556,0.055556,0.055556,0.166667,0.166667,0.111111,0.0,0.0,0.055556,0.0,0.0,0.0,0.0,0.0,0.0,0.0,0.0,0.0,0.055556,0.111111,0.0,0.0,0.25,0.0,0.0,0.0,0.045455,0.0,0.0,0.0,0.0,0.0,0.0,0.0,0.0,0.022727,0.0,0.113636,0.022727,0.022727,0.045455,0.022727,0.068182,0.045455,0.022727,0.0,0.022727,0.0,0.0,0.0,0.022727,0.022727,0.0,0.0,0.022727,0.068182,0.045455,0.113636,0.0,0.055556,0.055556,0.0,0.0,0.222222,0.055556,0.111111,0.055556,0.0,0.055556,0.0,0.055556,0.055556,0.055556,0.0,0.0,0.111111,0.0,0.0,0.0,0.0,0.0,0.0,0.0,0.0,0.0,0.0,0.0,0.0,0.0,0.0,0.0,0.0,0.0,0.055556,0.0,0.0,0.0,0.055556
Zone_DH177,0.02,0.02,0.08,0.0,0.02,0.0,0.04,0.0,0.04,0.0,0.04,0.02,0.02,0.02,0.04,0.02,0.02,0.08,0.08,0.1,0.06,0.0,0.04,0.0,0.0,0.02,0.0,0.02,0.04,0.04,0.02,0.02,0.02,0.06,0.0,0.0,0.241071,0.0,0.0,0.0,0.017857,0.0,0.0,0.008929,0.0,0.017857,0.017857,0.008929,0.0,0.026786,0.0,0.089286,0.017857,0.017857,0.071429,0.035714,0.044643,0.035714,0.017857,0.0,0.017857,0.008929,0.026786,0.017857,0.008929,0.008929,0.017857,0.008929,0.026786,0.035714,0.080357,0.071429,0.0,0.02,0.02,0.0,0.0,0.08,0.02,0.1,0.02,0.0,0.04,0.02,0.04,0.06,0.04,0.06,0.04,0.08,0.0,0.02,0.0,0.0,0.0,0.0,0.02,0.04,0.0,0.04,0.02,0.0,0.0,0.0,0.0,0.0,0.02,0.02,0.0,0.0,0.0,0.18
Zone_DH178,0.01087,0.043478,0.043478,0.032609,0.021739,0.0,0.021739,0.0,0.032609,0.01087,0.032609,0.01087,0.021739,0.032609,0.032609,0.01087,0.032609,0.054348,0.054348,0.054348,0.043478,0.065217,0.054348,0.0,0.0,0.021739,0.021739,0.01087,0.043478,0.054348,0.032609,0.01087,0.01087,0.065217,0.01087,0.0,0.228571,0.0,0.0,0.004762,0.009524,0.004762,0.004762,0.014286,0.0,0.019048,0.014286,0.014286,0.004762,0.02381,0.028571,0.061905,0.014286,0.009524,0.061905,0.028571,0.038095,0.033333,0.014286,0.009524,0.02381,0.019048,0.019048,0.02381,0.028571,0.004762,0.014286,0.02381,0.02381,0.028571,0.07619,0.071429,0.01087,0.043478,0.021739,0.01087,0.0,0.043478,0.021739,0.065217,0.021739,0.021739,0.032609,0.01087,0.043478,0.043478,0.021739,0.065217,0.021739,0.054348,0.0,0.021739,0.01087,0.0,0.054348,0.01087,0.01087,0.021739,0.0,0.043478,0.021739,0.01087,0.0,0.0,0.0,0.01087,0.01087,0.021739,0.0,0.0,0.0,0.195652
Zone_DH179,0.05,0.021429,0.014286,0.05,0.028571,0.021429,0.014286,0.05,0.028571,0.021429,0.028571,0.007143,0.042857,0.042857,0.014286,0.014286,0.021429,0.035714,0.021429,0.021429,0.007143,0.064286,0.064286,0.007143,0.007143,0.014286,0.05,0.028571,0.042857,0.014286,0.035714,0.014286,0.014286,0.064286,0.014286,0.007143,0.230769,0.0,0.0,0.003205,0.0,0.003205,0.003205,0.022436,0.0,0.012821,0.00641,0.019231,0.016026,0.012821,0.041667,0.019231,0.038462,0.022436,0.054487,0.032051,0.028846,0.032051,0.022436,0.028846,0.028846,0.019231,0.012821,0.025641,0.028846,0.00641,0.012821,0.035256,0.035256,0.016026,0.057692,0.070513,0.028571,0.064286,0.021429,0.035714,0.035714,0.021429,0.042857,0.035714,0.0,0.035714,0.042857,0.035714,0.042857,0.042857,0.05,0.064286,0.021429,0.042857,0.021429,0.007143,0.014286,0.014286,0.05,0.014286,0.0,0.014286,0.0,0.014286,0.014286,0.014286,0.0,0.007143,0.014286,0.014286,0.0,0.007143,0.014286,0.0,0.0,0.1
Zone_DH180,0.045161,0.025806,0.032258,0.051613,0.019355,0.032258,0.006452,0.051613,0.019355,0.019355,0.025806,0.012903,0.045161,0.045161,0.0,0.019355,0.012903,0.03871,0.019355,0.025806,0.006452,0.03871,0.051613,0.006452,0.019355,0.019355,0.032258,0.032258,0.045161,0.019355,0.064516,0.019355,0.032258,0.051613,0.006452,0.006452,0.229672,0.0,0.0,0.002853,0.005706,0.002853,0.0,0.017118,0.002853,0.008559,0.005706,0.014265,0.022825,0.017118,0.03709,0.019971,0.039943,0.022825,0.059914,0.028531,0.028531,0.031384,0.019971,0.048502,0.019971,0.017118,0.011412,0.034237,0.017118,0.011412,0.014265,0.03709,0.034237,0.025678,0.042796,0.068474,0.032258,0.058065,0.025806,0.025806,0.032258,0.03871,0.032258,0.019355,0.012903,0.032258,0.032258,0.051613,0.051613,0.025806,0.03871,0.051613,0.025806,0.045161,0.025806,0.006452,0.025806,0.012903,0.03871,0.032258,0.006452,0.019355,0.019355,0.025806,0.006452,0.012903,0.006452,0.006452,0.012903,0.006452,0.0,0.0,0.012903,0.0,0.0,0.090323
Zone_DH181,0.05102,0.030612,0.030612,0.030612,0.0,0.030612,0.010204,0.05102,0.020408,0.010204,0.020408,0.010204,0.05102,0.061224,0.0,0.040816,0.010204,0.040816,0.030612,0.020408,0.010204,0.020408,0.020408,0.0,0.020408,0.010204,0.020408,0.040816,0.061224,0.010204,0.081633,0.020408,0.05102,0.05102,0.010204,0.020408,0.25,0.0,0.0,0.0,0.009615,0.0,0.0,0.014423,0.004808,0.004808,0.014423,0.024038,0.019231,0.014423,0.028846,0.014423,0.024038,0.028846,0.048077,0.038462,0.028846,0.028846,0.019231,0.057692,0.014423,0.009615,0.014423,0.038462,0.014423,0.024038,0.014423,0.038462,0.038462,0.028846,0.019231,0.072115,0.020408,0.05102,0.030612,0.020408,0.030612,0.061224,0.010204,0.020408,0.020408,0.030612,0.020408,0.061224,0.030612,0.020408,0.010204,0.061224,0.040816,0.061224,0.030612,0.020408,0.020408,0.010204,0.010204,0.030612,0.010204,0.010204,0.020408,0.030612,0.0,0.010204,0.010204,0.0,0.0,0.0,0.0,0.0,0.020408,0.0,0.0,0.163265
Zone_DH182,0.0,0.1,0.066667,0.0,0.0,0.0,0.0,0.0,0.033333,0.0,0.033333,0.0,0.0,0.033333,0.0,0.133333,0.0,0.1,0.066667,0.066667,0.033333,0.0,0.0,0.0,0.0,0.0,0.0,0.066667,0.033333,0.0,0.066667,0.033333,0.033333,0.033333,0.0,0.066667,0.290909,0.0,0.0,0.0,0.0,0.0,0.0,0.018182,0.0,0.0,0.036364,0.0,0.0,0.0,0.0,0.0,0.0,0.072727,0.036364,0.036364,0.054545,0.036364,0.036364,0.072727,0.0,0.0,0.018182,0.072727,0.018182,0.072727,0.018182,0.036364,0.0,0.036364,0.018182,0.018182,0.033333,0.0,0.033333,0.033333,0.033333,0.066667,0.0,0.033333,0.066667,0.033333,0.0,0.0,0.033333,0.0,0.0,0.0,0.033333,0.1,0.066667,0.033333,0.0,0.0,0.0,0.0,0.0,0.0,0.0,0.0,0.0,0.0,0.033333,0.0,0.0,0.0,0.0,0.0,0.033333,0.0,0.0,0.333333
Zone_DH183,0.021739,0.065217,0.043478,0.0,0.021739,0.0,0.021739,0.043478,0.0,0.0,0.021739,0.021739,0.0,0.043478,0.0,0.021739,0.0,0.065217,0.108696,0.043478,0.043478,0.0,0.021739,0.021739,0.021739,0.065217,0.021739,0.021739,0.021739,0.0,0.0,0.0,0.0,0.086957,0.021739,0.108696,0.237113,0.0,0.0,0.010309,0.0,0.0,0.0,0.0,0.020619,0.020619,0.010309,0.010309,0.020619,0.0,0.020619,0.030928,0.010309,0.092784,0.010309,0.030928,0.051546,0.041237,0.020619,0.030928,0.020619,0.041237,0.0,0.051546,0.030928,0.020619,0.0,0.0,0.030928,0.051546,0.041237,0.041237,0.021739,0.021739,0.0,0.086957,0.065217,0.065217,0.043478,0.021739,0.043478,0.0,0.043478,0.043478,0.021739,0.021739,0.043478,0.021739,0.043478,0.043478,0.0,0.021739,0.0,0.021739,0.0,0.0,0.021739,0.0,0.0,0.0,0.0,0.021739,0.021739,0.021739,0.0,0.0,0.021739,0.021739,0.0,0.0,0.0,0.173913
Zone_DH184,0.032787,0.04918,0.04918,0.0,0.016393,0.016393,0.016393,0.032787,0.016393,0.0,0.016393,0.016393,0.0,0.0,0.016393,0.04918,0.032787,0.04918,0.114754,0.04918,0.032787,0.0,0.016393,0.016393,0.016393,0.032787,0.032787,0.0,0.016393,0.0,0.016393,0.0,0.032787,0.114754,0.032787,0.065574,0.225092,0.0,0.0,0.00738,0.0,0.0,0.0,0.0,0.01476,0.01476,0.00738,0.00738,0.01476,0.0,0.02214,0.02952,0.0369,0.088561,0.066421,0.02952,0.073801,0.0369,0.01476,0.02214,0.00738,0.02952,0.00738,0.01476,0.02952,0.01476,0.0,0.0,0.0369,0.04428,0.0369,0.066421,0.032787,0.016393,0.016393,0.081967,0.065574,0.04918,0.032787,0.016393,0.032787,0.016393,0.04918,0.04918,0.04918,0.065574,0.032787,0.016393,0.016393,0.04918,0.0,0.016393,0.0,0.016393,0.0,0.016393,0.016393,0.0,0.0,0.0,0.016393,0.04918,0.0,0.016393,0.0,0.0,0.016393,0.016393,0.0,0.0,0.0,0.131148
Zone_DH185,0.030769,0.046154,0.076923,0.0,0.015385,0.015385,0.015385,0.015385,0.030769,0.0,0.0,0.046154,0.0,0.0,0.015385,0.046154,0.030769,0.030769,0.107692,0.030769,0.015385,0.0,0.015385,0.030769,0.030769,0.030769,0.030769,0.0,0.0,0.0,0.030769,0.0,0.046154,0.107692,0.046154,0.061538,0.236364,0.0,0.0,0.007273,0.0,0.0,0.0,0.0,0.021818,0.021818,0.007273,0.021818,0.007273,0.014545,0.029091,0.014545,0.050909,0.058182,0.065455,0.021818,0.08,0.029091,0.007273,0.014545,0.0,0.029091,0.014545,0.014545,0.021818,0.014545,0.007273,0.014545,0.029091,0.036364,0.021818,0.087273,0.030769,0.015385,0.015385,0.061538,0.061538,0.061538,0.046154,0.046154,0.030769,0.030769,0.046154,0.076923,0.046154,0.076923,0.015385,0.015385,0.030769,0.030769,0.0,0.015385,0.0,0.015385,0.0,0.015385,0.015385,0.0,0.0,0.0,0.030769,0.046154,0.0,0.030769,0.0,0.0,0.0,0.0,0.0,0.0,0.0,0.092308
Zone_DH186,0.023256,0.046512,0.069767,0.0,0.0,0.0,0.0,0.0,0.0,0.023256,0.0,0.046512,0.023256,0.023256,0.0,0.023256,0.093023,0.069767,0.046512,0.023256,0.0,0.0,0.046512,0.023256,0.023256,0.023256,0.0,0.0,0.023256,0.0,0.093023,0.023256,0.069767,0.046512,0.069767,0.046512,0.222798,0.0,0.010363,0.010363,0.0,0.0,0.0,0.0,0.020725,0.031088,0.010363,0.020725,0.010363,0.031088,0.031088,0.010363,0.031088,0.051813,0.020725,0.010363,0.051813,0.031088,0.010363,0.0,0.041451,0.020725,0.010363,0.020725,0.0,0.010363,0.041451,0.041451,0.010363,0.031088,0.031088,0.124352,0.046512,0.023256,0.023256,0.0,0.069767,0.023256,0.023256,0.046512,0.0,0.046512,0.0,0.069767,0.0,0.023256,0.0,0.023256,0.023256,0.046512,0.023256,0.0,0.0,0.023256,0.023256,0.0,0.0,0.0,0.0,0.0,0.046512,0.023256,0.0,0.023256,0.0,0.023256,0.0,0.0,0.0,0.0,0.023256,0.302326
Zone_DH187,0.054054,0.027027,0.067568,0.013514,0.027027,0.0,0.0,0.013514,0.0,0.040541,0.013514,0.0,0.013514,0.027027,0.027027,0.027027,0.081081,0.067568,0.040541,0.040541,0.040541,0.0,0.040541,0.040541,0.013514,0.054054,0.0,0.0,0.013514,0.0,0.054054,0.013514,0.027027,0.027027,0.040541,0.054054,0.229814,0.0,0.012422,0.006211,0.0,0.006211,0.012422,0.0,0.018634,0.006211,0.006211,0.024845,0.012422,0.012422,0.024845,0.012422,0.031056,0.043478,0.043478,0.018634,0.068323,0.024845,0.037267,0.006211,0.024845,0.012422,0.012422,0.012422,0.018634,0.006211,0.024845,0.037267,0.012422,0.031056,0.043478,0.10559,0.027027,0.013514,0.013514,0.0,0.054054,0.040541,0.054054,0.040541,0.0,0.027027,0.040541,0.040541,0.027027,0.013514,0.013514,0.027027,0.027027,0.027027,0.027027,0.027027,0.013514,0.027027,0.013514,0.0,0.0,0.0,0.013514,0.013514,0.027027,0.0,0.013514,0.013514,0.0,0.013514,0.013514,0.0,0.0,0.0,0.013514,0.283784
Zone_DH188,0.057377,0.057377,0.090164,0.057377,0.032787,0.0,0.008197,0.016393,0.0,0.02459,0.008197,0.016393,0.008197,0.032787,0.032787,0.02459,0.032787,0.057377,0.040984,0.040984,0.07377,0.032787,0.07377,0.016393,0.008197,0.032787,0.008197,0.016393,0.0,0.0,0.008197,0.0,0.016393,0.016393,0.016393,0.040984,0.230216,0.0,0.003597,0.010791,0.0,0.007194,0.007194,0.003597,0.003597,0.0,0.007194,0.02518,0.007194,0.017986,0.014388,0.028777,0.043165,0.068345,0.053957,0.068345,0.039568,0.014388,0.021583,0.010791,0.010791,0.021583,0.010791,0.003597,0.017986,0.010791,0.014388,0.032374,0.02518,0.02518,0.043165,0.097122,0.032787,0.008197,0.040984,0.016393,0.065574,0.040984,0.081967,0.081967,0.040984,0.008197,0.057377,0.032787,0.032787,0.008197,0.016393,0.008197,0.02459,0.032787,0.016393,0.02459,0.032787,0.008197,0.016393,0.016393,0.016393,0.016393,0.02459,0.016393,0.008197,0.0,0.008197,0.008197,0.0,0.0,0.008197,0.0,0.0,0.0,0.008197,0.139344
Zone_DH189,0.044164,0.056782,0.07571,0.07571,0.044164,0.006309,0.018927,0.018927,0.006309,0.0,0.006309,0.006309,0.006309,0.018927,0.053628,0.0,0.025237,0.037855,0.050473,0.056782,0.07571,0.044164,0.050473,0.018927,0.012618,0.018927,0.006309,0.018927,0.0,0.006309,0.012618,0.006309,0.07571,0.006309,0.006309,0.031546,0.242204,0.0,0.0,0.008702,0.002901,0.005801,0.002901,0.002901,0.005801,0.002901,0.017404,0.023205,0.005801,0.020305,0.013053,0.026106,0.034808,0.079768,0.073967,0.058013,0.029007,0.010152,0.017404,0.008702,0.005801,0.020305,0.005801,0.017404,0.008702,0.014503,0.014503,0.014503,0.023205,0.04351,0.037708,0.102248,0.050473,0.025237,0.063091,0.031546,0.069401,0.091483,0.119874,0.050473,0.056782,0.012618,0.056782,0.037855,0.031546,0.009464,0.012618,0.018927,0.031546,0.012618,0.022082,0.018927,0.031546,0.006309,0.006309,0.012618,0.012618,0.012618,0.012618,0.012618,0.006309,0.0,0.006309,0.006309,0.0,0.0,0.006309,0.006309,0.0,0.0,0.0,0.037855
Zone_DH190,0.005435,0.027174,0.01087,0.032609,0.027174,0.005435,0.01087,0.01087,0.005435,0.01087,0.0,0.005435,0.0,0.005435,0.279891,0.0,0.021739,0.016304,0.021739,0.027174,0.032609,0.016304,0.005435,0.005435,0.005435,0.005435,0.0,0.005435,0.0,0.005435,0.01087,0.005435,0.309783,0.046196,0.0,0.021739,0.21644,0.0,0.004731,0.004731,0.002365,0.002365,0.0,0.009462,0.002365,0.002365,0.016558,0.007096,0.002365,0.004731,0.009462,0.014193,0.008279,0.171496,0.166174,0.017741,0.016558,0.004731,0.002365,0.009462,0.004731,0.014193,0.004731,0.009462,0.007096,0.007096,0.011827,0.007096,0.007096,0.028386,0.018924,0.183323,0.078804,0.024457,0.065217,0.046196,0.095109,0.133152,0.07337,0.005435,0.070652,0.032609,0.048913,0.038043,0.027174,0.043478,0.019022,0.016304,0.016304,0.005435,0.029891,0.005435,0.032609,0.005435,0.016304,0.01087,0.016304,0.005435,0.0,0.005435,0.0,0.0,0.0,0.0,0.0,0.0,0.0,0.0,0.0,0.005435,0.0,0.027174
Zone_DH191,0.025586,0.029851,0.029851,0.029851,0.008529,0.0,0.008529,0.017058,0.008529,0.012793,0.004264,0.012793,0.0,0.004264,0.232409,0.021322,0.034115,0.017058,0.025586,0.042644,0.012793,0.004264,0.021322,0.004264,0.017058,0.008529,0.0,0.004264,0.004264,0.008529,0.0,0.008529,0.245203,0.049041,0.012793,0.034115,0.222328,0.0,0.003817,0.001908,0.002863,0.003817,0.001908,0.005725,0.007634,0.003817,0.007634,0.003817,0.007634,0.008588,0.01145,0.014313,0.007634,0.149809,0.140744,0.027672,0.017176,0.015267,0.017176,0.010496,0.003817,0.013359,0.007634,0.009542,0.009542,0.001908,0.022901,0.020038,0.009542,0.028149,0.024809,0.155534,0.055437,0.014925,0.06823,0.070362,0.093817,0.104478,0.072495,0.025586,0.066098,0.061834,0.051173,0.044776,0.034115,0.051173,0.025586,0.004264,0.012793,0.012793,0.027719,0.004264,0.025586,0.004264,0.021322,0.004264,0.008529,0.0,0.0,0.004264,0.004264,0.0,0.0,0.0,0.004264,0.0,0.0,0.0,0.0,0.004264,0.0,0.017058
Zone_DH192,0.051546,0.051546,0.046392,0.030928,0.005155,0.005155,0.010309,0.010309,0.010309,0.015464,0.005155,0.010309,0.0,0.005155,0.103093,0.030928,0.030928,0.046392,0.046392,0.06701,0.030928,0.010309,0.036082,0.005155,0.025773,0.010309,0.005155,0.005155,0.005155,0.020619,0.015464,0.010309,0.131443,0.043814,0.010309,0.051546,0.22522,0.0,0.0,0.002346,0.003519,0.004692,0.002346,0.0,0.01173,0.004692,0.007038,0.009384,0.014076,0.019941,0.018768,0.022287,0.022287,0.091496,0.085044,0.051613,0.018768,0.02346,0.028152,0.019941,0.004692,0.014076,0.01173,0.014076,0.007038,0.009384,0.037537,0.026979,0.018768,0.03695,0.042229,0.089736,0.041237,0.012887,0.079897,0.059278,0.056701,0.123711,0.097938,0.046392,0.079897,0.072165,0.051546,0.043814,0.020619,0.025773,0.028351,0.005155,0.015464,0.020619,0.010309,0.0,0.025773,0.005155,0.020619,0.005155,0.005155,0.0,0.0,0.005155,0.005155,0.0,0.0,0.0,0.005155,0.0,0.0,0.005155,0.0,0.0,0.005155,0.020619
Zone_DH193,0.050725,0.072464,0.065217,0.028986,0.014493,0.014493,0.021739,0.007246,0.014493,0.014493,0.007246,0.014493,0.0,0.007246,0.014493,0.014493,0.014493,0.072464,0.065217,0.057971,0.028986,0.021739,0.036232,0.007246,0.021739,0.028986,0.007246,0.021739,0.0,0.028986,0.036232,0.021739,0.050725,0.021739,0.014493,0.07971,0.218354,0.0,0.0,0.0,0.0,0.0,0.006329,0.006329,0.012658,0.009494,0.018987,0.015823,0.009494,0.025316,0.015823,0.028481,0.028481,0.050633,0.044304,0.063291,0.037975,0.025316,0.031646,0.018987,0.012658,0.022152,0.018987,0.022152,0.012658,0.018987,0.037975,0.025316,0.03481,0.03481,0.060127,0.031646,0.007246,0.0,0.065217,0.043478,0.028986,0.07971,0.123188,0.050725,0.086957,0.050725,0.057971,0.021739,0.028986,0.014493,0.050725,0.007246,0.021739,0.043478,0.028986,0.021739,0.014493,0.007246,0.014493,0.021739,0.007246,0.007246,0.007246,0.007246,0.0,0.007246,0.0,0.0,0.0,0.0,0.007246,0.007246,0.0,0.0,0.014493,0.043478
Zone_DH194,0.013333,0.04,0.12,0.026667,0.013333,0.04,0.026667,0.026667,0.0,0.013333,0.0,0.013333,0.0,0.013333,0.026667,0.0,0.026667,0.04,0.066667,0.08,0.04,0.026667,0.013333,0.026667,0.013333,0.026667,0.0,0.026667,0.0,0.026667,0.08,0.013333,0.026667,0.013333,0.026667,0.053333,0.238095,0.0,0.0,0.0,0.0,0.006349,0.012698,0.006349,0.006349,0.019048,0.038095,0.025397,0.0,0.012698,0.006349,0.031746,0.019048,0.038095,0.063492,0.031746,0.044444,0.006349,0.038095,0.012698,0.025397,0.031746,0.025397,0.019048,0.019048,0.031746,0.025397,0.012698,0.031746,0.019048,0.050794,0.050794,0.0,0.0,0.026667,0.026667,0.0,0.013333,0.093333,0.08,0.04,0.053333,0.08,0.053333,0.026667,0.013333,0.053333,0.013333,0.0,0.053333,0.026667,0.04,0.026667,0.013333,0.013333,0.026667,0.026667,0.013333,0.013333,0.013333,0.0,0.013333,0.0,0.0,0.0,0.0,0.013333,0.013333,0.0,0.013333,0.013333,0.093333
Zone_DH195,0.012821,0.051282,0.102564,0.012821,0.012821,0.051282,0.012821,0.0,0.0,0.0,0.0,0.0,0.012821,0.012821,0.025641,0.025641,0.051282,0.089744,0.025641,0.089744,0.038462,0.025641,0.012821,0.025641,0.0,0.012821,0.012821,0.025641,0.0,0.012821,0.025641,0.025641,0.0,0.051282,0.102564,0.038462,0.23494,0.006024,0.006024,0.006024,0.0,0.012048,0.012048,0.006024,0.0,0.018072,0.024096,0.012048,0.006024,0.024096,0.006024,0.03012,0.03012,0.042169,0.060241,0.03012,0.036145,0.012048,0.018072,0.024096,0.024096,0.024096,0.024096,0.0,0.018072,0.018072,0.006024,0.036145,0.0,0.048193,0.066265,0.078313,0.0,0.0,0.051282,0.025641,0.012821,0.051282,0.051282,0.064103,0.051282,0.051282,0.102564,0.076923,0.0,0.025641,0.025641,0.0,0.0,0.038462,0.012821,0.012821,0.0,0.025641,0.012821,0.025641,0.012821,0.012821,0.012821,0.012821,0.0,0.012821,0.0,0.025641,0.012821,0.012821,0.025641,0.0,0.0,0.012821,0.0,0.128205
Zone_DH196,0.04142,0.035503,0.023669,0.023669,0.029586,0.023669,0.017751,0.011834,0.017751,0.023669,0.005917,0.005917,0.011834,0.0,0.011834,0.035503,0.017751,0.147929,0.076923,0.04142,0.005917,0.017751,0.017751,0.011834,0.023669,0.011834,0.023669,0.023669,0.005917,0.0,0.0,0.011834,0.005917,0.023669,0.071006,0.142012,0.204848,0.004848,0.004848,0.007273,0.002424,0.009697,0.002424,0.002424,0.007273,0.007273,0.007273,0.007273,0.009697,0.012121,0.007273,0.036364,0.046061,0.101818,0.094545,0.048485,0.019394,0.014545,0.021818,0.009697,0.012121,0.009697,0.012121,0.014545,0.004848,0.002424,0.012121,0.014545,0.009697,0.01697,0.043636,0.157576,0.035503,0.076923,0.065089,0.130178,0.088757,0.059172,0.023669,0.053254,0.029586,0.023669,0.035503,0.04142,0.023669,0.023669,0.023669,0.005917,0.005917,0.017751,0.005917,0.005917,0.029586,0.011834,0.023669,0.0,0.017751,0.023669,0.0,0.011834,0.005917,0.0,0.0,0.017751,0.005917,0.005917,0.005917,0.0,0.0,0.0,0.005917,0.059172
Zone_DH197,0.053398,0.063107,0.06068,0.048544,0.01699,0.024272,0.024272,0.009709,0.009709,0.01699,0.004854,0.012136,0.009709,0.009709,0.009709,0.021845,0.024272,0.097087,0.080097,0.036408,0.050971,0.031553,0.021845,0.026699,0.014563,0.009709,0.014563,0.019417,0.007282,0.004854,0.007282,0.007282,0.004854,0.004854,0.046117,0.09466,0.212598,0.002953,0.003937,0.004921,0.005906,0.005906,0.003937,0.003937,0.007874,0.005906,0.00689,0.00689,0.009843,0.019685,0.020669,0.028543,0.041339,0.075787,0.066929,0.048228,0.026575,0.025591,0.021654,0.020669,0.016732,0.012795,0.01378,0.010827,0.010827,0.008858,0.012795,0.017717,0.019685,0.020669,0.045276,0.132874,0.043689,0.089806,0.09466,0.140777,0.082524,0.09466,0.06068,0.048544,0.041262,0.026699,0.019417,0.036408,0.026699,0.021845,0.012136,0.014563,0.004854,0.014563,0.007282,0.007282,0.014563,0.004854,0.021845,0.002427,0.007282,0.012136,0.0,0.009709,0.002427,0.004854,0.0,0.002427,0.004854,0.002427,0.002427,0.0,0.0,0.0,0.0,0.019417
Zone_DH198,0.066667,0.046667,0.051667,0.043333,0.013333,0.023333,0.025,0.01,0.006667,0.01,0.003333,0.013333,0.008333,0.01,0.011667,0.018333,0.036667,0.1,0.07,0.031667,0.058333,0.026667,0.025,0.023333,0.01,0.015,0.013333,0.015,0.005,0.003333,0.018333,0.003333,0.011667,0.006667,0.023333,0.141667,0.20478,0.001938,0.003876,0.003876,0.007106,0.005168,0.005814,0.005814,0.005814,0.003876,0.004522,0.005814,0.007752,0.016796,0.01938,0.024548,0.036822,0.102067,0.086563,0.043282,0.027778,0.020026,0.016796,0.023902,0.01615,0.011628,0.010982,0.00969,0.012274,0.010336,0.015504,0.014212,0.020026,0.015504,0.04522,0.134367,0.043333,0.09,0.091667,0.171667,0.073333,0.08,0.075,0.033333,0.05,0.04,0.05,0.031667,0.018333,0.02,0.01,0.011667,0.006667,0.016667,0.006667,0.005,0.016667,0.003333,0.011667,0.006667,0.003333,0.003333,0.0,0.003333,0.006667,0.005,0.001667,0.0,0.003333,0.0,0.001667,0.0,0.0,0.0,0.0,0.008333
Zone_DH199,0.062215,0.044006,0.044006,0.025797,0.01214,0.021244,0.021244,0.007587,0.004552,0.00607,0.001517,0.00607,0.007587,0.009105,0.007587,0.010622,0.030349,0.124431,0.07132,0.047041,0.056146,0.031866,0.018209,0.019727,0.00607,0.013657,0.009105,0.010622,0.00607,0.007587,0.024279,0.00607,0.016692,0.003035,0.019727,0.186646,0.206189,0.002975,0.004165,0.002975,0.005951,0.00357,0.006546,0.008331,0.005356,0.006546,0.005356,0.008331,0.005951,0.017852,0.015472,0.021422,0.030943,0.104731,0.104731,0.031538,0.025588,0.019042,0.016067,0.018447,0.015472,0.007141,0.013686,0.011901,0.014877,0.011901,0.017257,0.013091,0.022017,0.016662,0.044035,0.133889,0.047041,0.068285,0.092564,0.132018,0.066768,0.100152,0.069803,0.051593,0.057663,0.054628,0.062215,0.033384,0.015175,0.021244,0.01214,0.015175,0.010622,0.013657,0.010622,0.007587,0.01214,0.00607,0.009105,0.004552,0.001517,0.001517,0.003035,0.003035,0.004552,0.003035,0.001517,0.0,0.003035,0.0,0.0,0.0,0.0,0.0,0.0,0.004552
Zone_DH200,0.062787,0.075038,0.067381,0.029096,0.018377,0.015314,0.013783,0.006126,0.004594,0.003063,0.003063,0.003063,0.007657,0.007657,0.007657,0.009188,0.016845,0.081164,0.093415,0.084227,0.071975,0.039816,0.018377,0.019908,0.01072,0.007657,0.007657,0.006126,0.007657,0.012251,0.02144,0.004594,0.012251,0.009188,0.018377,0.122511,0.207963,0.00245,0.003063,0.003675,0.003063,0.0049,0.005513,0.008576,0.005513,0.007963,0.003675,0.010413,0.011639,0.011026,0.015314,0.023277,0.045329,0.094946,0.090658,0.044104,0.033691,0.015314,0.014701,0.014701,0.012864,0.005513,0.015314,0.011026,0.013476,0.008576,0.018377,0.016539,0.02389,0.025115,0.045329,0.122511,0.041348,0.085758,0.107198,0.075038,0.088821,0.087289,0.075038,0.062787,0.067381,0.045942,0.036753,0.033691,0.024502,0.024502,0.015314,0.022971,0.013783,0.015314,0.01072,0.004594,0.007657,0.007657,0.009188,0.004594,0.001531,0.001531,0.003063,0.003063,0.004594,0.003063,0.0,0.0,0.001531,0.0,0.001531,0.0,0.0,0.001531,0.0,0.01072
Zone_DH201,0.061564,0.08985,0.079867,0.036606,0.014975,0.008319,0.011647,0.003328,0.006656,0.004992,0.001664,0.003328,0.006656,0.001664,0.008319,0.009983,0.014975,0.079867,0.116473,0.1198,0.069884,0.031614,0.013311,0.016639,0.009983,0.003328,0.006656,0.003328,0.008319,0.008319,0.008319,0.0,0.004992,0.008319,0.021631,0.104825,0.198695,0.0,0.001305,0.001958,0.001958,0.003915,0.00261,0.00522,0.006525,0.004568,0.003263,0.007178,0.012398,0.009788,0.01044,0.026101,0.046982,0.11354,0.106362,0.05155,0.035889,0.019576,0.011093,0.011093,0.008483,0.007178,0.009135,0.009788,0.006525,0.009788,0.012398,0.015661,0.018271,0.026101,0.055465,0.129201,0.036606,0.1198,0.083195,0.066556,0.074875,0.084859,0.081531,0.064892,0.084859,0.049917,0.02995,0.023295,0.02995,0.024958,0.018303,0.023295,0.014975,0.008319,0.009983,0.008319,0.004992,0.003328,0.006656,0.003328,0.0,0.004992,0.003328,0.003328,0.004992,0.001664,0.0,0.001664,0.003328,0.001664,0.004992,0.0,0.0,0.0,0.0,0.013311
Zone_DH202,0.068966,0.117241,0.094253,0.03908,0.013793,0.009195,0.011494,0.002299,0.009195,0.006897,0.002299,0.002299,0.002299,0.0,0.009195,0.011494,0.011494,0.043678,0.131034,0.151724,0.066667,0.027586,0.013793,0.016092,0.006897,0.002299,0.002299,0.006897,0.009195,0.006897,0.006897,0.004598,0.009195,0.016092,0.018391,0.048276,0.200368,0.001842,0.0,0.000921,0.001842,0.0,0.001842,0.003685,0.005527,0.003685,0.004606,0.004606,0.010134,0.006449,0.011976,0.030401,0.054353,0.110548,0.095808,0.06725,0.043298,0.018425,0.010134,0.011055,0.008291,0.011055,0.00737,0.010134,0.005527,0.011055,0.011055,0.012897,0.017503,0.027637,0.057117,0.121603,0.032184,0.147126,0.045977,0.068966,0.055172,0.073563,0.08046,0.043678,0.08046,0.03908,0.022989,0.036782,0.03908,0.025287,0.025287,0.029885,0.011494,0.006897,0.013793,0.011494,0.011494,0.016092,0.006897,0.002299,0.006897,0.006897,0.004598,0.004598,0.006897,0.006897,0.002299,0.006897,0.004598,0.004598,0.004598,0.0,0.002299,0.002299,0.0,0.009195
Zone_DH203,0.108939,0.111732,0.069832,0.02514,0.005587,0.022346,0.01676,0.002793,0.00838,0.0,0.002793,0.002793,0.00838,0.00838,0.01676,0.013966,0.027933,0.061453,0.086592,0.081006,0.03352,0.041899,0.02514,0.013966,0.00838,0.005587,0.00838,0.011173,0.013966,0.01676,0.011173,0.011173,0.019553,0.022346,0.02514,0.050279,0.210341,0.00235,0.001175,0.0,0.00235,0.001175,0.001175,0.008226,0.012926,0.005875,0.007051,0.007051,0.012926,0.016451,0.024677,0.028202,0.039953,0.06933,0.06933,0.059929,0.029377,0.035253,0.018801,0.019976,0.012926,0.008226,0.010576,0.010576,0.014101,0.005875,0.014101,0.022327,0.011751,0.037603,0.057579,0.110458,0.02514,0.03352,0.041899,0.081006,0.067039,0.069832,0.086592,0.044693,0.041899,0.050279,0.02514,0.047486,0.039106,0.047486,0.036313,0.044693,0.013966,0.01676,0.019553,0.011173,0.01676,0.022346,0.005587,0.013966,0.013966,0.005587,0.005587,0.011173,0.013966,0.00838,0.005587,0.00838,0.0,0.005587,0.002793,0.0,0.002793,0.002793,0.0,0.011173
Zone_DH204,0.094148,0.111959,0.053435,0.015267,0.005089,0.012723,0.015267,0.002545,0.007634,0.0,0.002545,0.005089,0.005089,0.010178,0.010178,0.015267,0.033079,0.101781,0.086514,0.063613,0.030534,0.030534,0.030534,0.010178,0.007634,0.005089,0.012723,0.012723,0.012723,0.017812,0.017812,0.017812,0.017812,0.025445,0.040712,0.058524,0.206234,0.0,0.001039,0.001039,0.003117,0.003117,0.001039,0.007273,0.009351,0.006234,0.008312,0.006234,0.013506,0.015584,0.01974,0.028052,0.051948,0.077922,0.068571,0.061299,0.017662,0.028052,0.01974,0.01974,0.012468,0.011429,0.007273,0.015584,0.015584,0.006234,0.009351,0.016623,0.016623,0.031169,0.054026,0.128831,0.022901,0.033079,0.035623,0.053435,0.086514,0.081425,0.073791,0.058524,0.045802,0.058524,0.038168,0.040712,0.038168,0.035623,0.030534,0.033079,0.02799,0.025445,0.017812,0.017812,0.012723,0.022901,0.002545,0.012723,0.017812,0.007634,0.010178,0.010178,0.015267,0.005089,0.007634,0.010178,0.0,0.002545,0.002545,0.0,0.0,0.0,0.0,0.005089
Zone_DH205,0.093555,0.106029,0.054054,0.02079,0.010395,0.010395,0.008316,0.002079,0.004158,0.002079,0.004158,0.006237,0.008316,0.010395,0.014553,0.022869,0.033264,0.093555,0.097713,0.058212,0.037422,0.016632,0.022869,0.010395,0.004158,0.010395,0.010395,0.006237,0.014553,0.018711,0.018711,0.008316,0.012474,0.029106,0.058212,0.060291,0.205525,0.000837,0.000837,0.000837,0.003349,0.003349,0.001674,0.003349,0.008372,0.00586,0.007535,0.00586,0.009209,0.015906,0.020092,0.027627,0.055253,0.075345,0.086229,0.061951,0.025952,0.026789,0.016743,0.017581,0.010883,0.010883,0.006697,0.015069,0.01172,0.013395,0.013395,0.013395,0.023441,0.03265,0.051067,0.111344,0.029106,0.033264,0.049896,0.051975,0.074844,0.074844,0.089397,0.058212,0.060291,0.054054,0.058212,0.04158,0.035343,0.031185,0.029106,0.031185,0.029106,0.029106,0.018711,0.024948,0.010395,0.014553,0.004158,0.010395,0.014553,0.008316,0.006237,0.004158,0.004158,0.004158,0.002079,0.004158,0.0,0.0,0.002079,0.0,0.0,0.004158,0.002079,0.0
Zone_DH206,0.099359,0.076923,0.044872,0.016026,0.012821,0.003205,0.008013,0.001603,0.0,0.011218,0.011218,0.008013,0.016026,0.012821,0.012821,0.025641,0.027244,0.088141,0.096154,0.083333,0.041667,0.028846,0.004808,0.003205,0.001603,0.009615,0.003205,0.003205,0.020833,0.014423,0.017628,0.012821,0.011218,0.028846,0.054487,0.088141,0.20368,0.001269,0.002538,0.001269,0.005076,0.003173,0.003807,0.003173,0.003173,0.008249,0.00698,0.011421,0.006345,0.008249,0.017766,0.027919,0.054569,0.090102,0.090736,0.053934,0.028553,0.025381,0.013325,0.019036,0.010152,0.008249,0.00698,0.008249,0.008883,0.013959,0.014594,0.008883,0.021574,0.033629,0.056472,0.118655,0.027244,0.060897,0.073718,0.078526,0.075321,0.081731,0.072115,0.06891,0.057692,0.038462,0.05609,0.035256,0.033654,0.025641,0.032051,0.033654,0.024038,0.014423,0.016026,0.024038,0.011218,0.00641,0.00641,0.008013,0.008013,0.00641,0.003205,0.0,0.001603,0.004808,0.003205,0.001603,0.0,0.0,0.001603,0.0,0.0,0.003205,0.001603,0.003205
Zone_DH207,0.112644,0.068966,0.041379,0.014943,0.011494,0.011494,0.005747,0.004598,0.010345,0.010345,0.011494,0.005747,0.012644,0.009195,0.010345,0.017241,0.028736,0.077011,0.109195,0.108046,0.045977,0.026437,0.016092,0.004598,0.003448,0.006897,0.003448,0.004598,0.014943,0.013793,0.012644,0.011494,0.012644,0.01954,0.036782,0.085057,0.202186,0.001821,0.001821,0.001821,0.004554,0.002732,0.002732,0.003188,0.003643,0.007286,0.010018,0.010929,0.007286,0.01275,0.017304,0.025956,0.053734,0.092441,0.098361,0.056922,0.026412,0.021403,0.015027,0.017304,0.010018,0.009107,0.006375,0.006375,0.006375,0.009107,0.010018,0.011384,0.015483,0.03051,0.050091,0.137523,0.035632,0.075862,0.072414,0.131034,0.083908,0.074713,0.071264,0.066667,0.05977,0.041379,0.045977,0.029885,0.029885,0.025287,0.029885,0.026437,0.013793,0.012644,0.008046,0.016092,0.013793,0.006897,0.005747,0.003448,0.001149,0.004598,0.002299,0.0,0.001149,0.002299,0.002299,0.0,0.0,0.001149,0.0,0.0,0.0,0.0,0.0,0.004598
Zone_DH208,0.108062,0.060034,0.037736,0.012007,0.005146,0.018868,0.006861,0.006861,0.020583,0.012007,0.010292,0.006861,0.008576,0.008576,0.006861,0.015437,0.03259,0.056604,0.109777,0.142367,0.044597,0.020583,0.018868,0.005146,0.006861,0.006861,0.008576,0.005146,0.013722,0.012007,0.017153,0.013722,0.015437,0.018868,0.02916,0.077187,0.204803,0.002058,0.002744,0.002058,0.004117,0.004117,0.002744,0.005489,0.004803,0.006861,0.01235,0.01235,0.010292,0.013722,0.016467,0.025386,0.048027,0.084391,0.096741,0.054202,0.025386,0.019211,0.015094,0.014408,0.01235,0.013722,0.007547,0.009605,0.010292,0.007547,0.010292,0.014408,0.010978,0.029503,0.037736,0.148199,0.042882,0.078902,0.06518,0.138937,0.082333,0.084048,0.063465,0.068611,0.056604,0.042882,0.041166,0.025729,0.03259,0.022298,0.027444,0.024014,0.013722,0.015437,0.010292,0.012007,0.013722,0.006861,0.001715,0.003431,0.001715,0.005146,0.003431,0.0,0.001715,0.0,0.001715,0.003431,0.001715,0.001715,0.0,0.0,0.0,0.001715,0.0,0.003431
Zone_DH209,0.154386,0.066667,0.038596,0.007018,0.0,0.038596,0.007018,0.010526,0.024561,0.003509,0.010526,0.003509,0.007018,0.003509,0.003509,0.007018,0.0,0.024561,0.150877,0.192982,0.059649,0.014035,0.021053,0.007018,0.010526,0.0,0.014035,0.003509,0.007018,0.007018,0.007018,0.007018,0.014035,0.010526,0.017544,0.045614,0.210788,0.001419,0.002839,0.002839,0.007097,0.001419,0.002839,0.008517,0.002839,0.004258,0.011356,0.011356,0.009936,0.015614,0.011356,0.019872,0.045422,0.105039,0.117814,0.044003,0.018453,0.015614,0.012775,0.009936,0.012775,0.009936,0.007097,0.009936,0.011356,0.008517,0.005678,0.019872,0.008517,0.028389,0.029808,0.15472,0.052632,0.063158,0.070175,0.196491,0.080702,0.087719,0.066667,0.05614,0.059649,0.045614,0.02807,0.014035,0.024561,0.017544,0.02807,0.024561,0.010526,0.017544,0.003509,0.010526,0.007018,0.003509,0.003509,0.003509,0.0,0.003509,0.003509,0.0,0.003509,0.0,0.0,0.003509,0.003509,0.0,0.0,0.0,0.0,0.003509,0.0,0.003509
Zone_DH211,0.043478,0.043478,0.130435,0.043478,0.0,0.0,0.0,0.0,0.0,0.0,0.0,0.043478,0.0,0.0,0.043478,0.043478,0.043478,0.130435,0.130435,0.130435,0.0,0.0,0.043478,0.0,0.0,0.043478,0.0,0.0,0.0,0.0,0.0,0.0,0.0,0.086957,0.0,0.0,0.278351,0.0,0.0,0.0,0.041237,0.0,0.0,0.0,0.0,0.0,0.0,0.0,0.0,0.0,0.020619,0.103093,0.020619,0.041237,0.041237,0.020619,0.082474,0.041237,0.020619,0.0,0.020619,0.0,0.0,0.0,0.020619,0.020619,0.0,0.0,0.0,0.061856,0.041237,0.123711,0.0,0.043478,0.043478,0.0,0.0,0.173913,0.043478,0.173913,0.043478,0.0,0.043478,0.0,0.043478,0.043478,0.043478,0.043478,0.0,0.086957,0.0,0.0,0.0,0.0,0.0,0.0,0.0,0.0,0.0,0.0,0.0,0.0,0.0,0.0,0.0,0.0,0.0,0.0,0.0,0.0,0.043478,0.130435
Zone_DH212,0.016667,0.033333,0.116667,0.05,0.05,0.0,0.016667,0.0,0.0,0.0,0.016667,0.016667,0.016667,0.0,0.033333,0.016667,0.016667,0.066667,0.066667,0.083333,0.05,0.033333,0.066667,0.05,0.0,0.066667,0.0,0.016667,0.033333,0.0,0.016667,0.0,0.016667,0.033333,0.0,0.0,0.242424,0.0,0.0,0.0,0.015152,0.0,0.0,0.007576,0.0,0.015152,0.015152,0.007576,0.0,0.015152,0.030303,0.068182,0.015152,0.037879,0.075758,0.030303,0.045455,0.045455,0.015152,0.0,0.022727,0.007576,0.007576,0.015152,0.007576,0.007576,0.007576,0.007576,0.030303,0.05303,0.045455,0.106061,0.0,0.016667,0.016667,0.0,0.016667,0.066667,0.033333,0.1,0.016667,0.0,0.05,0.0,0.016667,0.033333,0.016667,0.083333,0.033333,0.066667,0.0,0.033333,0.016667,0.033333,0.016667,0.0,0.0,0.016667,0.0,0.05,0.016667,0.0,0.0,0.0,0.016667,0.0,0.05,0.016667,0.0,0.0,0.016667,0.15
Zone_DH213,0.019802,0.059406,0.079208,0.039604,0.029703,0.0,0.009901,0.009901,0.0,0.0,0.019802,0.009901,0.029703,0.019802,0.039604,0.009901,0.039604,0.049505,0.049505,0.039604,0.039604,0.049505,0.059406,0.039604,0.009901,0.049505,0.039604,0.019802,0.029703,0.019802,0.009901,0.029703,0.009901,0.039604,0.0,0.0,0.224839,0.0,0.0,0.0,0.008565,0.008565,0.012848,0.008565,0.0,0.017131,0.017131,0.012848,0.008565,0.012848,0.042827,0.051392,0.012848,0.017131,0.077088,0.034261,0.034261,0.034261,0.017131,0.004283,0.021413,0.017131,0.021413,0.017131,0.021413,0.008565,0.008565,0.012848,0.029979,0.034261,0.059957,0.089936,0.0,0.039604,0.019802,0.009901,0.009901,0.039604,0.039604,0.069307,0.019802,0.019802,0.039604,0.009901,0.029703,0.029703,0.019802,0.059406,0.019802,0.059406,0.029703,0.019802,0.019802,0.029703,0.049505,0.009901,0.0,0.009901,0.0,0.039604,0.009901,0.029703,0.009901,0.0,0.009901,0.009901,0.029703,0.019802,0.0,0.009901,0.009901,0.118812
Zone_DH214,0.052632,0.030075,0.037594,0.037594,0.022556,0.015038,0.015038,0.030075,0.007519,0.015038,0.022556,0.007519,0.045113,0.022556,0.030075,0.022556,0.037594,0.037594,0.022556,0.015038,0.007519,0.052632,0.045113,0.007519,0.007519,0.037594,0.052632,0.015038,0.037594,0.022556,0.022556,0.037594,0.007519,0.067669,0.007519,0.045113,0.217676,0.0,0.0,0.003273,0.0,0.013093,0.00982,0.022913,0.0,0.013093,0.006547,0.01964,0.01964,0.016367,0.045827,0.016367,0.032733,0.01964,0.05892,0.032733,0.022913,0.026187,0.022913,0.022913,0.02946,0.01964,0.01964,0.01964,0.022913,0.013093,0.022913,0.02946,0.036007,0.022913,0.062193,0.05892,0.015038,0.030075,0.022556,0.045113,0.022556,0.007519,0.037594,0.037594,0.007519,0.015038,0.045113,0.052632,0.045113,0.030075,0.022556,0.06015,0.037594,0.037594,0.030075,0.015038,0.015038,0.030075,0.045113,0.022556,0.0,0.022556,0.0,0.007519,0.007519,0.030075,0.007519,0.007519,0.030075,0.015038,0.0,0.007519,0.015038,0.007519,0.0,0.112782
Zone_DH215,0.058333,0.025,0.025,0.033333,0.008333,0.025,0.008333,0.033333,0.016667,0.008333,0.025,0.008333,0.05,0.058333,0.008333,0.033333,0.025,0.05,0.025,0.025,0.008333,0.033333,0.041667,0.0,0.016667,0.008333,0.033333,0.025,0.041667,0.016667,0.041667,0.05,0.016667,0.058333,0.008333,0.05,0.22963,0.0,0.0,0.0,0.003704,0.011111,0.003704,0.022222,0.0,0.007407,0.003704,0.018519,0.014815,0.018519,0.044444,0.011111,0.040741,0.033333,0.051852,0.033333,0.025926,0.02963,0.02963,0.033333,0.025926,0.018519,0.018519,0.025926,0.014815,0.011111,0.022222,0.033333,0.037037,0.018519,0.048148,0.059259,0.008333,0.041667,0.025,0.033333,0.016667,0.033333,0.033333,0.016667,0.016667,0.025,0.033333,0.066667,0.041667,0.025,0.041667,0.066667,0.033333,0.05,0.016667,0.016667,0.016667,0.025,0.033333,0.016667,0.008333,0.016667,0.008333,0.016667,0.008333,0.016667,0.0,0.008333,0.033333,0.0,0.0,0.0,0.016667,0.0,0.008333,0.125
Zone_DH216,0.072464,0.014493,0.028986,0.028986,0.0,0.014493,0.014493,0.057971,0.014493,0.014493,0.028986,0.014493,0.014493,0.028986,0.014493,0.057971,0.014493,0.057971,0.043478,0.014493,0.028986,0.028986,0.043478,0.0,0.014493,0.0,0.014493,0.028986,0.043478,0.0,0.086957,0.043478,0.043478,0.043478,0.028986,0.0,0.240418,0.0,0.0,0.0,0.006969,0.006969,0.0,0.0,0.0,0.0,0.006969,0.034843,0.006969,0.027875,0.041812,0.013937,0.013937,0.055749,0.055749,0.027875,0.027875,0.041812,0.027875,0.041812,0.027875,0.020906,0.020906,0.020906,0.013937,0.013937,0.013937,0.020906,0.04878,0.034843,0.027875,0.055749,0.0,0.043478,0.014493,0.028986,0.043478,0.043478,0.043478,0.014493,0.028986,0.0,0.028986,0.072464,0.043478,0.028986,0.028986,0.086957,0.028986,0.057971,0.0,0.0,0.014493,0.028986,0.0,0.028986,0.028986,0.014493,0.014493,0.028986,0.0,0.0,0.0,0.0,0.0,0.0,0.0,0.0,0.014493,0.0,0.028986,0.15942
Zone_DH217,0.027778,0.083333,0.055556,0.027778,0.0,0.027778,0.0,0.0,0.0,0.0,0.027778,0.0,0.0,0.027778,0.027778,0.055556,0.027778,0.111111,0.055556,0.083333,0.027778,0.0,0.0,0.0,0.0,0.027778,0.0,0.083333,0.0,0.0,0.083333,0.027778,0.055556,0.0,0.027778,0.027778,0.276923,0.0,0.0,0.0,0.0,0.015385,0.0,0.0,0.0,0.0,0.015385,0.0,0.0,0.015385,0.0,0.030769,0.030769,0.092308,0.076923,0.046154,0.0,0.030769,0.030769,0.046154,0.030769,0.030769,0.015385,0.015385,0.0,0.0,0.0,0.0,0.030769,0.046154,0.061538,0.061538,0.0,0.027778,0.0,0.027778,0.055556,0.055556,0.027778,0.0,0.055556,0.0,0.0,0.0,0.027778,0.027778,0.055556,0.027778,0.0,0.083333,0.055556,0.0,0.027778,0.027778,0.0,0.027778,0.027778,0.027778,0.0,0.0,0.0,0.0,0.027778,0.0,0.0,0.0,0.0,0.0,0.055556,0.027778,0.027778,0.194444
Zone_DH218,0.028986,0.072464,0.057971,0.028986,0.0,0.014493,0.0,0.028986,0.014493,0.014493,0.0,0.0,0.014493,0.028986,0.014493,0.014493,0.043478,0.086957,0.115942,0.086957,0.043478,0.014493,0.014493,0.0,0.014493,0.043478,0.0,0.014493,0.014493,0.0,0.014493,0.0,0.057971,0.028986,0.014493,0.057971,0.259786,0.0,0.0,0.0,0.0,0.0,0.0,0.0,0.007117,0.007117,0.014235,0.0,0.02847,0.0,0.007117,0.035587,0.02847,0.085409,0.049822,0.049822,0.021352,0.02847,0.02847,0.042705,0.021352,0.014235,0.0,0.02847,0.007117,0.007117,0.007117,0.0,0.02847,0.049822,0.05694,0.085409,0.0,0.072464,0.028986,0.043478,0.072464,0.043478,0.072464,0.028986,0.028986,0.014493,0.014493,0.014493,0.043478,0.014493,0.028986,0.028986,0.028986,0.014493,0.057971,0.014493,0.0,0.0,0.0,0.043478,0.014493,0.028986,0.0,0.0,0.0,0.043478,0.014493,0.028986,0.0,0.0,0.0,0.028986,0.014493,0.014493,0.0,0.101449
Zone_DH219,0.056,0.048,0.048,0.016,0.024,0.024,0.0,0.024,0.032,0.008,0.0,0.008,0.008,0.032,0.024,0.032,0.048,0.056,0.088,0.056,0.04,0.0,0.008,0.016,0.048,0.024,0.008,0.024,0.024,0.008,0.032,0.008,0.032,0.024,0.016,0.056,0.234973,0.0,0.0,0.003643,0.0,0.003643,0.010929,0.0,0.007286,0.010929,0.007286,0.0,0.018215,0.018215,0.003643,0.025501,0.043716,0.061931,0.040073,0.040073,0.054645,0.021858,0.029144,0.032787,0.014572,0.018215,0.007286,0.014572,0.021858,0.025501,0.018215,0.014572,0.032787,0.040073,0.051002,0.07286,0.016,0.064,0.056,0.072,0.056,0.064,0.064,0.032,0.04,0.016,0.04,0.064,0.024,0.008,0.032,0.024,0.024,0.016,0.024,0.016,0.008,0.008,0.0,0.024,0.008,0.016,0.0,0.0,0.0,0.04,0.008,0.016,0.0,0.0,0.0,0.016,0.008,0.008,0.0,0.088
Zone_DH220,0.041667,0.010417,0.041667,0.0,0.03125,0.020833,0.0,0.0,0.0625,0.052083,0.010417,0.010417,0.010417,0.010417,0.0,0.041667,0.052083,0.03125,0.0625,0.041667,0.010417,0.0,0.0,0.020833,0.072917,0.03125,0.010417,0.09375,0.03125,0.010417,0.052083,0.010417,0.041667,0.020833,0.03125,0.03125,0.243781,0.0,0.0,0.0,0.0,0.00995,0.014925,0.0,0.004975,0.0199,0.004975,0.00995,0.0,0.00995,0.004975,0.00995,0.064677,0.059701,0.064677,0.039801,0.054726,0.014925,0.024876,0.014925,0.004975,0.00995,0.00995,0.004975,0.014925,0.039801,0.029851,0.024876,0.034826,0.034826,0.039801,0.079602,0.041667,0.03125,0.0625,0.09375,0.052083,0.083333,0.041667,0.03125,0.041667,0.010417,0.041667,0.0625,0.020833,0.03125,0.03125,0.010417,0.03125,0.010417,0.020833,0.03125,0.010417,0.010417,0.0,0.010417,0.010417,0.010417,0.0,0.0,0.0,0.041667,0.0,0.03125,0.0,0.0,0.0,0.0,0.0,0.0,0.0,0.09375
Zone_DH221,0.012821,0.0,0.025641,0.025641,0.012821,0.012821,0.012821,0.0,0.025641,0.025641,0.076923,0.025641,0.012821,0.012821,0.0,0.0,0.012821,0.051282,0.051282,0.064103,0.0,0.012821,0.025641,0.064103,0.064103,0.038462,0.025641,0.012821,0.128205,0.012821,0.051282,0.012821,0.025641,0.012821,0.012821,0.038462,0.242424,0.006061,0.0,0.0,0.0,0.012121,0.012121,0.006061,0.006061,0.012121,0.006061,0.018182,0.006061,0.012121,0.012121,0.018182,0.036364,0.054545,0.054545,0.048485,0.060606,0.030303,0.030303,0.012121,0.018182,0.006061,0.006061,0.006061,0.0,0.012121,0.036364,0.018182,0.018182,0.030303,0.042424,0.109091,0.089744,0.025641,0.038462,0.025641,0.038462,0.012821,0.012821,0.076923,0.051282,0.025641,0.025641,0.025641,0.012821,0.025641,0.064103,0.025641,0.025641,0.025641,0.025641,0.012821,0.012821,0.025641,0.012821,0.012821,0.012821,0.0,0.0,0.012821,0.012821,0.025641,0.025641,0.012821,0.0,0.012821,0.0,0.0,0.0,0.012821,0.012821,0.128205
Zone_DH222,0.019231,0.038462,0.028846,0.019231,0.009615,0.0,0.019231,0.009615,0.019231,0.009615,0.057692,0.028846,0.009615,0.019231,0.028846,0.009615,0.019231,0.057692,0.048077,0.048077,0.028846,0.009615,0.038462,0.038462,0.019231,0.028846,0.019231,0.019231,0.086538,0.028846,0.038462,0.0,0.048077,0.019231,0.028846,0.048077,0.227074,0.008734,0.0,0.004367,0.0,0.008734,0.0,0.0,0.008734,0.004367,0.004367,0.017467,0.0131,0.008734,0.026201,0.021834,0.048035,0.052402,0.056769,0.034934,0.069869,0.026201,0.048035,0.008734,0.021834,0.008734,0.004367,0.004367,0.008734,0.008734,0.026201,0.026201,0.026201,0.030568,0.043668,0.091703,0.067308,0.019231,0.028846,0.019231,0.048077,0.019231,0.009615,0.076923,0.038462,0.028846,0.038462,0.028846,0.048077,0.019231,0.028846,0.028846,0.028846,0.048077,0.019231,0.019231,0.0,0.009615,0.019231,0.019231,0.019231,0.0,0.0,0.019231,0.009615,0.009615,0.028846,0.009615,0.009615,0.009615,0.009615,0.0,0.0,0.009615,0.009615,0.144231
Zone_DH223,0.043165,0.071942,0.107914,0.05036,0.021583,0.0,0.007194,0.014388,0.0,0.0,0.007194,0.014388,0.007194,0.028777,0.028777,0.007194,0.028777,0.05036,0.064748,0.043165,0.064748,0.035971,0.057554,0.014388,0.014388,0.028777,0.007194,0.014388,0.021583,0.014388,0.007194,0.007194,0.021583,0.028777,0.028777,0.035971,0.231527,0.003284,0.0,0.009852,0.003284,0.003284,0.003284,0.0,0.006568,0.0,0.01642,0.013136,0.009852,0.01642,0.01642,0.029557,0.042693,0.07225,0.055829,0.042693,0.052545,0.01642,0.032841,0.006568,0.013136,0.019704,0.009852,0.013136,0.01642,0.019704,0.019704,0.029557,0.039409,0.022989,0.036125,0.075534,0.028777,0.014388,0.05036,0.028777,0.05036,0.043165,0.05036,0.079137,0.05036,0.021583,0.064748,0.043165,0.05036,0.014388,0.043165,0.014388,0.021583,0.05036,0.007194,0.028777,0.021583,0.0,0.014388,0.007194,0.007194,0.007194,0.021583,0.014388,0.014388,0.0,0.014388,0.0,0.007194,0.0,0.014388,0.007194,0.0,0.0,0.0,0.093525
Zone_DH224,0.053908,0.059299,0.080863,0.06469,0.043127,0.010782,0.010782,0.010782,0.005391,0.0,0.010782,0.010782,0.005391,0.016173,0.040431,0.005391,0.016173,0.037736,0.075472,0.06469,0.06469,0.037736,0.037736,0.016173,0.010782,0.016173,0.005391,0.021563,0.010782,0.010782,0.010782,0.005391,0.053908,0.021563,0.021563,0.032345,0.238183,0.0,0.0,0.014733,0.004911,0.0,0.002455,0.002455,0.007366,0.002455,0.017188,0.012277,0.007366,0.024555,0.013505,0.02701,0.034377,0.067526,0.069982,0.04911,0.039288,0.01105,0.014733,0.012277,0.014733,0.017188,0.012277,0.024555,0.014733,0.014733,0.014733,0.022099,0.029466,0.039288,0.046654,0.076734,0.043127,0.021563,0.06469,0.037736,0.053908,0.083558,0.091644,0.043127,0.059299,0.021563,0.059299,0.048518,0.043127,0.013477,0.026954,0.016173,0.021563,0.021563,0.018868,0.021563,0.021563,0.010782,0.010782,0.010782,0.010782,0.005391,0.021563,0.016173,0.005391,0.0,0.005391,0.005391,0.0,0.0,0.010782,0.005391,0.0,0.0,0.0,0.048518
Zone_DH225,0.015021,0.017167,0.021459,0.034335,0.021459,0.012876,0.008584,0.008584,0.008584,0.012876,0.004292,0.008584,0.0,0.017167,0.225322,0.012876,0.025751,0.017167,0.042918,0.034335,0.025751,0.017167,0.008584,0.008584,0.012876,0.008584,0.0,0.008584,0.0,0.004292,0.008584,0.004292,0.246781,0.053648,0.012876,0.030043,0.219608,0.0,0.003922,0.007843,0.001961,0.003922,0.0,0.007843,0.001961,0.001961,0.013725,0.005882,0.006863,0.012745,0.009804,0.013725,0.013725,0.15,0.153922,0.016667,0.017647,0.008824,0.006863,0.013725,0.009804,0.015686,0.003922,0.013725,0.009804,0.005882,0.011765,0.009804,0.009804,0.031373,0.02549,0.159804,0.062232,0.021459,0.064378,0.049356,0.081545,0.113734,0.070815,0.012876,0.075107,0.032189,0.045064,0.042918,0.027897,0.042918,0.030043,0.021459,0.012876,0.012876,0.027897,0.019313,0.025751,0.008584,0.015021,0.012876,0.012876,0.002146,0.008584,0.012876,0.0,0.0,0.0,0.004292,0.004292,0.0,0.0,0.004292,0.0,0.004292,0.0,0.017167
Zone_DH226,0.018919,0.013514,0.016216,0.016216,0.005405,0.005405,0.0,0.016216,0.005405,0.018919,0.005405,0.005405,0.005405,0.021622,0.294595,0.021622,0.032432,0.005405,0.021622,0.021622,0.010811,0.005405,0.010811,0.005405,0.005405,0.010811,0.010811,0.0,0.0,0.0,0.0,0.0,0.286486,0.064865,0.021622,0.016216,0.223478,0.0,0.005022,0.002511,0.0,0.005022,0.002511,0.008161,0.002511,0.0,0.010044,0.0,0.003766,0.011299,0.007533,0.012555,0.007533,0.173258,0.172003,0.010044,0.007533,0.011299,0.011299,0.015066,0.007533,0.017577,0.0,0.008161,0.010044,0.0,0.010044,0.010044,0.005022,0.017577,0.022599,0.188952,0.062162,0.010811,0.040541,0.035135,0.094595,0.105405,0.045946,0.016216,0.075676,0.045946,0.051351,0.037838,0.02973,0.054054,0.032432,0.016216,0.010811,0.021622,0.024324,0.018919,0.027027,0.005405,0.024324,0.010811,0.010811,0.002703,0.005405,0.016216,0.010811,0.0,0.0,0.0,0.010811,0.0,0.0,0.005405,0.0,0.005405,0.0,0.035135
Zone_DH227,0.011561,0.011561,0.023121,0.023121,0.0,0.0,0.0,0.011561,0.011561,0.0,0.0,0.0,0.023121,0.011561,0.202312,0.057803,0.034682,0.0,0.034682,0.011561,0.023121,0.011561,0.011561,0.011561,0.011561,0.011561,0.023121,0.0,0.0,0.0,0.0,0.0,0.196532,0.16185,0.057803,0.011561,0.267311,0.0,0.0,0.006441,0.0,0.006441,0.006441,0.0,0.006441,0.0,0.006441,0.006441,0.006441,0.028986,0.019324,0.012882,0.016103,0.141707,0.115942,0.012882,0.0,0.012882,0.025765,0.019324,0.0,0.0,0.006441,0.012882,0.012882,0.0,0.006441,0.006441,0.0,0.038647,0.041868,0.1562,0.063584,0.017341,0.034682,0.017341,0.052023,0.127168,0.040462,0.023121,0.080925,0.052023,0.034682,0.057803,0.0,0.046243,0.023121,0.011561,0.011561,0.023121,0.0,0.028902,0.034682,0.0,0.017341,0.023121,0.0,0.023121,0.011561,0.011561,0.034682,0.0,0.011561,0.0,0.023121,0.0,0.0,0.011561,0.0,0.0,0.0,0.052023
Zone_DH228,0.014925,0.029851,0.089552,0.014925,0.0,0.014925,0.044776,0.029851,0.0,0.029851,0.0,0.029851,0.044776,0.0,0.014925,0.014925,0.014925,0.029851,0.119403,0.0,0.029851,0.0,0.0,0.029851,0.014925,0.029851,0.044776,0.014925,0.0,0.014925,0.044776,0.0,0.044776,0.044776,0.059701,0.089552,0.231834,0.0,0.0,0.00692,0.0,0.0,0.0,0.013841,0.020761,0.00692,0.013841,0.027682,0.013841,0.013841,0.027682,0.027682,0.020761,0.041522,0.062284,0.041522,0.027682,0.00692,0.062284,0.013841,0.020761,0.0,0.013841,0.027682,0.020761,0.027682,0.013841,0.0,0.041522,0.034602,0.034602,0.083045,0.014925,0.014925,0.029851,0.044776,0.014925,0.044776,0.104478,0.044776,0.074627,0.044776,0.044776,0.0,0.029851,0.029851,0.029851,0.014925,0.029851,0.029851,0.014925,0.044776,0.0,0.0,0.014925,0.059701,0.0,0.029851,0.0,0.014925,0.029851,0.0,0.014925,0.014925,0.0,0.0,0.014925,0.014925,0.0,0.0,0.014925,0.074627
Zone_DH229,0.014085,0.042254,0.098592,0.0,0.0,0.042254,0.042254,0.028169,0.0,0.028169,0.0,0.028169,0.014085,0.0,0.042254,0.0,0.028169,0.042254,0.112676,0.042254,0.028169,0.014085,0.0,0.028169,0.0,0.028169,0.014085,0.028169,0.014085,0.014085,0.056338,0.0,0.042254,0.0,0.056338,0.070423,0.221884,0.0,0.0,0.006079,0.0,0.0,0.0,0.024316,0.018237,0.006079,0.024316,0.024316,0.012158,0.006079,0.018237,0.018237,0.024316,0.042553,0.072948,0.036474,0.036474,0.006079,0.054711,0.018237,0.018237,0.012158,0.012158,0.018237,0.018237,0.036474,0.012158,0.018237,0.042553,0.036474,0.036474,0.066869,0.014085,0.014085,0.028169,0.056338,0.0,0.042254,0.112676,0.070423,0.056338,0.042254,0.056338,0.014085,0.028169,0.014085,0.028169,0.014085,0.028169,0.042254,0.028169,0.056338,0.0,0.0,0.028169,0.042254,0.0,0.014085,0.028169,0.014085,0.0,0.0,0.0,0.014085,0.0,0.0,0.014085,0.014085,0.0,0.0,0.014085,0.070423
Zone_DH230,0.022222,0.044444,0.044444,0.011111,0.011111,0.033333,0.022222,0.022222,0.011111,0.0,0.011111,0.0,0.022222,0.011111,0.022222,0.011111,0.055556,0.066667,0.088889,0.077778,0.033333,0.011111,0.0,0.022222,0.022222,0.011111,0.0,0.033333,0.011111,0.011111,0.055556,0.022222,0.044444,0.055556,0.022222,0.055556,0.237113,0.0,0.005155,0.0,0.0,0.005155,0.010309,0.015464,0.010309,0.005155,0.020619,0.010309,0.005155,0.046392,0.010309,0.020619,0.020619,0.046392,0.06701,0.015464,0.025773,0.015464,0.061856,0.036082,0.020619,0.015464,0.005155,0.010309,0.015464,0.041237,0.010309,0.041237,0.020619,0.020619,0.036082,0.072165,0.022222,0.022222,0.022222,0.033333,0.033333,0.066667,0.1,0.044444,0.055556,0.0,0.077778,0.033333,0.033333,0.022222,0.022222,0.033333,0.011111,0.033333,0.033333,0.022222,0.0,0.022222,0.011111,0.0,0.0,0.033333,0.033333,0.0,0.0,0.0,0.011111,0.022222,0.0,0.0,0.033333,0.011111,0.0,0.0,0.0,0.1
Zone_DH231,0.041667,0.035714,0.011905,0.029762,0.011905,0.011905,0.005952,0.0,0.011905,0.005952,0.005952,0.0,0.011905,0.005952,0.0,0.017857,0.029762,0.160714,0.083333,0.071429,0.041667,0.017857,0.005952,0.0,0.035714,0.017857,0.0,0.017857,0.005952,0.005952,0.02381,0.011905,0.02381,0.029762,0.077381,0.130952,0.220551,0.0,0.005013,0.0,0.0,0.010025,0.002506,0.010025,0.002506,0.005013,0.010025,0.005013,0.007519,0.030075,0.010025,0.027569,0.0401,0.090226,0.095238,0.027569,0.022556,0.017544,0.032581,0.017544,0.012531,0.010025,0.010025,0.002506,0.007519,0.012531,0.012531,0.017544,0.010025,0.027569,0.035088,0.152882,0.02381,0.011905,0.017857,0.089286,0.077381,0.065476,0.059524,0.041667,0.041667,0.035714,0.053571,0.047619,0.017857,0.029762,0.029762,0.02381,0.011905,0.029762,0.029762,0.02381,0.029762,0.017857,0.011905,0.0,0.011905,0.035714,0.005952,0.011905,0.011905,0.005952,0.005952,0.005952,0.011905,0.0,0.011905,0.0,0.0,0.011905,0.0,0.047619
Zone_DH232,0.060185,0.046296,0.027778,0.055556,0.018519,0.018519,0.009259,0.00463,0.013889,0.013889,0.00463,0.0,0.00463,0.013889,0.00463,0.018519,0.013889,0.12037,0.078704,0.046296,0.032407,0.055556,0.009259,0.013889,0.023148,0.013889,0.009259,0.018519,0.00463,0.009259,0.018519,0.00463,0.018519,0.013889,0.074074,0.106481,0.219178,0.001957,0.003914,0.001957,0.003914,0.007828,0.003914,0.003914,0.005871,0.009785,0.009785,0.005871,0.009785,0.023483,0.017613,0.029354,0.039139,0.080235,0.078278,0.035225,0.021526,0.02544,0.02544,0.013699,0.013699,0.013699,0.007828,0.007828,0.007828,0.011742,0.011742,0.021526,0.013699,0.033268,0.039139,0.1409,0.023148,0.018519,0.027778,0.083333,0.064815,0.064815,0.050926,0.032407,0.064815,0.046296,0.032407,0.046296,0.023148,0.027778,0.027778,0.032407,0.018519,0.032407,0.027778,0.023148,0.032407,0.018519,0.023148,0.00463,0.009259,0.027778,0.0,0.013889,0.018519,0.009259,0.00463,0.009259,0.009259,0.0,0.013889,0.0,0.0,0.009259,0.0,0.027778
Zone_DH233,0.077889,0.045226,0.032663,0.035176,0.01005,0.017588,0.015075,0.002513,0.007538,0.012563,0.0,0.007538,0.01005,0.01005,0.005025,0.017588,0.035176,0.133166,0.103015,0.030151,0.037688,0.032663,0.007538,0.007538,0.007538,0.007538,0.01005,0.01005,0.002513,0.002513,0.017588,0.002513,0.005025,0.01005,0.030151,0.201005,0.203276,0.000963,0.00289,0.001927,0.00578,0.003854,0.00289,0.00578,0.006744,0.00289,0.006744,0.004817,0.003854,0.019268,0.013487,0.017341,0.037572,0.122351,0.111753,0.041426,0.026012,0.015414,0.010597,0.016378,0.017341,0.012524,0.00578,0.008671,0.012524,0.007707,0.011561,0.012524,0.015414,0.020231,0.043353,0.148362,0.030151,0.042714,0.077889,0.165829,0.055276,0.080402,0.050251,0.037688,0.047739,0.052764,0.070352,0.027638,0.022613,0.022613,0.012563,0.022613,0.015075,0.020101,0.01005,0.007538,0.022613,0.01005,0.017588,0.007538,0.005025,0.007538,0.0,0.002513,0.005025,0.007538,0.0,0.005025,0.005025,0.002513,0.007538,0.002513,0.0,0.005025,0.0,0.015075
Zone_DH234,0.058209,0.031343,0.043284,0.022388,0.007463,0.01194,0.014925,0.004478,0.002985,0.004478,0.002985,0.004478,0.010448,0.008955,0.008955,0.014925,0.086567,0.140299,0.062687,0.032836,0.052239,0.022388,0.008955,0.010448,0.001493,0.016418,0.00597,0.01194,0.002985,0.007463,0.01194,0.008955,0.014925,0.008955,0.065672,0.174627,0.206358,0.0,0.001734,0.00289,0.004046,0.003468,0.00578,0.004624,0.00578,0.004046,0.004624,0.007514,0.005202,0.011561,0.011561,0.015607,0.030058,0.131792,0.13526,0.032948,0.023699,0.017341,0.012717,0.012717,0.016763,0.00578,0.012139,0.009827,0.008671,0.006358,0.013295,0.010405,0.021965,0.016185,0.034104,0.153179,0.032836,0.043284,0.108955,0.179104,0.077612,0.071642,0.044776,0.046269,0.041791,0.050746,0.065672,0.034328,0.01791,0.019403,0.041791,0.01791,0.008955,0.01194,0.00597,0.007463,0.020896,0.002985,0.01194,0.010448,0.0,0.0,0.001493,0.002985,0.004478,0.004478,0.0,0.001493,0.0,0.001493,0.0,0.001493,0.0,0.001493,0.0,0.00597
Zone_DH235,0.05814,0.049834,0.053156,0.023256,0.016611,0.011628,0.018272,0.006645,0.006645,0.004983,0.003322,0.001661,0.009967,0.013289,0.009967,0.016611,0.083056,0.099668,0.078073,0.039867,0.059801,0.01495,0.011628,0.011628,0.011628,0.01495,0.004983,0.008306,0.004983,0.011628,0.013289,0.009967,0.016611,0.009967,0.076412,0.114618,0.214286,0.0,0.001335,0.001335,0.004005,0.004673,0.006676,0.00534,0.004673,0.006676,0.004005,0.010681,0.012016,0.010013,0.010013,0.014019,0.032043,0.106142,0.128838,0.03004,0.0247,0.021362,0.015354,0.010681,0.015354,0.008011,0.013351,0.012684,0.012016,0.007343,0.017356,0.012684,0.025367,0.026035,0.036716,0.134179,0.023256,0.04485,0.109635,0.13289,0.093023,0.069767,0.05814,0.061462,0.039867,0.05814,0.036545,0.034884,0.024917,0.026578,0.043189,0.021595,0.011628,0.006645,0.009967,0.011628,0.023256,0.008306,0.006645,0.01495,0.0,0.001661,0.001661,0.003322,0.003322,0.003322,0.0,0.001661,0.0,0.001661,0.001661,0.001661,0.0,0.0,0.0,0.008306
Zone_DH236,0.058725,0.075503,0.068792,0.045302,0.016779,0.006711,0.011745,0.003356,0.008389,0.003356,0.005034,0.003356,0.008389,0.006711,0.010067,0.011745,0.038591,0.088926,0.092282,0.095638,0.075503,0.021812,0.015101,0.015101,0.008389,0.013423,0.003356,0.005034,0.006711,0.008389,0.006711,0.006711,0.006711,0.011745,0.040268,0.095638,0.205683,0.001353,0.000677,0.001353,0.00203,0.003383,0.00406,0.004736,0.00406,0.00406,0.00406,0.008796,0.010149,0.011502,0.014208,0.025034,0.043978,0.108931,0.112314,0.042625,0.032476,0.023681,0.014885,0.009472,0.011502,0.006089,0.006766,0.011502,0.006089,0.012179,0.015562,0.014885,0.018945,0.029093,0.043978,0.129905,0.028523,0.092282,0.082215,0.090604,0.078859,0.068792,0.072148,0.068792,0.075503,0.048658,0.040268,0.028523,0.028523,0.028523,0.033557,0.015101,0.011745,0.008389,0.008389,0.013423,0.006711,0.011745,0.008389,0.008389,0.0,0.003356,0.001678,0.003356,0.006711,0.010067,0.0,0.005034,0.001678,0.003356,0.001678,0.0,0.0,0.0,0.0,0.005034
Zone_DH237,0.093525,0.095923,0.052758,0.047962,0.01199,0.014388,0.016787,0.002398,0.01199,0.004796,0.002398,0.002398,0.002398,0.004796,0.014388,0.014388,0.014388,0.06235,0.11271,0.148681,0.035971,0.028777,0.016787,0.014388,0.009592,0.0,0.002398,0.007194,0.01199,0.009592,0.01199,0.007194,0.009592,0.016787,0.026379,0.059952,0.210926,0.002023,0.001012,0.002023,0.003035,0.001012,0.002023,0.007081,0.004047,0.00607,0.00607,0.009105,0.009105,0.01214,0.017198,0.033384,0.039454,0.097117,0.088012,0.0435,0.045524,0.024279,0.016186,0.011128,0.011128,0.010116,0.007081,0.011128,0.010116,0.013151,0.016186,0.015175,0.019221,0.029337,0.053617,0.112291,0.023981,0.093525,0.040767,0.083933,0.067146,0.057554,0.071942,0.047962,0.055156,0.05036,0.043165,0.038369,0.035971,0.031175,0.033573,0.028777,0.01199,0.01199,0.019185,0.021583,0.014388,0.019185,0.009592,0.014388,0.004796,0.004796,0.002398,0.002398,0.014388,0.01199,0.007194,0.007194,0.002398,0.007194,0.0,0.0,0.002398,0.002398,0.0,0.004796
Zone_DH238,0.084986,0.113314,0.050992,0.025496,0.008499,0.022663,0.014164,0.002833,0.008499,0.002833,0.002833,0.002833,0.0,0.002833,0.014164,0.014164,0.028329,0.062323,0.087819,0.113314,0.028329,0.036827,0.022663,0.016997,0.005666,0.005666,0.014164,0.011331,0.016997,0.016997,0.014164,0.008499,0.025496,0.031161,0.036827,0.045326,0.209247,0.003557,0.002371,0.0,0.003557,0.002371,0.002371,0.005928,0.011855,0.004742,0.009484,0.014226,0.011855,0.01067,0.015412,0.027267,0.037937,0.07706,0.080616,0.043865,0.039123,0.027267,0.014226,0.02134,0.015412,0.01067,0.01067,0.013041,0.013041,0.008299,0.017783,0.017783,0.015412,0.035566,0.059277,0.106698,0.022663,0.028329,0.050992,0.084986,0.070822,0.05949,0.087819,0.05949,0.036827,0.056657,0.033994,0.045326,0.03966,0.033994,0.036827,0.031161,0.014164,0.016997,0.022663,0.014164,0.011331,0.01983,0.005666,0.014164,0.014164,0.005666,0.005666,0.005666,0.016997,0.002833,0.011331,0.008499,0.0,0.008499,0.0,0.002833,0.002833,0.002833,0.0,0.014164
Zone_DH239,0.08631,0.098214,0.03869,0.02381,0.005952,0.017857,0.005952,0.002976,0.002976,0.0,0.005952,0.005952,0.002976,0.002976,0.011905,0.011905,0.029762,0.071429,0.074405,0.080357,0.032738,0.03869,0.026786,0.011905,0.014881,0.014881,0.017857,0.014881,0.032738,0.02381,0.014881,0.014881,0.029762,0.032738,0.03869,0.059524,0.215174,0.001244,0.002488,0.0,0.001244,0.003731,0.002488,0.004975,0.012438,0.006219,0.016169,0.014925,0.012438,0.016169,0.018657,0.034826,0.041045,0.070896,0.05597,0.041045,0.026119,0.024876,0.018657,0.023632,0.016169,0.013682,0.012438,0.014925,0.018657,0.00995,0.013682,0.016169,0.016169,0.034826,0.05597,0.11194,0.02381,0.02381,0.035714,0.047619,0.068452,0.068452,0.077381,0.059524,0.044643,0.056548,0.032738,0.050595,0.044643,0.03869,0.03869,0.03869,0.014881,0.02381,0.032738,0.011905,0.011905,0.020833,0.005952,0.014881,0.02381,0.005952,0.011905,0.008929,0.017857,0.005952,0.008929,0.002976,0.0,0.002976,0.0,0.002976,0.002976,0.002976,0.002976,0.011905
Zone_DH240,0.086351,0.097493,0.058496,0.02507,0.019499,0.016713,0.013928,0.002786,0.0,0.002786,0.008357,0.005571,0.008357,0.008357,0.013928,0.011142,0.016713,0.050139,0.058496,0.072423,0.05571,0.036212,0.036212,0.011142,0.011142,0.019499,0.013928,0.013928,0.02507,0.027855,0.019499,0.008357,0.013928,0.036212,0.027855,0.066852,0.21516,0.0,0.0,0.001166,0.002332,0.006997,0.003499,0.003499,0.012828,0.009329,0.012828,0.011662,0.009329,0.017493,0.01516,0.034985,0.051312,0.06414,0.057143,0.038484,0.030321,0.029155,0.019825,0.020991,0.013994,0.010496,0.010496,0.018659,0.020991,0.013994,0.01516,0.01516,0.02449,0.041983,0.046647,0.100292,0.027855,0.033426,0.038997,0.030641,0.066852,0.072423,0.08078,0.064067,0.066852,0.050139,0.05571,0.044568,0.058496,0.030641,0.030641,0.036212,0.022284,0.022284,0.02507,0.008357,0.013928,0.016713,0.008357,0.013928,0.016713,0.005571,0.011142,0.005571,0.008357,0.005571,0.002786,0.002786,0.002786,0.002786,0.002786,0.0,0.002786,0.005571,0.002786,0.002786
Zone_DH241,0.08061,0.084967,0.050109,0.026144,0.015251,0.006536,0.013072,0.002179,0.002179,0.006536,0.006536,0.006536,0.017429,0.010893,0.015251,0.021786,0.021786,0.065359,0.074074,0.087146,0.052288,0.026144,0.015251,0.008715,0.006536,0.019608,0.008715,0.008715,0.03268,0.021786,0.021786,0.015251,0.015251,0.026144,0.034858,0.071895,0.217586,0.000897,0.003589,0.001795,0.004486,0.005384,0.003589,0.003589,0.004486,0.011664,0.00987,0.017945,0.003589,0.010767,0.013459,0.034096,0.052939,0.067295,0.058322,0.043966,0.031404,0.030507,0.017048,0.017945,0.010767,0.011664,0.011664,0.016151,0.016151,0.018843,0.013459,0.016151,0.022432,0.04576,0.048452,0.102288,0.026144,0.065359,0.061002,0.061002,0.071895,0.061002,0.071895,0.04793,0.061002,0.037037,0.056645,0.037037,0.050109,0.034858,0.026144,0.04793,0.021786,0.019608,0.023965,0.017429,0.010893,0.006536,0.006536,0.013072,0.010893,0.006536,0.008715,0.0,0.004357,0.004357,0.002179,0.004357,0.002179,0.002179,0.0,0.0,0.0,0.004357,0.002179,0.010893
Zone_DH242,0.072381,0.072381,0.034286,0.032381,0.009524,0.015238,0.011429,0.005714,0.020952,0.007619,0.005714,0.007619,0.019048,0.013333,0.015238,0.019048,0.03619,0.072381,0.091429,0.099048,0.04,0.017143,0.013333,0.007619,0.007619,0.011429,0.013333,0.007619,0.024762,0.015238,0.020952,0.015238,0.017143,0.020952,0.030476,0.07619,0.211246,0.000781,0.003905,0.002343,0.003905,0.002343,0.003905,0.003124,0.003905,0.011714,0.011714,0.019524,0.010933,0.014838,0.014838,0.031238,0.053885,0.062476,0.055447,0.051542,0.033581,0.030457,0.014057,0.019524,0.010933,0.015619,0.015619,0.010152,0.013276,0.010152,0.014838,0.017962,0.017181,0.039047,0.052323,0.111675,0.038095,0.064762,0.060952,0.08,0.089524,0.047619,0.068571,0.051429,0.051429,0.041905,0.049524,0.032381,0.045714,0.038095,0.034286,0.04,0.022857,0.022857,0.019048,0.020952,0.013333,0.009524,0.005714,0.007619,0.00381,0.007619,0.005714,0.001905,0.001905,0.00381,0.001905,0.00381,0.0,0.001905,0.0,0.0,0.0,0.0,0.001905,0.009524
Zone_DH243,0.10567,0.051546,0.025773,0.023196,0.002577,0.020619,0.007732,0.007732,0.030928,0.007732,0.002577,0.010309,0.018041,0.015464,0.010309,0.023196,0.030928,0.056701,0.108247,0.108247,0.056701,0.012887,0.020619,0.012887,0.007732,0.007732,0.018041,0.005155,0.023196,0.015464,0.018041,0.018041,0.020619,0.012887,0.020619,0.061856,0.209864,0.001049,0.004197,0.003148,0.004197,0.002099,0.004197,0.005247,0.003148,0.007345,0.01469,0.01469,0.017838,0.016789,0.013641,0.018888,0.048269,0.071354,0.072403,0.051417,0.027282,0.027282,0.01574,0.012592,0.013641,0.019937,0.016789,0.008395,0.008395,0.013641,0.009444,0.024134,0.012592,0.027282,0.038825,0.139559,0.03866,0.059278,0.064433,0.131443,0.087629,0.064433,0.061856,0.064433,0.043814,0.036082,0.03866,0.036082,0.03866,0.030928,0.036082,0.033505,0.015464,0.020619,0.015464,0.018041,0.015464,0.005155,0.002577,0.002577,0.0,0.005155,0.007732,0.002577,0.0,0.002577,0.0,0.002577,0.002577,0.002577,0.0,0.0,0.0,0.002577,0.002577,0.007732
Zone_DH244,0.15625,0.05,0.0125,0.00625,0.0,0.05,0.0125,0.0125,0.03125,0.00625,0.0,0.0,0.0375,0.0125,0.00625,0.0125,0.01875,0.03125,0.16875,0.0875,0.0625,0.0125,0.01875,0.025,0.01875,0.00625,0.01875,0.0,0.0125,0.0,0.00625,0.01875,0.0125,0.0125,0.00625,0.05625,0.205584,0.002538,0.005076,0.002538,0.010152,0.002538,0.002538,0.007614,0.005076,0.005076,0.017766,0.01269,0.022843,0.027919,0.017766,0.01269,0.030457,0.073604,0.098985,0.030457,0.017766,0.025381,0.020305,0.01269,0.01269,0.020305,0.015228,0.007614,0.015228,0.01269,0.005076,0.030457,0.01269,0.017766,0.030457,0.149746,0.05625,0.0375,0.05625,0.2125,0.0875,0.0625,0.0625,0.05625,0.075,0.03125,0.00625,0.025,0.01875,0.0375,0.04375,0.0125,0.025,0.00625,0.0125,0.01875,0.00625,0.00625,0.00625,0.00625,0.0,0.0,0.00625,0.0,0.0,0.0,0.0,0.0,0.00625,0.0,0.0,0.0,0.0,0.00625,0.00625,0.00625
Zone_DH246,0.0,0.034483,0.103448,0.068966,0.068966,0.0,0.0,0.034483,0.034483,0.0,0.0,0.0,0.0,0.0,0.0,0.0,0.034483,0.068966,0.0,0.034483,0.0,0.068966,0.034483,0.0,0.0,0.034483,0.034483,0.034483,0.068966,0.103448,0.034483,0.068966,0.0,0.034483,0.0,0.0,0.268293,0.0,0.0,0.0,0.0,0.0,0.0,0.0,0.03252,0.0,0.01626,0.03252,0.065041,0.0,0.03252,0.01626,0.01626,0.01626,0.01626,0.04878,0.01626,0.03252,0.0,0.03252,0.01626,0.01626,0.01626,0.01626,0.0,0.03252,0.0,0.0,0.01626,0.0,0.097561,0.146341,0.0,0.034483,0.0,0.0,0.0,0.068966,0.034483,0.206897,0.068966,0.0,0.103448,0.034483,0.0,0.0,0.034483,0.034483,0.068966,0.0,0.0,0.0,0.034483,0.0,0.0,0.0,0.0,0.034483,0.0,0.0,0.0,0.0,0.0,0.0,0.0,0.0,0.0,0.034483,0.0,0.0,0.034483,0.172414
Zone_DH247,0.013333,0.04,0.106667,0.08,0.053333,0.0,0.0,0.026667,0.013333,0.013333,0.0,0.013333,0.013333,0.0,0.013333,0.013333,0.026667,0.026667,0.026667,0.053333,0.0,0.066667,0.066667,0.04,0.0,0.053333,0.013333,0.04,0.04,0.053333,0.013333,0.04,0.013333,0.013333,0.013333,0.0,0.238671,0.0,0.006042,0.0,0.012085,0.018127,0.006042,0.006042,0.012085,0.0,0.006042,0.024169,0.030211,0.006042,0.030211,0.024169,0.012085,0.030211,0.072508,0.030211,0.024169,0.024169,0.006042,0.018127,0.030211,0.012085,0.012085,0.012085,0.012085,0.018127,0.012085,0.018127,0.012085,0.048338,0.072508,0.102719,0.0,0.013333,0.013333,0.0,0.026667,0.053333,0.04,0.12,0.04,0.0,0.08,0.013333,0.0,0.0,0.013333,0.066667,0.04,0.013333,0.026667,0.026667,0.04,0.026667,0.013333,0.013333,0.0,0.026667,0.0,0.026667,0.0,0.013333,0.0,0.0,0.026667,0.0,0.04,0.013333,0.0,0.0,0.013333,0.16
Zone_DH248,0.019802,0.049505,0.059406,0.039604,0.029703,0.009901,0.0,0.029703,0.009901,0.009901,0.0,0.0,0.029703,0.019802,0.019802,0.009901,0.039604,0.029703,0.009901,0.029703,0.029703,0.059406,0.039604,0.049505,0.009901,0.039604,0.029703,0.029703,0.039604,0.049505,0.039604,0.069307,0.009901,0.029703,0.019802,0.009901,0.227766,0.0,0.004338,0.0,0.008677,0.017354,0.017354,0.004338,0.008677,0.004338,0.008677,0.021692,0.021692,0.008677,0.047722,0.02603,0.02603,0.034707,0.060738,0.034707,0.008677,0.02603,0.017354,0.030369,0.017354,0.008677,0.02603,0.008677,0.021692,0.008677,0.017354,0.021692,0.017354,0.039046,0.069414,0.078091,0.0,0.019802,0.0,0.019802,0.019802,0.029703,0.029703,0.089109,0.049505,0.009901,0.069307,0.019802,0.019802,0.009901,0.019802,0.059406,0.009901,0.019802,0.049505,0.019802,0.049505,0.039604,0.019802,0.009901,0.0,0.009901,0.009901,0.009901,0.009901,0.029703,0.009901,0.0,0.019802,0.0,0.029703,0.009901,0.0,0.019802,0.009901,0.148515
Zone_DH249,0.028571,0.028571,0.047619,0.038095,0.019048,0.009524,0.009524,0.038095,0.0,0.009524,0.009524,0.019048,0.047619,0.019048,0.019048,0.038095,0.047619,0.047619,0.019048,0.019048,0.019048,0.019048,0.038095,0.009524,0.019048,0.028571,0.047619,0.028571,0.028571,0.028571,0.028571,0.07619,0.009524,0.038095,0.009524,0.057143,0.230769,0.0,0.004396,0.0,0.004396,0.017582,0.013187,0.008791,0.0,0.004396,0.008791,0.008791,0.008791,0.013187,0.043956,0.026374,0.048352,0.017582,0.048352,0.03956,0.017582,0.021978,0.021978,0.021978,0.013187,0.013187,0.021978,0.017582,0.021978,0.013187,0.026374,0.03956,0.035165,0.035165,0.074725,0.057143,0.0,0.028571,0.019048,0.038095,0.019048,0.019048,0.066667,0.038095,0.038095,0.038095,0.047619,0.028571,0.038095,0.028571,0.028571,0.047619,0.019048,0.019048,0.047619,0.009524,0.047619,0.038095,0.019048,0.009524,0.009524,0.009524,0.009524,0.009524,0.009524,0.028571,0.009524,0.009524,0.019048,0.0,0.0,0.0,0.009524,0.019048,0.0,0.12381
Zone_DH250,0.011494,0.045977,0.045977,0.011494,0.011494,0.022989,0.011494,0.045977,0.011494,0.011494,0.022989,0.022989,0.034483,0.022989,0.011494,0.057471,0.045977,0.045977,0.034483,0.022989,0.011494,0.034483,0.034483,0.022989,0.034483,0.0,0.011494,0.011494,0.011494,0.045977,0.034483,0.057471,0.011494,0.022989,0.011494,0.091954,0.253482,0.005571,0.0,0.0,0.0,0.011142,0.005571,0.011142,0.0,0.0,0.0,0.022284,0.0,0.022284,0.05571,0.016713,0.044568,0.022284,0.027855,0.033426,0.022284,0.022284,0.033426,0.027855,0.016713,0.016713,0.022284,0.027855,0.022284,0.016713,0.033426,0.033426,0.044568,0.016713,0.061281,0.050139,0.0,0.022989,0.034483,0.034483,0.0,0.011494,0.068966,0.0,0.045977,0.057471,0.034483,0.034483,0.045977,0.022989,0.045977,0.034483,0.022989,0.011494,0.022989,0.011494,0.045977,0.022989,0.022989,0.011494,0.022989,0.022989,0.011494,0.011494,0.0,0.011494,0.0,0.011494,0.034483,0.011494,0.0,0.0,0.011494,0.011494,0.011494,0.16092
Zone_DH251,0.041667,0.104167,0.083333,0.0,0.0,0.020833,0.020833,0.0,0.020833,0.0,0.0,0.020833,0.0,0.0,0.020833,0.083333,0.041667,0.0625,0.041667,0.0,0.041667,0.020833,0.0,0.0625,0.020833,0.0,0.0,0.020833,0.0,0.041667,0.0625,0.0625,0.041667,0.0,0.020833,0.041667,0.237624,0.009901,0.0,0.0,0.0,0.009901,0.009901,0.009901,0.009901,0.0,0.009901,0.019802,0.0,0.039604,0.049505,0.029703,0.019802,0.039604,0.039604,0.009901,0.009901,0.069307,0.029703,0.019802,0.039604,0.019802,0.019802,0.0,0.019802,0.019802,0.019802,0.0,0.049505,0.019802,0.039604,0.079208,0.0,0.020833,0.020833,0.0,0.020833,0.020833,0.0625,0.0,0.041667,0.020833,0.0,0.020833,0.0625,0.0,0.041667,0.020833,0.020833,0.083333,0.020833,0.0,0.041667,0.020833,0.0,0.020833,0.0625,0.041667,0.020833,0.0,0.020833,0.0,0.0,0.0,0.020833,0.020833,0.0,0.0,0.0,0.0,0.041667,0.208333
Zone_DH252,0.055556,0.092593,0.074074,0.018519,0.0,0.018519,0.0,0.0,0.0,0.0,0.018519,0.0,0.0,0.018519,0.018519,0.055556,0.074074,0.092593,0.055556,0.074074,0.018519,0.018519,0.0,0.018519,0.0,0.018519,0.0,0.018519,0.0,0.018519,0.055556,0.018519,0.055556,0.037037,0.018519,0.037037,0.245455,0.0,0.0,0.0,0.0,0.009091,0.009091,0.009091,0.018182,0.0,0.009091,0.0,0.0,0.027273,0.027273,0.027273,0.054545,0.036364,0.063636,0.027273,0.018182,0.036364,0.009091,0.018182,0.045455,0.036364,0.009091,0.0,0.009091,0.009091,0.018182,0.009091,0.045455,0.036364,0.090909,0.045455,0.0,0.018519,0.0,0.037037,0.092593,0.037037,0.055556,0.018519,0.018519,0.018519,0.018519,0.037037,0.055556,0.037037,0.037037,0.018519,0.037037,0.055556,0.055556,0.018519,0.0,0.018519,0.018519,0.037037,0.055556,0.018519,0.018519,0.0,0.018519,0.018519,0.018519,0.0,0.0,0.0,0.0,0.0,0.018519,0.018519,0.018519,0.055556
Zone_DH253,0.030151,0.065327,0.035176,0.01005,0.030151,0.030151,0.015075,0.025126,0.020101,0.005025,0.015075,0.0,0.01005,0.020101,0.020101,0.025126,0.075377,0.060302,0.055276,0.075377,0.040201,0.035176,0.020101,0.01005,0.020101,0.005025,0.005025,0.01005,0.01005,0.01005,0.015075,0.015075,0.025126,0.025126,0.080402,0.050251,0.237113,0.0,0.0,0.0,0.0,0.004582,0.002291,0.004582,0.013746,0.002291,0.006873,0.002291,0.013746,0.02291,0.020619,0.036655,0.041237,0.045819,0.068729,0.032073,0.038946,0.032073,0.027491,0.02291,0.0252,0.016037,0.013746,0.013746,0.009164,0.013746,0.011455,0.013746,0.034364,0.016037,0.059565,0.09622,0.020101,0.060302,0.040201,0.115578,0.080402,0.055276,0.090452,0.070352,0.025126,0.020101,0.025126,0.065327,0.020101,0.025126,0.025126,0.005025,0.025126,0.025126,0.020101,0.005025,0.005025,0.025126,0.01005,0.020101,0.020101,0.01005,0.005025,0.0,0.01005,0.015075,0.005025,0.005025,0.0,0.0,0.0,0.005025,0.01005,0.005025,0.0,0.030151
Zone_DH254,0.027273,0.033333,0.015152,0.009091,0.042424,0.033333,0.012121,0.021212,0.027273,0.030303,0.030303,0.009091,0.018182,0.018182,0.024242,0.039394,0.054545,0.030303,0.051515,0.042424,0.036364,0.021212,0.018182,0.006061,0.036364,0.012121,0.009091,0.039394,0.030303,0.015152,0.018182,0.015152,0.033333,0.039394,0.063636,0.036364,0.228836,0.0,0.0,0.0,0.002646,0.002646,0.006614,0.001323,0.011905,0.009259,0.003968,0.002646,0.009259,0.017196,0.021164,0.027778,0.047619,0.066138,0.07672,0.041005,0.035714,0.026455,0.031746,0.01455,0.013228,0.010582,0.011905,0.013228,0.011905,0.011905,0.01455,0.018519,0.025132,0.029101,0.05291,0.101852,0.030303,0.057576,0.045455,0.127273,0.087879,0.075758,0.075758,0.075758,0.039394,0.027273,0.042424,0.069697,0.033333,0.033333,0.021212,0.012121,0.018182,0.009091,0.012121,0.006061,0.009091,0.015152,0.012121,0.009091,0.00303,0.009091,0.0,0.0,0.0,0.012121,0.0,0.00303,0.0,0.00303,0.0,0.00303,0.00303,0.00303,0.0,0.015152
Zone_DH255,0.015075,0.037688,0.022613,0.005025,0.032663,0.017588,0.012563,0.012563,0.027638,0.030151,0.032663,0.025126,0.072864,0.032663,0.027638,0.037688,0.027638,0.015075,0.025126,0.042714,0.025126,0.007538,0.012563,0.012563,0.027638,0.015075,0.017588,0.047739,0.045226,0.035176,0.067839,0.017588,0.025126,0.037688,0.035176,0.017588,0.224622,0.0,0.00108,0.00216,0.0054,0.00432,0.006479,0.00216,0.006479,0.008639,0.0054,0.0054,0.00324,0.011879,0.012959,0.028078,0.037797,0.095032,0.098272,0.043197,0.033477,0.026998,0.021598,0.006479,0.006479,0.007559,0.007559,0.011879,0.011879,0.010799,0.014039,0.018359,0.022678,0.024838,0.039957,0.132829,0.032663,0.055276,0.075377,0.150754,0.070352,0.067839,0.057789,0.067839,0.077889,0.025126,0.045226,0.052764,0.032663,0.030151,0.017588,0.032663,0.022613,0.01005,0.005025,0.005025,0.007538,0.012563,0.01005,0.002513,0.005025,0.005025,0.0,0.0,0.0,0.002513,0.0,0.005025,0.0,0.002513,0.0,0.002513,0.0,0.0,0.0,0.01005
Zone_DH256,0.009259,0.030864,0.018519,0.018519,0.006173,0.009259,0.012346,0.012346,0.021605,0.04321,0.037037,0.040123,0.098765,0.052469,0.027778,0.015432,0.006173,0.009259,0.015432,0.049383,0.012346,0.006173,0.009259,0.024691,0.018519,0.012346,0.030864,0.064815,0.07716,0.04321,0.104938,0.015432,0.015432,0.015432,0.006173,0.009259,0.213731,0.001295,0.001295,0.002591,0.003886,0.005181,0.005181,0.003886,0.0,0.005181,0.007772,0.006477,0.006477,0.007772,0.011658,0.028497,0.024611,0.11658,0.120466,0.03886,0.034974,0.022021,0.01943,0.006477,0.006477,0.006477,0.003886,0.009067,0.010363,0.005181,0.015544,0.015544,0.011658,0.020725,0.036269,0.164508,0.037037,0.027778,0.074074,0.182099,0.058642,0.052469,0.046296,0.070988,0.074074,0.027778,0.052469,0.049383,0.024691,0.027778,0.030864,0.033951,0.018519,0.024691,0.003086,0.003086,0.003086,0.009259,0.003086,0.003086,0.009259,0.003086,0.0,0.003086,0.003086,0.003086,0.006173,0.003086,0.0,0.003086,0.0,0.003086,0.0,0.006173,0.003086,0.015432
Zone_DH257,0.015228,0.030457,0.010152,0.025381,0.005076,0.005076,0.010152,0.010152,0.010152,0.020305,0.030457,0.030457,0.116751,0.055838,0.015228,0.015228,0.015228,0.020305,0.035533,0.020305,0.020305,0.005076,0.005076,0.020305,0.015228,0.010152,0.035533,0.035533,0.091371,0.050761,0.116751,0.020305,0.025381,0.020305,0.015228,0.015228,0.216828,0.004315,0.0,0.002157,0.002157,0.006472,0.004315,0.004315,0.0,0.00863,0.004315,0.010787,0.012945,0.010787,0.012945,0.028047,0.028047,0.11219,0.092772,0.030205,0.03452,0.019417,0.030205,0.010787,0.010787,0.00863,0.00863,0.004315,0.01726,0.004315,0.01726,0.019417,0.010787,0.021575,0.040992,0.148867,0.035533,0.015228,0.06599,0.152284,0.045685,0.040609,0.045685,0.06599,0.071066,0.025381,0.025381,0.030457,0.020305,0.025381,0.035533,0.050761,0.025381,0.050761,0.005076,0.020305,0.0,0.010152,0.005076,0.010152,0.015228,0.005076,0.0,0.010152,0.005076,0.0,0.010152,0.005076,0.005076,0.005076,0.0,0.0,0.0,0.010152,0.005076,0.045685
Zone_DH258,0.069307,0.059406,0.069307,0.019802,0.009901,0.0,0.009901,0.019802,0.0,0.0,0.009901,0.029703,0.019802,0.019802,0.009901,0.029703,0.039604,0.049505,0.079208,0.019802,0.049505,0.009901,0.019802,0.019802,0.009901,0.019802,0.029703,0.019802,0.039604,0.029703,0.009901,0.009901,0.039604,0.069307,0.049505,0.009901,0.230068,0.004556,0.0,0.009112,0.004556,0.004556,0.004556,0.0,0.004556,0.0,0.013667,0.013667,0.013667,0.022779,0.022779,0.027335,0.045558,0.063781,0.027335,0.022779,0.031891,0.036446,0.027335,0.027335,0.027335,0.009112,0.027335,0.013667,0.027335,0.013667,0.031891,0.041002,0.031891,0.027335,0.041002,0.050114,0.009901,0.0,0.049505,0.039604,0.069307,0.009901,0.059406,0.069307,0.029703,0.039604,0.069307,0.049505,0.039604,0.019802,0.039604,0.019802,0.019802,0.039604,0.009901,0.039604,0.009901,0.019802,0.009901,0.009901,0.019802,0.009901,0.019802,0.029703,0.0,0.0,0.0,0.0,0.009901,0.009901,0.009901,0.0,0.0,0.0,0.0,0.118812
Zone_DH259,0.057143,0.057143,0.04,0.04,0.04,0.017143,0.011429,0.005714,0.005714,0.0,0.005714,0.005714,0.011429,0.011429,0.005714,0.017143,0.022857,0.068571,0.142857,0.045714,0.04,0.028571,0.011429,0.028571,0.011429,0.005714,0.0,0.011429,0.011429,0.011429,0.022857,0.011429,0.005714,0.034286,0.022857,0.131429,0.227673,0.0,0.0,0.012579,0.005031,0.002516,0.0,0.002516,0.005031,0.002516,0.015094,0.010063,0.005031,0.020126,0.010063,0.01761,0.042767,0.103145,0.085535,0.03522,0.027673,0.012579,0.015094,0.012579,0.020126,0.012579,0.012579,0.027673,0.01761,0.010063,0.012579,0.022642,0.025157,0.032704,0.040252,0.095597,0.011429,0.034286,0.142857,0.074286,0.068571,0.08,0.08,0.022857,0.057143,0.022857,0.04,0.051429,0.034286,0.011429,0.017143,0.017143,0.011429,0.022857,0.005714,0.017143,0.005714,0.017143,0.011429,0.005714,0.005714,0.0,0.017143,0.028571,0.005714,0.0,0.0,0.005714,0.0,0.011429,0.011429,0.005714,0.0,0.0,0.0,0.045714
Zone_DH260,0.045894,0.045894,0.024155,0.05314,0.033816,0.014493,0.019324,0.004831,0.019324,0.007246,0.009662,0.009662,0.014493,0.019324,0.028986,0.014493,0.028986,0.043478,0.120773,0.048309,0.043478,0.016908,0.009662,0.033816,0.014493,0.004831,0.0,0.012077,0.012077,0.019324,0.016908,0.009662,0.0,0.055556,0.019324,0.125604,0.240698,0.0,0.0,0.011628,0.003488,0.006977,0.0,0.005233,0.005814,0.003488,0.016279,0.006977,0.011628,0.026744,0.008721,0.015116,0.036047,0.096512,0.088372,0.031395,0.018605,0.012209,0.017442,0.013953,0.022674,0.012791,0.007558,0.022674,0.02093,0.006977,0.013953,0.015116,0.018605,0.030814,0.046512,0.10407,0.024155,0.043478,0.13285,0.07971,0.074879,0.074879,0.082126,0.024155,0.072464,0.021739,0.021739,0.050725,0.031401,0.019324,0.016908,0.021739,0.012077,0.02657,0.007246,0.016908,0.004831,0.014493,0.014493,0.004831,0.009662,0.007246,0.009662,0.014493,0.0,0.0,0.0,0.009662,0.004831,0.009662,0.004831,0.007246,0.0,0.0,0.0,0.028986
Zone_DH261,0.033816,0.033816,0.019324,0.057971,0.019324,0.009662,0.019324,0.019324,0.028986,0.014493,0.019324,0.009662,0.038647,0.038647,0.067633,0.038647,0.057971,0.009662,0.028986,0.038647,0.038647,0.004831,0.009662,0.038647,0.009662,0.009662,0.009662,0.004831,0.024155,0.028986,0.0,0.004831,0.009662,0.10628,0.048309,0.048309,0.289222,0.0,0.005457,0.010914,0.002729,0.010914,0.005457,0.006821,0.013643,0.002729,0.010914,0.0,0.016371,0.046385,0.00955,0.0191,0.021828,0.05457,0.049113,0.013643,0.005457,0.023192,0.030014,0.021828,0.023192,0.0191,0.001364,0.025921,0.032742,0.0,0.016371,0.030014,0.0191,0.032742,0.069577,0.060027,0.019324,0.028986,0.05314,0.033816,0.082126,0.033816,0.062802,0.038647,0.067633,0.033816,0.024155,0.048309,0.033816,0.038647,0.024155,0.024155,0.009662,0.05314,0.004831,0.033816,0.009662,0.019324,0.038647,0.019324,0.009662,0.014493,0.009662,0.019324,0.009662,0.0,0.0,0.009662,0.009662,0.009662,0.0,0.014493,0.0,0.0,0.0,0.057971
Zone_DH262,0.024,0.056,0.032,0.016,0.0,0.0,0.0,0.016,0.016,0.008,0.0,0.0,0.032,0.032,0.08,0.08,0.032,0.0,0.032,0.016,0.048,0.008,0.016,0.016,0.016,0.016,0.032,0.0,0.0,0.0,0.0,0.0,0.032,0.2,0.08,0.064,0.286408,0.0,0.0,0.019417,0.0,0.009709,0.009709,0.002427,0.009709,0.002427,0.009709,0.009709,0.024272,0.053398,0.036408,0.0,0.024272,0.038835,0.048544,0.014563,0.0,0.021845,0.033981,0.029126,0.002427,0.0,0.012136,0.031553,0.009709,0.0,0.009709,0.009709,0.002427,0.048544,0.070388,0.118932,0.016,0.032,0.056,0.04,0.048,0.048,0.04,0.032,0.064,0.056,0.024,0.048,0.008,0.032,0.04,0.024,0.016,0.032,0.008,0.04,0.016,0.008,0.024,0.048,0.0,0.04,0.016,0.0,0.048,0.0,0.016,0.0,0.016,0.0,0.0,0.016,0.0,0.0,0.0,0.048
Zone_DH263,0.017544,0.035088,0.087719,0.0,0.0,0.017544,0.017544,0.035088,0.0,0.035088,0.0,0.035088,0.052632,0.0,0.017544,0.017544,0.017544,0.035088,0.105263,0.0,0.035088,0.0,0.0,0.035088,0.017544,0.035088,0.052632,0.017544,0.0,0.017544,0.017544,0.0,0.035088,0.052632,0.070175,0.087719,0.22179,0.0,0.0,0.007782,0.0,0.0,0.0,0.015564,0.023346,0.007782,0.007782,0.031128,0.023346,0.015564,0.031128,0.023346,0.023346,0.038911,0.062257,0.038911,0.031128,0.007782,0.062257,0.015564,0.007782,0.0,0.015564,0.038911,0.015564,0.031128,0.015564,0.0,0.038911,0.038911,0.023346,0.085603,0.017544,0.017544,0.035088,0.052632,0.017544,0.052632,0.105263,0.052632,0.052632,0.035088,0.052632,0.0,0.035088,0.035088,0.035088,0.017544,0.035088,0.017544,0.017544,0.035088,0.0,0.0,0.017544,0.052632,0.0,0.035088,0.0,0.017544,0.052632,0.0,0.017544,0.0,0.0,0.0,0.0,0.017544,0.0,0.0,0.0,0.070175
Zone_DH264,0.016393,0.04918,0.081967,0.0,0.0,0.04918,0.032787,0.032787,0.0,0.032787,0.0,0.032787,0.016393,0.0,0.04918,0.0,0.032787,0.04918,0.098361,0.04918,0.032787,0.016393,0.0,0.016393,0.0,0.032787,0.016393,0.016393,0.016393,0.016393,0.032787,0.0,0.032787,0.016393,0.065574,0.065574,0.217993,0.0,0.0,0.00692,0.0,0.0,0.0,0.027682,0.020761,0.00692,0.013841,0.027682,0.013841,0.00692,0.020761,0.020761,0.027682,0.041522,0.076125,0.027682,0.034602,0.00692,0.062284,0.020761,0.013841,0.00692,0.00692,0.020761,0.013841,0.041522,0.00692,0.013841,0.041522,0.041522,0.034602,0.076125,0.016393,0.016393,0.032787,0.065574,0.0,0.04918,0.131148,0.065574,0.04918,0.032787,0.065574,0.016393,0.032787,0.016393,0.032787,0.016393,0.032787,0.032787,0.032787,0.032787,0.0,0.0,0.032787,0.032787,0.0,0.032787,0.016393,0.016393,0.0,0.0,0.0,0.016393,0.0,0.0,0.0,0.016393,0.0,0.0,0.0,0.065574
Zone_DH265,0.041237,0.051546,0.010309,0.020619,0.010309,0.030928,0.020619,0.010309,0.020619,0.0,0.010309,0.010309,0.020619,0.010309,0.020619,0.0,0.030928,0.061856,0.082474,0.103093,0.051546,0.010309,0.030928,0.010309,0.030928,0.010309,0.0,0.020619,0.010309,0.010309,0.051546,0.010309,0.051546,0.041237,0.030928,0.061856,0.234624,0.0,0.0,0.0,0.004556,0.004556,0.009112,0.022779,0.004556,0.004556,0.018223,0.009112,0.013667,0.036446,0.009112,0.022779,0.018223,0.05467,0.059226,0.022779,0.022779,0.013667,0.045558,0.041002,0.031891,0.013667,0.018223,0.013667,0.009112,0.022779,0.009112,0.031891,0.013667,0.041002,0.041002,0.082005,0.020619,0.020619,0.041237,0.030928,0.041237,0.061856,0.103093,0.082474,0.051546,0.010309,0.061856,0.051546,0.020619,0.030928,0.020619,0.030928,0.010309,0.020619,0.030928,0.010309,0.0,0.010309,0.010309,0.0,0.010309,0.030928,0.020619,0.010309,0.010309,0.0,0.010309,0.020619,0.010309,0.0,0.010309,0.020619,0.010309,0.0,0.0,0.061856
Zone_DH266,0.053846,0.069231,0.023077,0.030769,0.015385,0.007692,0.007692,0.007692,0.015385,0.0,0.015385,0.007692,0.015385,0.007692,0.0,0.007692,0.046154,0.061538,0.023077,0.084615,0.061538,0.030769,0.038462,0.007692,0.053846,0.030769,0.0,0.015385,0.007692,0.015385,0.038462,0.015385,0.046154,0.038462,0.038462,0.061538,0.227723,0.0,0.0,0.0,0.006601,0.016502,0.006601,0.016502,0.009901,0.009901,0.016502,0.006601,0.016502,0.046205,0.006601,0.026403,0.016502,0.042904,0.036304,0.033003,0.026403,0.009901,0.042904,0.033003,0.033003,0.009901,0.016502,0.009901,0.016502,0.026403,0.016502,0.029703,0.016502,0.046205,0.033003,0.092409,0.023077,0.015385,0.030769,0.038462,0.038462,0.053846,0.076923,0.061538,0.069231,0.015385,0.076923,0.053846,0.023077,0.023077,0.030769,0.030769,0.007692,0.015385,0.038462,0.023077,0.0,0.007692,0.007692,0.0,0.007692,0.015385,0.007692,0.023077,0.023077,0.015385,0.007692,0.015385,0.015385,0.0,0.007692,0.007692,0.007692,0.015385,0.0,0.069231
Zone_DH267,0.071429,0.064286,0.035714,0.035714,0.021429,0.007143,0.007143,0.007143,0.007143,0.007143,0.014286,0.0,0.007143,0.014286,0.007143,0.007143,0.028571,0.085714,0.042857,0.064286,0.05,0.078571,0.021429,0.0,0.042857,0.021429,0.014286,0.028571,0.0,0.021429,0.028571,0.014286,0.042857,0.007143,0.05,0.042857,0.2375,0.0,0.0,0.0,0.003125,0.015625,0.009375,0.009375,0.009375,0.0125,0.01875,0.009375,0.009375,0.0375,0.0125,0.025,0.021875,0.040625,0.034375,0.0375,0.028125,0.021875,0.03125,0.021875,0.025,0.009375,0.01875,0.009375,0.015625,0.025,0.01875,0.025,0.0125,0.04375,0.025,0.125,0.021429,0.021429,0.021429,0.05,0.057143,0.057143,0.057143,0.042857,0.078571,0.028571,0.05,0.042857,0.042857,0.007143,0.028571,0.035714,0.028571,0.014286,0.028571,0.021429,0.007143,0.021429,0.021429,0.007143,0.007143,0.014286,0.0,0.021429,0.021429,0.021429,0.007143,0.007143,0.014286,0.0,0.014286,0.007143,0.0,0.014286,0.0,0.057143
Zone_DH268,0.069767,0.074419,0.060465,0.023256,0.023256,0.027907,0.004651,0.0,0.004651,0.013953,0.0,0.0,0.009302,0.004651,0.009302,0.023256,0.065116,0.027907,0.106977,0.055814,0.051163,0.055814,0.013953,0.009302,0.018605,0.013953,0.023256,0.018605,0.004651,0.004651,0.018605,0.004651,0.013953,0.013953,0.07907,0.051163,0.230167,0.0,0.001959,0.001959,0.003918,0.001959,0.007835,0.005877,0.009794,0.005877,0.007835,0.007835,0.009794,0.027424,0.013712,0.019589,0.045054,0.066601,0.056807,0.052889,0.039177,0.021548,0.011753,0.019589,0.019589,0.015671,0.009794,0.013712,0.013712,0.013712,0.01763,0.01763,0.025465,0.029383,0.048972,0.105779,0.018605,0.023256,0.046512,0.055814,0.060465,0.07907,0.051163,0.037209,0.032558,0.060465,0.060465,0.023256,0.027907,0.027907,0.037209,0.027907,0.032558,0.04186,0.013953,0.013953,0.023256,0.023256,0.032558,0.018605,0.004651,0.013953,0.0,0.0,0.013953,0.009302,0.0,0.009302,0.004651,0.004651,0.009302,0.009302,0.0,0.013953,0.0,0.037209
Zone_DH269,0.037367,0.032028,0.037367,0.019573,0.012456,0.016014,0.012456,0.001779,0.005338,0.010676,0.003559,0.0,0.008897,0.017794,0.016014,0.017794,0.119217,0.094306,0.044484,0.037367,0.049822,0.02669,0.003559,0.014235,0.007117,0.024911,0.008897,0.014235,0.003559,0.005338,0.010676,0.014235,0.016014,0.007117,0.145907,0.103203,0.206872,0.0,0.000701,0.003506,0.002805,0.002104,0.007714,0.002104,0.00561,0.004909,0.004909,0.007013,0.007013,0.011921,0.014025,0.021739,0.031557,0.120617,0.124123,0.035063,0.024544,0.026648,0.012623,0.012623,0.014727,0.007714,0.01122,0.009818,0.007013,0.006311,0.010519,0.012623,0.019635,0.018934,0.030856,0.159888,0.021352,0.039146,0.080071,0.147687,0.133452,0.058719,0.048043,0.05516,0.033808,0.039146,0.048043,0.02669,0.024911,0.035587,0.048043,0.016014,0.010676,0.017794,0.005338,0.012456,0.024911,0.007117,0.010676,0.014235,0.007117,0.003559,0.0,0.001779,0.007117,0.001779,0.001779,0.001779,0.0,0.001779,0.0,0.001779,0.0,0.001779,0.0,0.010676
Zone_DH270,0.030844,0.032468,0.038961,0.01461,0.006494,0.011364,0.011364,0.003247,0.003247,0.00974,0.003247,0.0,0.006494,0.021104,0.016234,0.019481,0.11039,0.112013,0.053571,0.030844,0.047078,0.012987,0.01461,0.011364,0.00974,0.024351,0.008117,0.012987,0.006494,0.00974,0.011364,0.012987,0.01461,0.00974,0.137987,0.12013,0.206633,0.001276,0.001276,0.003189,0.004464,0.002551,0.008929,0.002551,0.005102,0.00574,0.005102,0.007653,0.009566,0.01148,0.013393,0.016582,0.02551,0.121173,0.135204,0.02551,0.021046,0.024872,0.014668,0.010204,0.014668,0.007015,0.009566,0.01148,0.007653,0.005102,0.013393,0.012755,0.023597,0.020408,0.026786,0.163903,0.022727,0.043831,0.097403,0.142857,0.13474,0.060065,0.053571,0.063312,0.037338,0.034091,0.038961,0.029221,0.019481,0.037338,0.045455,0.021104,0.006494,0.00974,0.006494,0.011364,0.017857,0.006494,0.006494,0.012987,0.00487,0.001623,0.0,0.001623,0.00487,0.00487,0.00487,0.001623,0.0,0.001623,0.001623,0.001623,0.0,0.001623,0.0,0.00974
Zone_DH271,0.059091,0.05,0.045455,0.05,0.015909,0.009091,0.009091,0.002273,0.006818,0.006818,0.004545,0.002273,0.006818,0.013636,0.009091,0.015909,0.061364,0.090909,0.077273,0.077273,0.063636,0.025,0.020455,0.009091,0.009091,0.020455,0.009091,0.002273,0.002273,0.013636,0.006818,0.009091,0.009091,0.015909,0.084091,0.086364,0.210233,0.003721,0.00093,0.002791,0.003721,0.003721,0.004651,0.004651,0.005581,0.003721,0.009302,0.009302,0.009302,0.014884,0.013953,0.025116,0.033488,0.106977,0.109767,0.035349,0.033488,0.024186,0.019535,0.005581,0.010233,0.008372,0.007442,0.012093,0.010233,0.008372,0.013953,0.011163,0.022326,0.031628,0.037209,0.133023,0.020455,0.036364,0.061364,0.102273,0.111364,0.059091,0.061364,0.05,0.052273,0.034091,0.045455,0.031818,0.038636,0.043182,0.038636,0.025,0.013636,0.011364,0.015909,0.015909,0.025,0.015909,0.009091,0.011364,0.002273,0.004545,0.002273,0.002273,0.013636,0.015909,0.004545,0.006818,0.0,0.002273,0.002273,0.0,0.0,0.002273,0.0,0.011364
Zone_DH272,0.12462,0.091185,0.042553,0.054711,0.024316,0.021277,0.012158,0.00304,0.006079,0.009119,0.00304,0.00304,0.006079,0.015198,0.009119,0.018237,0.012158,0.039514,0.133739,0.115502,0.042553,0.021277,0.024316,0.006079,0.006079,0.0,0.009119,0.006079,0.009119,0.012158,0.012158,0.006079,0.00304,0.012158,0.021277,0.06383,0.214612,0.002609,0.001305,0.002609,0.002609,0.005219,0.0,0.006523,0.006523,0.006523,0.015656,0.010437,0.006523,0.01696,0.019569,0.032616,0.039139,0.08741,0.084801,0.048271,0.03392,0.020874,0.020874,0.006523,0.009132,0.011742,0.015656,0.014351,0.013046,0.013046,0.015656,0.007828,0.015656,0.030007,0.045662,0.116112,0.018237,0.039514,0.036474,0.066869,0.075988,0.042553,0.079027,0.042553,0.054711,0.045593,0.045593,0.042553,0.048632,0.033435,0.024316,0.039514,0.018237,0.012158,0.027356,0.027356,0.018237,0.021277,0.012158,0.024316,0.009119,0.006079,0.006079,0.006079,0.015198,0.018237,0.009119,0.009119,0.00304,0.006079,0.0,0.0,0.0,0.00304,0.0,0.012158
Zone_DH273,0.085714,0.088889,0.050794,0.031746,0.031746,0.025397,0.019048,0.003175,0.006349,0.006349,0.006349,0.003175,0.009524,0.006349,0.009524,0.012698,0.025397,0.04127,0.107937,0.111111,0.019048,0.028571,0.022222,0.019048,0.009524,0.012698,0.019048,0.012698,0.031746,0.006349,0.012698,0.006349,0.022222,0.031746,0.019048,0.044444,0.214432,0.004084,0.002723,0.0,0.002723,0.005446,0.001361,0.006807,0.008169,0.005446,0.014976,0.014976,0.012253,0.012253,0.020422,0.035398,0.03676,0.073519,0.065351,0.044929,0.034037,0.017699,0.025868,0.010892,0.012253,0.00953,0.016338,0.020422,0.013615,0.010892,0.024506,0.008169,0.014976,0.031314,0.053097,0.114364,0.025397,0.034921,0.034921,0.08254,0.066667,0.044444,0.073016,0.063492,0.053968,0.053968,0.031746,0.044444,0.063492,0.044444,0.031746,0.028571,0.012698,0.022222,0.028571,0.012698,0.009524,0.006349,0.003175,0.019048,0.015873,0.006349,0.009524,0.006349,0.009524,0.006349,0.009524,0.006349,0.003175,0.009524,0.0,0.003175,0.0,0.006349,0.003175,0.012698
Zone_DH274,0.098859,0.068441,0.04943,0.030418,0.015209,0.015209,0.011407,0.011407,0.0,0.003802,0.011407,0.011407,0.007605,0.015209,0.007605,0.011407,0.026616,0.038023,0.064639,0.08365,0.030418,0.057034,0.026616,0.019011,0.026616,0.022814,0.011407,0.019011,0.030418,0.011407,0.015209,0.007605,0.026616,0.041825,0.030418,0.041825,0.218316,0.001635,0.003271,0.001635,0.001635,0.006541,0.001635,0.003271,0.004906,0.003271,0.016353,0.021259,0.014718,0.016353,0.029436,0.044154,0.034342,0.062142,0.047424,0.039248,0.040883,0.019624,0.02453,0.014718,0.013083,0.011447,0.013083,0.016353,0.016353,0.004906,0.0278,0.009812,0.019624,0.032706,0.047424,0.116108,0.019011,0.019011,0.022814,0.057034,0.072243,0.041825,0.060837,0.076046,0.060837,0.072243,0.034221,0.053232,0.064639,0.034221,0.041825,0.022814,0.015209,0.026616,0.041825,0.007605,0.011407,0.015209,0.007605,0.007605,0.019011,0.003802,0.015209,0.003802,0.015209,0.003802,0.003802,0.003802,0.0,0.007605,0.0,0.007605,0.003802,0.007605,0.007605,0.011407
Zone_DH275,0.086066,0.057377,0.040984,0.02459,0.016393,0.020492,0.020492,0.012295,0.0,0.0,0.008197,0.012295,0.008197,0.016393,0.012295,0.008197,0.020492,0.04918,0.032787,0.057377,0.04918,0.057377,0.036885,0.012295,0.02459,0.020492,0.008197,0.016393,0.036885,0.020492,0.020492,0.020492,0.02459,0.04918,0.02459,0.07377,0.224199,0.0,0.0,0.003559,0.001779,0.012456,0.003559,0.003559,0.007117,0.007117,0.017794,0.024911,0.010676,0.021352,0.021352,0.040925,0.039146,0.044484,0.037367,0.033808,0.040925,0.024911,0.016014,0.017794,0.019573,0.012456,0.010676,0.016014,0.019573,0.014235,0.019573,0.014235,0.033808,0.040925,0.046263,0.097865,0.020492,0.028689,0.036885,0.032787,0.061475,0.061475,0.07377,0.057377,0.061475,0.053279,0.04918,0.04918,0.057377,0.02459,0.040984,0.028689,0.020492,0.020492,0.040984,0.0,0.016393,0.02459,0.008197,0.004098,0.008197,0.008197,0.016393,0.0,0.016393,0.008197,0.004098,0.004098,0.004098,0.008197,0.004098,0.008197,0.004098,0.004098,0.004098,0.02459
Zone_DH276,0.075085,0.071672,0.044369,0.030717,0.023891,0.013652,0.023891,0.010239,0.003413,0.003413,0.010239,0.013652,0.006826,0.010239,0.017065,0.010239,0.020478,0.044369,0.054608,0.095563,0.05802,0.023891,0.017065,0.006826,0.017065,0.020478,0.013652,0.017065,0.027304,0.023891,0.030717,0.020478,0.017065,0.027304,0.023891,0.071672,0.220242,0.0,0.004277,0.002851,0.007128,0.008553,0.007128,0.001426,0.005702,0.007128,0.014255,0.021383,0.009979,0.024234,0.014255,0.029936,0.039914,0.052744,0.037063,0.039914,0.032787,0.035638,0.01283,0.017106,0.014255,0.014255,0.015681,0.017106,0.017106,0.011404,0.021383,0.025659,0.019957,0.044191,0.057021,0.09551,0.020478,0.051195,0.047782,0.03413,0.068259,0.037543,0.071672,0.054608,0.054608,0.047782,0.047782,0.040956,0.061433,0.037543,0.040956,0.044369,0.006826,0.020478,0.027304,0.017065,0.020478,0.017065,0.0,0.010239,0.013652,0.006826,0.010239,0.003413,0.010239,0.010239,0.0,0.013652,0.006826,0.003413,0.0,0.003413,0.0,0.0,0.0,0.037543
Zone_DH277,0.084871,0.088561,0.04428,0.04059,0.01476,0.01107,0.01845,0.0,0.00369,0.01107,0.01107,0.01476,0.01845,0.01107,0.01476,0.01476,0.03321,0.04059,0.059041,0.099631,0.0369,0.01845,0.01845,0.01476,0.00738,0.01107,0.01845,0.01845,0.02583,0.01845,0.02583,0.02952,0.01107,0.01476,0.02214,0.073801,0.21955,0.0,0.004655,0.006206,0.00931,0.003103,0.012413,0.003103,0.003103,0.012413,0.013964,0.023274,0.00931,0.020171,0.013964,0.023274,0.041893,0.051202,0.031032,0.048099,0.034135,0.032583,0.012413,0.018619,0.012413,0.020171,0.021722,0.013964,0.021722,0.017067,0.023274,0.032583,0.015516,0.035687,0.052754,0.085337,0.02214,0.059041,0.03321,0.03321,0.077491,0.02952,0.066421,0.04059,0.0369,0.04797,0.04428,0.04428,0.055351,0.04428,0.051661,0.04428,0.01845,0.02952,0.02214,0.02214,0.01845,0.01476,0.00369,0.01476,0.00738,0.01107,0.00738,0.00738,0.0,0.01107,0.0,0.01845,0.00369,0.01107,0.00369,0.0,0.0,0.0,0.00369,0.04059
Zone_DH278,0.093023,0.069767,0.02907,0.034884,0.0,0.011628,0.011628,0.0,0.023256,0.011628,0.011628,0.023256,0.034884,0.023256,0.017442,0.02907,0.040698,0.034884,0.063953,0.087209,0.023256,0.023256,0.011628,0.017442,0.011628,0.017442,0.02907,0.011628,0.017442,0.017442,0.017442,0.02907,0.011628,0.011628,0.02907,0.069767,0.222772,0.0,0.002475,0.007426,0.00495,0.002475,0.012376,0.007426,0.002475,0.014851,0.012376,0.014851,0.024752,0.014851,0.012376,0.012376,0.029703,0.044554,0.039604,0.056931,0.04703,0.029703,0.014851,0.022277,0.009901,0.032178,0.024752,0.007426,0.019802,0.022277,0.022277,0.027228,0.017327,0.024752,0.056931,0.081683,0.017442,0.052326,0.040698,0.040698,0.063953,0.034884,0.063953,0.05814,0.017442,0.023256,0.034884,0.040698,0.046512,0.05814,0.063953,0.05814,0.02907,0.023256,0.023256,0.017442,0.040698,0.011628,0.005814,0.011628,0.005814,0.011628,0.011628,0.005814,0.0,0.005814,0.0,0.011628,0.005814,0.023256,0.005814,0.0,0.0,0.0,0.005814,0.02907
Zone_DH279,0.125,0.053571,0.017857,0.017857,0.0,0.017857,0.017857,0.0,0.071429,0.0,0.017857,0.0,0.107143,0.035714,0.017857,0.035714,0.053571,0.017857,0.071429,0.017857,0.0,0.035714,0.0,0.035714,0.017857,0.0,0.017857,0.0,0.017857,0.017857,0.0,0.017857,0.017857,0.0,0.017857,0.107143,0.233333,0.0,0.008333,0.008333,0.008333,0.008333,0.016667,0.016667,0.0,0.016667,0.025,0.016667,0.033333,0.025,0.008333,0.016667,0.0,0.025,0.025,0.033333,0.066667,0.025,0.025,0.033333,0.016667,0.025,0.025,0.0,0.033333,0.025,0.0,0.008333,0.008333,0.033333,0.058333,0.091667,0.017857,0.017857,0.017857,0.053571,0.089286,0.035714,0.089286,0.053571,0.035714,0.017857,0.0,0.017857,0.053571,0.071429,0.053571,0.053571,0.071429,0.0,0.035714,0.0,0.071429,0.0,0.017857,0.0,0.0,0.0,0.017857,0.0,0.0,0.0,0.0,0.0,0.0,0.035714,0.017857,0.0,0.0,0.0,0.017857,0.035714
Zone_DH281,0.0,0.0,0.04878,0.04878,0.097561,0.0,0.0,0.02439,0.02439,0.0,0.02439,0.0,0.02439,0.0,0.0,0.02439,0.02439,0.04878,0.04878,0.04878,0.0,0.04878,0.04878,0.02439,0.02439,0.0,0.04878,0.02439,0.073171,0.073171,0.02439,0.073171,0.0,0.02439,0.02439,0.0,0.248619,0.0,0.0,0.0,0.0,0.0,0.0,0.0,0.022099,0.01105,0.0,0.055249,0.044199,0.01105,0.033149,0.033149,0.022099,0.01105,0.022099,0.044199,0.033149,0.033149,0.01105,0.033149,0.01105,0.01105,0.01105,0.01105,0.0,0.033149,0.022099,0.01105,0.044199,0.0,0.066298,0.110497,0.0,0.02439,0.0,0.02439,0.02439,0.04878,0.02439,0.121951,0.04878,0.02439,0.073171,0.02439,0.0,0.0,0.073171,0.02439,0.073171,0.04878,0.02439,0.0,0.02439,0.0,0.0,0.04878,0.0,0.02439,0.0,0.0,0.0,0.02439,0.0,0.0,0.0,0.0,0.0,0.02439,0.0,0.02439,0.0,0.146341
Zone_DH282,0.024691,0.012346,0.024691,0.061728,0.049383,0.012346,0.0,0.024691,0.012346,0.012346,0.037037,0.0,0.037037,0.024691,0.012346,0.024691,0.012346,0.037037,0.037037,0.024691,0.0,0.049383,0.049383,0.037037,0.012346,0.012346,0.024691,0.037037,0.037037,0.049383,0.074074,0.049383,0.037037,0.012346,0.037037,0.0,0.231608,0.0,0.00545,0.0,0.010899,0.016349,0.00545,0.010899,0.010899,0.00545,0.0,0.038147,0.027248,0.010899,0.027248,0.021798,0.043597,0.032698,0.027248,0.027248,0.027248,0.027248,0.00545,0.038147,0.021798,0.010899,0.016349,0.010899,0.00545,0.027248,0.021798,0.027248,0.021798,0.027248,0.070845,0.087193,0.0,0.024691,0.0,0.012346,0.024691,0.037037,0.037037,0.123457,0.049383,0.024691,0.061728,0.012346,0.0,0.012346,0.049383,0.037037,0.037037,0.024691,0.024691,0.037037,0.024691,0.024691,0.0,0.024691,0.0,0.037037,0.012346,0.012346,0.0,0.012346,0.0,0.0,0.024691,0.0,0.0,0.012346,0.0,0.012346,0.0,0.17284
Zone_DH283,0.025316,0.012658,0.025316,0.037975,0.025316,0.025316,0.0,0.037975,0.025316,0.012658,0.025316,0.0,0.025316,0.037975,0.025316,0.025316,0.012658,0.025316,0.012658,0.012658,0.012658,0.050633,0.050633,0.025316,0.025316,0.025316,0.012658,0.037975,0.050633,0.050633,0.088608,0.063291,0.037975,0.012658,0.025316,0.0,0.235127,0.0,0.005666,0.0,0.011331,0.022663,0.005666,0.011331,0.011331,0.0,0.005666,0.022663,0.028329,0.005666,0.033994,0.016997,0.045326,0.033994,0.033994,0.022663,0.016997,0.022663,0.016997,0.03966,0.016997,0.016997,0.028329,0.011331,0.005666,0.011331,0.011331,0.028329,0.016997,0.062323,0.073654,0.067989,0.0,0.012658,0.0,0.012658,0.025316,0.037975,0.037975,0.113924,0.063291,0.012658,0.101266,0.012658,0.012658,0.012658,0.025316,0.050633,0.012658,0.0,0.025316,0.037975,0.050633,0.025316,0.0,0.012658,0.0,0.025316,0.012658,0.012658,0.012658,0.025316,0.0,0.0,0.025316,0.0,0.0,0.0,0.0,0.012658,0.0,0.177215
Zone_DH284,0.030303,0.015152,0.060606,0.030303,0.030303,0.030303,0.015152,0.045455,0.015152,0.0,0.015152,0.015152,0.030303,0.030303,0.030303,0.045455,0.030303,0.045455,0.015152,0.015152,0.015152,0.015152,0.045455,0.030303,0.015152,0.0,0.0,0.030303,0.030303,0.030303,0.060606,0.075758,0.030303,0.015152,0.030303,0.030303,0.259259,0.0,0.007407,0.0,0.014815,0.007407,0.0,0.0,0.007407,0.0,0.007407,0.007407,0.0,0.007407,0.02963,0.02963,0.066667,0.044444,0.022222,0.02963,0.022222,0.022222,0.022222,0.051852,0.014815,0.014815,0.051852,0.022222,0.022222,0.014815,0.007407,0.037037,0.044444,0.044444,0.044444,0.022222,0.0,0.015152,0.030303,0.045455,0.030303,0.015152,0.060606,0.045455,0.045455,0.030303,0.075758,0.030303,0.030303,0.015152,0.015152,0.045455,0.030303,0.015152,0.030303,0.0,0.090909,0.015152,0.0,0.0,0.030303,0.015152,0.030303,0.015152,0.015152,0.030303,0.0,0.0,0.030303,0.0,0.0,0.0,0.0,0.015152,0.0,0.106061
Zone_DH285,0.016393,0.04918,0.081967,0.0,0.032787,0.0,0.016393,0.032787,0.0,0.0,0.016393,0.016393,0.016393,0.032787,0.016393,0.016393,0.065574,0.032787,0.032787,0.032787,0.032787,0.032787,0.04918,0.04918,0.016393,0.0,0.0,0.016393,0.016393,0.04918,0.032787,0.032787,0.0,0.016393,0.016393,0.131148,0.265306,0.008163,0.0,0.0,0.0,0.008163,0.0,0.0,0.008163,0.0,0.0,0.016327,0.008163,0.008163,0.032653,0.040816,0.057143,0.016327,0.016327,0.032653,0.040816,0.016327,0.016327,0.040816,0.02449,0.016327,0.04898,0.016327,0.016327,0.02449,0.016327,0.032653,0.040816,0.008163,0.04898,0.073469,0.0,0.0,0.065574,0.065574,0.032787,0.0,0.065574,0.0,0.065574,0.065574,0.04918,0.04918,0.04918,0.016393,0.0,0.016393,0.032787,0.016393,0.016393,0.0,0.065574,0.0,0.016393,0.0,0.032787,0.016393,0.016393,0.016393,0.0,0.016393,0.016393,0.016393,0.032787,0.016393,0.0,0.0,0.0,0.016393,0.0,0.114754
Zone_DH286,0.076923,0.092308,0.076923,0.0,0.030769,0.0,0.015385,0.030769,0.015385,0.0,0.0,0.0,0.0,0.015385,0.015385,0.061538,0.046154,0.030769,0.030769,0.030769,0.046154,0.046154,0.0,0.061538,0.0,0.015385,0.0,0.030769,0.0,0.046154,0.015385,0.046154,0.030769,0.0,0.0,0.092308,0.247312,0.007168,0.0,0.0,0.0,0.007168,0.014337,0.007168,0.014337,0.0,0.007168,0.021505,0.014337,0.021505,0.028674,0.035842,0.028674,0.035842,0.028674,0.014337,0.014337,0.057348,0.007168,0.028674,0.035842,0.007168,0.028674,0.007168,0.014337,0.035842,0.014337,0.021505,0.035842,0.0,0.078853,0.078853,0.0,0.015385,0.061538,0.046154,0.076923,0.015385,0.046154,0.015385,0.046154,0.030769,0.030769,0.030769,0.030769,0.0,0.030769,0.0,0.046154,0.061538,0.015385,0.0,0.061538,0.015385,0.015385,0.0,0.061538,0.015385,0.015385,0.0,0.015385,0.015385,0.015385,0.015385,0.015385,0.015385,0.0,0.0,0.0,0.0,0.015385,0.107692
Zone_DH287,0.082192,0.136986,0.054795,0.0,0.0,0.013699,0.0,0.013699,0.013699,0.0,0.027397,0.0,0.0,0.0,0.027397,0.041096,0.054795,0.068493,0.027397,0.123288,0.041096,0.054795,0.013699,0.013699,0.0,0.013699,0.0,0.013699,0.0,0.013699,0.027397,0.027397,0.027397,0.027397,0.013699,0.027397,0.242525,0.0,0.006645,0.0,0.0,0.013289,0.013289,0.006645,0.013289,0.0,0.006645,0.006645,0.013289,0.019934,0.019934,0.033223,0.053156,0.046512,0.079734,0.019934,0.019934,0.039867,0.0,0.006645,0.039867,0.019934,0.006645,0.013289,0.013289,0.019934,0.019934,0.019934,0.039867,0.0,0.086379,0.059801,0.0,0.013699,0.027397,0.068493,0.09589,0.041096,0.068493,0.054795,0.027397,0.0,0.027397,0.068493,0.041096,0.027397,0.027397,0.0,0.054795,0.041096,0.027397,0.013699,0.013699,0.013699,0.013699,0.013699,0.041096,0.0,0.013699,0.0,0.027397,0.013699,0.0,0.0,0.0,0.0,0.0,0.0,0.013699,0.0,0.013699,0.09589
Zone_DH288,0.025723,0.048232,0.028939,0.012862,0.025723,0.019293,0.016077,0.022508,0.022508,0.009646,0.028939,0.0,0.006431,0.019293,0.025723,0.038585,0.080386,0.061093,0.048232,0.048232,0.025723,0.028939,0.012862,0.006431,0.019293,0.006431,0.006431,0.016077,0.009646,0.009646,0.009646,0.019293,0.025723,0.032154,0.138264,0.045016,0.218045,0.001367,0.0,0.001367,0.0,0.001367,0.005468,0.004101,0.015038,0.009569,0.006835,0.005468,0.015038,0.020506,0.019139,0.02324,0.038278,0.071087,0.087491,0.038278,0.030075,0.024607,0.024607,0.015038,0.021873,0.012303,0.016405,0.013671,0.012303,0.006835,0.013671,0.013671,0.025974,0.021873,0.057416,0.107997,0.019293,0.061093,0.051447,0.138264,0.07717,0.064309,0.083601,0.083601,0.041801,0.03537,0.022508,0.064309,0.032154,0.028939,0.012862,0.012862,0.025723,0.016077,0.009646,0.006431,0.006431,0.022508,0.006431,0.012862,0.009646,0.003215,0.003215,0.0,0.009646,0.006431,0.0,0.003215,0.0,0.0,0.0,0.006431,0.003215,0.0,0.0,0.019293
Zone_DH289,0.022997,0.034125,0.026706,0.022255,0.040059,0.027448,0.025223,0.025964,0.028932,0.026706,0.029674,0.015579,0.017804,0.017804,0.025223,0.029674,0.048961,0.04451,0.035608,0.029674,0.029674,0.020772,0.028932,0.01632,0.025964,0.020772,0.014837,0.035608,0.026706,0.014837,0.014837,0.020772,0.023739,0.026706,0.076409,0.02819,0.213379,0.000619,0.000155,0.000774,0.004336,0.003097,0.004336,0.001239,0.00991,0.008052,0.006194,0.01053,0.013007,0.015485,0.018582,0.025859,0.048002,0.067049,0.083308,0.051409,0.037163,0.024311,0.020595,0.01502,0.019356,0.013317,0.012697,0.01022,0.009291,0.008981,0.014401,0.016259,0.019511,0.034066,0.052028,0.107464,0.040059,0.075668,0.083086,0.125371,0.097181,0.08457,0.077151,0.074184,0.051929,0.040059,0.025223,0.051929,0.031157,0.02819,0.01632,0.013353,0.013353,0.008902,0.005935,0.004451,0.005935,0.013353,0.005935,0.004451,0.001484,0.002967,0.0,0.0,0.002967,0.001484,0.0,0.001484,0.0,0.002967,0.0,0.004451,0.0,0.0,0.0,0.004451
Zone_DH290,0.018354,0.03038,0.024051,0.021519,0.044304,0.032278,0.027848,0.022152,0.023418,0.029114,0.025316,0.020886,0.053165,0.035443,0.031646,0.031646,0.021519,0.022785,0.025316,0.032911,0.021519,0.010127,0.032278,0.024051,0.028481,0.020253,0.022785,0.036709,0.03038,0.029114,0.059494,0.021519,0.022785,0.020253,0.029747,0.016456,0.212503,0.0,0.002233,0.001707,0.005253,0.002627,0.005253,0.002101,0.007355,0.005779,0.006304,0.012083,0.009456,0.014184,0.016286,0.026136,0.044392,0.08156,0.091148,0.047281,0.03835,0.025348,0.018519,0.009062,0.018519,0.009719,0.009194,0.011295,0.009456,0.008143,0.011164,0.017468,0.017074,0.033622,0.043079,0.126346,0.039241,0.070886,0.105063,0.146203,0.086709,0.073418,0.068354,0.063291,0.060759,0.034177,0.039241,0.04557,0.024051,0.026582,0.011392,0.026582,0.012658,0.017722,0.007595,0.006329,0.006329,0.005063,0.007595,0.001266,0.002532,0.002532,0.0,0.001266,0.0,0.0,0.0,0.001266,0.0,0.002532,0.0,0.002532,0.0,0.0,0.0,0.001266
Zone_DH291,0.07267,0.061611,0.018957,0.020537,0.036335,0.020537,0.012638,0.007899,0.017378,0.025276,0.025276,0.028436,0.064771,0.036335,0.028436,0.017378,0.004739,0.012638,0.07425,0.050553,0.020537,0.006319,0.018957,0.030016,0.011058,0.015798,0.018957,0.039494,0.042654,0.033175,0.06793,0.017378,0.014218,0.014218,0.006319,0.006319,0.212121,0.001914,0.00319,0.00319,0.005104,0.003828,0.003828,0.004466,0.001914,0.005104,0.007018,0.014035,0.010207,0.009569,0.012121,0.018501,0.026156,0.122488,0.131419,0.032536,0.027432,0.016587,0.014673,0.008931,0.017225,0.007018,0.007018,0.009569,0.008931,0.004466,0.011483,0.012759,0.010207,0.022967,0.028708,0.163317,0.028436,0.044234,0.086888,0.21169,0.07425,0.064771,0.050553,0.048973,0.050553,0.042654,0.039494,0.050553,0.022117,0.018957,0.020537,0.036335,0.011058,0.022117,0.009479,0.006319,0.006319,0.004739,0.006319,0.004739,0.004739,0.004739,0.00316,0.00158,0.007899,0.00158,0.00158,0.00316,0.0,0.0,0.0,0.00316,0.0,0.00316,0.0,0.00316
Zone_DH292,0.104895,0.13986,0.009324,0.006993,0.009324,0.004662,0.004662,0.009324,0.006993,0.016317,0.018648,0.016317,0.067599,0.041958,0.02331,0.009324,0.004662,0.006993,0.104895,0.111888,0.013986,0.0,0.006993,0.009324,0.006993,0.004662,0.013986,0.02331,0.041958,0.02331,0.090909,0.018648,0.011655,0.009324,0.002331,0.004662,0.19771,0.003523,0.001761,0.002642,0.003523,0.002642,0.002642,0.005284,0.001761,0.007045,0.002642,0.007926,0.007926,0.006165,0.008807,0.010568,0.015852,0.173492,0.172611,0.017613,0.017613,0.011449,0.011449,0.007926,0.006165,0.005284,0.005284,0.007926,0.007926,0.002642,0.010568,0.011449,0.009687,0.014091,0.017613,0.200793,0.018648,0.013986,0.044289,0.296037,0.058275,0.04662,0.04662,0.039627,0.048951,0.034965,0.032634,0.053613,0.025641,0.018648,0.055944,0.032634,0.009324,0.02331,0.004662,0.009324,0.002331,0.006993,0.006993,0.006993,0.009324,0.004662,0.004662,0.004662,0.011655,0.002331,0.002331,0.004662,0.0,0.0,0.0,0.0,0.0,0.004662,0.0,0.013986
Zone_DH293,0.026882,0.290323,0.043011,0.010753,0.021505,0.0,0.010753,0.016129,0.005376,0.016129,0.010753,0.021505,0.010753,0.016129,0.016129,0.016129,0.016129,0.010753,0.037634,0.241935,0.037634,0.0,0.005376,0.010753,0.0,0.0,0.010753,0.010753,0.005376,0.005376,0.005376,0.005376,0.016129,0.021505,0.005376,0.021505,0.202559,0.002132,0.004264,0.004264,0.002132,0.002132,0.002132,0.004264,0.004264,0.006397,0.004264,0.008529,0.006397,0.008529,0.012793,0.017058,0.008529,0.159915,0.170576,0.012793,0.014925,0.017058,0.012793,0.01919,0.006397,0.006397,0.012793,0.006397,0.010661,0.004264,0.017058,0.014925,0.017058,0.021322,0.012793,0.162047,0.0,0.010753,0.037634,0.295699,0.05914,0.048387,0.032258,0.043011,0.043011,0.064516,0.043011,0.037634,0.043011,0.010753,0.075269,0.032258,0.005376,0.016129,0.005376,0.010753,0.005376,0.010753,0.0,0.0,0.010753,0.005376,0.0,0.005376,0.0,0.0,0.0,0.0,0.0,0.005376,0.005376,0.0,0.0,0.0,0.0,0.037634
Zone_DH294,0.075472,0.045822,0.026954,0.002695,0.010782,0.002695,0.0,0.010782,0.013477,0.008086,0.010782,0.005391,0.008086,0.013477,0.018868,0.043127,0.02965,0.070081,0.167116,0.010782,0.024259,0.021563,0.005391,0.018868,0.013477,0.008086,0.021563,0.005391,0.0,0.016173,0.010782,0.03504,0.026954,0.010782,0.016173,0.191375,0.21715,0.000617,0.006169,0.003085,0.006169,0.006786,0.001851,0.002468,0.002468,0.004935,0.012338,0.004935,0.006169,0.005552,0.00987,0.018507,0.030845,0.115361,0.132634,0.038248,0.020975,0.016039,0.016656,0.014189,0.009254,0.019124,0.01789,0.008637,0.012338,0.009254,0.025293,0.010487,0.00802,0.011721,0.023442,0.150524,0.010782,0.067385,0.196765,0.091644,0.091644,0.097035,0.02965,0.026954,0.059299,0.032345,0.032345,0.056604,0.010782,0.026954,0.010782,0.016173,0.005391,0.008086,0.018868,0.005391,0.005391,0.010782,0.005391,0.010782,0.005391,0.005391,0.005391,0.005391,0.0,0.0,0.0,0.0,0.005391,0.005391,0.008086,0.005391,0.0,0.0,0.0,0.026954
Zone_DH295,0.068519,0.040741,0.014815,0.012963,0.011111,0.009259,0.011111,0.007407,0.024074,0.007407,0.012963,0.007407,0.016667,0.012963,0.027778,0.037037,0.038889,0.051852,0.137037,0.033333,0.024074,0.016667,0.007407,0.024074,0.009259,0.005556,0.014815,0.005556,0.009259,0.02963,0.024074,0.025926,0.022222,0.016667,0.035185,0.146296,0.221645,0.000866,0.005195,0.002165,0.006926,0.006926,0.001299,0.003896,0.004329,0.007792,0.012121,0.003896,0.007792,0.010823,0.012987,0.023377,0.028571,0.095671,0.114719,0.042424,0.023377,0.016883,0.021212,0.008225,0.01645,0.022944,0.01342,0.014286,0.019481,0.005628,0.022944,0.015584,0.010823,0.016017,0.031602,0.127706,0.022222,0.066667,0.159259,0.094444,0.118519,0.081481,0.044444,0.033333,0.053704,0.022222,0.031481,0.040741,0.025926,0.025926,0.005556,0.016667,0.005556,0.018519,0.014815,0.003704,0.011111,0.007407,0.009259,0.011111,0.003704,0.009259,0.0,0.003704,0.0,0.0,0.003704,0.003704,0.003704,0.007407,0.005556,0.005556,0.0,0.0,0.0,0.02963
Zone_DH296,0.040293,0.03663,0.014652,0.021978,0.029304,0.018315,0.021978,0.0,0.040293,0.014652,0.007326,0.007326,0.03663,0.025641,0.047619,0.025641,0.076923,0.014652,0.091575,0.043956,0.025641,0.010989,0.007326,0.029304,0.007326,0.014652,0.014652,0.003663,0.018315,0.043956,0.040293,0.047619,0.014652,0.032967,0.043956,0.029304,0.252758,0.002006,0.004012,0.0,0.004012,0.009027,0.003009,0.009027,0.006018,0.01003,0.016048,0.008024,0.016048,0.017051,0.021063,0.022066,0.028084,0.037111,0.066199,0.047141,0.022066,0.032096,0.028084,0.0,0.026078,0.035105,0.009027,0.021063,0.033099,0.007021,0.014042,0.031093,0.016048,0.023069,0.053159,0.070211,0.040293,0.087912,0.084249,0.095238,0.14652,0.032967,0.047619,0.043956,0.03663,0.014652,0.03663,0.018315,0.025641,0.029304,0.010989,0.010989,0.003663,0.029304,0.018315,0.007326,0.021978,0.007326,0.010989,0.014652,0.007326,0.018315,0.0,0.007326,0.0,0.0,0.007326,0.007326,0.007326,0.007326,0.0,0.010989,0.0,0.0,0.0,0.051282
Zone_DH297,0.1,0.075,0.0,0.05,0.05,0.0,0.0,0.0,0.1,0.025,0.0,0.0,0.05,0.0,0.0,0.05,0.0,0.0,0.0,0.0,0.1,0.025,0.0,0.05,0.05,0.05,0.0,0.0,0.025,0.0,0.0,0.025,0.0,0.125,0.0,0.05,0.349515,0.0,0.0,0.0,0.0,0.0,0.0,0.009709,0.0,0.019417,0.0,0.0,0.07767,0.0,0.048544,0.0,0.038835,0.07767,0.019417,0.0,0.038835,0.009709,0.019417,0.0,0.009709,0.0,0.009709,0.038835,0.116505,0.0,0.0,0.019417,0.009709,0.038835,0.048544,0.0,0.0,0.0,0.075,0.1,0.15,0.025,0.075,0.0,0.025,0.0,0.0,0.0,0.05,0.05,0.0,0.025,0.0,0.05,0.025,0.0,0.0,0.025,0.075,0.05,0.0,0.05,0.0,0.0,0.05,0.0,0.05,0.0,0.0,0.0,0.0,0.0,0.0,0.0,0.0,0.05
Zone_DH300,0.032258,0.0,0.0,0.0,0.032258,0.0,0.0,0.032258,0.032258,0.0,0.0,0.032258,0.0,0.0,0.0,0.0,0.064516,0.064516,0.032258,0.129032,0.064516,0.0,0.096774,0.032258,0.032258,0.0,0.0,0.0,0.0,0.0,0.032258,0.032258,0.064516,0.096774,0.032258,0.064516,0.263158,0.0,0.0,0.0,0.015038,0.0,0.015038,0.015038,0.0,0.015038,0.0,0.015038,0.030075,0.045113,0.015038,0.030075,0.0,0.045113,0.015038,0.030075,0.015038,0.030075,0.030075,0.030075,0.06015,0.015038,0.0,0.030075,0.0,0.0,0.0,0.015038,0.015038,0.075188,0.06015,0.075188,0.0,0.0,0.064516,0.032258,0.064516,0.0,0.129032,0.129032,0.064516,0.0,0.096774,0.032258,0.032258,0.032258,0.064516,0.0,0.0,0.0,0.0,0.0,0.0,0.0,0.0,0.0,0.032258,0.032258,0.0,0.0,0.032258,0.0,0.0,0.0,0.0,0.0,0.0,0.032258,0.032258,0.0,0.0,0.096774
Zone_DH301,0.068493,0.041096,0.027397,0.013699,0.013699,0.0,0.0,0.013699,0.013699,0.013699,0.013699,0.013699,0.0,0.0,0.0,0.013699,0.054795,0.041096,0.013699,0.109589,0.068493,0.027397,0.068493,0.013699,0.027397,0.054795,0.0,0.013699,0.0,0.027397,0.013699,0.013699,0.041096,0.041096,0.041096,0.082192,0.231231,0.0,0.0,0.0,0.012012,0.024024,0.006006,0.012012,0.012012,0.012012,0.018018,0.006006,0.018018,0.03003,0.006006,0.018018,0.012012,0.042042,0.024024,0.048048,0.024024,0.012012,0.03003,0.03003,0.042042,0.006006,0.036036,0.012012,0.012012,0.018018,0.012012,0.018018,0.018018,0.06006,0.042042,0.096096,0.013699,0.013699,0.027397,0.041096,0.054795,0.054795,0.082192,0.09589,0.082192,0.027397,0.068493,0.054795,0.027397,0.013699,0.041096,0.013699,0.013699,0.013699,0.013699,0.027397,0.0,0.0,0.0,0.0,0.013699,0.013699,0.0,0.013699,0.027397,0.027397,0.0,0.0,0.013699,0.0,0.0,0.013699,0.013699,0.013699,0.0,0.068493
Zone_DH302,0.0875,0.0625,0.0375,0.0125,0.0125,0.0,0.0,0.0125,0.0,0.025,0.0125,0.0,0.0125,0.0125,0.0125,0.0125,0.025,0.0625,0.0125,0.0875,0.0625,0.0375,0.0375,0.0125,0.0625,0.0625,0.0125,0.025,0.0,0.025,0.0,0.0125,0.025,0.025,0.05,0.05,0.247191,0.0,0.005618,0.0,0.005618,0.022472,0.011236,0.011236,0.011236,0.011236,0.016854,0.011236,0.022472,0.02809,0.005618,0.011236,0.016854,0.033708,0.016854,0.033708,0.033708,0.022472,0.02809,0.033708,0.016854,0.005618,0.033708,0.0,0.022472,0.033708,0.016854,0.02809,0.022472,0.050562,0.022472,0.106742,0.025,0.0125,0.0,0.025,0.05,0.0625,0.0375,0.05,0.0625,0.0375,0.0375,0.0375,0.0625,0.0,0.025,0.025,0.0625,0.0125,0.0375,0.025,0.0125,0.0375,0.0,0.0125,0.0125,0.0125,0.0,0.0125,0.0125,0.0375,0.0,0.0125,0.0125,0.0,0.0,0.0125,0.0,0.0375,0.0,0.0875
Zone_DH303,0.043478,0.052174,0.017391,0.0,0.034783,0.017391,0.0,0.0,0.0,0.026087,0.0,0.0,0.008696,0.008696,0.026087,0.034783,0.06087,0.052174,0.052174,0.052174,0.052174,0.043478,0.017391,0.008696,0.034783,0.026087,0.017391,0.017391,0.008696,0.0,0.008696,0.008696,0.008696,0.043478,0.13913,0.078261,0.237525,0.003992,0.003992,0.003992,0.003992,0.0,0.003992,0.007984,0.003992,0.007984,0.003992,0.011976,0.01996,0.011976,0.011976,0.031936,0.043912,0.083832,0.03992,0.035928,0.047904,0.035928,0.023952,0.01996,0.0,0.011976,0.011976,0.015968,0.011976,0.023952,0.015968,0.01996,0.01996,0.027944,0.047904,0.091816,0.026087,0.008696,0.017391,0.052174,0.069565,0.052174,0.052174,0.026087,0.034783,0.034783,0.06087,0.0,0.06087,0.034783,0.034783,0.026087,0.052174,0.034783,0.026087,0.008696,0.017391,0.034783,0.017391,0.026087,0.008696,0.026087,0.0,0.0,0.0,0.017391,0.0,0.008696,0.0,0.0,0.0,0.008696,0.0,0.026087,0.0,0.095652
Zone_DH304,0.012255,0.026961,0.007353,0.007353,0.012255,0.009804,0.004902,0.002451,0.004902,0.012255,0.0,0.0,0.004902,0.022059,0.017157,0.022059,0.188725,0.105392,0.017157,0.02451,0.026961,0.022059,0.007353,0.007353,0.007353,0.014706,0.009804,0.014706,0.004902,0.0,0.007353,0.007353,0.004902,0.009804,0.215686,0.137255,0.198488,0.000945,0.000945,0.004726,0.002836,0.002836,0.004726,0.006616,0.002836,0.004726,0.005671,0.003781,0.006616,0.004726,0.017958,0.023629,0.022684,0.148393,0.144612,0.026465,0.021739,0.023629,0.010397,0.008507,0.006616,0.008507,0.007561,0.007561,0.006616,0.004726,0.005671,0.010397,0.013233,0.012287,0.026465,0.191871,0.014706,0.034314,0.056373,0.17402,0.147059,0.034314,0.046569,0.051471,0.034314,0.019608,0.034314,0.014706,0.031863,0.04902,0.034314,0.019608,0.014706,0.019608,0.007353,0.012255,0.051471,0.012255,0.004902,0.007353,0.012255,0.007353,0.004902,0.002451,0.004902,0.002451,0.007353,0.002451,0.0,0.002451,0.0,0.0,0.0,0.004902,0.0,0.022059
Zone_DH305,0.024896,0.026971,0.008299,0.008299,0.010373,0.008299,0.004149,0.002075,0.006224,0.010373,0.002075,0.0,0.006224,0.022822,0.018672,0.020747,0.174274,0.116183,0.020747,0.029046,0.020747,0.016598,0.016598,0.006224,0.004149,0.018672,0.008299,0.012448,0.006224,0.002075,0.010373,0.010373,0.002075,0.012448,0.195021,0.136929,0.197421,0.003223,0.000806,0.004029,0.003223,0.003223,0.004029,0.006446,0.005641,0.003223,0.006446,0.004029,0.011281,0.005641,0.017728,0.020951,0.020951,0.138598,0.146656,0.028203,0.016922,0.020951,0.011281,0.008864,0.010475,0.008058,0.008864,0.008864,0.008058,0.004835,0.005641,0.01531,0.016922,0.01531,0.02498,0.182917,0.018672,0.03527,0.056017,0.161826,0.147303,0.029046,0.058091,0.058091,0.037344,0.03112,0.03527,0.022822,0.029046,0.047718,0.03112,0.024896,0.006224,0.020747,0.012448,0.012448,0.041494,0.012448,0.004149,0.004149,0.008299,0.002075,0.008299,0.002075,0.004149,0.004149,0.008299,0.002075,0.0,0.0,0.002075,0.0,0.0,0.004149,0.0,0.016598
Zone_DH306,0.069061,0.033149,0.024862,0.044199,0.033149,0.016575,0.002762,0.0,0.013812,0.005525,0.002762,0.005525,0.008287,0.022099,0.013812,0.016575,0.077348,0.096685,0.069061,0.063536,0.038674,0.033149,0.019337,0.002762,0.002762,0.01105,0.01105,0.005525,0.002762,0.005525,0.019337,0.01105,0.002762,0.013812,0.099448,0.10221,0.209622,0.004582,0.002291,0.003436,0.002291,0.005727,0.004582,0.004582,0.011455,0.003436,0.013746,0.009164,0.013746,0.011455,0.017182,0.028637,0.026346,0.089347,0.111111,0.036655,0.032073,0.020619,0.017182,0.008018,0.010309,0.010309,0.011455,0.0126,0.010309,0.008018,0.009164,0.021764,0.02291,0.02291,0.037801,0.135166,0.030387,0.035912,0.041436,0.085635,0.116022,0.033149,0.074586,0.052486,0.046961,0.041436,0.035912,0.038674,0.052486,0.052486,0.022099,0.024862,0.005525,0.016575,0.033149,0.01105,0.022099,0.016575,0.022099,0.005525,0.005525,0.01105,0.01105,0.0,0.01105,0.005525,0.008287,0.0,0.0,0.0,0.002762,0.0,0.002762,0.008287,0.0,0.016575
Zone_DH307,0.088415,0.057927,0.042683,0.051829,0.036585,0.039634,0.009146,0.0,0.018293,0.012195,0.003049,0.009146,0.012195,0.018293,0.015244,0.012195,0.015244,0.04878,0.094512,0.073171,0.051829,0.030488,0.030488,0.018293,0.015244,0.006098,0.012195,0.027439,0.018293,0.009146,0.015244,0.009146,0.003049,0.018293,0.018293,0.057927,0.224093,0.002591,0.003886,0.003886,0.003886,0.006477,0.003886,0.007772,0.011658,0.007772,0.016839,0.010363,0.012953,0.015544,0.018135,0.034974,0.024611,0.069948,0.059585,0.047927,0.029793,0.015544,0.01943,0.003886,0.014249,0.011658,0.018135,0.012953,0.016839,0.012953,0.011658,0.022021,0.023316,0.03886,0.040155,0.121762,0.051829,0.067073,0.045732,0.051829,0.091463,0.045732,0.070122,0.039634,0.04878,0.045732,0.039634,0.039634,0.04878,0.030488,0.02439,0.033537,0.012195,0.012195,0.027439,0.012195,0.021341,0.015244,0.021341,0.015244,0.006098,0.009146,0.012195,0.0,0.015244,0.009146,0.006098,0.0,0.006098,0.0,0.0,0.0,0.003049,0.006098,0.0,0.015244
Zone_DH308,0.079545,0.056818,0.041667,0.049242,0.045455,0.05303,0.022727,0.0,0.015152,0.011364,0.007576,0.007576,0.011364,0.015152,0.011364,0.0,0.015152,0.05303,0.090909,0.064394,0.026515,0.037879,0.030303,0.022727,0.022727,0.015152,0.018939,0.041667,0.030303,0.007576,0.007576,0.003788,0.015152,0.015152,0.015152,0.037879,0.228243,0.001642,0.003284,0.001642,0.004926,0.003284,0.003284,0.009852,0.014778,0.011494,0.013136,0.009852,0.01642,0.01642,0.019704,0.036125,0.026273,0.057471,0.054187,0.050903,0.029557,0.014778,0.022989,0.004926,0.01642,0.006568,0.019704,0.021346,0.013136,0.00821,0.021346,0.013136,0.022989,0.037767,0.039409,0.124795,0.056818,0.079545,0.045455,0.060606,0.090909,0.05303,0.056818,0.05303,0.056818,0.037879,0.037879,0.049242,0.064394,0.015152,0.026515,0.026515,0.015152,0.011364,0.026515,0.007576,0.011364,0.003788,0.003788,0.015152,0.011364,0.007576,0.011364,0.003788,0.007576,0.007576,0.007576,0.0,0.007576,0.003788,0.0,0.0,0.003788,0.007576,0.003788,0.011364
Zone_DH309,0.079268,0.030488,0.042683,0.036585,0.036585,0.04878,0.030488,0.012195,0.012195,0.018293,0.018293,0.012195,0.006098,0.018293,0.0,0.0,0.018293,0.030488,0.060976,0.036585,0.018293,0.054878,0.036585,0.036585,0.02439,0.030488,0.006098,0.073171,0.04878,0.018293,0.012195,0.006098,0.018293,0.02439,0.012195,0.030488,0.226064,0.0,0.0,0.005319,0.005319,0.005319,0.0,0.007979,0.010638,0.010638,0.015957,0.018617,0.018617,0.026596,0.034574,0.031915,0.021277,0.047872,0.034574,0.031915,0.039894,0.026596,0.023936,0.013298,0.023936,0.005319,0.013298,0.023936,0.010638,0.00266,0.037234,0.007979,0.034574,0.034574,0.026596,0.12234,0.018293,0.073171,0.036585,0.054878,0.091463,0.079268,0.042683,0.060976,0.054878,0.04878,0.030488,0.042683,0.067073,0.012195,0.030488,0.02439,0.006098,0.02439,0.02439,0.012195,0.006098,0.012195,0.006098,0.006098,0.018293,0.006098,0.006098,0.006098,0.012195,0.018293,0.0,0.0,0.0,0.012195,0.006098,0.006098,0.0,0.012195,0.012195,0.018293
Zone_DH310,0.114583,0.041667,0.041667,0.010417,0.020833,0.03125,0.010417,0.03125,0.0,0.0,0.010417,0.010417,0.0,0.03125,0.0,0.0,0.010417,0.052083,0.041667,0.020833,0.03125,0.083333,0.020833,0.03125,0.03125,0.020833,0.0,0.03125,0.052083,0.03125,0.010417,0.041667,0.03125,0.052083,0.010417,0.041667,0.221198,0.0,0.0,0.013825,0.0,0.018433,0.004608,0.009217,0.004608,0.013825,0.018433,0.02765,0.013825,0.023041,0.032258,0.041475,0.018433,0.023041,0.041475,0.013825,0.041475,0.02765,0.004608,0.018433,0.032258,0.023041,0.018433,0.009217,0.009217,0.009217,0.02765,0.009217,0.059908,0.032258,0.02765,0.110599,0.0,0.03125,0.020833,0.020833,0.010417,0.0625,0.0625,0.052083,0.052083,0.041667,0.020833,0.072917,0.052083,0.010417,0.0625,0.020833,0.010417,0.03125,0.041667,0.010417,0.020833,0.03125,0.010417,0.010417,0.0,0.010417,0.010417,0.0,0.020833,0.020833,0.0,0.010417,0.0,0.010417,0.010417,0.010417,0.0,0.020833,0.010417,0.104167
Zone_DH311,0.09901,0.079208,0.059406,0.0,0.019802,0.019802,0.029703,0.019802,0.009901,0.009901,0.009901,0.009901,0.0,0.009901,0.0,0.0,0.029703,0.029703,0.049505,0.059406,0.059406,0.039604,0.0,0.009901,0.019802,0.009901,0.009901,0.029703,0.019802,0.019802,0.029703,0.059406,0.019802,0.059406,0.009901,0.059406,0.214437,0.0,0.004246,0.012739,0.008493,0.012739,0.021231,0.004246,0.004246,0.016985,0.021231,0.021231,0.012739,0.03397,0.012739,0.029724,0.012739,0.012739,0.03397,0.025478,0.038217,0.038217,0.004246,0.021231,0.029724,0.025478,0.016985,0.016985,0.029724,0.008493,0.025478,0.038217,0.021231,0.046709,0.046709,0.076433,0.009901,0.029703,0.019802,0.039604,0.049505,0.029703,0.09901,0.059406,0.059406,0.029703,0.019802,0.029703,0.039604,0.039604,0.049505,0.0,0.0,0.009901,0.019802,0.019802,0.029703,0.029703,0.0,0.019802,0.0,0.0,0.0,0.009901,0.019802,0.019802,0.0,0.039604,0.009901,0.009901,0.009901,0.009901,0.0,0.009901,0.0,0.128713
Zone_DH312,0.095745,0.106383,0.053191,0.031915,0.010638,0.021277,0.021277,0.0,0.010638,0.010638,0.010638,0.0,0.010638,0.0,0.0,0.031915,0.042553,0.021277,0.074468,0.074468,0.031915,0.031915,0.0,0.021277,0.010638,0.010638,0.021277,0.021277,0.010638,0.010638,0.021277,0.053191,0.021277,0.031915,0.010638,0.06383,0.221698,0.0,0.004717,0.009434,0.014151,0.004717,0.028302,0.004717,0.0,0.014151,0.009434,0.014151,0.018868,0.028302,0.004717,0.018868,0.018868,0.023585,0.028302,0.042453,0.04717,0.037736,0.014151,0.023585,0.014151,0.018868,0.028302,0.023585,0.028302,0.023585,0.028302,0.037736,0.018868,0.042453,0.056604,0.04717,0.010638,0.031915,0.010638,0.031915,0.053191,0.031915,0.06383,0.031915,0.042553,0.042553,0.031915,0.021277,0.053191,0.06383,0.06383,0.021277,0.010638,0.021277,0.021277,0.031915,0.053191,0.010638,0.010638,0.021277,0.010638,0.010638,0.0,0.010638,0.0,0.010638,0.0,0.042553,0.010638,0.021277,0.010638,0.0,0.0,0.0,0.0,0.085106
Zone_DH313,0.102941,0.073529,0.058824,0.044118,0.0,0.014706,0.014706,0.0,0.014706,0.0,0.014706,0.0,0.058824,0.029412,0.014706,0.029412,0.029412,0.014706,0.058824,0.073529,0.0,0.029412,0.0,0.029412,0.014706,0.014706,0.014706,0.029412,0.029412,0.014706,0.014706,0.058824,0.0,0.0,0.0,0.102941,0.223684,0.0,0.0,0.006579,0.013158,0.006579,0.032895,0.013158,0.0,0.019737,0.006579,0.013158,0.032895,0.013158,0.013158,0.0,0.019737,0.032895,0.019737,0.032895,0.046053,0.026316,0.026316,0.013158,0.013158,0.032895,0.026316,0.013158,0.046053,0.026316,0.026316,0.026316,0.019737,0.039474,0.052632,0.065789,0.014706,0.014706,0.029412,0.014706,0.044118,0.044118,0.088235,0.058824,0.014706,0.014706,0.0,0.029412,0.058824,0.073529,0.102941,0.014706,0.014706,0.014706,0.014706,0.014706,0.088235,0.0,0.014706,0.014706,0.014706,0.014706,0.014706,0.0,0.0,0.0,0.0,0.014706,0.014706,0.044118,0.014706,0.0,0.0,0.0,0.0,0.073529
Zone_DH314,0.133333,0.066667,0.033333,0.033333,0.0,0.0,0.033333,0.0,0.033333,0.0,0.033333,0.0,0.066667,0.066667,0.033333,0.033333,0.033333,0.033333,0.033333,0.033333,0.0,0.033333,0.0,0.033333,0.0,0.0,0.0,0.0,0.033333,0.033333,0.033333,0.033333,0.0,0.0,0.0,0.1,0.230769,0.0,0.0,0.015385,0.015385,0.015385,0.015385,0.015385,0.0,0.030769,0.0,0.015385,0.015385,0.015385,0.030769,0.0,0.0,0.046154,0.015385,0.030769,0.076923,0.015385,0.030769,0.030769,0.015385,0.015385,0.015385,0.0,0.046154,0.046154,0.0,0.015385,0.015385,0.061538,0.076923,0.030769,0.0,0.033333,0.033333,0.0,0.066667,0.033333,0.1,0.033333,0.033333,0.033333,0.0,0.0,0.066667,0.066667,0.066667,0.033333,0.0,0.0,0.033333,0.0,0.133333,0.0,0.033333,0.0,0.0,0.0,0.033333,0.0,0.0,0.0,0.0,0.0,0.0,0.066667,0.033333,0.0,0.0,0.0,0.0,0.066667
Zone_DH315,0.0,0.0,0.0,0.0,0.039216,0.0,0.0,0.0,0.0,0.078431,0.0,0.0,0.0,0.0,0.117647,0.078431,0.156863,0.0,0.039216,0.058824,0.0,0.0,0.039216,0.0,0.039216,0.0,0.039216,0.0,0.039216,0.0,0.0,0.078431,0.039216,0.117647,0.039216,0.0,0.266667,0.0,0.0,0.0,0.0,0.0,0.0,0.0,0.048485,0.024242,0.0,0.048485,0.0,0.0,0.024242,0.024242,0.024242,0.121212,0.048485,0.072727,0.0,0.0,0.024242,0.0,0.0,0.0,0.0,0.024242,0.0,0.024242,0.024242,0.0,0.024242,0.024242,0.0,0.151515,0.078431,0.098039,0.0,0.039216,0.039216,0.078431,0.039216,0.039216,0.0,0.039216,0.0,0.039216,0.039216,0.039216,0.039216,0.0,0.039216,0.039216,0.039216,0.0,0.0,0.0,0.0,0.078431,0.039216,0.0,0.0,0.0,0.0,0.039216,0.0,0.0,0.0,0.0,0.0,0.039216,0.0,0.0,0.0,0.078431
Zone_DH316,0.0,0.0,0.033058,0.0,0.033058,0.033058,0.0,0.0,0.0,0.033058,0.066116,0.033058,0.033058,0.0,0.066116,0.033058,0.066116,0.016529,0.033058,0.041322,0.0,0.0,0.016529,0.016529,0.033058,0.0,0.049587,0.049587,0.115702,0.033058,0.016529,0.033058,0.016529,0.066116,0.033058,0.0,0.261242,0.0,0.0,0.0,0.0,0.0,0.0,0.0,0.025696,0.017131,0.0,0.034261,0.017131,0.008565,0.017131,0.042827,0.025696,0.068522,0.051392,0.034261,0.051392,0.025696,0.025696,0.017131,0.0,0.0,0.008565,0.008565,0.0,0.017131,0.017131,0.017131,0.025696,0.008565,0.068522,0.104925,0.033058,0.090909,0.0,0.033058,0.049587,0.049587,0.049587,0.082645,0.0,0.033058,0.016529,0.033058,0.016529,0.016529,0.082645,0.0,0.049587,0.049587,0.016529,0.0,0.0,0.0,0.016529,0.049587,0.016529,0.0,0.016529,0.0,0.0,0.016529,0.0,0.0,0.0,0.0,0.0,0.033058,0.0,0.016529,0.0,0.132231
Zone_DH317,0.014706,0.0,0.029412,0.0,0.029412,0.029412,0.029412,0.0,0.0,0.014706,0.073529,0.029412,0.073529,0.029412,0.014706,0.014706,0.014706,0.029412,0.029412,0.029412,0.0,0.0,0.014706,0.029412,0.014706,0.0,0.029412,0.044118,0.147059,0.044118,0.073529,0.044118,0.029412,0.014706,0.029412,0.0,0.27027,0.0,0.006757,0.0,0.006757,0.006757,0.0,0.0,0.0,0.006757,0.0,0.027027,0.02027,0.006757,0.027027,0.027027,0.047297,0.040541,0.047297,0.006757,0.060811,0.02027,0.027027,0.040541,0.006757,0.006757,0.0,0.0,0.0,0.040541,0.013514,0.013514,0.033784,0.02027,0.094595,0.074324,0.0,0.044118,0.0,0.014706,0.029412,0.044118,0.029412,0.117647,0.029412,0.044118,0.058824,0.014706,0.014706,0.014706,0.073529,0.014706,0.029412,0.044118,0.0,0.014706,0.0,0.0,0.014706,0.029412,0.0,0.029412,0.014706,0.0,0.0,0.029412,0.0,0.0,0.014706,0.0,0.014706,0.014706,0.0,0.014706,0.0,0.191176
Zone_DH318,0.020408,0.020408,0.020408,0.020408,0.020408,0.061224,0.040816,0.0,0.020408,0.020408,0.020408,0.040816,0.081633,0.040816,0.040816,0.040816,0.0,0.020408,0.0,0.020408,0.020408,0.0,0.020408,0.040816,0.020408,0.0,0.020408,0.020408,0.020408,0.0,0.102041,0.081633,0.061224,0.0,0.040816,0.0,0.263682,0.0,0.00995,0.0,0.00995,0.00995,0.0,0.0,0.00995,0.0,0.00995,0.0,0.00995,0.0,0.039801,0.029851,0.059701,0.059701,0.029851,0.029851,0.029851,0.0199,0.029851,0.049751,0.0199,0.00995,0.00995,0.0199,0.00995,0.049751,0.0,0.0199,0.0199,0.049751,0.059701,0.029851,0.0,0.061224,0.020408,0.020408,0.040816,0.040816,0.020408,0.102041,0.061224,0.040816,0.040816,0.020408,0.020408,0.020408,0.061224,0.020408,0.0,0.0,0.020408,0.020408,0.020408,0.020408,0.0,0.0,0.0,0.040816,0.020408,0.0,0.0,0.020408,0.0,0.0,0.040816,0.0,0.020408,0.0,0.0,0.020408,0.0,0.163265
Zone_DH319,0.015385,0.030769,0.061538,0.015385,0.061538,0.061538,0.015385,0.030769,0.015385,0.0,0.015385,0.015385,0.046154,0.015385,0.015385,0.061538,0.015385,0.046154,0.015385,0.030769,0.030769,0.030769,0.030769,0.030769,0.0,0.0,0.015385,0.030769,0.015385,0.030769,0.015385,0.092308,0.046154,0.0,0.030769,0.015385,0.260377,0.0,0.0,0.0,0.007547,0.0,0.0,0.0,0.015094,0.0,0.007547,0.007547,0.0,0.0,0.037736,0.030189,0.045283,0.067925,0.015094,0.045283,0.030189,0.007547,0.037736,0.045283,0.030189,0.007547,0.037736,0.030189,0.007547,0.022642,0.007547,0.037736,0.060377,0.030189,0.045283,0.022642,0.0,0.030769,0.046154,0.030769,0.061538,0.061538,0.076923,0.061538,0.030769,0.061538,0.076923,0.030769,0.015385,0.015385,0.030769,0.015385,0.015385,0.015385,0.015385,0.015385,0.046154,0.015385,0.0,0.015385,0.015385,0.015385,0.015385,0.0,0.0,0.015385,0.0,0.0,0.015385,0.0,0.015385,0.0,0.0,0.0,0.0,0.123077
Zone_DH320,0.066038,0.113208,0.037736,0.018868,0.037736,0.028302,0.018868,0.018868,0.009434,0.0,0.009434,0.009434,0.009434,0.009434,0.018868,0.009434,0.028302,0.066038,0.103774,0.028302,0.037736,0.028302,0.018868,0.056604,0.0,0.0,0.018868,0.018868,0.009434,0.018868,0.0,0.028302,0.018868,0.0,0.018868,0.084906,0.241228,0.004386,0.004386,0.0,0.004386,0.0,0.004386,0.0,0.017544,0.008772,0.008772,0.013158,0.004386,0.008772,0.02193,0.030702,0.048246,0.061404,0.030702,0.052632,0.039474,0.004386,0.02193,0.026316,0.026316,0.013158,0.02193,0.035088,0.0,0.013158,0.008772,0.030702,0.035088,0.026316,0.04386,0.087719,0.0,0.056604,0.103774,0.113208,0.04717,0.028302,0.084906,0.009434,0.04717,0.09434,0.056604,0.018868,0.018868,0.009434,0.018868,0.0,0.009434,0.009434,0.018868,0.009434,0.028302,0.009434,0.009434,0.018868,0.009434,0.009434,0.009434,0.0,0.009434,0.018868,0.009434,0.009434,0.018868,0.0,0.0,0.0,0.0,0.009434,0.0,0.075472
Zone_DH321,0.067164,0.164179,0.044776,0.029851,0.029851,0.007463,0.029851,0.014925,0.022388,0.0,0.0,0.0,0.0,0.014925,0.007463,0.007463,0.022388,0.037313,0.089552,0.089552,0.074627,0.044776,0.0,0.044776,0.0,0.007463,0.007463,0.022388,0.0,0.007463,0.0,0.014925,0.014925,0.0,0.007463,0.074627,0.221854,0.003311,0.003311,0.0,0.003311,0.0,0.006623,0.0,0.009934,0.006623,0.003311,0.016556,0.009934,0.013245,0.013245,0.016556,0.049669,0.082781,0.086093,0.049669,0.033113,0.016556,0.019868,0.016556,0.02649,0.009934,0.009934,0.019868,0.006623,0.013245,0.003311,0.016556,0.019868,0.019868,0.059603,0.112583,0.014925,0.037313,0.104478,0.156716,0.059701,0.022388,0.044776,0.022388,0.037313,0.067164,0.052239,0.022388,0.014925,0.0,0.014925,0.0,0.022388,0.029851,0.014925,0.0,0.052239,0.007463,0.007463,0.014925,0.0,0.014925,0.014925,0.0,0.007463,0.014925,0.007463,0.007463,0.007463,0.007463,0.0,0.007463,0.0,0.007463,0.0,0.08209
Zone_DH322,0.083333,0.083333,0.037879,0.030303,0.007576,0.0,0.015152,0.015152,0.022727,0.015152,0.015152,0.007576,0.015152,0.015152,0.037879,0.045455,0.022727,0.037879,0.045455,0.113636,0.05303,0.030303,0.007576,0.015152,0.0,0.022727,0.007576,0.022727,0.015152,0.007576,0.015152,0.007576,0.007576,0.05303,0.037879,0.030303,0.227586,0.003448,0.003448,0.0,0.003448,0.0,0.013793,0.003448,0.003448,0.0,0.006897,0.003448,0.013793,0.010345,0.013793,0.010345,0.048276,0.103448,0.110345,0.051724,0.031034,0.024138,0.017241,0.006897,0.02069,0.010345,0.0,0.013793,0.006897,0.010345,0.006897,0.010345,0.02069,0.031034,0.051724,0.106897,0.015152,0.030303,0.083333,0.136364,0.060606,0.045455,0.060606,0.05303,0.030303,0.022727,0.022727,0.037879,0.037879,0.037879,0.022727,0.007576,0.030303,0.037879,0.007576,0.030303,0.045455,0.0,0.0,0.007576,0.0,0.007576,0.022727,0.0,0.007576,0.015152,0.0,0.007576,0.0,0.007576,0.0,0.007576,0.0,0.0,0.0,0.060606
Zone_DH323,0.02451,0.039216,0.017157,0.026961,0.017157,0.019608,0.019608,0.02451,0.02451,0.022059,0.036765,0.026961,0.014706,0.02451,0.026961,0.034314,0.053922,0.046569,0.026961,0.053922,0.017157,0.02451,0.012255,0.014706,0.014706,0.017157,0.026961,0.041667,0.034314,0.012255,0.009804,0.014706,0.019608,0.036765,0.095588,0.026961,0.210313,0.002022,0.001011,0.002022,0.0,0.003033,0.005056,0.001011,0.004044,0.0091,0.005056,0.006067,0.016178,0.011122,0.022245,0.015167,0.048534,0.087968,0.101112,0.047523,0.033367,0.028311,0.015167,0.014156,0.0182,0.012133,0.011122,0.014156,0.008089,0.003033,0.010111,0.010111,0.016178,0.025278,0.052578,0.129424,0.022059,0.066176,0.07598,0.139706,0.068627,0.080882,0.061275,0.095588,0.044118,0.046569,0.02451,0.046569,0.026961,0.034314,0.012255,0.012255,0.02451,0.012255,0.007353,0.012255,0.014706,0.007353,0.0,0.002451,0.0,0.002451,0.007353,0.0,0.007353,0.004902,0.004902,0.004902,0.0,0.0,0.002451,0.004902,0.0,0.0,0.0,0.022059
Zone_DH324,0.010787,0.019036,0.020305,0.022843,0.02665,0.020939,0.029188,0.027284,0.03236,0.034264,0.041878,0.027284,0.02665,0.02665,0.027919,0.034264,0.032995,0.031726,0.022843,0.020305,0.016497,0.019036,0.023477,0.019036,0.020939,0.030457,0.032995,0.043147,0.035533,0.029188,0.020305,0.030457,0.025381,0.036802,0.060279,0.020305,0.211143,0.000521,0.00013,0.003254,0.004166,0.004166,0.004686,0.001041,0.005728,0.00781,0.004686,0.010414,0.012497,0.013017,0.021869,0.024863,0.052851,0.073028,0.088779,0.05207,0.03697,0.027206,0.016272,0.012106,0.018355,0.011716,0.010154,0.011716,0.008852,0.006509,0.009503,0.012627,0.012757,0.032283,0.054153,0.122104,0.038071,0.076142,0.104061,0.122462,0.094543,0.097716,0.069797,0.07868,0.049492,0.050761,0.024112,0.036802,0.02665,0.02665,0.015228,0.013959,0.015228,0.011421,0.005076,0.003807,0.003807,0.005076,0.001269,0.001269,0.0,0.001269,0.002538,0.0,0.003807,0.002538,0.002538,0.002538,0.0,0.001269,0.001269,0.002538,0.0,0.0,0.0,0.007614
Zone_DH325,0.018581,0.029279,0.033784,0.041667,0.037162,0.032095,0.027027,0.021959,0.028716,0.032658,0.030405,0.019707,0.032658,0.030405,0.029279,0.027027,0.01464,0.019144,0.02027,0.036036,0.027027,0.025901,0.030968,0.030405,0.025338,0.024775,0.028153,0.040541,0.028153,0.025901,0.033784,0.031532,0.021396,0.029279,0.018581,0.015766,0.209763,0.0,0.001497,0.003799,0.004605,0.004605,0.004145,0.001842,0.005066,0.005526,0.007829,0.011973,0.011513,0.012434,0.019341,0.027976,0.048123,0.077942,0.092332,0.051117,0.037301,0.02222,0.017154,0.011628,0.020378,0.010822,0.008059,0.009901,0.00921,0.007598,0.011628,0.015312,0.013125,0.031775,0.052038,0.120424,0.031532,0.06982,0.128378,0.149212,0.085023,0.091216,0.073198,0.067568,0.056306,0.04955,0.031532,0.029279,0.021396,0.019144,0.013514,0.016892,0.010135,0.010135,0.007883,0.005631,0.004505,0.001126,0.003378,0.003378,0.001126,0.002252,0.001126,0.002252,0.001126,0.002252,0.001126,0.001126,0.0,0.001126,0.001126,0.003378,0.001126,0.0,0.0,0.001126
Zone_DH326,0.083333,0.100198,0.069444,0.034722,0.025794,0.021825,0.011905,0.005952,0.012897,0.014881,0.008929,0.010913,0.029762,0.021825,0.016865,0.014881,0.005952,0.012897,0.100198,0.09127,0.056548,0.030754,0.018849,0.021825,0.008929,0.012897,0.009921,0.017857,0.015873,0.010913,0.035714,0.019841,0.010913,0.016865,0.00496,0.012897,0.198385,0.000769,0.001922,0.003076,0.001922,0.003845,0.001538,0.001922,0.001922,0.00346,0.005767,0.009996,0.006536,0.006151,0.01115,0.015379,0.033449,0.151865,0.160323,0.036524,0.022684,0.009612,0.01115,0.007305,0.013841,0.004614,0.004229,0.005383,0.004998,0.004614,0.008843,0.009612,0.00692,0.016917,0.033833,0.179546,0.025794,0.049603,0.107143,0.277778,0.065476,0.061508,0.055556,0.039683,0.03373,0.03869,0.032738,0.031746,0.021825,0.020833,0.02381,0.024802,0.009921,0.014881,0.007937,0.005952,0.006944,0.002976,0.006944,0.006944,0.002976,0.001984,0.002976,0.002976,0.005952,0.001984,0.0,0.000992,0.0,0.0,0.0,0.001984,0.000992,0.000992,0.0,0.002976
Zone_DH327,0.084351,0.17869,0.081021,0.022198,0.034406,0.022198,0.00333,0.00333,0.00333,0.008879,0.006659,0.00444,0.016648,0.013319,0.011099,0.00333,0.00333,0.008879,0.110988,0.147614,0.068812,0.019978,0.012209,0.033296,0.006659,0.006659,0.011099,0.013319,0.00444,0.00222,0.029967,0.006659,0.00222,0.00222,0.00333,0.008879,0.189977,0.001232,0.001643,0.001643,0.001643,0.002054,0.001232,0.002875,0.001643,0.001643,0.002054,0.002465,0.002465,0.004518,0.009037,0.011091,0.026289,0.189772,0.19429,0.030396,0.013144,0.009448,0.006161,0.003697,0.003697,0.002875,0.002465,0.004518,0.003697,0.001643,0.006572,0.005751,0.006983,0.011501,0.023003,0.216882,0.027747,0.047725,0.09323,0.337403,0.054384,0.038846,0.037736,0.025527,0.031077,0.036626,0.029967,0.029967,0.019978,0.028857,0.029967,0.022198,0.008879,0.014428,0.013319,0.012209,0.006659,0.00333,0.007769,0.007769,0.006659,0.00222,0.00444,0.00444,0.007769,0.00222,0.0,0.00111,0.0,0.00111,0.0,0.0,0.0,0.00111,0.0,0.00333
Zone_DH328,0.022796,0.208207,0.086626,0.039514,0.053191,0.024316,0.007599,0.004559,0.00304,0.007599,0.00304,0.007599,0.012158,0.004559,0.009119,0.006079,0.004559,0.019757,0.045593,0.18541,0.080547,0.019757,0.012158,0.051672,0.006079,0.009119,0.006079,0.006079,0.00152,0.004559,0.009119,0.004559,0.00304,0.00152,0.007599,0.021277,0.195052,0.001151,0.001726,0.002301,0.002301,0.003452,0.002301,0.003452,0.002301,0.001726,0.002301,0.002301,0.003452,0.004603,0.010357,0.012658,0.031646,0.172037,0.174914,0.033947,0.017261,0.01496,0.008055,0.005178,0.002301,0.002877,0.005178,0.005754,0.003452,0.006329,0.00748,0.005754,0.009781,0.013809,0.024741,0.203107,0.034954,0.079027,0.103343,0.287234,0.056231,0.051672,0.033435,0.030395,0.033435,0.050152,0.024316,0.012158,0.016717,0.031915,0.041033,0.028875,0.006079,0.012158,0.013678,0.010638,0.007599,0.004559,0.00304,0.00304,0.004559,0.004559,0.00304,0.00152,0.00304,0.00152,0.0,0.0,0.0,0.00152,0.00152,0.0,0.0,0.0,0.0,0.00304
Zone_DH329,0.048507,0.093284,0.067164,0.023321,0.039179,0.01959,0.003731,0.003731,0.008396,0.010261,0.004664,0.007463,0.012127,0.00653,0.017724,0.018657,0.031716,0.055037,0.080224,0.063433,0.0625,0.031716,0.018657,0.041978,0.008396,0.008396,0.009328,0.007463,0.009328,0.005597,0.011194,0.014925,0.015858,0.014925,0.031716,0.093284,0.214708,0.001426,0.003667,0.001833,0.004482,0.006111,0.00713,0.005296,0.004074,0.003259,0.007333,0.001833,0.009778,0.007945,0.012019,0.016297,0.036667,0.11591,0.130576,0.038908,0.021389,0.017111,0.015685,0.010389,0.00713,0.009574,0.007741,0.007741,0.010593,0.009574,0.020574,0.008556,0.0165,0.021593,0.033815,0.152781,0.028918,0.077425,0.152985,0.18097,0.093284,0.08209,0.046642,0.043843,0.051306,0.064366,0.028918,0.026119,0.011194,0.014925,0.007463,0.009328,0.00653,0.012127,0.012127,0.005597,0.005597,0.001866,0.001866,0.001866,0.004664,0.005597,0.001866,0.001866,0.0,0.0,0.001866,0.0,0.001866,0.001866,0.002799,0.001866,0.0,0.0,0.0,0.008396
Zone_DH330,0.06,0.030667,0.022667,0.012667,0.012,0.007333,0.009333,0.004,0.015333,0.006,0.008667,0.010667,0.011333,0.024667,0.027333,0.052,0.099333,0.071333,0.078667,0.025333,0.020667,0.012,0.012,0.011333,0.004667,0.004667,0.009333,0.005333,0.014,0.013333,0.012667,0.026,0.029333,0.046,0.072,0.117333,0.220994,0.000448,0.00209,0.000747,0.005376,0.008661,0.004629,0.001493,0.004181,0.005973,0.007167,0.005226,0.009855,0.009407,0.011796,0.021502,0.035837,0.094819,0.119904,0.039869,0.02852,0.016127,0.021054,0.013588,0.01538,0.01329,0.012842,0.007765,0.013737,0.009109,0.014484,0.016425,0.018964,0.021054,0.038823,0.128864,0.038,0.112667,0.188,0.134,0.120667,0.072,0.053333,0.059333,0.042,0.033333,0.023333,0.021333,0.014,0.012,0.005333,0.009333,0.002667,0.007333,0.007333,0.001333,0.004,0.002,0.002667,0.002667,0.005333,0.004,0.001333,0.002667,0.0,0.0,0.002667,0.001333,0.001333,0.001333,0.002,0.001333,0.0,0.0,0.0,0.008
Zone_DH331,0.060716,0.02793,0.026108,0.031573,0.016393,0.010929,0.021858,0.003036,0.016393,0.006072,0.009715,0.009715,0.010322,0.026715,0.02793,0.051002,0.104432,0.056466,0.051002,0.037644,0.015179,0.013358,0.015179,0.013965,0.029144,0.005464,0.007286,0.004857,0.010322,0.011536,0.01275,0.023679,0.02793,0.042502,0.079539,0.08136,0.219391,0.000693,0.001939,0.001247,0.00277,0.007064,0.00374,0.003047,0.004709,0.004709,0.005817,0.004294,0.009003,0.008449,0.015374,0.024238,0.037119,0.09723,0.118837,0.042105,0.028532,0.018698,0.02133,0.016759,0.014404,0.01482,0.01108,0.006371,0.014404,0.009418,0.011496,0.015651,0.01856,0.021468,0.043075,0.122161,0.065574,0.123862,0.168185,0.149362,0.119611,0.06861,0.061931,0.05343,0.03643,0.03218,0.026108,0.015179,0.013358,0.009715,0.003643,0.004857,0.002429,0.004857,0.00425,0.001214,0.007286,0.000607,0.001214,0.001214,0.004857,0.003036,0.001214,0.002429,0.0,0.0,0.001214,0.001214,0.001214,0.001214,0.000607,0.000607,0.0,0.0,0.0,0.007286
Zone_DH332,0.05123,0.028689,0.017418,0.044057,0.021516,0.044057,0.118852,0.007172,0.008197,0.007172,0.007172,0.010246,0.008197,0.027664,0.01127,0.026639,0.050205,0.032787,0.043033,0.028689,0.018443,0.012295,0.027664,0.028689,0.154713,0.010246,0.006148,0.009221,0.009221,0.003074,0.004098,0.010246,0.014344,0.019467,0.038934,0.038934,0.21535,0.000226,0.001354,0.000903,0.001806,0.005643,0.001806,0.004515,0.002709,0.004063,0.004966,0.001806,0.005643,0.003612,0.015801,0.024153,0.034989,0.131603,0.140406,0.036795,0.027314,0.017833,0.017833,0.013995,0.009255,0.011287,0.004966,0.00316,0.007901,0.006998,0.01219,0.014221,0.011512,0.018962,0.035892,0.148533,0.080943,0.099385,0.161885,0.169057,0.121926,0.070697,0.079918,0.046107,0.039959,0.028689,0.02459,0.025615,0.014344,0.004098,0.003074,0.002049,0.002049,0.002049,0.0,0.0,0.006148,0.002049,0.002049,0.0,0.002049,0.003074,0.002049,0.002049,0.0,0.0,0.0,0.0,0.0,0.0,0.0,0.0,0.0,0.0,0.0,0.004098
Zone_DH333,0.060714,0.014286,0.010714,0.067857,0.025,0.071429,0.142857,0.010714,0.007143,0.021429,0.008929,0.007143,0.003571,0.010714,0.028571,0.014286,0.017857,0.025,0.017857,0.05,0.021429,0.014286,0.032143,0.026786,0.164286,0.021429,0.016071,0.010714,0.017857,0.0,0.001786,0.007143,0.007143,0.003571,0.014286,0.025,0.232451,0.0,0.0,0.0,0.0,0.006137,0.003836,0.007672,0.001534,0.001534,0.006137,0.007672,0.001918,0.009206,0.007672,0.023015,0.024933,0.147296,0.14883,0.032221,0.013042,0.009973,0.012275,0.01074,0.006137,0.004603,0.00537,0.003069,0.006904,0.006904,0.016878,0.016878,0.011124,0.02033,0.03529,0.15842,0.073214,0.071429,0.164286,0.132143,0.108929,0.091071,0.082143,0.069643,0.057143,0.003571,0.017857,0.0375,0.007143,0.003571,0.008929,0.003571,0.0,0.0,0.003571,0.0,0.0,0.007143,0.014286,0.0,0.003571,0.003571,0.010714,0.0,0.003571,0.0,0.0,0.003571,0.0,0.003571,0.0,0.0,0.0,0.0,0.0,0.014286
Zone_DH334,0.074419,0.013953,0.027907,0.023256,0.018605,0.023256,0.023256,0.009302,0.009302,0.027907,0.025581,0.04186,0.009302,0.013953,0.046512,0.032558,0.032558,0.088372,0.04186,0.032558,0.032558,0.023256,0.013953,0.011628,0.009302,0.023256,0.016279,0.037209,0.023256,0.004651,0.025581,0.027907,0.032558,0.027907,0.018605,0.055814,0.216116,0.0,0.001863,0.001863,0.001863,0.003726,0.003726,0.007452,0.005589,0.013041,0.018631,0.011178,0.009781,0.014905,0.013041,0.027946,0.042385,0.081975,0.064276,0.043782,0.032604,0.017699,0.022357,0.020494,0.016768,0.018631,0.017699,0.013041,0.014905,0.017699,0.020494,0.020494,0.026549,0.028412,0.044714,0.084304,0.046512,0.065116,0.12093,0.093023,0.104651,0.118605,0.055814,0.069767,0.069767,0.018605,0.027907,0.051163,0.023256,0.009302,0.009302,0.018605,0.009302,0.004651,0.009302,0.004651,0.0,0.013953,0.018605,0.0,0.0,0.0,0.013953,0.0,0.004651,0.0,0.004651,0.004651,0.0,0.0,0.0,0.0,0.0,0.0,0.0,0.009302
Zone_DH335,0.101449,0.014493,0.028986,0.019324,0.014493,0.033816,0.024155,0.014493,0.028986,0.024155,0.024155,0.038647,0.009662,0.009662,0.014493,0.024155,0.024155,0.101449,0.082126,0.024155,0.028986,0.019324,0.014493,0.009662,0.009662,0.019324,0.009662,0.033816,0.024155,0.004831,0.024155,0.019324,0.024155,0.028986,0.009662,0.062802,0.209971,0.0,0.001918,0.001918,0.001918,0.005753,0.005753,0.005753,0.00767,0.013423,0.019175,0.011505,0.009588,0.011505,0.01534,0.017258,0.038351,0.10163,0.078619,0.046021,0.026846,0.01534,0.017258,0.023011,0.011505,0.013423,0.01534,0.013423,0.011505,0.01534,0.021093,0.01534,0.021093,0.028763,0.049856,0.097795,0.033816,0.043478,0.135266,0.115942,0.120773,0.111111,0.057971,0.057971,0.077295,0.028986,0.024155,0.048309,0.028986,0.019324,0.009662,0.019324,0.009662,0.004831,0.009662,0.0,0.0,0.004831,0.014493,0.0,0.0,0.0,0.004831,0.0,0.0,0.0,0.004831,0.004831,0.0,0.0,0.0,0.004831,0.0,0.0,0.0,0.004831
Zone_DH336,0.144737,0.026316,0.052632,0.013158,0.0,0.039474,0.026316,0.026316,0.065789,0.013158,0.013158,0.039474,0.0,0.013158,0.026316,0.026316,0.013158,0.118421,0.105263,0.026316,0.013158,0.013158,0.0,0.026316,0.013158,0.026316,0.0,0.013158,0.0,0.0,0.013158,0.0,0.013158,0.013158,0.013158,0.052632,0.258065,0.0,0.0,0.0,0.006452,0.006452,0.006452,0.0,0.012903,0.006452,0.006452,0.012903,0.006452,0.006452,0.012903,0.006452,0.03871,0.090323,0.090323,0.03871,0.025806,0.025806,0.006452,0.012903,0.006452,0.0,0.025806,0.019355,0.006452,0.006452,0.012903,0.0,0.025806,0.045161,0.064516,0.109677,0.026316,0.065789,0.105263,0.223684,0.131579,0.092105,0.039474,0.026316,0.039474,0.026316,0.039474,0.0,0.039474,0.026316,0.013158,0.013158,0.0,0.0,0.0,0.0,0.0,0.0,0.013158,0.0,0.0,0.0,0.0,0.013158,0.0,0.026316,0.0,0.0,0.0,0.0,0.0,0.013158,0.0,0.0,0.0,0.026316
Zone_DH337,0.084507,0.028169,0.028169,0.0,0.028169,0.028169,0.0,0.0,0.0,0.056338,0.028169,0.056338,0.028169,0.112676,0.0,0.028169,0.0,0.028169,0.028169,0.0,0.056338,0.0,0.0,0.028169,0.042254,0.056338,0.0,0.028169,0.0,0.0,0.056338,0.028169,0.0,0.028169,0.028169,0.084507,0.288591,0.0,0.013423,0.013423,0.013423,0.013423,0.013423,0.0,0.0,0.013423,0.013423,0.026846,0.013423,0.013423,0.0,0.0,0.013423,0.013423,0.026846,0.013423,0.026846,0.026846,0.026846,0.026846,0.026846,0.013423,0.053691,0.026846,0.026846,0.0,0.026846,0.013423,0.013423,0.026846,0.067114,0.09396,0.042254,0.056338,0.084507,0.056338,0.056338,0.056338,0.028169,0.0,0.028169,0.028169,0.0,0.028169,0.056338,0.028169,0.0,0.0,0.0,0.056338,0.056338,0.0,0.028169,0.0,0.056338,0.0,0.0,0.0,0.0,0.028169,0.028169,0.084507,0.0,0.0,0.0,0.0,0.0,0.0,0.0,0.0,0.028169,0.084507
Zone_DH338,0.08,0.032,0.0,0.0,0.048,0.016,0.016,0.0,0.0,0.048,0.032,0.032,0.016,0.08,0.016,0.016,0.016,0.048,0.048,0.016,0.064,0.0,0.016,0.016,0.024,0.032,0.0,0.032,0.0,0.0,0.048,0.016,0.016,0.048,0.064,0.064,0.262963,0.007407,0.007407,0.007407,0.007407,0.007407,0.011111,0.0,0.0,0.014815,0.007407,0.024074,0.022222,0.007407,0.007407,0.014815,0.044444,0.040741,0.018519,0.02963,0.037037,0.022222,0.044444,0.022222,0.02037,0.014815,0.02963,0.022222,0.014815,0.007407,0.037037,0.022222,0.014815,0.02963,0.051852,0.066667,0.024,0.032,0.064,0.064,0.032,0.064,0.016,0.0,0.016,0.032,0.016,0.016,0.048,0.032,0.0,0.024,0.04,0.048,0.048,0.0,0.032,0.032,0.048,0.0,0.0,0.016,0.0,0.0,0.032,0.048,0.0,0.0,0.0,0.0,0.0,0.0,0.0,0.016,0.016,0.144
Zone_DH339,0.027397,0.022831,0.0,0.004566,0.013699,0.009132,0.004566,0.0,0.004566,0.013699,0.009132,0.0,0.004566,0.045662,0.027397,0.018265,0.182648,0.086758,0.022831,0.018265,0.022831,0.004566,0.018265,0.004566,0.004566,0.004566,0.004566,0.031963,0.009132,0.0,0.009132,0.018265,0.004566,0.009132,0.219178,0.118721,0.199285,0.001787,0.0,0.003575,0.001787,0.005362,0.005362,0.012511,0.003575,0.005362,0.007149,0.003575,0.007149,0.001787,0.025022,0.023235,0.028597,0.142985,0.132261,0.021448,0.021448,0.030384,0.014298,0.010724,0.007149,0.010724,0.005362,0.005362,0.014298,0.005362,0.008937,0.012511,0.008937,0.010724,0.01966,0.182306,0.013699,0.03653,0.068493,0.146119,0.123288,0.050228,0.050228,0.068493,0.041096,0.009132,0.041096,0.013699,0.031963,0.041096,0.004566,0.009132,0.022831,0.018265,0.013699,0.004566,0.054795,0.013699,0.004566,0.0,0.004566,0.013699,0.009132,0.004566,0.009132,0.004566,0.004566,0.004566,0.0,0.0,0.0,0.0,0.0,0.0,0.013699,0.050228
Zone_DH340,0.050473,0.028391,0.0,0.006309,0.012618,0.009464,0.003155,0.0,0.009464,0.009464,0.003155,0.003155,0.012618,0.0347,0.031546,0.018927,0.164038,0.100946,0.028391,0.018927,0.018927,0.012618,0.012618,0.003155,0.003155,0.006309,0.012618,0.018927,0.009464,0.003155,0.025237,0.018927,0.012618,0.015773,0.157729,0.123028,0.195826,0.003683,0.001228,0.002455,0.002455,0.008594,0.003683,0.009822,0.008594,0.003683,0.008594,0.006139,0.01105,0.006139,0.019644,0.024555,0.02701,0.12523,0.122775,0.02701,0.019644,0.022099,0.013505,0.014733,0.014733,0.009822,0.007366,0.004911,0.013505,0.01105,0.012277,0.014733,0.018416,0.01105,0.025783,0.168201,0.018927,0.044164,0.056782,0.119874,0.138801,0.031546,0.063091,0.085174,0.044164,0.022082,0.0347,0.031546,0.025237,0.044164,0.009464,0.022082,0.012618,0.018927,0.012618,0.012618,0.0347,0.012618,0.009464,0.0,0.003155,0.006309,0.012618,0.003155,0.009464,0.003155,0.012618,0.003155,0.0,0.0,0.0,0.0,0.003155,0.003155,0.006309,0.028391
Zone_DH341,0.09127,0.035714,0.011905,0.027778,0.02381,0.02381,0.0,0.0,0.02381,0.011905,0.007937,0.011905,0.015873,0.019841,0.019841,0.02381,0.09127,0.079365,0.06746,0.051587,0.027778,0.02381,0.011905,0.003968,0.003968,0.007937,0.011905,0.007937,0.007937,0.003968,0.035714,0.02381,0.015873,0.015873,0.083333,0.075397,0.221088,0.005102,0.003401,0.001701,0.001701,0.010204,0.003401,0.005102,0.013605,0.003401,0.011905,0.011905,0.013605,0.011905,0.015306,0.02551,0.035714,0.078231,0.088435,0.037415,0.027211,0.011905,0.017007,0.015306,0.017007,0.010204,0.013605,0.006803,0.011905,0.017007,0.017007,0.032313,0.028912,0.02551,0.042517,0.107143,0.031746,0.055556,0.051587,0.075397,0.099206,0.035714,0.071429,0.059524,0.039683,0.039683,0.035714,0.043651,0.031746,0.039683,0.019841,0.031746,0.011905,0.019841,0.031746,0.015873,0.019841,0.015873,0.02381,0.003968,0.003968,0.007937,0.007937,0.0,0.007937,0.0,0.011905,0.0,0.0,0.0,0.0,0.0,0.007937,0.011905,0.003968,0.031746
Zone_DH342,0.085973,0.045249,0.022624,0.049774,0.027149,0.058824,0.00905,0.0,0.022624,0.013575,0.004525,0.0181,0.0181,0.0181,0.0181,0.0181,0.0181,0.049774,0.067873,0.058824,0.022624,0.031674,0.036199,0.0181,0.022624,0.013575,0.013575,0.045249,0.027149,0.00905,0.022624,0.00905,0.013575,0.027149,0.027149,0.036199,0.233627,0.005865,0.005865,0.00391,0.005865,0.00391,0.005865,0.009775,0.01564,0.00782,0.01564,0.013685,0.017595,0.013685,0.01564,0.031281,0.01955,0.046921,0.058651,0.043011,0.021505,0.013685,0.01564,0.00782,0.013685,0.013685,0.02346,0.013685,0.017595,0.017595,0.01564,0.031281,0.029326,0.050831,0.043011,0.097752,0.067873,0.076923,0.054299,0.058824,0.104072,0.054299,0.067873,0.040724,0.045249,0.040724,0.036199,0.040724,0.031674,0.022624,0.0181,0.031674,0.022624,0.004525,0.027149,0.00905,0.013575,0.00905,0.0181,0.004525,0.0,0.00905,0.00905,0.004525,0.013575,0.00905,0.0,0.0,0.00905,0.0,0.0,0.0,0.004525,0.013575,0.0,0.027149
Zone_DH343,0.066298,0.044199,0.027624,0.055249,0.049724,0.066298,0.016575,0.0,0.016575,0.016575,0.005525,0.016575,0.01105,0.01105,0.01105,0.005525,0.01105,0.049724,0.071823,0.060773,0.027624,0.044199,0.033149,0.033149,0.033149,0.022099,0.022099,0.049724,0.027624,0.005525,0.01105,0.005525,0.005525,0.022099,0.016575,0.027624,0.236938,0.00243,0.00486,0.00243,0.00729,0.00243,0.00486,0.00729,0.012151,0.009721,0.012151,0.00729,0.017011,0.017011,0.017011,0.036452,0.024301,0.053463,0.055893,0.051033,0.026731,0.014581,0.021871,0.00729,0.012151,0.009721,0.021871,0.012151,0.012151,0.00729,0.014581,0.024301,0.021871,0.043742,0.041312,0.126367,0.071823,0.093923,0.055249,0.055249,0.127072,0.055249,0.055249,0.055249,0.060773,0.038674,0.033149,0.044199,0.044199,0.01105,0.016575,0.01105,0.016575,0.005525,0.027624,0.01105,0.01105,0.005525,0.01105,0.005525,0.005525,0.005525,0.005525,0.005525,0.01105,0.005525,0.0,0.0,0.01105,0.0,0.0,0.0,0.005525,0.005525,0.0,0.016575
Zone_DH344,0.013514,0.013514,0.027027,0.054054,0.054054,0.081081,0.027027,0.0,0.027027,0.040541,0.0,0.013514,0.013514,0.0,0.0,0.0,0.013514,0.013514,0.027027,0.040541,0.013514,0.054054,0.040541,0.067568,0.040541,0.054054,0.013514,0.108108,0.054054,0.013514,0.0,0.0,0.0,0.054054,0.0,0.027027,0.25641,0.0,0.0,0.0,0.012821,0.00641,0.0,0.012821,0.012821,0.00641,0.012821,0.012821,0.038462,0.012821,0.038462,0.038462,0.019231,0.038462,0.025641,0.038462,0.051282,0.025641,0.032051,0.00641,0.019231,0.0,0.00641,0.00641,0.019231,0.012821,0.025641,0.00641,0.019231,0.038462,0.012821,0.134615,0.040541,0.121622,0.040541,0.054054,0.135135,0.108108,0.040541,0.081081,0.054054,0.040541,0.027027,0.027027,0.054054,0.027027,0.0,0.013514,0.0,0.013514,0.013514,0.0,0.0,0.013514,0.0,0.0,0.013514,0.0,0.013514,0.0,0.0,0.013514,0.0,0.013514,0.0,0.0,0.0,0.0,0.0,0.0,0.0,0.040541
Zone_DH345,0.103448,0.034483,0.034483,0.0,0.034483,0.034483,0.0,0.0,0.0,0.0,0.034483,0.0,0.0,0.034483,0.0,0.0,0.0,0.034483,0.034483,0.034483,0.103448,0.103448,0.0,0.034483,0.034483,0.0,0.0,0.034483,0.0,0.0,0.0,0.034483,0.0,0.137931,0.0,0.103448,0.235772,0.0,0.0,0.01626,0.0,0.04878,0.0,0.0,0.01626,0.03252,0.03252,0.01626,0.01626,0.0,0.01626,0.01626,0.0,0.01626,0.04878,0.03252,0.065041,0.04878,0.0,0.01626,0.01626,0.01626,0.0,0.01626,0.01626,0.01626,0.01626,0.01626,0.065041,0.04878,0.03252,0.065041,0.0,0.034483,0.034483,0.034483,0.034483,0.103448,0.103448,0.103448,0.0,0.034483,0.0,0.034483,0.068966,0.0,0.034483,0.0,0.0,0.0,0.068966,0.0,0.0,0.0,0.0,0.0,0.0,0.0,0.0,0.0,0.0,0.034483,0.0,0.034483,0.0,0.0,0.034483,0.0,0.0,0.034483,0.0,0.172414
Zone_DH346,0.076923,0.115385,0.076923,0.0,0.0,0.038462,0.0,0.0,0.0,0.038462,0.038462,0.0,0.0,0.0,0.0,0.0,0.038462,0.0,0.0,0.076923,0.153846,0.076923,0.0,0.0,0.0,0.0,0.0,0.0,0.0,0.0,0.0,0.038462,0.038462,0.076923,0.0,0.115385,0.245283,0.0,0.0,0.0,0.018868,0.018868,0.018868,0.0,0.018868,0.037736,0.018868,0.0,0.018868,0.056604,0.018868,0.018868,0.018868,0.037736,0.037736,0.037736,0.037736,0.037736,0.0,0.0,0.018868,0.018868,0.018868,0.0,0.0,0.0,0.0,0.037736,0.018868,0.056604,0.056604,0.075472,0.0,0.0,0.038462,0.0,0.0,0.076923,0.038462,0.038462,0.076923,0.076923,0.038462,0.076923,0.038462,0.0,0.038462,0.0,0.0,0.0,0.038462,0.0,0.0,0.038462,0.0,0.0,0.0,0.0,0.0,0.038462,0.0,0.076923,0.0,0.038462,0.0,0.0,0.0,0.0,0.0,0.038462,0.0,0.192308
Zone_DH347,0.066667,0.2,0.066667,0.0,0.0,0.0,0.0,0.0,0.0,0.066667,0.0,0.0,0.0,0.0,0.0,0.0,0.066667,0.0,0.0,0.066667,0.066667,0.066667,0.0,0.0,0.0,0.0,0.0,0.133333,0.0,0.0,0.0,0.066667,0.066667,0.0,0.0,0.066667,0.238095,0.0,0.0,0.0,0.063492,0.0,0.063492,0.0,0.0,0.031746,0.0,0.0,0.0,0.095238,0.031746,0.0,0.031746,0.031746,0.063492,0.031746,0.031746,0.0,0.0,0.0,0.031746,0.031746,0.0,0.031746,0.031746,0.0,0.031746,0.031746,0.0,0.031746,0.031746,0.031746,0.0,0.0,0.0,0.0,0.0,0.066667,0.0,0.0,0.133333,0.133333,0.066667,0.133333,0.0,0.0,0.066667,0.0,0.0,0.0,0.0,0.0,0.0,0.066667,0.0,0.066667,0.0,0.0,0.0,0.066667,0.0,0.066667,0.0,0.0,0.0,0.066667,0.0,0.0,0.0,0.0,0.0,0.066667
Zone_DH350,0.039604,0.0,0.0,0.0,0.0,0.019802,0.0,0.039604,0.0,0.039604,0.039604,0.019802,0.079208,0.0,0.09901,0.039604,0.079208,0.0,0.039604,0.029703,0.0,0.0,0.019802,0.019802,0.039604,0.0,0.019802,0.039604,0.059406,0.019802,0.019802,0.039604,0.019802,0.079208,0.019802,0.039604,0.237975,0.0,0.0,0.010127,0.0,0.0,0.0,0.010127,0.03038,0.020253,0.0,0.010127,0.0,0.03038,0.0,0.050633,0.040506,0.111392,0.03038,0.060759,0.03038,0.010127,0.020253,0.0,0.010127,0.020253,0.020253,0.010127,0.010127,0.0,0.020253,0.020253,0.020253,0.020253,0.010127,0.134177,0.059406,0.089109,0.019802,0.019802,0.059406,0.059406,0.079208,0.019802,0.039604,0.059406,0.019802,0.019802,0.019802,0.019802,0.059406,0.019802,0.019802,0.0,0.019802,0.019802,0.0,0.0,0.0,0.019802,0.019802,0.019802,0.019802,0.039604,0.019802,0.0,0.0,0.0,0.0,0.0,0.0,0.019802,0.0,0.0,0.0,0.118812
Zone_DH351,0.021505,0.010753,0.0,0.021505,0.0,0.021505,0.0,0.021505,0.0,0.032258,0.053763,0.048387,0.053763,0.010753,0.053763,0.032258,0.053763,0.0,0.043011,0.016129,0.0,0.0,0.010753,0.021505,0.021505,0.010753,0.021505,0.053763,0.129032,0.053763,0.021505,0.053763,0.021505,0.043011,0.021505,0.021505,0.242188,0.0,0.005208,0.005208,0.005208,0.0,0.0,0.010417,0.015625,0.020833,0.0,0.005208,0.005208,0.015625,0.010417,0.03125,0.036458,0.078125,0.041667,0.036458,0.036458,0.015625,0.03125,0.0,0.015625,0.020833,0.015625,0.010417,0.020833,0.015625,0.010417,0.020833,0.026042,0.026042,0.058594,0.110677,0.032258,0.069892,0.010753,0.021505,0.043011,0.064516,0.053763,0.043011,0.043011,0.053763,0.032258,0.032258,0.021505,0.021505,0.053763,0.010753,0.010753,0.010753,0.021505,0.032258,0.010753,0.0,0.021505,0.032258,0.032258,0.010753,0.010753,0.021505,0.010753,0.010753,0.0,0.0,0.010753,0.0,0.0,0.010753,0.0,0.0,0.010753,0.123656
Zone_DH352,0.0,0.013889,0.0,0.027778,0.0,0.027778,0.027778,0.027778,0.0,0.013889,0.069444,0.055556,0.083333,0.027778,0.069444,0.013889,0.013889,0.0,0.0,0.013889,0.0,0.0,0.0,0.027778,0.013889,0.013889,0.0,0.069444,0.152778,0.083333,0.027778,0.055556,0.013889,0.027778,0.013889,0.013889,0.261438,0.0,0.013072,0.006536,0.006536,0.0,0.0,0.013072,0.013072,0.013072,0.0,0.006536,0.006536,0.019608,0.019608,0.026144,0.019608,0.045752,0.039216,0.026144,0.058824,0.013072,0.03268,0.013072,0.026144,0.013072,0.013072,0.006536,0.019608,0.019608,0.013072,0.019608,0.03268,0.013072,0.091503,0.078431,0.013889,0.041667,0.013889,0.013889,0.027778,0.055556,0.055556,0.069444,0.069444,0.069444,0.041667,0.013889,0.013889,0.013889,0.069444,0.013889,0.013889,0.013889,0.013889,0.013889,0.013889,0.0,0.027778,0.0,0.027778,0.027778,0.013889,0.013889,0.013889,0.013889,0.013889,0.0,0.013889,0.0,0.013889,0.0,0.0,0.0,0.013889,0.138889
Zone_DH353,0.060606,0.030303,0.030303,0.030303,0.0,0.060606,0.060606,0.0,0.0,0.0,0.030303,0.060606,0.060606,0.030303,0.090909,0.030303,0.030303,0.0,0.0,0.030303,0.030303,0.0,0.030303,0.030303,0.0,0.0,0.030303,0.0,0.060606,0.060606,0.030303,0.060606,0.0,0.0,0.030303,0.0,0.291339,0.0,0.015748,0.0,0.0,0.0,0.0,0.0,0.031496,0.0,0.015748,0.015748,0.0,0.0,0.031496,0.031496,0.031496,0.0,0.0,0.047244,0.031496,0.015748,0.015748,0.047244,0.047244,0.0,0.0,0.031496,0.015748,0.062992,0.031496,0.015748,0.031496,0.031496,0.094488,0.015748,0.0,0.060606,0.030303,0.0,0.030303,0.060606,0.060606,0.090909,0.030303,0.030303,0.030303,0.030303,0.030303,0.030303,0.060606,0.0,0.0,0.030303,0.0,0.0,0.030303,0.0,0.0,0.0,0.0,0.030303,0.0,0.0,0.0,0.030303,0.030303,0.0,0.0,0.0,0.030303,0.0,0.030303,0.0,0.0,0.212121
Zone_DH354,0.060606,0.090909,0.060606,0.030303,0.060606,0.090909,0.0,0.0,0.0,0.0,0.0,0.030303,0.030303,0.0,0.030303,0.030303,0.0,0.030303,0.030303,0.060606,0.060606,0.030303,0.060606,0.030303,0.0,0.0,0.030303,0.0,0.0,0.0,0.0,0.090909,0.0,0.0,0.030303,0.030303,0.255814,0.0,0.0,0.0,0.0,0.0,0.0,0.0,0.015504,0.0,0.015504,0.0,0.0,0.0,0.046512,0.031008,0.031008,0.062016,0.0,0.062016,0.046512,0.015504,0.046512,0.046512,0.046512,0.0,0.0,0.031008,0.015504,0.015504,0.031008,0.031008,0.062016,0.046512,0.031008,0.015504,0.0,0.030303,0.030303,0.0,0.060606,0.090909,0.090909,0.060606,0.0,0.060606,0.060606,0.060606,0.030303,0.0,0.030303,0.0,0.0,0.0,0.0,0.030303,0.030303,0.0,0.0,0.030303,0.0,0.0,0.0,0.0,0.0,0.0,0.0,0.0,0.030303,0.0,0.030303,0.0,0.030303,0.030303,0.0,0.181818
Zone_DH355,0.094118,0.152941,0.035294,0.023529,0.035294,0.023529,0.023529,0.0,0.011765,0.0,0.0,0.011765,0.0,0.011765,0.023529,0.023529,0.035294,0.070588,0.105882,0.035294,0.058824,0.011765,0.023529,0.035294,0.0,0.0,0.023529,0.023529,0.0,0.0,0.0,0.023529,0.023529,0.0,0.023529,0.035294,0.236769,0.0,0.005571,0.0,0.005571,0.0,0.005571,0.0,0.016713,0.011142,0.011142,0.005571,0.005571,0.011142,0.022284,0.027855,0.050139,0.05571,0.033426,0.066852,0.038997,0.011142,0.022284,0.027855,0.027855,0.011142,0.011142,0.038997,0.0,0.011142,0.022284,0.027855,0.033426,0.033426,0.022284,0.089136,0.0,0.070588,0.094118,0.129412,0.058824,0.047059,0.082353,0.011765,0.023529,0.105882,0.047059,0.023529,0.0,0.011765,0.023529,0.0,0.011765,0.0,0.011765,0.011765,0.011765,0.011765,0.011765,0.023529,0.011765,0.0,0.011765,0.011765,0.011765,0.011765,0.0,0.0,0.011765,0.0,0.0,0.0,0.0,0.011765,0.0,0.094118
Zone_DH356,0.071895,0.143791,0.052288,0.026144,0.039216,0.019608,0.026144,0.019608,0.013072,0.006536,0.0,0.0,0.0,0.013072,0.013072,0.03268,0.03268,0.052288,0.078431,0.084967,0.078431,0.026144,0.013072,0.019608,0.0,0.0,0.006536,0.019608,0.0,0.013072,0.0,0.013072,0.013072,0.0,0.019608,0.052288,0.232593,0.0,0.002963,0.0,0.002963,0.002963,0.005926,0.002963,0.008889,0.005926,0.011852,0.005926,0.008889,0.017778,0.014815,0.017778,0.056296,0.077037,0.08,0.05037,0.035556,0.026667,0.011852,0.011852,0.020741,0.011852,0.008889,0.017778,0.011852,0.005926,0.008889,0.017778,0.023704,0.02963,0.044444,0.106667,0.03268,0.03268,0.091503,0.130719,0.045752,0.058824,0.052288,0.026144,0.026144,0.058824,0.039216,0.039216,0.026144,0.006536,0.026144,0.006536,0.006536,0.026144,0.019608,0.006536,0.045752,0.006536,0.006536,0.013072,0.006536,0.013072,0.013072,0.006536,0.006536,0.019608,0.006536,0.006536,0.0,0.006536,0.006536,0.006536,0.0,0.006536,0.006536,0.058824
Zone_DH357,0.056122,0.056122,0.040816,0.020408,0.035714,0.015306,0.015306,0.030612,0.02551,0.02551,0.020408,0.005102,0.015306,0.010204,0.040816,0.02551,0.02551,0.035714,0.040816,0.081633,0.045918,0.015306,0.010204,0.030612,0.010204,0.02551,0.010204,0.035714,0.030612,0.030612,0.020408,0.005102,0.005102,0.030612,0.030612,0.040816,0.223744,0.002283,0.002283,0.0,0.002283,0.006849,0.006849,0.002283,0.004566,0.0,0.013699,0.009132,0.006849,0.009132,0.015982,0.025114,0.054795,0.079909,0.098174,0.057078,0.041096,0.022831,0.011416,0.011416,0.015982,0.020548,0.006849,0.013699,0.006849,0.0,0.004566,0.009132,0.018265,0.031963,0.050228,0.114155,0.040816,0.030612,0.102041,0.102041,0.040816,0.071429,0.056122,0.056122,0.030612,0.02551,0.040816,0.045918,0.040816,0.02551,0.035714,0.02551,0.010204,0.030612,0.015306,0.02551,0.035714,0.0,0.0,0.005102,0.0,0.010204,0.015306,0.0,0.0,0.010204,0.005102,0.010204,0.0,0.005102,0.005102,0.005102,0.0,0.0,0.005102,0.035714
Zone_DH358,0.026954,0.040431,0.018868,0.024259,0.024259,0.013477,0.024259,0.021563,0.040431,0.02965,0.040431,0.02965,0.032345,0.021563,0.02965,0.016173,0.021563,0.018868,0.026954,0.06469,0.018868,0.018868,0.013477,0.026954,0.013477,0.037736,0.043127,0.061995,0.048518,0.024259,0.032345,0.010782,0.013477,0.032345,0.016173,0.021563,0.218192,0.002303,0.002303,0.002303,0.001151,0.004606,0.006908,0.004606,0.002303,0.006908,0.005757,0.010363,0.014968,0.009211,0.02418,0.018423,0.054116,0.075993,0.08981,0.051813,0.033391,0.029937,0.017271,0.014968,0.01612,0.01612,0.009211,0.012666,0.010363,0.003454,0.010363,0.006908,0.01612,0.018423,0.050662,0.127807,0.037736,0.053908,0.105121,0.097035,0.070081,0.102426,0.06469,0.075472,0.037736,0.048518,0.037736,0.03504,0.024259,0.032345,0.016173,0.024259,0.016173,0.013477,0.005391,0.016173,0.016173,0.005391,0.0,0.002695,0.0,0.002695,0.008086,0.0,0.002695,0.002695,0.005391,0.005391,0.0,0.0,0.005391,0.002695,0.0,0.0,0.0,0.026954
Zone_DH359,0.017655,0.033898,0.039548,0.033898,0.028249,0.02048,0.028249,0.027542,0.03178,0.036723,0.036723,0.030367,0.026836,0.019774,0.024011,0.022599,0.015537,0.021186,0.015537,0.036723,0.018362,0.024011,0.033192,0.022599,0.027542,0.036723,0.039548,0.049435,0.039548,0.029661,0.019774,0.028249,0.018362,0.032486,0.017655,0.015537,0.213756,0.001186,0.001927,0.003706,0.002372,0.004744,0.005929,0.004744,0.004151,0.004151,0.005336,0.011266,0.012452,0.010673,0.023125,0.02772,0.060184,0.071302,0.082419,0.053365,0.035577,0.026831,0.016158,0.013193,0.015565,0.010969,0.009784,0.009487,0.008894,0.008598,0.007264,0.015565,0.019864,0.023125,0.057219,0.117403,0.060734,0.096045,0.132768,0.110876,0.091102,0.10452,0.069209,0.063559,0.045198,0.043785,0.024011,0.026836,0.022599,0.022599,0.012712,0.014124,0.009887,0.008475,0.002825,0.00565,0.002825,0.002825,0.0,0.001412,0.0,0.002825,0.00565,0.0,0.001412,0.002825,0.002825,0.001412,0.0,0.0,0.001412,0.001412,0.0,0.0,0.0,0.00565
Zone_DH360,0.020521,0.044044,0.090591,0.061061,0.032032,0.026527,0.026026,0.016517,0.020521,0.02953,0.021021,0.021522,0.021021,0.018018,0.012012,0.014014,0.01001,0.017017,0.017017,0.044044,0.072072,0.049049,0.02953,0.02002,0.022523,0.026026,0.024024,0.034034,0.028028,0.022022,0.016016,0.028028,0.015015,0.019019,0.010511,0.021021,0.212448,0.000415,0.001763,0.004046,0.002905,0.004979,0.005394,0.00249,0.004564,0.003734,0.005809,0.011618,0.008714,0.009959,0.018672,0.030602,0.04834,0.088278,0.100207,0.053112,0.032158,0.018568,0.015456,0.015041,0.015456,0.008506,0.008091,0.006224,0.007469,0.008921,0.00861,0.0139,0.01639,0.025,0.05166,0.130498,0.051051,0.09009,0.141141,0.153153,0.081582,0.092092,0.073073,0.055055,0.042042,0.043043,0.040541,0.025025,0.019019,0.015015,0.011011,0.012012,0.008008,0.007007,0.005005,0.004004,0.001001,0.001001,0.0,0.009009,0.002002,0.003003,0.002002,0.002002,0.001001,0.003003,0.003003,0.0,0.0,0.0,0.001001,0.001001,0.001001,0.0,0.0,0.001001
Zone_DH361,0.072705,0.095857,0.093014,0.048741,0.017872,0.014622,0.008123,0.004874,0.007311,0.010561,0.005686,0.01381,0.017059,0.012185,0.012998,0.012998,0.008936,0.019496,0.090983,0.086109,0.089358,0.052803,0.021933,0.012998,0.008123,0.009748,0.010561,0.016247,0.009748,0.007311,0.012185,0.018684,0.014622,0.017872,0.010561,0.033306,0.206775,0.000658,0.000658,0.002138,0.001644,0.00444,0.003618,0.002631,0.003618,0.003782,0.005097,0.006742,0.007893,0.009702,0.01151,0.021376,0.040122,0.134671,0.136808,0.044561,0.022692,0.011675,0.013977,0.009537,0.010853,0.005097,0.006824,0.006002,0.005262,0.006577,0.007399,0.008139,0.007893,0.017841,0.038313,0.173477,0.036962,0.073517,0.132413,0.237612,0.079204,0.06905,0.056864,0.042242,0.032494,0.030869,0.034931,0.033306,0.018684,0.018684,0.018684,0.017059,0.006499,0.005686,0.008123,0.006499,0.006499,0.002437,0.004062,0.008123,0.002437,0.001625,0.000812,0.003249,0.003249,0.001625,0.002437,0.0,0.0,0.000812,0.0,0.001625,0.000812,0.0,0.0,0.000812
Zone_DH362,0.073245,0.137297,0.096843,0.051486,0.02513,0.017162,0.006129,0.004291,0.005516,0.007662,0.005516,0.007968,0.009807,0.005516,0.008581,0.004291,0.012259,0.019001,0.089795,0.11186,0.080294,0.053938,0.02084,0.024517,0.007355,0.007355,0.01042,0.014404,0.005516,0.002452,0.01042,0.009807,0.006742,0.006742,0.011646,0.028195,0.197638,0.000477,0.00167,0.001551,0.001909,0.002983,0.003102,0.002923,0.003162,0.002088,0.004414,0.004176,0.006443,0.007278,0.009783,0.017897,0.038537,0.15224,0.156774,0.041222,0.018374,0.011812,0.01205,0.006443,0.007874,0.005011,0.005011,0.007039,0.006562,0.007159,0.007039,0.007338,0.00692,0.018195,0.03287,0.184036,0.039534,0.079375,0.125038,0.280723,0.071713,0.053019,0.041986,0.034324,0.034324,0.032485,0.02605,0.028195,0.018388,0.020227,0.023904,0.018388,0.009807,0.01042,0.009194,0.009194,0.006742,0.003065,0.004291,0.004291,0.003678,0.001839,0.001226,0.002452,0.002452,0.001226,0.000613,0.0,0.0,0.000613,0.0,0.001226,0.0,0.0,0.0,0.0
Zone_DH363,0.06234,0.137468,0.080882,0.059463,0.042839,0.030051,0.007033,0.003836,0.005115,0.005754,0.003197,0.007673,0.008312,0.001918,0.004795,0.007673,0.015026,0.019501,0.06234,0.109015,0.074808,0.053708,0.030691,0.050512,0.009591,0.007033,0.009591,0.007992,0.005754,0.005115,0.007673,0.008312,0.005115,0.005754,0.019182,0.024936,0.196591,0.000507,0.001267,0.002027,0.002914,0.003168,0.002534,0.003231,0.002217,0.002851,0.004181,0.003801,0.008109,0.007223,0.011911,0.01926,0.039787,0.144323,0.149899,0.040484,0.022301,0.016219,0.013431,0.009123,0.004815,0.007603,0.005829,0.007476,0.006969,0.006842,0.007349,0.008743,0.010137,0.021224,0.035732,0.169919,0.046355,0.088555,0.130115,0.256714,0.084719,0.060102,0.043798,0.038683,0.034847,0.037724,0.023977,0.017263,0.016624,0.018542,0.024936,0.017263,0.00991,0.01023,0.008312,0.007033,0.005115,0.003197,0.002558,0.001279,0.002558,0.001279,0.001279,0.001279,0.001279,0.001279,0.000639,0.0,0.0,0.001279,0.000639,0.0,0.0,0.0,0.0,0.000639
Zone_DH364,0.071625,0.070838,0.069264,0.035813,0.041322,0.029122,0.007084,0.004723,0.007084,0.007084,0.004329,0.01771,0.012987,0.00669,0.015348,0.020071,0.035813,0.039748,0.054309,0.055096,0.070051,0.044864,0.027548,0.052342,0.0122,0.008264,0.005116,0.006297,0.011019,0.013381,0.015348,0.018497,0.011806,0.018103,0.040535,0.038567,0.212491,0.000946,0.001032,0.002409,0.004474,0.004646,0.003527,0.003097,0.00456,0.005678,0.005076,0.002667,0.011184,0.009291,0.014023,0.019959,0.043014,0.11287,0.121989,0.045853,0.024002,0.01884,0.014625,0.01213,0.006194,0.011786,0.007657,0.010409,0.008947,0.009119,0.013162,0.009377,0.014195,0.026497,0.041208,0.143066,0.083038,0.111767,0.126328,0.200315,0.086974,0.072019,0.050767,0.041322,0.040142,0.044077,0.029909,0.016529,0.012593,0.016135,0.009445,0.007871,0.008658,0.008264,0.004329,0.004723,0.003542,0.002361,0.002361,0.000787,0.003148,0.002361,0.000787,0.002361,0.0,0.0,0.001574,0.0,0.0,0.001574,0.000787,0.0,0.0,0.0,0.0,0.003148
Zone_DH365,0.078947,0.038158,0.030921,0.020724,0.020724,0.019408,0.009211,0.005263,0.012171,0.008224,0.006908,0.012829,0.012829,0.019737,0.022697,0.032895,0.075987,0.068421,0.071382,0.039474,0.031908,0.021053,0.019079,0.027961,0.007566,0.006908,0.007237,0.007895,0.013158,0.011184,0.015461,0.020066,0.025987,0.035197,0.061513,0.080921,0.22177,0.000527,0.000904,0.002486,0.004143,0.005273,0.003465,0.001657,0.005348,0.008286,0.006252,0.005198,0.00904,0.009266,0.014991,0.0229,0.03887,0.103427,0.116234,0.04226,0.030207,0.020339,0.013409,0.012053,0.010471,0.012128,0.012279,0.009868,0.011902,0.009718,0.01258,0.011224,0.016723,0.025989,0.044218,0.124595,0.086513,0.142763,0.171711,0.146382,0.105921,0.067105,0.061184,0.049013,0.036513,0.029276,0.026974,0.013487,0.009539,0.013816,0.002961,0.006908,0.002632,0.001974,0.002961,0.001974,0.002303,0.001974,0.002303,0.000658,0.003618,0.001316,0.001316,0.001974,0.000658,0.000658,0.000658,0.0,0.0,0.000658,0.000987,0.0,0.0,0.0,0.0,0.001316
Zone_DH366,0.073618,0.045259,0.025781,0.026353,0.012317,0.013177,0.054999,0.009739,0.014323,0.007448,0.007448,0.009453,0.011458,0.018046,0.018906,0.028072,0.067316,0.057004,0.077342,0.046405,0.015755,0.014895,0.014609,0.018333,0.066743,0.011172,0.006302,0.008594,0.009453,0.008594,0.014036,0.015755,0.019479,0.028645,0.051561,0.071613,0.212671,0.000512,0.000641,0.001089,0.002562,0.004036,0.003203,0.001922,0.003395,0.006598,0.005317,0.004484,0.008263,0.008392,0.013516,0.022484,0.033502,0.124976,0.134521,0.041189,0.025879,0.019025,0.01358,0.01326,0.009609,0.009801,0.010954,0.007303,0.008648,0.009673,0.008968,0.010762,0.014989,0.01973,0.03805,0.146499,0.09768,0.138642,0.185047,0.138642,0.107992,0.07505,0.059009,0.05328,0.034374,0.023775,0.02263,0.016041,0.009166,0.006015,0.006302,0.00401,0.002292,0.001719,0.002578,0.002005,0.003724,0.000573,0.000859,0.0,0.002292,0.000859,0.001146,0.001146,0.000573,0.000573,0.0,0.0,0.0,0.000573,0.000286,0.0,0.0,0.0,0.0,0.001146
Zone_DH367,0.049263,0.040214,0.026475,0.040214,0.016421,0.027815,0.102212,0.053619,0.011059,0.005697,0.008713,0.008378,0.006367,0.012399,0.007708,0.016086,0.029491,0.025469,0.056971,0.036193,0.031166,0.017761,0.023794,0.025134,0.12433,0.078753,0.007708,0.007373,0.006702,0.002346,0.005697,0.006702,0.012735,0.01374,0.023458,0.031836,0.20968,0.000443,0.000738,0.000738,0.001844,0.00273,0.002804,0.001771,0.001771,0.00332,0.004132,0.003394,0.006197,0.00546,0.011657,0.020215,0.030692,0.149771,0.160764,0.038734,0.018887,0.014608,0.012395,0.010624,0.009149,0.008337,0.005017,0.00546,0.006493,0.007673,0.006566,0.01055,0.011583,0.015051,0.027667,0.173085,0.091153,0.145777,0.169571,0.145442,0.113941,0.083445,0.061662,0.048928,0.031501,0.025469,0.020777,0.018767,0.010389,0.005027,0.007708,0.004021,0.001676,0.00134,0.002011,0.001005,0.002011,0.00134,0.00067,0.0,0.00134,0.001005,0.00134,0.00067,0.0,0.0,0.0,0.0,0.0,0.0,0.0,0.0,0.0,0.0,0.00067,0.00134
Zone_DH368,0.035817,0.015233,0.032112,0.062989,0.018114,0.030465,0.113215,0.060107,0.006175,0.009881,0.007822,0.006175,0.002882,0.006587,0.013174,0.015644,0.010292,0.02923,0.027583,0.026348,0.048991,0.025937,0.023878,0.02923,0.138329,0.095101,0.009469,0.008234,0.008646,0.001647,0.003705,0.004117,0.018938,0.014821,0.009881,0.02923,0.207128,0.000775,0.001377,0.000517,0.000689,0.003788,0.002238,0.002066,0.001377,0.001205,0.004735,0.005337,0.00353,0.007231,0.008092,0.020059,0.025568,0.166236,0.176567,0.032111,0.014635,0.012827,0.010589,0.007404,0.007145,0.005424,0.004477,0.003099,0.004218,0.007231,0.005079,0.008523,0.010331,0.013085,0.026343,0.188963,0.088514,0.129271,0.177439,0.146974,0.097983,0.082338,0.05352,0.044874,0.036641,0.020996,0.029642,0.02429,0.013174,0.007822,0.00741,0.006175,0.005352,0.001647,0.00247,0.002058,0.000823,0.003294,0.003294,0.0,0.000823,0.000823,0.003294,0.001647,0.000823,0.0,0.0,0.000823,0.0,0.000823,0.0,0.0,0.0,0.0,0.000823,0.004117
Zone_DH369,0.095983,0.027647,0.042775,0.050078,0.008346,0.013563,0.00939,0.00626,0.007303,0.014606,0.007825,0.010433,0.005216,0.006781,0.023996,0.027126,0.021909,0.133542,0.085029,0.035472,0.054251,0.032342,0.015649,0.010433,0.004173,0.008868,0.008868,0.013563,0.01252,0.00313,0.007825,0.010433,0.023996,0.026082,0.011476,0.123109,0.203482,0.001678,0.002937,0.001678,0.002098,0.006293,0.003147,0.003356,0.003776,0.004615,0.008181,0.007132,0.005559,0.012167,0.010279,0.01909,0.027585,0.14034,0.14936,0.029788,0.022446,0.013635,0.011328,0.011747,0.008811,0.010489,0.010699,0.008391,0.008601,0.008601,0.007132,0.00944,0.014894,0.017411,0.031991,0.161842,0.071987,0.092332,0.187272,0.146062,0.095983,0.064684,0.033385,0.043297,0.031299,0.027126,0.034429,0.033907,0.025039,0.021388,0.01252,0.023474,0.00939,0.005216,0.004173,0.010433,0.0,0.00313,0.005216,0.0,0.001043,0.0,0.005738,0.002087,0.001043,0.0,0.001043,0.001043,0.0,0.001043,0.0,0.001043,0.0,0.0,0.001043,0.00313
Zone_DH370,0.130227,0.035842,0.016726,0.017921,0.005974,0.011947,0.010753,0.009558,0.013142,0.011947,0.008363,0.013142,0.007168,0.01135,0.020311,0.02509,0.020311,0.152927,0.112903,0.034648,0.019116,0.014337,0.016726,0.008363,0.003584,0.008363,0.008363,0.014337,0.015532,0.003584,0.010753,0.009558,0.023895,0.016726,0.007168,0.149343,0.201412,0.001412,0.003765,0.002353,0.002353,0.004235,0.005176,0.005647,0.005176,0.006118,0.009647,0.008471,0.006588,0.012706,0.011765,0.018353,0.025647,0.133882,0.139529,0.025882,0.025176,0.013882,0.011765,0.013176,0.010824,0.010824,0.011765,0.012706,0.009882,0.008941,0.008471,0.008235,0.014588,0.019765,0.033412,0.156471,0.059737,0.084827,0.183393,0.169654,0.077658,0.0681,0.032258,0.048984,0.033453,0.032258,0.0227,0.037037,0.025687,0.018519,0.010155,0.035245,0.009558,0.005974,0.007168,0.014337,0.001195,0.001195,0.004779,0.0,0.001195,0.0,0.002987,0.001195,0.001195,0.0,0.001195,0.001195,0.0,0.002389,0.001195,0.001195,0.0,0.001195,0.0,0.001195
Zone_DH371,0.172373,0.056671,0.007084,0.016529,0.011806,0.011806,0.016529,0.009445,0.01889,0.002361,0.002361,0.009445,0.004723,0.015348,0.016529,0.014168,0.01889,0.112161,0.171192,0.068477,0.01889,0.007084,0.01889,0.007084,0.004723,0.004723,0.009445,0.004723,0.007084,0.0,0.007084,0.007084,0.011806,0.011806,0.002361,0.120425,0.209076,0.0,0.001901,0.002851,0.004752,0.001901,0.003801,0.005702,0.005702,0.005702,0.007128,0.006652,0.005702,0.006652,0.017106,0.011404,0.025184,0.142077,0.147303,0.023759,0.016631,0.019482,0.009503,0.015206,0.008553,0.006652,0.009503,0.008553,0.007603,0.003801,0.008553,0.006177,0.017106,0.019957,0.037063,0.1713,0.0732,0.066116,0.161747,0.217237,0.068477,0.059032,0.021251,0.049587,0.01889,0.025974,0.028335,0.033058,0.021251,0.020071,0.009445,0.041322,0.009445,0.009445,0.009445,0.014168,0.004723,0.002361,0.011806,0.002361,0.002361,0.0,0.0,0.0,0.002361,0.002361,0.0,0.0,0.0,0.004723,0.002361,0.0,0.0,0.0,0.0,0.007084
Zone_DH372,0.095982,0.082589,0.0,0.004464,0.022321,0.008929,0.020089,0.008929,0.011161,0.008929,0.008929,0.013393,0.008929,0.033482,0.020089,0.035714,0.127232,0.026786,0.080357,0.075893,0.013393,0.006696,0.013393,0.008929,0.022321,0.017857,0.008929,0.006696,0.013393,0.026786,0.013393,0.006696,0.004464,0.03125,0.087054,0.024554,0.216216,0.001081,0.004865,0.002162,0.003784,0.004865,0.00973,0.014595,0.00973,0.008649,0.00973,0.009189,0.01027,0.004324,0.019459,0.008649,0.016216,0.116216,0.112973,0.013514,0.015676,0.025946,0.004324,0.019459,0.012973,0.011351,0.017297,0.017297,0.022703,0.007568,0.015676,0.01027,0.002162,0.022703,0.048649,0.14973,0.138393,0.053571,0.111607,0.118304,0.066964,0.051339,0.035714,0.049107,0.051339,0.03125,0.03125,0.026786,0.020089,0.022321,0.004464,0.015625,0.024554,0.020089,0.03125,0.006696,0.008929,0.013393,0.026786,0.004464,0.0,0.004464,0.0,0.0,0.013393,0.008929,0.0,0.0,0.0,0.004464,0.0,0.0,0.0,0.0,0.004464,0.0
Zone_DH373,0.035382,0.009311,0.0,0.003724,0.0,0.003724,0.005587,0.0,0.005587,0.003724,0.014898,0.007449,0.003724,0.022346,0.011173,0.055866,0.299814,0.014898,0.011173,0.0,0.007449,0.001862,0.0,0.007449,0.014898,0.014898,0.003724,0.005587,0.007449,0.022346,0.01676,0.007449,0.003724,0.070764,0.290503,0.01676,0.198445,0.001372,0.004115,0.001829,0.001372,0.002286,0.004572,0.00503,0.007316,0.003658,0.00823,0.005944,0.00503,0.003658,0.002286,0.005487,0.009602,0.182899,0.201189,0.011431,0.011431,0.00503,0.001829,0.003658,0.005487,0.008688,0.009145,0.012803,0.010059,0.004572,0.011431,0.006859,0.003658,0.011888,0.022862,0.204847,0.111732,0.037244,0.072626,0.037244,0.256983,0.040968,0.024209,0.020484,0.074488,0.018622,0.055866,0.014898,0.01676,0.01676,0.005587,0.01676,0.024209,0.018622,0.039106,0.011173,0.013035,0.007449,0.011173,0.0,0.003724,0.0,0.0,0.003724,0.011173,0.007449,0.0,0.0,0.0,0.0,0.0,0.0,0.0,0.0,0.003724,0.024209
Zone_DH374,0.036127,0.015896,0.0,0.00289,0.0,0.0,0.007225,0.0,0.004335,0.00289,0.008671,0.0,0.007225,0.00578,0.011561,0.034682,0.346821,0.017341,0.017341,0.014451,0.00578,0.0,0.00289,0.00578,0.00289,0.00289,0.0,0.004335,0.00578,0.008671,0.010116,0.011561,0.00289,0.047688,0.348266,0.007225,0.197913,0.000673,0.001346,0.001346,0.0,0.002693,0.003366,0.003029,0.003366,0.002693,0.004712,0.003029,0.002356,0.001346,0.006732,0.013463,0.011781,0.204645,0.220128,0.010771,0.015483,0.008751,0.002693,0.0,0.005385,0.005385,0.004376,0.006059,0.006059,0.00202,0.005385,0.006059,0.005385,0.005722,0.015483,0.210367,0.07659,0.021676,0.039017,0.046243,0.317919,0.036127,0.008671,0.020231,0.063584,0.028902,0.063584,0.026012,0.013006,0.018786,0.010116,0.013006,0.020231,0.017341,0.034682,0.034682,0.015896,0.010116,0.00289,0.0,0.00289,0.00289,0.0,0.00578,0.00578,0.00578,0.00289,0.0,0.0,0.0,0.0,0.0,0.00289,0.0,0.008671,0.023121
Zone_DH375,0.040678,0.022034,0.0,0.00339,0.0,0.0,0.00339,0.027119,0.016949,0.013559,0.016949,0.005085,0.008475,0.011864,0.015254,0.018644,0.271186,0.030508,0.037288,0.020339,0.013559,0.00678,0.010169,0.00339,0.008475,0.010169,0.008475,0.00678,0.00339,0.00339,0.025424,0.016949,0.020339,0.008475,0.264407,0.027119,0.209806,0.00152,0.0,0.006461,0.0,0.007982,0.00152,0.003421,0.004561,0.007222,0.006081,0.005701,0.009122,0.003041,0.008742,0.020525,0.033067,0.151273,0.156594,0.019004,0.020144,0.012543,0.007602,0.012543,0.013683,0.003041,0.004941,0.006842,0.006842,0.007602,0.012163,0.010262,0.017484,0.015964,0.016344,0.176359,0.038983,0.052542,0.054237,0.076271,0.266102,0.038983,0.027119,0.040678,0.045763,0.052542,0.040678,0.047458,0.020339,0.010169,0.010169,0.00678,0.010169,0.023729,0.016949,0.027119,0.010169,0.011864,0.00678,0.0,0.00339,0.00339,0.0,0.00339,0.00678,0.00339,0.00678,0.0,0.0,0.0,0.0,0.0,0.00339,0.0,0.00678,0.027119
Zone_DH376,0.067797,0.025424,0.0,0.00565,0.0,0.0,0.0,0.045198,0.033898,0.022599,0.028249,0.008475,0.016949,0.014124,0.016949,0.016949,0.149718,0.033898,0.059322,0.025424,0.016949,0.011299,0.00565,0.00565,0.019774,0.022599,0.014124,0.011299,0.011299,0.00565,0.048023,0.028249,0.028249,0.019774,0.135593,0.045198,0.225909,0.002553,0.0,0.005743,0.0,0.010849,0.002553,0.005743,0.010211,0.012125,0.007658,0.009572,0.015316,0.005105,0.010211,0.022974,0.038928,0.107211,0.095086,0.02425,0.026803,0.01404,0.015316,0.021059,0.022974,0.002553,0.008296,0.01404,0.015954,0.015316,0.019145,0.019783,0.02425,0.022974,0.018507,0.126994,0.042373,0.087571,0.084746,0.070621,0.158192,0.039548,0.045198,0.062147,0.042373,0.070621,0.016949,0.056497,0.022599,0.011299,0.0,0.00565,0.016949,0.022599,0.011299,0.016949,0.0,0.014124,0.022599,0.0,0.0,0.0,0.0,0.00565,0.00565,0.00565,0.00565,0.0,0.0,0.0,0.0,0.0,0.00565,0.011299,0.00565,0.033898
Zone_DH377,0.069767,0.0,0.0,0.0,0.0,0.046512,0.0,0.0,0.023256,0.0,0.023256,0.023256,0.023256,0.0,0.046512,0.046512,0.0,0.069767,0.069767,0.116279,0.0,0.046512,0.0,0.023256,0.046512,0.023256,0.0,0.023256,0.023256,0.0,0.046512,0.023256,0.046512,0.093023,0.046512,0.0,0.380645,0.0,0.012903,0.0,0.0,0.0,0.012903,0.0,0.03871,0.0,0.012903,0.0,0.0,0.012903,0.0,0.0,0.025806,0.03871,0.03871,0.0,0.03871,0.012903,0.012903,0.012903,0.051613,0.012903,0.025806,0.012903,0.025806,0.012903,0.0,0.03871,0.03871,0.051613,0.0,0.077419,0.116279,0.069767,0.069767,0.023256,0.093023,0.023256,0.023256,0.023256,0.069767,0.093023,0.023256,0.069767,0.023256,0.0,0.0,0.0,0.023256,0.0,0.0,0.0,0.0,0.0,0.046512,0.0,0.0,0.0,0.0,0.023256,0.0,0.0,0.0,0.0,0.0,0.0,0.0,0.0,0.023256,0.046512,0.0,0.116279
Zone_DH378,0.038462,0.0,0.0,0.0,0.0,0.076923,0.0,0.0,0.038462,0.0,0.0,0.038462,0.038462,0.0,0.076923,0.076923,0.0,0.038462,0.038462,0.038462,0.038462,0.076923,0.0,0.038462,0.076923,0.0,0.038462,0.038462,0.038462,0.0,0.0,0.038462,0.038462,0.076923,0.0,0.0,0.395349,0.0,0.0,0.0,0.0,0.0,0.023256,0.0,0.023256,0.0,0.0,0.0,0.0,0.023256,0.0,0.0,0.046512,0.023256,0.046512,0.0,0.0,0.0,0.0,0.046512,0.046512,0.0,0.046512,0.023256,0.023256,0.0,0.046512,0.046512,0.069767,0.046512,0.0,0.023256,0.076923,0.038462,0.038462,0.0,0.115385,0.076923,0.038462,0.0,0.0,0.153846,0.076923,0.076923,0.0,0.0,0.0,0.0,0.038462,0.0,0.0,0.0,0.0,0.0,0.0,0.0,0.0,0.0,0.0,0.038462,0.0,0.0,0.0,0.038462,0.0,0.0,0.0,0.0,0.0,0.038462,0.0,0.153846
Zone_DH379,0.02,0.34,0.01,0.01,0.01,0.0,0.0,0.01,0.01,0.0,0.01,0.0,0.0,0.04,0.03,0.03,0.05,0.07,0.01,0.17,0.01,0.0,0.01,0.02,0.01,0.0,0.03,0.0,0.0,0.02,0.0,0.01,0.03,0.01,0.02,0.01,0.216667,0.0,0.004167,0.004167,0.0,0.004167,0.004167,0.008333,0.008333,0.004167,0.004167,0.0,0.0125,0.016667,0.004167,0.0375,0.020833,0.116667,0.15,0.025,0.0125,0.0125,0.020833,0.016667,0.004167,0.016667,0.0125,0.0125,0.0125,0.0,0.016667,0.0125,0.020833,0.025,0.020833,0.141667,0.0,0.01,0.05,0.16,0.14,0.05,0.03,0.04,0.03,0.08,0.1,0.05,0.06,0.03,0.01,0.01,0.02,0.01,0.01,0.01,0.0,0.0,0.01,0.03,0.0,0.01,0.0,0.0,0.0,0.01,0.0,0.01,0.0,0.0,0.0,0.01,0.0,0.0,0.0,0.02
Zone_DH380,0.022472,0.325843,0.0,0.022472,0.022472,0.011236,0.0,0.011236,0.011236,0.0,0.011236,0.0,0.0,0.033708,0.033708,0.022472,0.044944,0.067416,0.0,0.157303,0.011236,0.011236,0.011236,0.033708,0.0,0.0,0.022472,0.0,0.011236,0.022472,0.0,0.011236,0.033708,0.011236,0.022472,0.0,0.235443,0.005063,0.0,0.0,0.0,0.0,0.005063,0.005063,0.010127,0.0,0.005063,0.0,0.01519,0.01519,0.005063,0.035443,0.020253,0.116456,0.151899,0.025316,0.01519,0.01519,0.010127,0.020253,0.010127,0.010127,0.01519,0.010127,0.010127,0.0,0.01519,0.010127,0.020253,0.01519,0.01519,0.156962,0.0,0.022472,0.022472,0.089888,0.146067,0.078652,0.033708,0.033708,0.044944,0.089888,0.11236,0.05618,0.067416,0.022472,0.011236,0.011236,0.022472,0.0,0.011236,0.0,0.0,0.0,0.011236,0.022472,0.0,0.011236,0.0,0.0,0.0,0.011236,0.011236,0.022472,0.0,0.0,0.0,0.011236,0.0,0.0,0.0,0.022472
Zone_DH381,0.0,0.432432,0.0,0.054054,0.054054,0.027027,0.0,0.0,0.0,0.0,0.0,0.0,0.0,0.0,0.0,0.0,0.0,0.0,0.0,0.243243,0.0,0.027027,0.027027,0.027027,0.0,0.0,0.0,0.027027,0.054054,0.0,0.0,0.0,0.0,0.027027,0.0,0.0,0.24183,0.013072,0.0,0.0,0.0,0.0,0.0,0.0,0.0,0.013072,0.0,0.0,0.026144,0.0,0.013072,0.013072,0.0,0.183007,0.20915,0.013072,0.0,0.013072,0.0,0.0,0.013072,0.0,0.026144,0.0,0.0,0.0,0.013072,0.0,0.013072,0.026144,0.0,0.169935,0.0,0.027027,0.0,0.135135,0.054054,0.108108,0.0,0.0,0.027027,0.054054,0.108108,0.054054,0.054054,0.081081,0.027027,0.027027,0.027027,0.0,0.0,0.0,0.0,0.0,0.0,0.0,0.0,0.027027,0.0,0.027027,0.0,0.0,0.027027,0.027027,0.0,0.0,0.027027,0.0,0.0,0.0,0.0,0.081081
Zone_DH382,0.0,0.136364,0.045455,0.090909,0.090909,0.0,0.045455,0.045455,0.0,0.0,0.0,0.0,0.0,0.0,0.0,0.0,0.045455,0.0,0.0,0.090909,0.045455,0.0,0.090909,0.045455,0.045455,0.045455,0.0,0.045455,0.045455,0.0,0.0,0.0,0.0,0.0,0.0,0.045455,0.282051,0.0,0.0,0.0,0.0,0.0,0.0,0.0,0.0,0.025641,0.0,0.0,0.025641,0.025641,0.025641,0.076923,0.0,0.051282,0.051282,0.025641,0.076923,0.0,0.0,0.051282,0.0,0.025641,0.025641,0.0,0.0,0.0,0.076923,0.025641,0.025641,0.076923,0.0,0.025641,0.0,0.045455,0.0,0.0,0.0,0.045455,0.0,0.0,0.045455,0.0,0.090909,0.0,0.045455,0.090909,0.045455,0.0,0.045455,0.0,0.090909,0.0,0.045455,0.0,0.045455,0.0,0.0,0.045455,0.0,0.045455,0.0,0.0,0.0,0.0,0.0,0.045455,0.045455,0.0,0.0,0.0,0.0,0.181818
Zone_DH383,0.1,0.05,0.05,0.1,0.05,0.0,0.05,0.05,0.0,0.05,0.0,0.0,0.05,0.0,0.0,0.0,0.05,0.0,0.0,0.1,0.1,0.0,0.05,0.0,0.05,0.05,0.0,0.0,0.0,0.0,0.0,0.0,0.0,0.0,0.0,0.05,0.25641,0.0,0.0,0.0,0.0,0.0,0.0,0.0,0.0,0.051282,0.0,0.0,0.025641,0.025641,0.0,0.051282,0.0,0.051282,0.051282,0.051282,0.076923,0.0,0.0,0.076923,0.0,0.025641,0.0,0.0,0.025641,0.0,0.076923,0.025641,0.025641,0.025641,0.0,0.076923,0.0,0.0,0.0,0.0,0.0,0.0,0.0,0.0,0.1,0.05,0.15,0.0,0.05,0.0,0.05,0.0,0.05,0.05,0.1,0.0,0.05,0.0,0.05,0.0,0.0,0.05,0.0,0.0,0.05,0.0,0.0,0.0,0.0,0.05,0.0,0.0,0.0,0.0,0.0,0.15
Zone_DH385,0.047337,0.0,0.0,0.0,0.0,0.011834,0.0,0.059172,0.023669,0.071006,0.023669,0.023669,0.08284,0.011834,0.059172,0.035503,0.059172,0.011834,0.023669,0.017751,0.011834,0.0,0.023669,0.011834,0.023669,0.0,0.035503,0.035503,0.035503,0.035503,0.08284,0.035503,0.023669,0.047337,0.023669,0.011834,0.222834,0.005502,0.0,0.005502,0.005502,0.0,0.0,0.005502,0.016506,0.016506,0.005502,0.011004,0.005502,0.02751,0.022008,0.022008,0.044017,0.104539,0.038514,0.038514,0.022008,0.049519,0.033012,0.005502,0.011004,0.011004,0.011004,0.02751,0.011004,0.016506,0.016506,0.022008,0.02751,0.011004,0.016506,0.111417,0.035503,0.088757,0.011834,0.035503,0.035503,0.035503,0.08284,0.011834,0.035503,0.047337,0.023669,0.023669,0.035503,0.035503,0.08284,0.023669,0.011834,0.011834,0.0,0.059172,0.023669,0.023669,0.011834,0.011834,0.011834,0.011834,0.011834,0.035503,0.011834,0.023669,0.0,0.011834,0.0,0.011834,0.0,0.011834,0.0,0.0,0.0,0.059172
Zone_DH386,0.076389,0.027778,0.0,0.027778,0.0,0.020833,0.0,0.034722,0.020833,0.041667,0.027778,0.03125,0.055556,0.020833,0.034722,0.027778,0.048611,0.006944,0.034722,0.010417,0.020833,0.006944,0.020833,0.013889,0.013889,0.006944,0.020833,0.041667,0.083333,0.041667,0.0625,0.027778,0.020833,0.027778,0.020833,0.020833,0.225,0.003125,0.003125,0.003125,0.00625,0.0,0.0,0.0125,0.0125,0.0125,0.00625,0.009375,0.0125,0.015625,0.021875,0.021875,0.0375,0.090625,0.0375,0.034375,0.028125,0.034375,0.034375,0.00625,0.01875,0.014063,0.0125,0.021875,0.021875,0.0125,0.015625,0.021875,0.025,0.021875,0.041406,0.103906,0.020833,0.065972,0.013889,0.027778,0.027778,0.055556,0.0625,0.027778,0.048611,0.069444,0.027778,0.020833,0.041667,0.020833,0.055556,0.020833,0.020833,0.020833,0.020833,0.041667,0.020833,0.013889,0.027778,0.020833,0.020833,0.013889,0.006944,0.020833,0.006944,0.013889,0.0,0.006944,0.006944,0.006944,0.0,0.006944,0.0,0.0,0.006944,0.086806
Zone_DH387,0.0625,0.03125,0.007812,0.046875,0.015625,0.015625,0.007812,0.039062,0.023438,0.023438,0.054688,0.039062,0.03125,0.015625,0.023438,0.023438,0.015625,0.007812,0.046875,0.023438,0.03125,0.007812,0.007812,0.023438,0.007812,0.007812,0.0,0.054688,0.101562,0.054688,0.039062,0.039062,0.015625,0.023438,0.007812,0.023438,0.235088,0.003509,0.010526,0.007018,0.010526,0.0,0.003509,0.014035,0.014035,0.007018,0.010526,0.010526,0.010526,0.017544,0.035088,0.024561,0.031579,0.05614,0.024561,0.035088,0.024561,0.02807,0.035088,0.007018,0.035088,0.010526,0.021053,0.02807,0.021053,0.010526,0.017544,0.021053,0.021053,0.024561,0.042105,0.091228,0.015625,0.039062,0.015625,0.03125,0.046875,0.039062,0.039062,0.03125,0.054688,0.078125,0.039062,0.023438,0.046875,0.015625,0.023438,0.015625,0.015625,0.03125,0.054688,0.023438,0.023438,0.007812,0.03125,0.015625,0.023438,0.03125,0.015625,0.007812,0.007812,0.03125,0.007812,0.0,0.007812,0.0,0.0,0.0,0.007812,0.0,0.007812,0.09375
Zone_DH388,0.036364,0.054545,0.018182,0.072727,0.054545,0.036364,0.036364,0.0,0.036364,0.018182,0.054545,0.036364,0.0,0.0,0.036364,0.018182,0.018182,0.0,0.0,0.072727,0.036364,0.018182,0.036364,0.054545,0.0,0.0,0.0,0.018182,0.036364,0.036364,0.036364,0.054545,0.018182,0.018182,0.0,0.036364,0.255605,0.0,0.008969,0.0,0.017937,0.0,0.0,0.0,0.035874,0.008969,0.026906,0.008969,0.0,0.026906,0.044843,0.017937,0.035874,0.044843,0.017937,0.035874,0.0,0.053812,0.008969,0.008969,0.035874,0.0,0.026906,0.044843,0.008969,0.017937,0.035874,0.017937,0.0,0.044843,0.044843,0.06278,0.018182,0.018182,0.054545,0.054545,0.036364,0.090909,0.036364,0.018182,0.018182,0.018182,0.036364,0.018182,0.072727,0.018182,0.0,0.0,0.0,0.018182,0.072727,0.018182,0.018182,0.0,0.036364,0.0,0.018182,0.054545,0.018182,0.0,0.0,0.054545,0.054545,0.0,0.0,0.0,0.0,0.0,0.036364,0.018182,0.0,0.072727
Zone_DH389,0.036697,0.073394,0.073394,0.055046,0.036697,0.018349,0.091743,0.036697,0.036697,0.0,0.036697,0.018349,0.0,0.0,0.036697,0.018349,0.0,0.055046,0.0,0.055046,0.018349,0.018349,0.055046,0.018349,0.0,0.036697,0.018349,0.045872,0.0,0.036697,0.0,0.018349,0.0,0.018349,0.018349,0.018349,0.284946,0.0,0.0,0.0,0.0,0.0,0.0,0.0,0.032258,0.0,0.021505,0.010753,0.0,0.021505,0.043011,0.043011,0.048387,0.05914,0.048387,0.043011,0.010753,0.032258,0.021505,0.021505,0.021505,0.0,0.0,0.010753,0.010753,0.0,0.032258,0.032258,0.010753,0.064516,0.045699,0.02957,0.0,0.027523,0.091743,0.091743,0.018349,0.073394,0.036697,0.018349,0.036697,0.036697,0.036697,0.036697,0.055046,0.018349,0.055046,0.0,0.0,0.0,0.073394,0.018349,0.0,0.0,0.036697,0.018349,0.018349,0.036697,0.018349,0.0,0.0,0.0,0.036697,0.0,0.0,0.0,0.018349,0.0,0.018349,0.018349,0.0,0.055046
Zone_DH390,0.100503,0.055276,0.030151,0.035176,0.055276,0.035176,0.020101,0.025126,0.020101,0.017588,0.035176,0.020101,0.015075,0.015075,0.015075,0.030151,0.017588,0.055276,0.047739,0.030151,0.035176,0.040201,0.077889,0.025126,0.015075,0.020101,0.007538,0.012563,0.005025,0.01005,0.020101,0.01005,0.005025,0.005025,0.01005,0.025126,0.251519,0.0,0.00243,0.0,0.00243,0.0,0.00729,0.00729,0.008505,0.00729,0.009721,0.008505,0.013366,0.023086,0.013366,0.025516,0.041312,0.068044,0.0887,0.034022,0.025516,0.024301,0.017618,0.023086,0.018226,0.00729,0.012151,0.011543,0.022479,0.008505,0.017011,0.034629,0.024301,0.019441,0.027339,0.094168,0.040201,0.060302,0.11809,0.065327,0.100503,0.065327,0.095477,0.057789,0.035176,0.050251,0.037688,0.040201,0.020101,0.015075,0.020101,0.005025,0.007538,0.005025,0.020101,0.015075,0.01005,0.015075,0.005025,0.005025,0.01005,0.0,0.0,0.005025,0.01005,0.005025,0.01005,0.005025,0.0,0.0,0.005025,0.0,0.0,0.005025,0.0,0.035176
Zone_DH391,0.053405,0.026702,0.024032,0.013351,0.032043,0.024032,0.010681,0.018692,0.013351,0.030708,0.050734,0.050734,0.040053,0.016021,0.021362,0.026702,0.018692,0.037383,0.038718,0.024032,0.016021,0.018692,0.038718,0.024032,0.026702,0.008011,0.017356,0.030708,0.040053,0.042724,0.018692,0.032043,0.010681,0.024032,0.034713,0.045394,0.22944,0.001192,0.001192,0.001192,0.001192,0.002384,0.005959,0.003576,0.005364,0.004768,0.007151,0.007747,0.010131,0.016091,0.018474,0.023242,0.046484,0.084625,0.098331,0.048272,0.029201,0.021454,0.009833,0.016091,0.013707,0.010727,0.008343,0.005662,0.018176,0.005959,0.008343,0.019368,0.017878,0.029797,0.061085,0.107569,0.058745,0.109479,0.129506,0.090788,0.084112,0.088117,0.069426,0.076101,0.026702,0.037383,0.028037,0.029372,0.016021,0.010681,0.016021,0.00534,0.012016,0.010681,0.010681,0.010681,0.00534,0.016021,0.0,0.00267,0.00534,0.00534,0.0,0.00534,0.00267,0.00534,0.00534,0.00267,0.0,0.0,0.0,0.00267,0.0,0.0,0.00534,0.016021
Zone_DH392,0.013514,0.006006,0.012012,0.003003,0.012012,0.006006,0.009009,0.013514,0.039039,0.052553,0.052553,0.073574,0.04955,0.028529,0.033033,0.025526,0.013514,0.010511,0.013514,0.010511,0.012012,0.0,0.003003,0.01952,0.01952,0.039039,0.048048,0.055556,0.057057,0.063063,0.052553,0.037538,0.042042,0.027027,0.022523,0.024024,0.209074,0.001226,0.001839,0.001226,0.000613,0.003679,0.002452,0.000613,0.002452,0.002452,0.004905,0.004905,0.005518,0.006744,0.011649,0.025751,0.050276,0.116493,0.120172,0.06683,0.02943,0.021459,0.006131,0.010423,0.008584,0.008584,0.004292,0.004292,0.006131,0.002452,0.008584,0.006131,0.012876,0.023912,0.071735,0.136113,0.072072,0.121622,0.159159,0.114114,0.067568,0.06006,0.069069,0.082583,0.037538,0.01952,0.036036,0.022523,0.013514,0.012012,0.018018,0.013514,0.012012,0.006006,0.004505,0.013514,0.003003,0.010511,0.001502,0.001502,0.001502,0.004505,0.001502,0.001502,0.0,0.001502,0.003003,0.001502,0.0,0.0,0.001502,0.001502,0.0,0.0,0.003003,0.007508
Zone_DH393,0.008621,0.007389,0.008621,0.018473,0.024631,0.004926,0.011084,0.022167,0.033251,0.045567,0.044335,0.049261,0.046798,0.025862,0.049261,0.027094,0.014778,0.007389,0.003695,0.019704,0.006158,0.007389,0.011084,0.01601,0.030788,0.050493,0.054187,0.051724,0.050493,0.049261,0.054187,0.041872,0.045567,0.029557,0.014778,0.013547,0.210071,0.001526,0.003052,0.001017,0.001017,0.002543,0.002543,0.002543,0.001526,0.003052,0.003561,0.004069,0.006104,0.004069,0.013733,0.026958,0.049847,0.119023,0.11648,0.062055,0.031536,0.02238,0.013225,0.006612,0.005595,0.005595,0.003561,0.005595,0.005595,0.004578,0.009664,0.006104,0.014751,0.019329,0.067141,0.143947,0.067734,0.128079,0.171182,0.130542,0.060345,0.05665,0.077586,0.065271,0.034483,0.025862,0.03202,0.023399,0.013547,0.007389,0.01601,0.012315,0.011084,0.007389,0.003695,0.01601,0.006158,0.011084,0.003695,0.001232,0.001232,0.0,0.001232,0.001232,0.0,0.0,0.001232,0.001232,0.001232,0.0,0.002463,0.0,0.0,0.0,0.0,0.007389
Zone_DH394,0.029042,0.043562,0.052275,0.037754,0.036786,0.019361,0.029042,0.020329,0.024201,0.020329,0.018393,0.009681,0.019361,0.012585,0.024201,0.019361,0.014521,0.023233,0.023233,0.043562,0.056147,0.031946,0.032914,0.025169,0.031946,0.035818,0.037754,0.03001,0.022265,0.023233,0.023233,0.024201,0.027106,0.023233,0.023233,0.030978,0.218372,0.00082,0.002871,0.002461,0.00123,0.00123,0.005331,0.004921,0.002461,0.003691,0.004511,0.007792,0.008202,0.009432,0.022965,0.031167,0.04634,0.088169,0.090629,0.051261,0.037728,0.026656,0.025015,0.011893,0.008202,0.011072,0.009022,0.006151,0.007382,0.009842,0.008202,0.013943,0.024605,0.025015,0.0488,0.122616,0.065828,0.115198,0.170378,0.141336,0.093901,0.080348,0.076476,0.046467,0.049371,0.035818,0.024201,0.021297,0.016457,0.010649,0.010649,0.00484,0.003872,0.005808,0.002904,0.005808,0.002904,0.001936,0.001936,0.0,0.0,0.001936,0.000968,0.0,0.0,0.001936,0.000968,0.0,0.000968,0.0,0.000968,0.0,0.0,0.0,0.0,0.003872
Zone_DH395,0.039113,0.064537,0.097458,0.063233,0.041069,0.020209,0.021512,0.011734,0.011734,0.010104,0.009126,0.005867,0.01043,0.009778,0.009778,0.011082,0.012386,0.03781,0.035202,0.059974,0.090613,0.057366,0.036506,0.027379,0.023468,0.026076,0.015645,0.011082,0.014993,0.011082,0.007171,0.014342,0.013038,0.01369,0.014342,0.041069,0.219342,0.000557,0.001672,0.002648,0.000836,0.001951,0.005574,0.003623,0.003623,0.004738,0.005574,0.007804,0.007804,0.00864,0.022575,0.032051,0.045429,0.088211,0.096572,0.051282,0.033584,0.022715,0.021182,0.014214,0.010033,0.011148,0.009755,0.007246,0.00864,0.012263,0.008779,0.013448,0.021739,0.026547,0.045987,0.122213,0.060626,0.133638,0.181877,0.147653,0.097132,0.082138,0.07236,0.046936,0.03781,0.026728,0.030965,0.019557,0.013038,0.01043,0.007171,0.004563,0.001956,0.003259,0.004563,0.002608,0.001956,0.001956,0.000652,0.003259,0.0,0.001304,0.000652,0.000652,0.000652,0.001956,0.001304,0.0,0.0,0.0,0.0,0.000652,0.0,0.0,0.0,0.0
Zone_DH396,0.053374,0.084624,0.104259,0.061117,0.027655,0.016869,0.021018,0.009679,0.005254,0.004978,0.002765,0.009403,0.011062,0.010509,0.012168,0.011338,0.014381,0.036504,0.045354,0.063606,0.10094,0.082965,0.03042,0.021571,0.019635,0.011615,0.00719,0.011892,0.006914,0.006084,0.00719,0.010509,0.009679,0.012998,0.014934,0.039546,0.212135,0.000471,0.000707,0.001767,0.001178,0.002474,0.003652,0.003417,0.003299,0.004477,0.005184,0.006009,0.008012,0.009661,0.018027,0.027216,0.044713,0.106686,0.114934,0.051016,0.029691,0.016141,0.017791,0.013314,0.010604,0.007894,0.009367,0.009013,0.007835,0.009485,0.007069,0.01025,0.013844,0.02704,0.043947,0.141679,0.056416,0.116427,0.164546,0.180033,0.107577,0.079369,0.054204,0.044248,0.034569,0.028761,0.035122,0.0224,0.017699,0.009126,0.009403,0.004978,0.003595,0.003872,0.004425,0.004701,0.003042,0.000553,0.002765,0.004425,0.001106,0.001106,0.0,0.000553,0.001106,0.001106,0.001659,0.0,0.0,0.0,0.0,0.001106,0.0,0.0,0.0,0.0
Zone_DH397,0.051551,0.073508,0.097613,0.12506,0.028162,0.015274,0.015752,0.005012,0.004535,0.005012,0.002864,0.006683,0.008592,0.006683,0.008115,0.005012,0.013842,0.018138,0.045823,0.052745,0.08926,0.146539,0.02673,0.024821,0.015513,0.00716,0.008115,0.013842,0.005489,0.004296,0.007637,0.009069,0.006444,0.008115,0.013365,0.023628,0.206468,0.000397,0.000994,0.001292,0.001788,0.002285,0.002484,0.002931,0.002434,0.002534,0.003974,0.005266,0.007154,0.007551,0.012619,0.022157,0.036514,0.141239,0.150579,0.04029,0.019325,0.01401,0.013612,0.010731,0.007949,0.005514,0.005763,0.008446,0.006309,0.006806,0.006309,0.008446,0.00775,0.019474,0.033484,0.17512,0.053461,0.104057,0.151074,0.235322,0.101909,0.070644,0.047017,0.046778,0.028162,0.028401,0.031026,0.020286,0.015752,0.011456,0.009547,0.008831,0.005967,0.006683,0.003819,0.005012,0.003103,0.001671,0.002864,0.000955,0.000955,0.000477,0.0,0.000955,0.001432,0.000477,0.000955,0.0,0.0,0.0,0.0,0.000955,0.0,0.0,0.0,0.0
Zone_DH398,0.048927,0.057466,0.077544,0.159705,0.034618,0.021463,0.009231,0.004847,0.00577,0.006,0.002539,0.009001,0.007385,0.002308,0.003923,0.006462,0.013616,0.01454,0.041311,0.044542,0.072236,0.16432,0.039003,0.036003,0.009001,0.009231,0.011078,0.010847,0.007616,0.005308,0.006,0.00877,0.004385,0.007847,0.016386,0.020771,0.202779,4.8e-05,0.000958,0.002012,0.002971,0.001821,0.002204,0.002635,0.001485,0.003019,0.004456,0.004648,0.007523,0.007619,0.011404,0.0184,0.032439,0.151126,0.15999,0.034499,0.02022,0.014183,0.012027,0.009152,0.007187,0.007331,0.006325,0.006996,0.006133,0.006325,0.006852,0.007427,0.01011,0.019262,0.031912,0.176521,0.057928,0.104547,0.138703,0.233787,0.106393,0.069467,0.051696,0.04685,0.02931,0.036003,0.031618,0.015463,0.016155,0.012462,0.010385,0.007616,0.007847,0.006,0.003693,0.003462,0.002539,0.002539,0.000462,0.000462,0.000923,0.000923,0.0,0.000462,0.000462,0.000923,0.000462,0.0,0.0,0.000462,0.0,0.0,0.0,0.0,0.0,0.0
Zone_DH399,0.055754,0.043223,0.068031,0.120972,0.029923,0.019693,0.007417,0.00665,0.008696,0.008184,0.004859,0.014834,0.009207,0.010486,0.010486,0.013811,0.028645,0.026343,0.046036,0.035806,0.075448,0.112276,0.037852,0.030179,0.007928,0.008696,0.007673,0.009974,0.013555,0.010486,0.014066,0.014834,0.010997,0.016113,0.030946,0.029923,0.209972,0.000724,0.000223,0.002674,0.00312,0.002117,0.002674,0.002451,0.003287,0.004345,0.005125,0.00507,0.008747,0.008858,0.012925,0.018552,0.038997,0.126964,0.139554,0.040056,0.023677,0.018384,0.013426,0.011086,0.008579,0.009805,0.008189,0.009749,0.006741,0.007799,0.009025,0.009582,0.013983,0.023231,0.03649,0.153816,0.090793,0.11509,0.130435,0.2,0.105627,0.075448,0.057289,0.046803,0.030691,0.031202,0.029412,0.015857,0.014578,0.013043,0.008696,0.005115,0.00665,0.006394,0.002046,0.003325,0.002302,0.002302,0.000512,0.0,0.001279,0.001535,0.0,0.001023,0.0,0.000512,0.001023,0.0,0.0,0.000512,0.0,0.0,0.0,0.0,0.0,0.000512
Zone_DH400,0.063725,0.053476,0.045455,0.033645,0.024955,0.02451,0.009804,0.009804,0.012478,0.009358,0.007799,0.012255,0.011141,0.01582,0.016488,0.024955,0.053922,0.054813,0.064617,0.052585,0.050134,0.042558,0.027406,0.026961,0.009358,0.008913,0.007576,0.012255,0.013592,0.010472,0.011364,0.016934,0.020722,0.024955,0.049688,0.065508,0.222875,0.000618,0.000515,0.00206,0.002626,0.002163,0.003296,0.001339,0.003965,0.006385,0.005459,0.006849,0.008136,0.012565,0.016994,0.025542,0.045368,0.098666,0.106288,0.047376,0.032339,0.022761,0.015346,0.011638,0.00999,0.012256,0.010557,0.010969,0.009166,0.009887,0.009115,0.010814,0.020135,0.024049,0.050518,0.121376,0.103832,0.150624,0.170455,0.147727,0.106283,0.077094,0.061943,0.044118,0.032086,0.018939,0.023396,0.012923,0.010695,0.011586,0.002897,0.004679,0.002897,0.003342,0.001783,0.002005,0.00156,0.001783,0.001114,0.0,0.001783,0.000891,0.000446,0.000446,0.000891,0.000891,0.000446,0.0,0.0,0.0,0.0,0.0,0.0,0.0,0.0,0.000446
Zone_DH401,0.068645,0.054599,0.043323,0.026706,0.019585,0.019585,0.047082,0.019387,0.012859,0.007122,0.00455,0.006133,0.013254,0.01088,0.013848,0.024332,0.0455,0.051039,0.074975,0.058358,0.036202,0.029871,0.023739,0.020574,0.054402,0.019585,0.006924,0.010287,0.006528,0.008309,0.009693,0.011474,0.015826,0.023541,0.038378,0.062908,0.216836,0.00018,0.00027,0.000899,0.001619,0.002248,0.003148,0.001259,0.002923,0.004722,0.005081,0.00634,0.008859,0.011062,0.015649,0.024553,0.042989,0.113275,0.121054,0.048026,0.030893,0.021315,0.013625,0.013266,0.008724,0.008724,0.008904,0.009308,0.007105,0.010073,0.007285,0.010972,0.018752,0.020865,0.046767,0.132431,0.108803,0.153314,0.182394,0.145598,0.106627,0.08091,0.056775,0.048467,0.028882,0.020376,0.019585,0.014243,0.007913,0.005341,0.004748,0.003363,0.001385,0.002176,0.001187,0.001385,0.00178,0.000396,0.000989,0.0,0.000989,0.000396,0.000396,0.000396,0.000791,0.000396,0.0,0.0,0.0,0.0,0.0,0.0,0.0,0.0,0.0,0.0
Zone_DH402,0.043604,0.061583,0.044431,0.041124,0.023559,0.030998,0.091754,0.040298,0.009713,0.007853,0.005373,0.005166,0.009093,0.005993,0.005166,0.008473,0.015292,0.025005,0.054763,0.062823,0.053937,0.028518,0.031411,0.029758,0.102707,0.053317,0.008266,0.011573,0.005786,0.004133,0.00558,0.00744,0.008266,0.008473,0.013019,0.035751,0.209235,0.000276,0.000459,0.001195,0.000873,0.001378,0.003308,0.001654,0.002113,0.002986,0.004135,0.006065,0.007443,0.007259,0.012911,0.020721,0.036848,0.139306,0.151757,0.041535,0.021686,0.016219,0.01213,0.011073,0.008913,0.007903,0.006157,0.007397,0.006524,0.007903,0.006249,0.011624,0.014978,0.018194,0.033173,0.158419,0.102914,0.138665,0.169043,0.155404,0.107874,0.076875,0.06179,0.05435,0.028518,0.027072,0.020872,0.018806,0.010953,0.00806,0.00558,0.002687,0.000827,0.002893,0.00124,0.001033,0.00124,0.000413,0.00124,0.0,0.000413,0.0,0.000413,0.0,0.0,0.0,0.0,0.000413,0.0,0.0,0.0,0.0,0.0,0.0,0.000413,0.0
Zone_DH403,0.030966,0.049127,0.080093,0.04936,0.012573,0.025611,0.088475,0.040047,0.007683,0.007916,0.004657,0.004889,0.005122,0.004889,0.009546,0.011176,0.008615,0.025146,0.030966,0.054715,0.114552,0.034226,0.026775,0.023749,0.099884,0.058207,0.005821,0.006519,0.003958,0.00163,0.00326,0.005122,0.011874,0.011176,0.008382,0.033295,0.202867,0.000498,0.001394,0.000697,0.000597,0.00219,0.001493,0.00209,0.001095,0.001493,0.002538,0.004529,0.005624,0.006271,0.009705,0.016375,0.027822,0.172805,0.181565,0.031953,0.016673,0.012493,0.008511,0.007466,0.006868,0.004778,0.004479,0.004081,0.00428,0.005326,0.003783,0.007914,0.009108,0.012841,0.02399,0.193808,0.092666,0.124796,0.195343,0.151106,0.09546,0.065891,0.058906,0.048661,0.027707,0.03376,0.025378,0.02631,0.018393,0.010244,0.006752,0.00326,0.003725,0.002561,0.000931,0.001164,0.000466,0.000931,0.000466,0.0,0.000466,0.0,0.000931,0.000931,0.000466,0.0,0.0,0.000466,0.0,0.000466,0.0,0.0,0.0,0.0,0.000466,0.000931
Zone_DH404,0.079443,0.087087,0.085722,0.040677,0.009282,0.008463,0.00546,0.004095,0.003822,0.00546,0.004368,0.004914,0.004641,0.003549,0.012831,0.01638,0.013923,0.084084,0.076167,0.105378,0.120666,0.028392,0.010374,0.012012,0.007644,0.005733,0.004641,0.006552,0.006552,0.003276,0.005733,0.006006,0.015561,0.015834,0.010647,0.08463,0.198699,0.001065,0.002018,0.001177,0.001458,0.002915,0.001906,0.001906,0.002243,0.00314,0.005495,0.005999,0.004093,0.008074,0.00841,0.013568,0.02209,0.1719,0.183169,0.026295,0.016147,0.011886,0.008858,0.008354,0.007176,0.007064,0.00656,0.006504,0.005943,0.00712,0.004766,0.007681,0.009139,0.012727,0.023436,0.191018,0.075621,0.099918,0.194376,0.14469,0.117117,0.053781,0.04641,0.048867,0.035217,0.037128,0.025662,0.028665,0.024024,0.016107,0.009555,0.015834,0.006279,0.004095,0.001638,0.004368,0.000546,0.000546,0.001092,0.0,0.000546,0.0,0.002457,0.001092,0.000546,0.0,0.000546,0.0,0.0,0.000546,0.0,0.000546,0.0,0.000546,0.000546,0.001092
Zone_DH405,0.129307,0.087389,0.033037,0.024867,0.004973,0.007105,0.004973,0.00746,0.009236,0.004973,0.003908,0.006394,0.005684,0.01421,0.013499,0.016696,0.015275,0.109059,0.1254,0.09627,0.045826,0.024156,0.012078,0.006394,0.004263,0.004973,0.006394,0.007815,0.007815,0.002131,0.006394,0.004973,0.016696,0.011368,0.007815,0.11119,0.200637,0.000868,0.002315,0.001881,0.001447,0.003256,0.002894,0.003762,0.003762,0.004052,0.005354,0.006584,0.005137,0.009478,0.01013,0.013458,0.021055,0.164098,0.17307,0.022068,0.018016,0.012951,0.007959,0.011215,0.007525,0.007669,0.007887,0.009406,0.006946,0.006439,0.005716,0.006005,0.01107,0.014543,0.025541,0.185804,0.068561,0.087034,0.172291,0.160213,0.121492,0.056128,0.036234,0.047602,0.039076,0.036945,0.025577,0.023801,0.022025,0.018828,0.00746,0.033748,0.008881,0.004973,0.003552,0.009236,0.001421,0.00071,0.001421,0.0,0.002487,0.0,0.001776,0.001421,0.00071,0.0,0.00071,0.0,0.0,0.002131,0.00071,0.00071,0.0,0.00071,0.0,0.001421
Zone_DH406,0.177539,0.04842,0.00538,0.011432,0.01076,0.00538,0.00807,0.009415,0.012105,0.004035,0.002017,0.004707,0.00538,0.022865,0.009415,0.014122,0.06187,0.094822,0.195024,0.058507,0.012777,0.00538,0.012105,0.00269,0.006725,0.004035,0.009415,0.004035,0.00807,0.001345,0.00807,0.00538,0.00807,0.011432,0.036315,0.102892,0.208779,0.000285,0.001568,0.002565,0.003563,0.001283,0.002993,0.00456,0.004133,0.00456,0.004845,0.006841,0.004703,0.008408,0.013966,0.008978,0.020949,0.163888,0.16232,0.021377,0.012826,0.016674,0.007553,0.013966,0.007553,0.004275,0.008693,0.008836,0.006413,0.006841,0.008693,0.00627,0.013111,0.016389,0.029927,0.181417,0.070612,0.069267,0.137861,0.193679,0.110962,0.045057,0.027572,0.049765,0.024882,0.035642,0.022192,0.031607,0.01614,0.025555,0.011432,0.03766,0.014795,0.00807,0.009415,0.015467,0.006725,0.00269,0.00807,0.001345,0.004707,0.00269,0.0,0.00269,0.001345,0.001345,0.0,0.0,0.0,0.004035,0.001345,0.0,0.0,0.001345,0.0,0.004035
Zone_DH407,0.09441,0.058385,0.001242,0.006211,0.012422,0.002484,0.01118,0.007453,0.006211,0.002484,0.002484,0.003727,0.004969,0.02236,0.01118,0.042236,0.208696,0.029814,0.099379,0.059627,0.006211,0.007453,0.009938,0.002484,0.014907,0.009938,0.004969,0.003727,0.009938,0.014907,0.01118,0.006211,0.007453,0.036025,0.149068,0.018634,0.203374,0.001534,0.003681,0.002761,0.003681,0.00184,0.005828,0.009509,0.007055,0.004908,0.005521,0.003988,0.009816,0.005828,0.019325,0.008896,0.015337,0.157362,0.152147,0.013804,0.011963,0.019939,0.005521,0.013804,0.007669,0.007055,0.009816,0.009202,0.01319,0.009202,0.011656,0.008589,0.009202,0.014724,0.030368,0.181902,0.114286,0.045963,0.108075,0.154037,0.121739,0.031056,0.026087,0.058385,0.036025,0.04472,0.029814,0.027329,0.01118,0.021118,0.006211,0.018634,0.027329,0.014907,0.019876,0.017391,0.008696,0.004969,0.012422,0.002484,0.0,0.004969,0.0,0.002484,0.004969,0.004969,0.001242,0.0,0.002484,0.002484,0.0,0.0,0.0,0.0,0.001242,0.012422
Zone_DH408,0.028693,0.008502,0.0,0.002125,0.0,0.0,0.003188,0.0,0.005313,0.002125,0.007439,0.003188,0.0,0.006376,0.010627,0.048884,0.378321,0.01169,0.012752,0.002125,0.003188,0.003188,0.002125,0.003188,0.009564,0.006376,0.004251,0.003188,0.004251,0.012752,0.010627,0.004251,0.002125,0.059511,0.331562,0.008502,0.188877,0.001538,0.0041,0.0,0.00205,0.000769,0.001794,0.0041,0.005638,0.00205,0.0041,0.002819,0.002819,0.002307,0.004613,0.007432,0.01102,0.200923,0.232445,0.01102,0.007945,0.006407,0.002819,0.001281,0.003075,0.005638,0.007688,0.008457,0.007176,0.003332,0.005638,0.005126,0.004357,0.005382,0.011533,0.223731,0.09458,0.036132,0.074389,0.080765,0.246546,0.026567,0.023379,0.030818,0.075452,0.028693,0.048884,0.022317,0.005313,0.012752,0.008502,0.009564,0.01594,0.021254,0.023379,0.035069,0.008502,0.013815,0.006376,0.002125,0.009564,0.004251,0.001063,0.002125,0.005313,0.002125,0.001063,0.0,0.002125,0.0,0.0,0.0,0.0,0.002125,0.001063,0.018066
Zone_DH409,0.022744,0.005136,0.0,0.005136,0.0,0.002935,0.004402,0.0,0.003668,0.002935,0.007337,0.008804,0.00807,0.006603,0.012472,0.042553,0.380044,0.012472,0.013206,0.012472,0.004402,0.000734,0.002201,0.002201,0.005869,0.004402,0.003668,0.002935,0.005136,0.008804,0.008804,0.005869,0.002935,0.044754,0.338958,0.007337,0.192138,0.001702,0.004765,0.004084,0.000681,0.001702,0.002042,0.001702,0.004595,0.003744,0.001702,0.003063,0.002553,0.002553,0.007488,0.012423,0.013955,0.198434,0.220048,0.00885,0.012253,0.007488,0.005446,0.003914,0.007658,0.004084,0.006978,0.005276,0.004255,0.003233,0.006127,0.003404,0.006297,0.007318,0.013104,0.214942,0.07777,0.044021,0.061629,0.098313,0.247982,0.027146,0.019809,0.022744,0.062362,0.041086,0.047689,0.034483,0.011005,0.014674,0.00807,0.007337,0.010271,0.019809,0.026412,0.038885,0.011739,0.018342,0.003668,0.003668,0.00807,0.002935,0.000734,0.004402,0.002201,0.0,0.003668,0.0,0.001467,0.0,0.0,0.0,0.0,0.001467,0.002201,0.01394
Zone_DH410,0.02011,0.011883,0.003656,0.006399,0.001828,0.003656,0.00457,0.014625,0.009141,0.009141,0.010969,0.011883,0.013711,0.008227,0.016453,0.041133,0.306216,0.015539,0.02011,0.016453,0.005484,0.001828,0.006399,0.000914,0.00457,0.007313,0.009141,0.002742,0.00457,0.003656,0.011883,0.021938,0.010969,0.030165,0.316271,0.016453,0.200656,0.001435,0.004919,0.006764,0.00164,0.003484,0.00164,0.001845,0.002869,0.005944,0.003279,0.004714,0.006559,0.005739,0.009018,0.017832,0.018651,0.172986,0.192662,0.011068,0.016807,0.008198,0.010658,0.007788,0.010248,0.004099,0.003484,0.004919,0.006559,0.005124,0.012503,0.004304,0.011683,0.013117,0.014552,0.192253,0.053016,0.060329,0.056673,0.113346,0.251371,0.028336,0.02011,0.022852,0.052102,0.041133,0.037477,0.036563,0.023766,0.010055,0.010055,0.005484,0.005484,0.016453,0.022852,0.041133,0.010969,0.016453,0.005484,0.00457,0.005484,0.005484,0.002742,0.005484,0.005484,0.001828,0.005484,0.0,0.000914,0.0,0.0,0.0,0.001828,0.000914,0.002742,0.015539
Zone_DH411,0.046584,0.023292,0.012422,0.004658,0.006211,0.009317,0.004658,0.02795,0.012422,0.012422,0.018634,0.001553,0.01087,0.004658,0.015528,0.024845,0.217391,0.031056,0.048137,0.032609,0.013975,0.009317,0.01087,0.0,0.007764,0.012422,0.01087,0.004658,0.0,0.0,0.01087,0.02795,0.015528,0.029503,0.228261,0.052795,0.213613,0.0,0.002792,0.00733,0.002792,0.004538,0.0,0.001745,0.00349,0.008726,0.002792,0.005236,0.011867,0.010471,0.008377,0.018848,0.019197,0.169284,0.162653,0.018848,0.017452,0.004887,0.007679,0.009773,0.004538,0.004538,0.004538,0.008377,0.009773,0.004887,0.018499,0.00733,0.013613,0.018848,0.02199,0.170681,0.043478,0.085404,0.102484,0.170807,0.158385,0.026398,0.037267,0.02795,0.026398,0.051242,0.024845,0.031056,0.034161,0.009317,0.012422,0.021739,0.012422,0.009317,0.006211,0.031056,0.0,0.01087,0.006211,0.003106,0.003106,0.006211,0.003106,0.006211,0.006211,0.003106,0.006211,0.0,0.001553,0.0,0.0,0.0,0.0,0.007764,0.001553,0.012422
Zone_DH412,0.106007,0.04947,0.070671,0.014134,0.021201,0.014134,0.007067,0.007067,0.0,0.0,0.007067,0.007067,0.014134,0.007067,0.014134,0.014134,0.070671,0.070671,0.09894,0.070671,0.045936,0.028269,0.007067,0.0,0.007067,0.0,0.007067,0.0,0.0,0.014134,0.007067,0.014134,0.007067,0.035336,0.056537,0.106007,0.218605,0.0,0.0,0.003101,0.003101,0.009302,0.0,0.0,0.003101,0.0,0.0,0.0,0.009302,0.010853,0.003101,0.018605,0.023256,0.19845,0.142636,0.04031,0.021705,0.003101,0.006202,0.010853,0.0,0.003101,0.012403,0.009302,0.015504,0.004651,0.006202,0.009302,0.009302,0.012403,0.046512,0.145736,0.021201,0.042403,0.091873,0.183746,0.04947,0.067138,0.056537,0.063604,0.042403,0.042403,0.035336,0.021201,0.063604,0.028269,0.042403,0.042403,0.014134,0.0,0.0,0.014134,0.0,0.014134,0.007067,0.0,0.007067,0.0,0.007067,0.0,0.0,0.0,0.007067,0.0,0.0,0.007067,0.0,0.0,0.0,0.014134,0.0,0.014134
Zone_DH413,0.028708,0.114833,0.095694,0.028708,0.028708,0.009569,0.009569,0.009569,0.009569,0.0,0.0,0.009569,0.009569,0.038278,0.038278,0.028708,0.028708,0.019139,0.028708,0.095694,0.062201,0.047847,0.019139,0.0,0.019139,0.0,0.028708,0.009569,0.0,0.038278,0.0,0.009569,0.038278,0.038278,0.019139,0.038278,0.227571,0.0,0.004376,0.004376,0.004376,0.017505,0.004376,0.004376,0.008753,0.004376,0.0,0.0,0.017505,0.010941,0.004376,0.04814,0.019694,0.100656,0.100656,0.039387,0.030635,0.0,0.026258,0.02407,0.004376,0.008753,0.030635,0.026258,0.030635,0.0,0.017505,0.026258,0.021882,0.021882,0.035011,0.074398,0.019139,0.019139,0.057416,0.133971,0.086124,0.062201,0.057416,0.114833,0.038278,0.057416,0.028708,0.009569,0.028708,0.047847,0.028708,0.0,0.009569,0.019139,0.0,0.019139,0.0,0.019139,0.019139,0.019139,0.009569,0.009569,0.009569,0.009569,0.0,0.0,0.0,0.009569,0.0,0.009569,0.0,0.0,0.0,0.0,0.0,0.047847
Zone_DH414,0.040698,0.232558,0.023256,0.040698,0.023256,0.005814,0.0,0.011628,0.011628,0.0,0.005814,0.005814,0.0,0.040698,0.034884,0.017442,0.034884,0.040698,0.02907,0.156977,0.02907,0.011628,0.023256,0.011628,0.023256,0.0,0.017442,0.011628,0.0,0.017442,0.0,0.017442,0.02907,0.017442,0.023256,0.011628,0.221106,0.002513,0.002513,0.002513,0.0,0.007538,0.005025,0.005025,0.007538,0.005025,0.005025,0.0,0.01005,0.012563,0.012563,0.037688,0.017588,0.103015,0.130653,0.035176,0.020101,0.01005,0.020101,0.015075,0.007538,0.01005,0.017588,0.015075,0.020101,0.005025,0.020101,0.025126,0.030151,0.025126,0.022613,0.113065,0.0,0.005814,0.063953,0.116279,0.104651,0.081395,0.034884,0.05814,0.040698,0.05814,0.081395,0.046512,0.05814,0.040698,0.023256,0.017442,0.017442,0.017442,0.005814,0.005814,0.005814,0.005814,0.011628,0.02907,0.0,0.011628,0.005814,0.011628,0.0,0.005814,0.0,0.005814,0.0,0.005814,0.0,0.005814,0.0,0.005814,0.0,0.011628
Zone_DH415,0.044944,0.241573,0.016854,0.033708,0.02809,0.011236,0.0,0.011236,0.011236,0.005618,0.005618,0.005618,0.0,0.039326,0.02809,0.016854,0.033708,0.039326,0.033708,0.157303,0.039326,0.011236,0.022472,0.016854,0.016854,0.0,0.016854,0.005618,0.005618,0.016854,0.005618,0.016854,0.016854,0.016854,0.016854,0.011236,0.217703,0.002392,0.002392,0.002392,0.0,0.002392,0.004785,0.009569,0.007177,0.004785,0.011962,0.0,0.011962,0.014354,0.011962,0.04067,0.016746,0.102871,0.126794,0.033493,0.019139,0.016746,0.019139,0.014354,0.009569,0.011962,0.016746,0.011962,0.019139,0.004785,0.021531,0.023923,0.028708,0.023923,0.019139,0.114833,0.0,0.011236,0.061798,0.11236,0.101124,0.073034,0.02809,0.05618,0.033708,0.05618,0.078652,0.05618,0.061798,0.044944,0.011236,0.022472,0.02809,0.016854,0.005618,0.005618,0.005618,0.0,0.011236,0.033708,0.0,0.011236,0.011236,0.005618,0.0,0.011236,0.016854,0.005618,0.0,0.0,0.0,0.005618,0.0,0.005618,0.0,0.011236
Zone_DH416,0.022222,0.266667,0.044444,0.044444,0.055556,0.033333,0.0,0.011111,0.0,0.011111,0.0,0.011111,0.0,0.0,0.011111,0.0,0.011111,0.0,0.022222,0.166667,0.133333,0.011111,0.011111,0.011111,0.022222,0.0,0.0,0.011111,0.022222,0.033333,0.011111,0.022222,0.0,0.0,0.0,0.0,0.231959,0.005155,0.0,0.0,0.0,0.0,0.0,0.010309,0.010309,0.005155,0.015464,0.005155,0.010309,0.005155,0.010309,0.020619,0.010309,0.123711,0.123711,0.015464,0.005155,0.025773,0.0,0.010309,0.010309,0.030928,0.015464,0.015464,0.005155,0.005155,0.020619,0.005155,0.020619,0.015464,0.010309,0.201031,0.0,0.011111,0.0,0.177778,0.044444,0.044444,0.011111,0.033333,0.033333,0.044444,0.077778,0.066667,0.033333,0.055556,0.011111,0.022222,0.033333,0.033333,0.022222,0.0,0.0,0.0,0.0,0.022222,0.0,0.011111,0.022222,0.011111,0.0,0.011111,0.033333,0.0,0.0,0.0,0.033333,0.0,0.0,0.011111,0.0,0.088889
Zone_DH417,0.051724,0.051724,0.051724,0.034483,0.068966,0.034483,0.017241,0.034483,0.017241,0.034483,0.0,0.017241,0.017241,0.0,0.0,0.0,0.017241,0.0,0.034483,0.068966,0.155172,0.068966,0.034483,0.017241,0.034483,0.017241,0.0,0.017241,0.034483,0.034483,0.0,0.0,0.0,0.0,0.0,0.034483,0.256637,0.0,0.0,0.0,0.0,0.0,0.0,0.0,0.00885,0.026549,0.0,0.00885,0.017699,0.035398,0.026549,0.026549,0.026549,0.017699,0.026549,0.026549,0.035398,0.026549,0.017699,0.044248,0.00885,0.044248,0.026549,0.017699,0.00885,0.0,0.035398,0.00885,0.026549,0.035398,0.00885,0.150442,0.0,0.017241,0.017241,0.137931,0.017241,0.068966,0.0,0.0,0.034483,0.017241,0.086207,0.0,0.017241,0.034483,0.051724,0.034483,0.017241,0.034483,0.051724,0.0,0.017241,0.0,0.017241,0.017241,0.0,0.034483,0.0,0.017241,0.017241,0.0,0.017241,0.0,0.0,0.017241,0.051724,0.0,0.0,0.017241,0.0,0.137931
Zone_DH418,0.125,0.025,0.05,0.05,0.05,0.0,0.025,0.025,0.025,0.05,0.0,0.0,0.025,0.0,0.0,0.025,0.05,0.0,0.0,0.075,0.05,0.025,0.025,0.0,0.025,0.025,0.0,0.025,0.0,0.025,0.025,0.05,0.025,0.025,0.0,0.075,0.282051,0.0,0.0,0.0,0.0,0.0,0.0,0.0,0.0,0.025641,0.0,0.0,0.025641,0.012821,0.012821,0.025641,0.025641,0.051282,0.038462,0.038462,0.051282,0.025641,0.012821,0.051282,0.0,0.038462,0.012821,0.0,0.025641,0.0,0.051282,0.025641,0.038462,0.025641,0.025641,0.076923,0.0,0.0,0.05,0.0,0.0,0.05,0.025,0.075,0.075,0.025,0.1,0.0,0.075,0.0,0.05,0.025,0.05,0.025,0.05,0.025,0.025,0.0,0.025,0.025,0.0,0.05,0.025,0.0,0.025,0.0,0.0,0.0,0.0,0.025,0.0,0.0,0.0,0.0,0.0,0.1
Zone_DH419,0.115385,0.038462,0.038462,0.038462,0.038462,0.0,0.038462,0.038462,0.038462,0.038462,0.0,0.0,0.038462,0.0,0.0,0.038462,0.038462,0.0,0.0,0.038462,0.038462,0.0,0.038462,0.0,0.0,0.038462,0.0,0.038462,0.0,0.0,0.038462,0.076923,0.038462,0.038462,0.0,0.076923,0.319149,0.0,0.0,0.0,0.0,0.0,0.0,0.0,0.0,0.0,0.0,0.0,0.042553,0.0,0.0,0.0,0.021277,0.06383,0.042553,0.021277,0.06383,0.021277,0.0,0.06383,0.0,0.042553,0.021277,0.0,0.021277,0.0,0.06383,0.021277,0.06383,0.021277,0.042553,0.042553,0.0,0.0,0.038462,0.0,0.0,0.0,0.038462,0.115385,0.115385,0.038462,0.153846,0.0,0.115385,0.0,0.038462,0.0,0.038462,0.038462,0.0,0.038462,0.038462,0.0,0.038462,0.0,0.0,0.038462,0.038462,0.0,0.038462,0.0,0.0,0.0,0.0,0.038462,0.0,0.0,0.0,0.0,0.0,0.0
Zone_DH420,0.053571,0.0,0.017857,0.0,0.0,0.0,0.0,0.053571,0.035714,0.089286,0.0,0.017857,0.071429,0.035714,0.035714,0.035714,0.035714,0.017857,0.035714,0.0,0.017857,0.0,0.017857,0.017857,0.0,0.0,0.035714,0.035714,0.017857,0.053571,0.107143,0.017857,0.071429,0.0,0.017857,0.053571,0.229508,0.008197,0.0,0.0,0.008197,0.0,0.0,0.0,0.0,0.008197,0.008197,0.008197,0.016393,0.016393,0.02459,0.008197,0.040984,0.081967,0.04918,0.04918,0.008197,0.07377,0.04918,0.008197,0.008197,0.0,0.008197,0.032787,0.008197,0.032787,0.02459,0.016393,0.032787,0.032787,0.02459,0.081967,0.017857,0.053571,0.0,0.035714,0.035714,0.017857,0.071429,0.0,0.035714,0.035714,0.053571,0.053571,0.035714,0.017857,0.071429,0.035714,0.0,0.017857,0.017857,0.089286,0.053571,0.035714,0.017857,0.017857,0.0,0.0,0.017857,0.017857,0.0,0.053571,0.0,0.017857,0.0,0.017857,0.0,0.0,0.0,0.0,0.0,0.053571
Zone_DH421,0.159159,0.018018,0.012012,0.036036,0.006006,0.006006,0.0,0.018018,0.018018,0.03003,0.006006,0.024024,0.03003,0.024024,0.018018,0.024024,0.03003,0.102102,0.096096,0.006006,0.03003,0.006006,0.012012,0.006006,0.0,0.006006,0.012012,0.018018,0.024024,0.018018,0.042042,0.012012,0.03003,0.006006,0.012012,0.102102,0.220779,0.002597,0.002597,0.002597,0.005195,0.0,0.002597,0.002597,0.002597,0.002597,0.005195,0.006494,0.01039,0.01039,0.031169,0.015584,0.038961,0.111688,0.109091,0.041558,0.020779,0.038961,0.025974,0.007792,0.015584,0.002597,0.005195,0.012987,0.007792,0.01039,0.01039,0.012987,0.018182,0.018182,0.015584,0.151948,0.018018,0.03003,0.024024,0.066066,0.054054,0.048048,0.072072,0.012012,0.078078,0.048048,0.024024,0.03003,0.048048,0.012012,0.036036,0.03003,0.03003,0.012012,0.048048,0.054054,0.03003,0.024024,0.012012,0.03003,0.0,0.006006,0.006006,0.006006,0.0,0.024024,0.0,0.006006,0.006006,0.006006,0.006006,0.0,0.0,0.0,0.0,0.063063
Zone_DH422,0.143695,0.017595,0.017595,0.041056,0.017595,0.029326,0.005865,0.01173,0.017595,0.017595,0.029326,0.02346,0.0,0.017595,0.005865,0.029326,0.02346,0.105572,0.082111,0.02346,0.029326,0.01173,0.005865,0.01173,0.0,0.005865,0.0,0.02346,0.029326,0.017595,0.02346,0.017595,0.017595,0.017595,0.005865,0.123167,0.228426,0.002538,0.007614,0.005076,0.010152,0.0,0.002538,0.002538,0.007614,0.005076,0.007614,0.008883,0.007614,0.010152,0.030457,0.01269,0.030457,0.091371,0.096447,0.038071,0.017766,0.027919,0.025381,0.007614,0.025381,0.002538,0.015228,0.020305,0.01269,0.007614,0.017766,0.020305,0.01269,0.022843,0.017766,0.140863,0.02346,0.029326,0.029326,0.064516,0.052786,0.041056,0.070381,0.02346,0.070381,0.052786,0.029326,0.02346,0.052786,0.01173,0.01173,0.02346,0.029326,0.01173,0.064516,0.029326,0.035191,0.017595,0.01173,0.029326,0.01173,0.017595,0.01173,0.0,0.0,0.029326,0.0,0.005865,0.005865,0.0,0.005865,0.0,0.005865,0.005865,0.0,0.061584
Zone_DH423,0.04386,0.04386,0.026316,0.087719,0.04386,0.04386,0.017544,0.0,0.017544,0.008772,0.035088,0.017544,0.0,0.026316,0.017544,0.0,0.0,0.087719,0.087719,0.04386,0.017544,0.017544,0.026316,0.017544,0.008772,0.0,0.008772,0.017544,0.017544,0.026316,0.017544,0.017544,0.008772,0.017544,0.0,0.131579,0.23166,0.0,0.011583,0.007722,0.015444,0.003861,0.003861,0.0,0.015444,0.007722,0.011583,0.011583,0.003861,0.019305,0.027027,0.011583,0.027027,0.07722,0.092664,0.023166,0.019305,0.023166,0.019305,0.003861,0.019305,0.011583,0.011583,0.034749,0.015444,0.007722,0.030888,0.015444,0.011583,0.027027,0.030888,0.11583,0.008772,0.017544,0.052632,0.078947,0.070175,0.078947,0.061404,0.035088,0.052632,0.035088,0.026316,0.008772,0.061404,0.008772,0.017544,0.008772,0.026316,0.008772,0.061404,0.04386,0.017544,0.0,0.017544,0.017544,0.017544,0.026316,0.008772,0.0,0.0,0.026316,0.017544,0.017544,0.0,0.0,0.0,0.0,0.008772,0.008772,0.0,0.052632
Zone_DH424,0.007722,0.054054,0.046332,0.061776,0.061776,0.061776,0.03861,0.023166,0.019305,0.011583,0.046332,0.030888,0.007722,0.030888,0.023166,0.0,0.003861,0.027027,0.027027,0.030888,0.023166,0.027027,0.092664,0.015444,0.0,0.015444,0.015444,0.027027,0.015444,0.03861,0.023166,0.015444,0.0,0.023166,0.0,0.054054,0.251217,0.003895,0.00779,0.003895,0.013632,0.003895,0.0,0.00779,0.025316,0.00779,0.011685,0.013632,0.015579,0.011685,0.009737,0.029211,0.037001,0.046738,0.05258,0.038948,0.013632,0.019474,0.012658,0.009737,0.031159,0.003895,0.012658,0.027264,0.036027,0.013632,0.032132,0.038948,0.025316,0.038948,0.036027,0.056475,0.027027,0.061776,0.07722,0.07722,0.061776,0.069498,0.03861,0.03861,0.019305,0.030888,0.057915,0.046332,0.054054,0.007722,0.030888,0.023166,0.003861,0.011583,0.054054,0.0,0.007722,0.007722,0.023166,0.015444,0.015444,0.023166,0.007722,0.0,0.007722,0.0,0.015444,0.015444,0.0,0.0,0.015444,0.0,0.0,0.015444,0.007722,0.030888
Zone_DH425,0.067701,0.03385,0.042313,0.047955,0.056417,0.045134,0.025388,0.019746,0.015515,0.012694,0.022567,0.014104,0.014104,0.014104,0.011283,0.028209,0.015515,0.023977,0.053597,0.050776,0.039492,0.059238,0.062059,0.035261,0.022567,0.016925,0.018336,0.012694,0.005642,0.005642,0.016925,0.008463,0.005642,0.016925,0.014104,0.045134,0.233994,0.0013,0.0026,0.0039,0.00195,0.0026,0.0065,0.0065,0.00715,0.0039,0.0104,0.00975,0.01365,0.01885,0.0182,0.030549,0.040949,0.070848,0.085798,0.042899,0.024699,0.027299,0.017225,0.01885,0.013,0.0078,0.008125,0.01495,0.017225,0.00715,0.012025,0.031849,0.025674,0.026649,0.043549,0.091648,0.028209,0.069111,0.104372,0.071932,0.115656,0.076164,0.077574,0.06347,0.040903,0.06488,0.040903,0.059238,0.035261,0.008463,0.025388,0.014104,0.015515,0.007052,0.011283,0.008463,0.002821,0.005642,0.008463,0.002821,0.002821,0.0,0.0,0.0,0.008463,0.0,0.005642,0.005642,0.0,0.0,0.005642,0.0,0.0,0.002821,0.002821,0.008463
Zone_DH426,0.058648,0.033513,0.031119,0.026332,0.027528,0.028725,0.013166,0.014363,0.010174,0.019749,0.028725,0.035907,0.026332,0.023938,0.01915,0.026332,0.023339,0.028127,0.039497,0.047876,0.037104,0.032316,0.031119,0.024536,0.021544,0.011969,0.018552,0.022142,0.023938,0.028725,0.032316,0.026332,0.011969,0.027528,0.028725,0.058648,0.211305,0.000501,0.001504,0.003008,0.001253,0.002005,0.003509,0.003008,0.003259,0.004011,0.005514,0.006266,0.00777,0.009274,0.018047,0.031332,0.059907,0.085976,0.09525,0.063166,0.034591,0.023562,0.00965,0.017295,0.008522,0.006517,0.007144,0.00777,0.009149,0.004763,0.007645,0.014789,0.017421,0.028324,0.067427,0.119564,0.058648,0.1155,0.144823,0.096349,0.116098,0.089767,0.072412,0.062837,0.035308,0.029922,0.025733,0.029922,0.018552,0.011969,0.016756,0.007181,0.012567,0.01137,0.008378,0.007181,0.001197,0.005984,0.0,0.002394,0.001197,0.001197,0.0,0.002394,0.002394,0.001197,0.001197,0.001197,0.0,0.0,0.001197,0.0,0.0,0.0,0.002394,0.004788
Zone_DH427,0.030334,0.0182,0.014156,0.010785,0.010111,0.014156,0.010111,0.01483,0.021571,0.026289,0.028986,0.040445,0.03303,0.035726,0.055949,0.049882,0.030334,0.022245,0.020222,0.024604,0.018874,0.009437,0.014156,0.019211,0.017526,0.023593,0.027637,0.028986,0.028986,0.035389,0.042467,0.037074,0.054601,0.057297,0.0364,0.0364,0.201516,0.000805,0.001878,0.001878,0.000805,0.00161,0.002415,0.00161,0.00322,0.003488,0.005098,0.003757,0.00644,0.006708,0.013819,0.028175,0.055276,0.114577,0.113772,0.067217,0.03126,0.018246,0.007379,0.01288,0.006977,0.007782,0.005098,0.004964,0.00483,0.00483,0.008318,0.006507,0.011807,0.026028,0.069229,0.1398,0.072127,0.137513,0.173913,0.113246,0.103809,0.070779,0.069767,0.059993,0.034041,0.022245,0.024941,0.020897,0.011459,0.010111,0.013482,0.004719,0.013145,0.008763,0.008763,0.008763,0.002022,0.006067,0.001348,0.001348,0.000674,0.000674,0.0,0.001348,0.0,0.0,0.000674,0.0,0.0,0.0,0.0,0.0,0.0,0.0,0.001348,0.002022
Zone_DH428,0.012319,0.012627,0.011703,0.014783,0.012935,0.008007,0.011703,0.018479,0.027102,0.031414,0.032646,0.043733,0.036957,0.035725,0.05482,0.044349,0.028334,0.022174,0.015399,0.014167,0.009855,0.012319,0.012935,0.017247,0.02279,0.02895,0.030182,0.037573,0.035109,0.042193,0.046812,0.045581,0.059132,0.055436,0.032338,0.022174,0.20334,0.000989,0.002968,0.001732,0.001237,0.001732,0.002474,0.002474,0.002845,0.004453,0.0047,0.005195,0.007297,0.008163,0.015832,0.026345,0.048361,0.11107,0.110575,0.062338,0.028571,0.01979,0.013729,0.012245,0.007421,0.008411,0.007421,0.005628,0.005318,0.008163,0.013111,0.008411,0.014842,0.028077,0.059926,0.134818,0.074222,0.130582,0.174007,0.133662,0.092393,0.065907,0.066831,0.052048,0.040345,0.029566,0.023406,0.019095,0.012935,0.011087,0.012319,0.00616,0.012319,0.009239,0.008007,0.009239,0.002464,0.00616,0.00308,0.000616,0.000616,0.000616,0.000616,0.001232,0.0,0.0,0.0,0.0,0.000616,0.0,0.000616,0.0,0.0,0.0,0.0,0.0
Zone_DH429,0.030106,0.048417,0.045313,0.037865,0.037865,0.01676,0.021726,0.015518,0.01676,0.016139,0.011173,0.017381,0.017381,0.012415,0.043451,0.03352,0.020484,0.029795,0.029795,0.035382,0.049348,0.028554,0.032278,0.027933,0.026381,0.027623,0.024519,0.022967,0.01676,0.019243,0.018622,0.024209,0.047176,0.032278,0.031347,0.03352,0.212574,0.000917,0.002358,0.002358,0.00131,0.002096,0.003929,0.00406,0.003798,0.004715,0.005501,0.007335,0.010544,0.009299,0.019122,0.026916,0.044008,0.097577,0.10203,0.049771,0.031303,0.022659,0.020236,0.013621,0.008906,0.010478,0.009168,0.007662,0.007728,0.011788,0.011002,0.013883,0.022266,0.026523,0.045645,0.126916,0.083489,0.115456,0.175047,0.137182,0.1018,0.073557,0.06797,0.041279,0.056176,0.036313,0.02514,0.019243,0.01676,0.006828,0.007449,0.003414,0.006828,0.004345,0.004345,0.004966,0.003104,0.001241,0.002483,0.000621,0.0,0.001241,0.000621,0.001241,0.0,0.000621,0.0,0.0,0.000621,0.0,0.000621,0.0,0.0,0.0,0.0,0.0
Zone_DH430,0.040167,0.069622,0.083606,0.053555,0.04939,0.020232,0.036001,0.012496,0.010116,0.006843,0.005058,0.007736,0.008628,0.007736,0.011604,0.012496,0.013091,0.038084,0.036299,0.056828,0.085986,0.045225,0.041952,0.035406,0.041952,0.025885,0.016959,0.010116,0.010116,0.013091,0.004165,0.008926,0.011901,0.013686,0.018744,0.036299,0.21507,0.000646,0.002326,0.002843,0.001616,0.002585,0.00517,0.004524,0.003619,0.005235,0.006204,0.008013,0.009888,0.010081,0.021649,0.028112,0.0422,0.086597,0.097518,0.049115,0.033993,0.024299,0.021261,0.015833,0.011374,0.011503,0.011632,0.008918,0.009306,0.012666,0.013248,0.013248,0.023136,0.026948,0.041554,0.118069,0.074978,0.135079,0.17465,0.134781,0.100863,0.07706,0.063672,0.040762,0.044035,0.035109,0.0241,0.018447,0.017554,0.008926,0.006248,0.002678,0.005356,0.00357,0.008926,0.00357,0.004165,0.004165,0.00238,0.001785,0.000595,0.001785,0.000595,0.00119,0.000595,0.00119,0.00119,0.0,0.0,0.0,0.0,0.0,0.0,0.0,0.0,0.0
Zone_DH431,0.057215,0.066146,0.085682,0.054982,0.040748,0.02456,0.042143,0.008094,0.005861,0.005303,0.00307,0.010885,0.010327,0.010047,0.009768,0.013676,0.016188,0.039073,0.04633,0.057773,0.086241,0.071449,0.03098,0.037678,0.034329,0.013397,0.008652,0.011443,0.005303,0.006698,0.003349,0.008652,0.008652,0.012001,0.015908,0.037399,0.209246,0.001156,0.00146,0.002251,0.001642,0.002372,0.003345,0.003345,0.003163,0.004319,0.004623,0.006752,0.009185,0.011496,0.021655,0.025973,0.042153,0.104988,0.114903,0.048844,0.026764,0.01983,0.01691,0.014903,0.012348,0.007421,0.008151,0.010827,0.00809,0.009307,0.009915,0.012105,0.017032,0.026582,0.03455,0.142397,0.073123,0.123919,0.151549,0.139827,0.11108,0.088194,0.056377,0.046609,0.039352,0.039632,0.02791,0.022886,0.017862,0.010885,0.005303,0.002791,0.004745,0.005024,0.007256,0.006419,0.004186,0.003349,0.001954,0.001675,0.000558,0.000558,0.000558,0.001116,0.001675,0.000558,0.001675,0.0,0.0,0.000558,0.0,0.0,0.000279,0.0,0.0,0.000558
Zone_DH432,0.059327,0.052704,0.076987,0.137141,0.035044,0.019868,0.034768,0.006347,0.003587,0.004415,0.005243,0.005243,0.007726,0.005519,0.004415,0.010486,0.010486,0.016556,0.055188,0.050497,0.066225,0.155077,0.032285,0.031457,0.027594,0.005519,0.004967,0.012141,0.005795,0.005519,0.003311,0.006898,0.006347,0.006898,0.01021,0.018212,0.204724,0.001066,0.000947,0.001539,0.001895,0.001362,0.001125,0.002131,0.002013,0.002546,0.003671,0.006216,0.00746,0.010065,0.015097,0.020899,0.033035,0.143094,0.152211,0.038186,0.01563,0.015038,0.015452,0.012788,0.009769,0.004322,0.00598,0.008407,0.00592,0.005032,0.007045,0.01113,0.009769,0.017347,0.027529,0.179563,0.070088,0.110099,0.137969,0.192053,0.10734,0.080298,0.052152,0.046909,0.031457,0.042219,0.028974,0.022903,0.013521,0.010762,0.00745,0.006071,0.007174,0.006898,0.003311,0.005243,0.003311,0.001932,0.002208,0.000828,0.000276,0.000552,0.000552,0.001932,0.001656,0.000552,0.000552,0.0,0.000276,0.000828,0.0,0.0,0.0,0.0,0.0,0.001656
Zone_DH433,0.06264,0.048876,0.075,0.18427,0.024157,0.015169,0.013764,0.005337,0.004213,0.006742,0.003652,0.005899,0.007022,0.002247,0.001966,0.008989,0.011517,0.005337,0.051966,0.041854,0.069663,0.193258,0.035393,0.022472,0.009551,0.007303,0.00618,0.010112,0.008427,0.005337,0.003933,0.00927,0.003933,0.007584,0.010955,0.016011,0.199505,0.000121,0.001447,0.002231,0.002895,0.001809,0.001387,0.002111,0.003257,0.004041,0.003498,0.004584,0.00778,0.008383,0.010916,0.014776,0.020807,0.16543,0.178035,0.026597,0.014716,0.011821,0.012243,0.010253,0.006272,0.006393,0.007659,0.007237,0.004825,0.003257,0.006212,0.009891,0.008262,0.011941,0.024787,0.19462,0.076404,0.101404,0.121629,0.211798,0.114888,0.083427,0.052809,0.046348,0.029775,0.039045,0.029775,0.016011,0.01882,0.011517,0.007865,0.007022,0.009831,0.005899,0.001966,0.001404,0.001124,0.002528,0.001124,0.000281,0.000281,0.0,0.0,0.000843,0.001124,0.000562,0.0,0.0,0.000843,0.000281,0.0,0.0,0.0,0.0,0.0,0.003371
Zone_DH434,0.048378,0.044865,0.081892,0.13027,0.020811,0.009459,0.007027,0.007568,0.008649,0.008649,0.006757,0.01027,0.010811,0.011622,0.013514,0.017838,0.026216,0.017838,0.045946,0.041351,0.087297,0.124324,0.032703,0.013784,0.005946,0.007027,0.008378,0.009189,0.014324,0.01027,0.011622,0.012432,0.018378,0.015405,0.028108,0.031081,0.208525,0.000846,0.001209,0.002358,0.002721,0.002418,0.002358,0.002721,0.005079,0.005502,0.005441,0.007316,0.008888,0.010883,0.013724,0.017352,0.027751,0.133676,0.1448,0.034099,0.020677,0.018501,0.016385,0.010762,0.009553,0.009311,0.011185,0.009794,0.00659,0.006046,0.008767,0.009674,0.012878,0.016143,0.033615,0.162455,0.103243,0.122432,0.121351,0.174054,0.100541,0.086486,0.059459,0.042162,0.035676,0.029189,0.027297,0.016486,0.018919,0.013784,0.010541,0.004595,0.008108,0.005676,0.002703,0.003514,0.003784,0.002973,0.000541,0.00027,0.0,0.00027,0.0,0.000541,0.000811,0.000541,0.000541,0.0,0.000811,0.0,0.0,0.0,0.0,0.0,0.00027,0.002432
Zone_DH435,0.056639,0.056639,0.07637,0.048747,0.024141,0.017642,0.009285,0.011374,0.013463,0.009053,0.006732,0.010214,0.013695,0.015088,0.015088,0.01857,0.030176,0.04039,0.057799,0.059656,0.083101,0.064763,0.031801,0.017177,0.008589,0.008357,0.008589,0.011374,0.012999,0.011606,0.011374,0.013928,0.022981,0.018338,0.031337,0.052925,0.219411,0.000919,0.001622,0.001622,0.002325,0.00173,0.003785,0.003028,0.00438,0.006488,0.006867,0.008002,0.008273,0.013031,0.018654,0.026602,0.04531,0.091917,0.099162,0.048013,0.034982,0.026386,0.018167,0.012922,0.01103,0.01276,0.011246,0.010868,0.010652,0.010003,0.010003,0.011625,0.019735,0.026872,0.046661,0.11495,0.110724,0.151346,0.148329,0.140669,0.104225,0.082637,0.06546,0.044568,0.034819,0.018802,0.022284,0.014856,0.015088,0.011374,0.0065,0.00441,0.003946,0.004875,0.001857,0.003018,0.00325,0.002553,0.0,0.0,0.000464,0.000232,0.000464,0.0,0.001161,0.000929,0.000464,0.0,0.0,0.0,0.0,0.0,0.0,0.0,0.000232,0.000464
Zone_DH436,0.060925,0.069806,0.05886,0.038414,0.030979,0.021685,0.023544,0.01487,0.013837,0.009913,0.004957,0.005783,0.014663,0.013631,0.013837,0.022098,0.026848,0.041925,0.06898,0.072491,0.053284,0.047914,0.041512,0.022511,0.022718,0.010946,0.007435,0.011152,0.007848,0.009913,0.009913,0.011152,0.020653,0.019413,0.025196,0.050392,0.220189,0.000375,0.000469,0.000939,0.001408,0.001783,0.004317,0.00291,0.003754,0.005162,0.007555,0.008494,0.01023,0.013985,0.020742,0.028345,0.050401,0.077807,0.085222,0.053029,0.037965,0.028251,0.018678,0.015909,0.012389,0.012483,0.01131,0.013187,0.0107,0.013891,0.011638,0.01619,0.021869,0.028204,0.051152,0.099066,0.09872,0.14209,0.155721,0.143742,0.12247,0.087154,0.065056,0.053903,0.033664,0.024577,0.020033,0.014457,0.009913,0.006815,0.007641,0.00475,0.001033,0.001859,0.000826,0.001033,0.001239,0.0,0.001239,0.0,0.0,0.0,0.000413,0.0,0.000826,0.000413,0.0,0.0,0.0,0.0,0.000413,0.0,0.0,0.0,0.0,0.0
Zone_DH437,0.033333,0.068199,0.078161,0.03908,0.027011,0.021073,0.045785,0.030268,0.010153,0.006513,0.006705,0.02567,0.017241,0.011303,0.009195,0.016667,0.011111,0.023563,0.04272,0.062644,0.093103,0.040613,0.033908,0.022989,0.045785,0.045019,0.00728,0.010153,0.007663,0.020498,0.013602,0.007854,0.010153,0.013793,0.011686,0.029502,0.210107,0.000254,0.000593,0.001017,0.000678,0.000593,0.002542,0.001949,0.002965,0.002796,0.004956,0.006058,0.007879,0.009997,0.015377,0.021265,0.041132,0.126912,0.135002,0.044648,0.025247,0.019316,0.013132,0.013598,0.009701,0.009192,0.008684,0.00826,0.007074,0.009828,0.007964,0.011988,0.015589,0.020079,0.039903,0.143729,0.090421,0.157854,0.157854,0.149617,0.100958,0.074713,0.069923,0.063985,0.03295,0.026628,0.021456,0.016284,0.011686,0.006705,0.006897,0.003831,0.001916,0.001916,0.000766,0.000766,0.000766,0.000575,0.000766,0.0,0.0,0.0,0.0,0.0,0.0,0.0,0.0,0.000383,0.0,0.0,0.000383,0.0,0.0,0.0,0.0,0.0
Zone_DH438,0.023928,0.069678,0.137634,0.04709,0.013974,0.012825,0.036945,0.025077,0.00536,0.006126,0.004786,0.022205,0.013974,0.0067,0.008614,0.010337,0.0067,0.013974,0.027565,0.067956,0.183767,0.042305,0.025842,0.015123,0.032925,0.041539,0.003446,0.004594,0.007274,0.016271,0.011677,0.005934,0.006508,0.012634,0.008231,0.020482,0.202933,0.000164,0.000819,0.000655,0.000737,0.001966,0.000737,0.001393,0.000983,0.001229,0.002786,0.004383,0.005489,0.00721,0.009381,0.013436,0.031829,0.16963,0.182246,0.035024,0.016672,0.011797,0.007455,0.009913,0.006759,0.005366,0.004465,0.00467,0.003973,0.007251,0.003687,0.007005,0.007128,0.010773,0.025807,0.194249,0.085758,0.158308,0.172473,0.152757,0.090735,0.066807,0.068721,0.05915,0.035222,0.031394,0.019525,0.019334,0.015888,0.01072,0.003828,0.003446,0.002297,0.000957,0.000383,0.000191,0.000383,0.000574,0.000766,0.0,0.0,0.0,0.0,0.0,0.0,0.0,0.0,0.000383,0.0,0.0,0.0,0.0,0.0,0.0,0.0,0.0
Zone_DH439,0.052897,0.14254,0.141732,0.034323,0.005047,0.003836,0.001817,0.001817,0.001211,0.002019,0.000606,0.000808,0.004644,0.002221,0.007268,0.010095,0.008278,0.037755,0.066021,0.149203,0.188573,0.034323,0.007268,0.006057,0.004038,0.003028,0.001615,0.00323,0.00323,0.003836,0.002019,0.002423,0.005855,0.010902,0.00747,0.041995,0.193196,0.000489,0.001344,0.001141,0.000407,0.001793,0.001141,0.001385,0.000652,0.000815,0.00277,0.003056,0.002282,0.004767,0.005174,0.009574,0.024037,0.201589,0.208433,0.028193,0.011204,0.008759,0.004482,0.005541,0.0033,0.004563,0.002404,0.002852,0.003626,0.00493,0.002526,0.004359,0.004604,0.007089,0.020411,0.217111,0.073491,0.140925,0.183121,0.147991,0.088633,0.072078,0.063396,0.061983,0.037957,0.028468,0.016959,0.021805,0.018978,0.014739,0.006865,0.009085,0.004644,0.002221,0.000808,0.002423,0.000606,0.000606,0.000808,0.0,0.000606,0.0,0.000202,0.000202,0.0,0.0,0.0,0.0,0.0,0.0,0.000202,0.0,0.0,0.0,0.0,0.000202
Zone_DH440,0.097006,0.168969,0.086931,0.020438,0.004318,0.002879,0.002015,0.003742,0.002303,0.001727,0.000864,0.000576,0.00403,0.00806,0.005469,0.006621,0.009787,0.050662,0.107081,0.173575,0.107081,0.016695,0.011514,0.004606,0.004606,0.006333,0.004318,0.003742,0.00403,0.001439,0.004893,0.001727,0.003166,0.007484,0.00806,0.053253,0.193326,0.000992,0.000992,0.001517,0.000583,0.001283,0.001167,0.003384,0.001167,0.000467,0.0035,0.004259,0.004375,0.005367,0.005775,0.009217,0.021993,0.194435,0.20721,0.022926,0.012192,0.008867,0.003734,0.008517,0.003325,0.006067,0.002158,0.003267,0.00455,0.004142,0.003208,0.003675,0.006592,0.009042,0.020884,0.215844,0.062752,0.104491,0.151986,0.17962,0.114853,0.0616,0.055843,0.054692,0.04692,0.028785,0.015256,0.021877,0.01871,0.018135,0.007772,0.01871,0.012666,0.004318,0.001727,0.005757,0.002015,0.000864,0.001151,0.000576,0.001727,0.0,0.000864,0.001151,0.000576,0.0,0.000576,0.0,0.000576,0.000576,0.000288,0.0,0.0,0.000576,0.0,0.002015
Zone_DH441,0.120907,0.114358,0.032746,0.011587,0.005542,0.001008,0.003526,0.005542,0.004534,0.002015,0.002519,0.002519,0.002015,0.013602,0.003526,0.022166,0.100756,0.03073,0.144081,0.112846,0.039295,0.009068,0.005038,0.001008,0.009068,0.009572,0.008564,0.002519,0.00403,0.0,0.008564,0.00403,0.007053,0.020655,0.087657,0.047355,0.199146,0.000641,0.001388,0.002456,0.001175,0.001708,0.001815,0.004058,0.001815,0.001708,0.002136,0.004485,0.006514,0.004378,0.00598,0.009183,0.022104,0.190603,0.191671,0.021783,0.009717,0.00929,0.004271,0.013775,0.005446,0.004698,0.005125,0.004805,0.005873,0.008222,0.006727,0.004698,0.009503,0.013027,0.021249,0.198825,0.060453,0.071537,0.088161,0.179345,0.153652,0.040806,0.042317,0.048363,0.043829,0.04131,0.025693,0.038791,0.015113,0.022166,0.011587,0.01864,0.020655,0.008564,0.003526,0.020655,0.009572,0.002015,0.00806,0.001008,0.003526,0.002015,0.002015,0.002519,0.002015,0.001008,0.002015,0.0,0.001008,0.002015,0.0,0.0,0.0,0.001008,0.0,0.005038
Zone_DH442,0.089123,0.022456,0.02386,0.010526,0.004912,0.0,0.004211,0.004912,0.007018,0.001404,0.004211,0.003509,0.004211,0.016842,0.004912,0.044912,0.249123,0.014737,0.092632,0.02386,0.024561,0.009123,0.004211,0.0,0.009123,0.004912,0.003509,0.002105,0.007018,0.001404,0.007018,0.006316,0.002807,0.051228,0.210526,0.028772,0.196545,0.001245,0.002179,0.001556,0.00249,0.002646,0.002646,0.002646,0.003268,0.001245,0.002801,0.003424,0.005291,0.005135,0.007158,0.007781,0.020075,0.190632,0.200747,0.014472,0.009804,0.007003,0.004202,0.012605,0.004046,0.004357,0.006536,0.00498,0.005913,0.008092,0.008403,0.006536,0.009026,0.012138,0.01883,0.203548,0.069474,0.044211,0.060351,0.178246,0.218246,0.024561,0.021053,0.037895,0.036491,0.045614,0.032281,0.044211,0.007018,0.021053,0.009825,0.011228,0.024561,0.013333,0.008421,0.037193,0.012632,0.004912,0.008421,0.001404,0.004211,0.002807,0.002807,0.001404,0.001404,0.0,0.003509,0.0,0.001404,0.001404,0.0,0.0,0.0,0.0,0.000702,0.007719
Zone_DH443,0.013784,0.004824,0.005513,0.002757,0.003446,0.001378,0.004135,0.003446,0.009649,0.004135,0.004824,0.007581,0.002757,0.008959,0.008959,0.052378,0.385941,0.006892,0.010338,0.002757,0.002068,0.004135,0.001378,0.002068,0.00827,0.004135,0.005513,0.003446,0.005513,0.002757,0.004824,0.004824,0.001378,0.06754,0.320469,0.017229,0.191319,0.00094,0.006738,0.00188,0.001567,0.00282,0.00141,0.000627,0.004074,0.003134,0.004387,0.003134,0.002664,0.004544,0.008148,0.010655,0.010028,0.195707,0.22015,0.012065,0.010185,0.005327,0.007835,0.004857,0.005954,0.008461,0.009401,0.006581,0.004701,0.004387,0.005798,0.004387,0.004074,0.010655,0.011438,0.209966,0.066161,0.035148,0.053756,0.144039,0.242591,0.026189,0.026189,0.031702,0.057891,0.048932,0.034459,0.039283,0.005513,0.013784,0.005513,0.015851,0.006203,0.022054,0.015162,0.046175,0.013784,0.009649,0.002757,0.004135,0.010338,0.002757,0.002068,0.0,0.002068,0.0,0.000689,0.001378,0.002757,0.0,0.0,0.0,0.0,0.001378,0.000689,0.008959
Zone_DH444,0.011983,0.005991,0.007625,0.007625,0.007625,0.003268,0.003813,0.003813,0.006536,0.002723,0.004902,0.007081,0.005447,0.008715,0.010349,0.044662,0.37146,0.020697,0.010349,0.009804,0.006536,0.001634,0.004357,0.003268,0.002723,0.002179,0.004902,0.003268,0.002723,0.002179,0.003813,0.008715,0.000545,0.047386,0.341503,0.009804,0.194683,0.000967,0.006284,0.003384,0.000967,0.001813,0.001934,0.000363,0.002538,0.00435,0.00435,0.004471,0.00435,0.004955,0.00858,0.012689,0.013051,0.188761,0.213293,0.012447,0.012326,0.007009,0.007734,0.006284,0.007976,0.007251,0.00568,0.004471,0.004592,0.005921,0.004592,0.003142,0.006526,0.011118,0.009426,0.211722,0.062092,0.043028,0.061547,0.130719,0.253268,0.034858,0.03159,0.027233,0.051743,0.038671,0.036492,0.038671,0.007625,0.011983,0.006536,0.013072,0.003268,0.020697,0.01634,0.045207,0.014706,0.013072,0.002179,0.007081,0.007625,0.002179,0.001089,0.001089,0.001634,0.0,0.001634,0.001089,0.002723,0.0,0.0,0.0,0.0,0.001089,0.001634,0.006536
Zone_DH445,0.016445,0.016445,0.016445,0.013915,0.016445,0.008855,0.003163,0.012018,0.008855,0.005693,0.008855,0.008855,0.009488,0.009488,0.010753,0.043643,0.27451,0.029728,0.021505,0.019608,0.01265,0.00759,0.011385,0.003163,0.003163,0.00759,0.008855,0.003795,0.003795,0.003795,0.009488,0.021505,0.006958,0.035421,0.282732,0.023403,0.203577,0.001001,0.004864,0.006438,0.001144,0.003577,0.001717,0.001574,0.001717,0.004435,0.006009,0.006867,0.010014,0.010873,0.013162,0.020029,0.020601,0.150787,0.166667,0.02103,0.018312,0.0103,0.01402,0.009299,0.013162,0.009871,0.006295,0.007153,0.005007,0.004149,0.011588,0.008727,0.0103,0.017167,0.019313,0.179256,0.050601,0.067679,0.089817,0.13599,0.184693,0.045541,0.042378,0.031626,0.046173,0.038583,0.034788,0.039848,0.018975,0.010753,0.006958,0.00506,0.008223,0.013283,0.015813,0.043011,0.01012,0.013915,0.003795,0.005693,0.004428,0.00253,0.003163,0.00253,0.00253,0.00253,0.00253,0.001265,0.001898,0.0,0.0,0.0,0.0,0.001898,0.001898,0.009488
Zone_DH446,0.055468,0.05309,0.028526,0.018225,0.01981,0.014263,0.005547,0.017433,0.008716,0.007132,0.010301,0.002377,0.003962,0.007132,0.011094,0.033281,0.130745,0.05626,0.063391,0.044374,0.030903,0.025357,0.019017,0.007132,0.003962,0.009509,0.003962,0.005547,0.001585,0.004754,0.008716,0.026941,0.011886,0.03962,0.157686,0.052298,0.207593,0.001393,0.00209,0.003657,0.001393,0.002264,0.001393,0.001567,0.001742,0.005051,0.005573,0.008359,0.011494,0.011843,0.017416,0.02682,0.033612,0.128004,0.118948,0.041101,0.019505,0.014803,0.016371,0.011668,0.013584,0.012713,0.008708,0.008011,0.006792,0.008185,0.013584,0.014107,0.018809,0.027342,0.03814,0.136364,0.041997,0.0729,0.125198,0.128368,0.114897,0.064976,0.071315,0.047544,0.043582,0.03962,0.042789,0.033281,0.025357,0.014263,0.017433,0.014263,0.014263,0.008716,0.004754,0.014263,0.00317,0.007924,0.00317,0.006339,0.003962,0.004754,0.002377,0.001585,0.001585,0.004754,0.004754,0.001585,0.000792,0.0,0.0,0.0,0.0,0.005547,0.000792,0.007132
Zone_DH447,0.089219,0.084263,0.061958,0.017348,0.034696,0.01487,0.012392,0.004957,0.004957,0.004957,0.007435,0.002478,0.007435,0.007435,0.012392,0.034696,0.047088,0.066914,0.096654,0.079306,0.040892,0.042131,0.01487,0.007435,0.002478,0.004957,0.002478,0.002478,0.002478,0.009913,0.002478,0.012392,0.012392,0.027261,0.047088,0.076828,0.216346,0.001068,0.001068,0.001068,0.001068,0.003205,0.002137,0.001068,0.001068,0.002137,0.004274,0.004274,0.008547,0.009081,0.018162,0.030983,0.038996,0.127137,0.103632,0.043803,0.024573,0.020299,0.018162,0.014957,0.013889,0.013889,0.012821,0.007479,0.008547,0.011218,0.008547,0.013889,0.023504,0.027778,0.057692,0.103632,0.02974,0.052045,0.091698,0.126394,0.081784,0.07311,0.084263,0.066914,0.061958,0.034696,0.052045,0.037175,0.039653,0.022305,0.037175,0.027261,0.01487,0.002478,0.002478,0.012392,0.0,0.004957,0.002478,0.004957,0.004957,0.002478,0.002478,0.002478,0.0,0.004957,0.004957,0.0,0.0,0.002478,0.0,0.002478,0.0,0.004957,0.0,0.004957
Zone_DH448,0.06729,0.119626,0.052336,0.02243,0.026168,0.014953,0.018692,0.007477,0.014953,0.003738,0.003738,0.003738,0.003738,0.02243,0.014953,0.026168,0.02243,0.056075,0.08972,0.078505,0.042991,0.037383,0.02243,0.003738,0.018692,0.0,0.011215,0.007477,0.003738,0.014953,0.003738,0.003738,0.018692,0.026168,0.041121,0.074766,0.222867,0.0,0.003314,0.001657,0.001657,0.006628,0.001657,0.001657,0.004971,0.001657,0.001657,0.004971,0.009942,0.009114,0.011599,0.024855,0.040597,0.125932,0.092792,0.043082,0.03314,0.019884,0.023198,0.011599,0.011599,0.013256,0.014913,0.008285,0.01657,0.004971,0.01657,0.019884,0.03314,0.023198,0.054681,0.084507,0.029907,0.033645,0.056075,0.149533,0.078505,0.084112,0.06729,0.074766,0.056075,0.041121,0.02243,0.033645,0.029907,0.026168,0.037383,0.037383,0.018692,0.014953,0.007477,0.02243,0.0,0.014953,0.003738,0.007477,0.003738,0.003738,0.007477,0.003738,0.003738,0.0,0.0,0.0,0.0,0.003738,0.003738,0.003738,0.0,0.003738,0.0,0.014953
Zone_DH449,0.051282,0.131868,0.032967,0.054945,0.029304,0.018315,0.018315,0.003663,0.014652,0.010989,0.003663,0.003663,0.0,0.032967,0.025641,0.025641,0.029304,0.047619,0.062271,0.106227,0.051282,0.025641,0.021978,0.007326,0.025641,0.003663,0.018315,0.014652,0.007326,0.018315,0.003663,0.010989,0.018315,0.025641,0.021978,0.021978,0.235936,0.0,0.003359,0.001679,0.001679,0.005038,0.001679,0.001679,0.003359,0.003359,0.005038,0.003359,0.010076,0.015113,0.018472,0.028547,0.036944,0.073887,0.095718,0.04534,0.02183,0.026868,0.030227,0.008396,0.016793,0.013434,0.015113,0.015113,0.016793,0.006717,0.026868,0.026868,0.036944,0.030227,0.040302,0.077246,0.018315,0.014652,0.040293,0.087912,0.10989,0.080586,0.03663,0.076923,0.051282,0.03663,0.069597,0.047619,0.054945,0.03663,0.021978,0.025641,0.032967,0.025641,0.014652,0.018315,0.003663,0.010989,0.007326,0.025641,0.003663,0.003663,0.0,0.007326,0.003663,0.0,0.0,0.0,0.0,0.003663,0.003663,0.007326,0.0,0.007326,0.0,0.010989
Zone_DH450,0.041522,0.148789,0.055363,0.058824,0.027682,0.020761,0.010381,0.00692,0.010381,0.010381,0.00692,0.00346,0.00346,0.024221,0.013841,0.017301,0.024221,0.034602,0.044983,0.121107,0.086505,0.038062,0.017301,0.017301,0.024221,0.00346,0.013841,0.010381,0.010381,0.013841,0.00346,0.00692,0.00692,0.024221,0.013841,0.024221,0.230649,0.001564,0.001564,0.001564,0.001564,0.001564,0.001564,0.004691,0.003127,0.004691,0.007819,0.001564,0.01251,0.01251,0.018765,0.032838,0.031274,0.084441,0.103206,0.04222,0.02502,0.023456,0.028147,0.006255,0.023456,0.014073,0.015637,0.014073,0.017201,0.01251,0.017201,0.023456,0.032838,0.026583,0.029711,0.090696,0.013841,0.010381,0.055363,0.124567,0.100346,0.062284,0.020761,0.069204,0.055363,0.038062,0.076125,0.051903,0.062284,0.034602,0.017301,0.027682,0.027682,0.020761,0.010381,0.010381,0.00692,0.0,0.010381,0.020761,0.00692,0.00346,0.00692,0.00346,0.00346,0.00692,0.010381,0.0,0.0,0.0,0.0,0.00692,0.0,0.00692,0.00346,0.013841
Zone_DH451,0.059908,0.073733,0.119816,0.078341,0.023041,0.032258,0.004608,0.009217,0.009217,0.004608,0.009217,0.009217,0.004608,0.0,0.009217,0.018433,0.018433,0.018433,0.0553,0.092166,0.105991,0.059908,0.013825,0.023041,0.02765,0.009217,0.004608,0.009217,0.004608,0.009217,0.004608,0.009217,0.004608,0.018433,0.018433,0.02765,0.229145,0.002112,0.0,0.0,0.0,0.006336,0.0,0.006336,0.006336,0.004224,0.006336,0.006336,0.014784,0.025343,0.025343,0.031679,0.040127,0.07603,0.084477,0.040127,0.023231,0.027455,0.012672,0.016895,0.021119,0.016895,0.016895,0.01056,0.01056,0.016895,0.016895,0.012672,0.029567,0.023231,0.033791,0.105597,0.023041,0.023041,0.036866,0.110599,0.046083,0.092166,0.036866,0.0553,0.050691,0.046083,0.046083,0.02765,0.036866,0.023041,0.041475,0.041475,0.032258,0.032258,0.018433,0.004608,0.004608,0.013825,0.004608,0.023041,0.009217,0.013825,0.009217,0.004608,0.004608,0.009217,0.013825,0.004608,0.0,0.0,0.009217,0.004608,0.0,0.009217,0.004608,0.032258
Zone_DH452,0.065574,0.010929,0.114754,0.060109,0.043716,0.043716,0.0,0.010929,0.010929,0.010929,0.010929,0.010929,0.010929,0.0,0.0,0.016393,0.027322,0.038251,0.043716,0.060109,0.10929,0.060109,0.027322,0.021858,0.016393,0.010929,0.0,0.005464,0.010929,0.010929,0.016393,0.021858,0.010929,0.016393,0.032787,0.038251,0.238825,0.0,0.005109,0.002554,0.0,0.007663,0.0,0.002554,0.005109,0.007663,0.0,0.007663,0.025543,0.025543,0.025543,0.022989,0.045977,0.068966,0.074074,0.048531,0.030651,0.025543,0.010217,0.01788,0.007663,0.007663,0.022989,0.005109,0.015326,0.010217,0.01788,0.010217,0.030651,0.01788,0.038314,0.117497,0.016393,0.021858,0.038251,0.131148,0.04918,0.065574,0.021858,0.027322,0.04918,0.04918,0.054645,0.027322,0.043716,0.021858,0.04918,0.043716,0.038251,0.038251,0.027322,0.0,0.005464,0.010929,0.005464,0.016393,0.005464,0.021858,0.016393,0.005464,0.005464,0.005464,0.0,0.010929,0.0,0.005464,0.016393,0.005464,0.005464,0.005464,0.0,0.038251
Zone_DH453,0.097087,0.009709,0.067961,0.097087,0.058252,0.029126,0.0,0.0,0.019417,0.019417,0.0,0.0,0.009709,0.0,0.0,0.009709,0.048544,0.048544,0.019417,0.067961,0.048544,0.067961,0.029126,0.038835,0.009709,0.019417,0.0,0.009709,0.0,0.009709,0.029126,0.038835,0.009709,0.029126,0.019417,0.038835,0.25537,0.0,0.009547,0.004773,0.0,0.0,0.0,0.0,0.0,0.01432,0.0,0.004773,0.033413,0.023866,0.02864,0.02864,0.071599,0.042959,0.047733,0.047733,0.033413,0.023866,0.019093,0.01432,0.0,0.009547,0.02864,0.0,0.01432,0.004773,0.019093,0.009547,0.033413,0.033413,0.042959,0.100239,0.019417,0.019417,0.038835,0.058252,0.048544,0.087379,0.019417,0.029126,0.07767,0.067961,0.067961,0.029126,0.058252,0.019417,0.07767,0.009709,0.019417,0.019417,0.019417,0.009709,0.0,0.0,0.0,0.029126,0.009709,0.029126,0.029126,0.0,0.009709,0.0,0.0,0.009709,0.0,0.009709,0.0,0.009709,0.009709,0.009709,0.0,0.048544
Zone_DH454,0.147059,0.0,0.088235,0.0,0.029412,0.029412,0.0,0.0,0.029412,0.029412,0.0,0.0,0.029412,0.0,0.0,0.029412,0.058824,0.058824,0.029412,0.0,0.058824,0.0,0.0,0.0,0.0,0.0,0.0,0.029412,0.0,0.0,0.088235,0.117647,0.029412,0.029412,0.029412,0.058824,0.316667,0.0,0.0,0.016667,0.0,0.0,0.0,0.0,0.0,0.0,0.0,0.016667,0.05,0.016667,0.033333,0.0,0.05,0.033333,0.016667,0.05,0.016667,0.016667,0.0,0.016667,0.0,0.016667,0.05,0.0,0.033333,0.016667,0.016667,0.033333,0.066667,0.033333,0.066667,0.016667,0.0,0.029412,0.058824,0.058824,0.058824,0.0,0.029412,0.088235,0.117647,0.029412,0.058824,0.029412,0.117647,0.0,0.058824,0.0,0.058824,0.0,0.029412,0.029412,0.0,0.0,0.0,0.0,0.029412,0.029412,0.058824,0.0,0.029412,0.0,0.0,0.0,0.0,0.0,0.0,0.0,0.0,0.0,0.0,0.0
Zone_DH455,0.0,0.0,0.0,0.0,0.0,0.025641,0.0,0.0,0.025641,0.025641,0.0,0.0,0.102564,0.051282,0.076923,0.025641,0.051282,0.025641,0.0,0.025641,0.025641,0.0,0.0,0.025641,0.0,0.0,0.025641,0.025641,0.0,0.051282,0.076923,0.025641,0.102564,0.076923,0.025641,0.102564,0.242236,0.0,0.0,0.0,0.012422,0.0,0.0,0.0,0.0,0.0,0.0,0.0,0.024845,0.024845,0.012422,0.012422,0.049689,0.086957,0.086957,0.074534,0.037267,0.049689,0.012422,0.024845,0.0,0.0,0.012422,0.0,0.012422,0.012422,0.012422,0.024845,0.037267,0.024845,0.024845,0.086957,0.025641,0.025641,0.0,0.102564,0.0,0.025641,0.025641,0.051282,0.051282,0.0,0.025641,0.025641,0.025641,0.025641,0.102564,0.051282,0.0,0.0,0.025641,0.051282,0.051282,0.0,0.025641,0.025641,0.0,0.0,0.025641,0.0,0.025641,0.051282,0.0,0.0,0.0,0.0,0.0,0.025641,0.0,0.0,0.025641,0.102564
Zone_DH456,0.129534,0.056995,0.031088,0.025907,0.010363,0.010363,0.0,0.010363,0.005181,0.005181,0.005181,0.005181,0.020725,0.025907,0.020725,0.031088,0.025907,0.108808,0.103627,0.015544,0.025907,0.031088,0.005181,0.020725,0.015544,0.005181,0.005181,0.020725,0.0,0.010363,0.031088,0.005181,0.025907,0.031088,0.010363,0.108808,0.2313,0.002301,0.004603,0.002301,0.004603,0.0,0.006904,0.002301,0.0,0.002301,0.006904,0.002301,0.009206,0.013809,0.018412,0.020713,0.034522,0.096663,0.110472,0.043728,0.020713,0.029919,0.011507,0.020713,0.011507,0.006904,0.006904,0.009206,0.013809,0.013809,0.006904,0.009206,0.023015,0.029919,0.01611,0.156502,0.041451,0.041451,0.072539,0.07772,0.067358,0.062176,0.067358,0.036269,0.062176,0.025907,0.025907,0.031088,0.036269,0.020725,0.041451,0.025907,0.020725,0.0,0.041451,0.036269,0.015544,0.010363,0.005181,0.015544,0.005181,0.0,0.005181,0.0,0.010363,0.010363,0.0,0.005181,0.005181,0.0,0.005181,0.005181,0.0,0.0,0.005181,0.062176
Zone_DH457,0.136585,0.063415,0.029268,0.029268,0.019512,0.02439,0.0,0.004878,0.0,0.009756,0.014634,0.009756,0.0,0.019512,0.014634,0.02439,0.014634,0.097561,0.102439,0.02439,0.039024,0.02439,0.004878,0.029268,0.014634,0.009756,0.0,0.019512,0.009756,0.004878,0.014634,0.009756,0.014634,0.029268,0.004878,0.131707,0.238503,0.0,0.008556,0.004278,0.004278,0.0,0.006417,0.004278,0.002139,0.010695,0.006417,0.006417,0.008556,0.012834,0.014973,0.025668,0.027807,0.079144,0.094118,0.038503,0.019251,0.027807,0.017112,0.014973,0.017112,0.008556,0.012834,0.019251,0.014973,0.010695,0.014973,0.012834,0.023529,0.034225,0.02139,0.136898,0.043902,0.029268,0.092683,0.073171,0.082927,0.063415,0.078049,0.034146,0.058537,0.039024,0.02439,0.029268,0.039024,0.014634,0.019512,0.02439,0.019512,0.014634,0.039024,0.029268,0.019512,0.009756,0.0,0.014634,0.014634,0.004878,0.009756,0.004878,0.004878,0.009756,0.0,0.004878,0.004878,0.0,0.004878,0.0,0.0,0.004878,0.0,0.039024
Zone_DH458,0.054645,0.038251,0.032787,0.032787,0.027322,0.021858,0.0,0.005464,0.0,0.021858,0.010929,0.021858,0.010929,0.027322,0.021858,0.021858,0.0,0.120219,0.081967,0.010929,0.021858,0.027322,0.010929,0.021858,0.016393,0.010929,0.010929,0.010929,0.010929,0.010929,0.016393,0.010929,0.032787,0.065574,0.016393,0.142077,0.247177,0.0,0.002509,0.002509,0.005019,0.005019,0.007528,0.005019,0.007528,0.010038,0.005019,0.012547,0.010038,0.017566,0.010038,0.027604,0.022585,0.065245,0.08532,0.025094,0.030113,0.025094,0.020075,0.007528,0.015056,0.012547,0.010038,0.025094,0.017566,0.012547,0.022585,0.017566,0.012547,0.040151,0.037641,0.120452,0.027322,0.038251,0.120219,0.087432,0.076503,0.076503,0.065574,0.04918,0.065574,0.032787,0.027322,0.021858,0.043716,0.021858,0.016393,0.016393,0.027322,0.016393,0.010929,0.027322,0.010929,0.0,0.0,0.010929,0.010929,0.010929,0.010929,0.010929,0.0,0.005464,0.0,0.010929,0.0,0.0,0.0,0.0,0.0,0.005464,0.0,0.043716
Zone_DH459,0.023669,0.026627,0.056213,0.029586,0.02071,0.044379,0.038462,0.026627,0.010355,0.014793,0.017751,0.014793,0.02071,0.035503,0.014793,0.017751,0.022189,0.063609,0.056213,0.038462,0.04142,0.042899,0.028107,0.017751,0.017751,0.014793,0.02071,0.016272,0.014793,0.017751,0.005917,0.011834,0.029586,0.035503,0.017751,0.073964,0.222795,0.001288,0.002576,0.003863,0.00322,0.005151,0.005151,0.003863,0.006439,0.007727,0.006439,0.015454,0.016098,0.015454,0.012234,0.027044,0.040567,0.070187,0.076626,0.036059,0.028976,0.028976,0.021893,0.016742,0.017386,0.012878,0.014488,0.014488,0.01803,0.012234,0.019639,0.024469,0.016098,0.028332,0.045396,0.101739,0.047337,0.078402,0.10503,0.100592,0.093195,0.073964,0.059172,0.032544,0.051775,0.076923,0.047337,0.029586,0.04142,0.017751,0.017751,0.017751,0.010355,0.007396,0.014793,0.002959,0.005917,0.002959,0.008876,0.005917,0.002959,0.0,0.002959,0.002959,0.002959,0.0,0.0,0.005917,0.0,0.0,0.005917,0.0,0.0,0.002959,0.005917,0.017751
Zone_DH460,0.048303,0.030026,0.053525,0.035248,0.039164,0.045692,0.039164,0.023499,0.011097,0.009791,0.01436,0.010444,0.01436,0.02611,0.009138,0.01436,0.028068,0.037206,0.056136,0.053525,0.045692,0.049608,0.049608,0.025457,0.030026,0.018277,0.016319,0.009791,0.009138,0.011749,0.01436,0.008486,0.019582,0.027415,0.01436,0.050914,0.216847,0.000563,0.003375,0.003375,0.003656,0.005625,0.003375,0.005625,0.004219,0.005625,0.007313,0.010406,0.014906,0.014344,0.019125,0.025594,0.045844,0.07847,0.072564,0.044438,0.028969,0.029813,0.019266,0.018282,0.01125,0.012938,0.012516,0.013781,0.014766,0.007594,0.012516,0.025032,0.022078,0.027282,0.050345,0.108283,0.045692,0.097258,0.097911,0.0953,0.118799,0.092689,0.056789,0.051567,0.042428,0.069191,0.038512,0.041775,0.031984,0.01436,0.022193,0.011749,0.015013,0.005875,0.009138,0.005222,0.002611,0.005222,0.005222,0.003916,0.001305,0.0,0.0,0.0,0.003916,0.001305,0.0,0.001305,0.0,0.0,0.002611,0.0,0.0,0.001305,0.002611,0.005222
Zone_DH461,0.048994,0.042537,0.048614,0.029624,0.034941,0.041018,0.025826,0.025826,0.011774,0.01785,0.015192,0.019749,0.015192,0.022788,0.011394,0.01899,0.025446,0.025446,0.042537,0.043297,0.037979,0.035701,0.050893,0.039119,0.035701,0.017471,0.020889,0.015572,0.010634,0.015192,0.024307,0.015572,0.012153,0.025066,0.025066,0.051652,0.204228,0.000312,0.001872,0.002808,0.002964,0.002808,0.001872,0.003432,0.003588,0.006241,0.007177,0.007333,0.011389,0.012013,0.022467,0.031984,0.054762,0.084094,0.078633,0.060067,0.035728,0.026211,0.013184,0.017006,0.007333,0.010297,0.009751,0.009205,0.007879,0.006397,0.007879,0.015758,0.019736,0.031672,0.062563,0.119354,0.065325,0.121914,0.145461,0.113179,0.116977,0.086593,0.066464,0.054311,0.03684,0.044056,0.028485,0.028105,0.016331,0.013673,0.013673,0.004558,0.011774,0.007216,0.006836,0.003798,0.002279,0.003038,0.001519,0.002279,0.0,0.0,0.0,0.00076,0.002279,0.00076,0.0,0.0,0.0,0.0,0.0,0.0,0.0,0.0,0.0,0.001519
Zone_DH462,0.046039,0.026749,0.026749,0.01749,0.018519,0.020062,0.011831,0.015432,0.013374,0.018004,0.022634,0.034979,0.027263,0.028807,0.04321,0.039095,0.031893,0.031379,0.040123,0.025463,0.024691,0.019547,0.026235,0.020833,0.021605,0.014403,0.019547,0.018004,0.027263,0.028549,0.034465,0.03035,0.044753,0.054527,0.034465,0.041667,0.199562,0.000611,0.001833,0.002851,0.001833,0.002036,0.001833,0.002647,0.00448,0.004073,0.006516,0.005702,0.007942,0.010793,0.018836,0.031156,0.047447,0.102327,0.101207,0.059869,0.033498,0.019549,0.011505,0.014254,0.00672,0.009978,0.010182,0.009062,0.008553,0.007942,0.007942,0.009418,0.01568,0.029323,0.061905,0.130937,0.07716,0.144033,0.172068,0.124486,0.106996,0.073045,0.060442,0.05144,0.037809,0.029835,0.022634,0.022119,0.009774,0.012346,0.012346,0.003086,0.011574,0.007716,0.006173,0.00463,0.001543,0.003086,0.001029,0.002058,0.000514,0.0,0.0,0.000514,0.000514,0.000514,0.000514,0.0,0.0,0.0,0.0,0.0,0.0,0.0,0.0,0.0
Zone_DH463,0.044243,0.018854,0.013072,0.016843,0.017597,0.017597,0.014329,0.019859,0.015334,0.018602,0.024635,0.035194,0.02539,0.029663,0.042986,0.040221,0.030166,0.037205,0.04902,0.013575,0.020865,0.014832,0.021619,0.024887,0.02363,0.017597,0.02187,0.024887,0.031171,0.032931,0.031674,0.036199,0.050779,0.050277,0.033937,0.038462,0.203639,0.000613,0.001942,0.00184,0.001227,0.002658,0.002658,0.002453,0.004038,0.004294,0.00644,0.006236,0.009149,0.011654,0.01651,0.02842,0.042629,0.106267,0.105653,0.055203,0.031333,0.019066,0.012779,0.012779,0.008485,0.010887,0.012881,0.009916,0.009047,0.009507,0.011807,0.011807,0.01467,0.029084,0.055715,0.126712,0.093263,0.137758,0.166415,0.129713,0.102313,0.067873,0.065611,0.048265,0.040724,0.031171,0.019859,0.017597,0.013575,0.009804,0.010307,0.006033,0.00905,0.007039,0.008044,0.005028,0.001508,0.003268,0.001006,0.000503,0.000503,0.000503,0.000503,0.000503,0.0,0.0,0.000503,0.000503,0.0,0.0,0.000503,0.0,0.000251,0.0,0.0,0.000503
Zone_DH464,0.049786,0.049126,0.050115,0.030003,0.026377,0.013848,0.014507,0.015826,0.018464,0.017804,0.017145,0.018793,0.01154,0.008902,0.031322,0.031652,0.024728,0.041543,0.051105,0.032311,0.05671,0.027366,0.027695,0.030663,0.02209,0.018464,0.017474,0.020442,0.019123,0.017145,0.009561,0.020112,0.048797,0.035608,0.0333,0.040554,0.213281,0.000725,0.001015,0.00232,0.00174,0.002755,0.00406,0.00319,0.005292,0.00638,0.007105,0.006815,0.011092,0.014354,0.016819,0.021676,0.035523,0.100768,0.107221,0.046107,0.027113,0.020009,0.020009,0.013919,0.009859,0.011889,0.010149,0.009207,0.007322,0.013049,0.014644,0.013267,0.015731,0.030158,0.04212,0.133319,0.098582,0.125948,0.142433,0.114408,0.104517,0.075503,0.070227,0.04451,0.053742,0.039894,0.024728,0.019782,0.017145,0.008902,0.010551,0.005935,0.008572,0.005935,0.007583,0.005605,0.003297,0.001978,0.001319,0.000659,0.0,0.001978,0.000659,0.001978,0.000659,0.000659,0.0,0.000989,0.0,0.0,0.0,0.0,0.00033,0.0,0.0,0.000989
Zone_DH465,0.053604,0.067729,0.079681,0.041652,0.037668,0.017747,0.033321,0.014125,0.01485,0.009417,0.01485,0.010503,0.010866,0.006519,0.014125,0.01159,0.013401,0.035494,0.052517,0.04962,0.072438,0.03477,0.03803,0.043463,0.042738,0.019196,0.014488,0.012677,0.010866,0.012314,0.002535,0.010503,0.015936,0.017385,0.021731,0.041652,0.214115,0.000494,0.002303,0.003044,0.002056,0.002468,0.004606,0.00329,0.00436,0.007321,0.007732,0.007568,0.012092,0.015218,0.02295,0.024101,0.031504,0.097146,0.101834,0.039812,0.027556,0.025829,0.021058,0.016205,0.013655,0.012997,0.010364,0.009953,0.008637,0.012832,0.015218,0.010693,0.018919,0.029037,0.035288,0.127745,0.088374,0.129663,0.138356,0.101775,0.093082,0.081492,0.073524,0.035857,0.049258,0.04636,0.029337,0.019196,0.019558,0.015212,0.011228,0.003622,0.010866,0.006519,0.015574,0.007606,0.005795,0.003622,0.002173,0.001449,0.001449,0.002173,0.000724,0.001449,0.001449,0.001449,0.000724,0.000362,0.0,0.000724,0.0,0.0,0.0,0.0,0.0,0.0
Zone_DH466,0.065076,0.055676,0.078814,0.037238,0.042661,0.026392,0.046999,0.006869,0.010123,0.0047,0.010123,0.010484,0.011931,0.013377,0.022054,0.018077,0.021692,0.037599,0.053868,0.055315,0.056399,0.033623,0.035069,0.04013,0.043022,0.012654,0.010123,0.010484,0.008315,0.007954,0.002892,0.012292,0.019884,0.018077,0.024946,0.035069,0.204607,0.001062,0.002124,0.003512,0.002205,0.002287,0.003022,0.003349,0.003676,0.004819,0.006779,0.006861,0.010537,0.01217,0.024422,0.020992,0.041003,0.104876,0.114514,0.04525,0.020338,0.023687,0.017561,0.017479,0.015029,0.009883,0.007678,0.011108,0.007351,0.010373,0.012497,0.011108,0.019358,0.025974,0.031528,0.140979,0.066522,0.117498,0.115691,0.103037,0.104121,0.101229,0.075922,0.04013,0.044107,0.054591,0.027115,0.021692,0.019884,0.015546,0.010484,0.007231,0.013377,0.008315,0.012292,0.011208,0.006508,0.0047,0.002531,0.002169,0.001446,0.002892,0.000723,0.001446,0.001446,0.001446,0.000723,0.001446,0.0,0.000723,0.0,0.0,0.000362,0.0,0.0,0.001446
Zone_DH467,0.088021,0.048089,0.069128,0.057106,0.033061,0.023186,0.044225,0.00687,0.006011,0.006441,0.006011,0.006441,0.009875,0.014599,0.017175,0.023186,0.018892,0.027909,0.07514,0.051524,0.050666,0.072993,0.028768,0.037355,0.039073,0.004723,0.006441,0.015457,0.009446,0.007729,0.004294,0.011593,0.018033,0.017175,0.017175,0.026191,0.19777,0.001066,0.001357,0.002521,0.003296,0.001939,0.001357,0.003393,0.004266,0.005332,0.004363,0.003781,0.007465,0.014057,0.017256,0.019389,0.0381,0.129326,0.135919,0.041008,0.017159,0.020746,0.018517,0.01493,0.010567,0.007659,0.010179,0.012603,0.005623,0.006786,0.009598,0.012506,0.015608,0.016772,0.02443,0.163354,0.073422,0.089309,0.109489,0.109918,0.107772,0.09532,0.069558,0.048089,0.045084,0.059682,0.028768,0.023615,0.023186,0.015457,0.011164,0.010305,0.017175,0.008158,0.009017,0.007729,0.006441,0.003006,0.004294,0.002147,0.000429,0.001717,0.000859,0.003435,0.003006,0.001717,0.000429,0.002147,0.000429,0.001288,0.0,0.000429,0.000429,0.0,0.0,0.005582
Zone_DH468,0.11358,0.061235,0.079012,0.105185,0.021728,0.019259,0.019259,0.007901,0.004444,0.00642,0.00642,0.001975,0.005432,0.005926,0.002469,0.015309,0.013333,0.020741,0.089877,0.056296,0.076049,0.112593,0.027654,0.025185,0.009877,0.005926,0.004938,0.008889,0.004938,0.004938,0.002469,0.005432,0.009383,0.007901,0.01284,0.025185,0.20053,0.001037,0.001613,0.002304,0.004147,0.002764,0.001728,0.003686,0.00645,0.005529,0.003801,0.003225,0.004838,0.009675,0.011403,0.014974,0.026146,0.163672,0.165284,0.030408,0.013361,0.011864,0.010597,0.007832,0.005529,0.007256,0.011864,0.009675,0.003801,0.00288,0.007947,0.009445,0.011288,0.010366,0.021884,0.1912,0.088395,0.107654,0.097778,0.119506,0.117531,0.09037,0.059753,0.051852,0.031111,0.043457,0.038519,0.023704,0.019259,0.015309,0.009877,0.011358,0.013333,0.009877,0.004938,0.003951,0.002469,0.003457,0.004938,0.001975,0.000988,0.001975,0.0,0.001975,0.003457,0.0,0.000494,0.002469,0.001481,0.000494,0.000988,0.000494,0.001481,0.0,0.0,0.013333
Zone_DH469,0.058368,0.059917,0.113636,0.082645,0.012913,0.015496,0.007231,0.009298,0.008264,0.012397,0.012397,0.005682,0.012913,0.013946,0.017562,0.018595,0.022211,0.014463,0.055785,0.057335,0.099174,0.102273,0.021178,0.007748,0.003099,0.010331,0.010847,0.016012,0.010331,0.007748,0.008264,0.007231,0.023244,0.011364,0.02376,0.026343,0.208637,0.001851,0.001974,0.003331,0.003208,0.002591,0.003085,0.004812,0.00839,0.00765,0.006416,0.008513,0.00765,0.010857,0.010241,0.017767,0.026403,0.134732,0.13979,0.034053,0.01752,0.015176,0.014806,0.008637,0.010611,0.010734,0.016163,0.014682,0.006539,0.004688,0.010117,0.010981,0.013078,0.014312,0.028131,0.161875,0.106405,0.132231,0.092975,0.123967,0.087293,0.080062,0.063533,0.055785,0.035124,0.034091,0.03564,0.019628,0.020661,0.017562,0.015496,0.006715,0.010847,0.009814,0.004649,0.005682,0.005165,0.004132,0.002066,0.000517,0.001033,0.000517,0.0,0.00155,0.002583,0.000517,0.001033,0.0,0.00155,0.0,0.00155,0.001033,0.002583,0.002066,0.000517,0.01343
Zone_DH470,0.057747,0.062769,0.09505,0.043042,0.021162,0.022238,0.012195,0.012912,0.01076,0.006815,0.011478,0.008967,0.012912,0.015782,0.019727,0.020086,0.025466,0.037661,0.047704,0.06528,0.096485,0.067073,0.035868,0.015782,0.008608,0.005739,0.007174,0.005739,0.007532,0.00825,0.012912,0.00825,0.020086,0.017217,0.029412,0.044118,0.216445,0.00144,0.001863,0.00271,0.002964,0.002456,0.002879,0.005928,0.004573,0.006351,0.006605,0.010246,0.009484,0.015327,0.016598,0.026675,0.046744,0.083411,0.088238,0.05047,0.036498,0.025997,0.0199,0.015497,0.012363,0.017106,0.011686,0.01338,0.011855,0.011432,0.010585,0.015581,0.019223,0.029723,0.040224,0.107545,0.087877,0.123027,0.127331,0.140603,0.116212,0.084648,0.070301,0.054161,0.046987,0.030846,0.022238,0.016858,0.017934,0.012554,0.008967,0.00538,0.006815,0.006815,0.003228,0.005022,0.003587,0.002511,0.0,0.0,0.000359,0.000359,0.0,0.000717,0.001076,0.000359,0.000717,0.0,0.0,0.0,0.0,0.0,0.000717,0.000717,0.000359,0.000717
Zone_DH471,0.060826,0.059431,0.055804,0.037388,0.030134,0.021205,0.016183,0.015625,0.010045,0.00865,0.011719,0.013951,0.010882,0.017578,0.018694,0.020926,0.027344,0.042411,0.054688,0.07115,0.059431,0.047154,0.046875,0.018694,0.017857,0.007533,0.010603,0.011719,0.011161,0.01702,0.016183,0.013114,0.022879,0.024833,0.027344,0.042969,0.220294,0.000766,0.001021,0.001787,0.002042,0.002425,0.003446,0.004467,0.004531,0.004084,0.007786,0.009317,0.009062,0.017358,0.020294,0.030759,0.049266,0.067709,0.075431,0.052585,0.041098,0.028717,0.02157,0.016401,0.014103,0.01806,0.013082,0.014422,0.011551,0.013976,0.013848,0.016784,0.02208,0.03044,0.048309,0.09113,0.068917,0.123884,0.125279,0.151507,0.126395,0.097656,0.069475,0.060268,0.05106,0.030134,0.021205,0.01702,0.015067,0.006417,0.009487,0.008092,0.005022,0.003348,0.002232,0.002511,0.001116,0.000558,0.000837,0.0,0.000279,0.0,0.0,0.000558,0.000558,0.0,0.000279,0.0,0.0,0.0,0.000558,0.0,0.0,0.0,0.0,0.000279
Zone_DH472,0.03926,0.051672,0.077761,0.032675,0.022543,0.016717,0.018997,0.011651,0.007599,0.007852,0.011905,0.043313,0.030395,0.01849,0.014184,0.027356,0.019757,0.037487,0.034448,0.043313,0.099544,0.04078,0.036474,0.016464,0.014691,0.006332,0.010132,0.009625,0.012158,0.047112,0.026342,0.018237,0.014184,0.025583,0.016717,0.038247,0.211077,0.000278,0.000667,0.001335,0.001946,0.001891,0.002558,0.002447,0.004671,0.002891,0.004893,0.006117,0.008063,0.014124,0.016181,0.023465,0.041593,0.11121,0.121052,0.04504,0.028025,0.021797,0.014124,0.015403,0.011343,0.012122,0.011621,0.011121,0.00873,0.012066,0.010343,0.01151,0.016292,0.021185,0.040925,0.131895,0.064843,0.138804,0.140324,0.14615,0.094732,0.097011,0.077508,0.066869,0.047112,0.031915,0.021023,0.018997,0.015704,0.008359,0.008105,0.006586,0.004559,0.00152,0.002533,0.001266,0.000507,0.001266,0.001266,0.0,0.0,0.000507,0.0,0.000507,0.0,0.0,0.000253,0.0,0.000507,0.0,0.000507,0.0,0.0,0.000253,0.0,0.000507
Zone_DH473,0.071752,0.057945,0.130602,0.024672,0.014939,0.010412,0.008375,0.00679,0.004527,0.005885,0.010186,0.035989,0.026709,0.008828,0.008375,0.017429,0.009054,0.022408,0.071978,0.061566,0.170439,0.032141,0.021956,0.007017,0.005432,0.003169,0.00679,0.007017,0.010412,0.040742,0.019466,0.009959,0.00928,0.015165,0.006338,0.026256,0.199476,0.000701,0.000935,0.001215,0.001449,0.001309,0.001963,0.000935,0.00215,0.00187,0.002898,0.003366,0.004114,0.007199,0.009022,0.014586,0.030433,0.169277,0.180964,0.037305,0.018232,0.010144,0.006825,0.008882,0.006218,0.007246,0.006264,0.005329,0.005657,0.006451,0.005096,0.006171,0.007386,0.01164,0.029171,0.188116,0.066546,0.189,0.143278,0.135129,0.067904,0.121775,0.071073,0.057945,0.036215,0.026935,0.013128,0.021956,0.014713,0.012223,0.006111,0.003848,0.002716,0.001584,0.001358,0.000679,0.000453,0.001358,0.000679,0.0,0.000905,0.000453,0.0,0.0,0.0,0.0,0.0,0.0,0.000905,0.0,0.0,0.0,0.0,0.000226,0.0,0.000905
Zone_DH474,0.074572,0.151589,0.140342,0.01956,0.005379,0.005868,0.001711,0.002934,0.001956,0.002445,0.000489,0.011247,0.008313,0.0022,0.006112,0.003423,0.003423,0.015403,0.081663,0.154034,0.19291,0.027384,0.007335,0.001956,0.000978,0.003667,0.003423,0.004645,0.00489,0.012958,0.005868,0.006112,0.004645,0.008313,0.006112,0.016137,0.190818,0.000872,0.00063,0.001308,0.001162,0.000969,0.00184,0.001647,0.001356,0.001356,0.002325,0.001404,0.002518,0.003923,0.004601,0.009541,0.024458,0.202683,0.206558,0.029737,0.010945,0.006877,0.004068,0.004746,0.003342,0.005812,0.002131,0.003196,0.005085,0.00494,0.003342,0.00431,0.006102,0.009686,0.021649,0.214064,0.06846,0.181418,0.145232,0.142787,0.069193,0.114914,0.065281,0.05599,0.040587,0.022249,0.011247,0.019071,0.018826,0.012958,0.005379,0.008068,0.002689,0.003178,0.000733,0.000978,0.001222,0.000733,0.000978,0.000978,0.000978,0.000244,0.001222,0.000733,0.000244,0.0,0.0,0.0,0.000733,0.000489,0.000733,0.0,0.0,0.000244,0.000244,0.000978
Zone_DH475,0.12776,0.176038,0.081248,0.012658,0.006771,0.005888,0.002061,0.001766,0.002355,0.004121,0.001472,0.005299,0.005299,0.006771,0.005004,0.005888,0.007065,0.01678,0.140124,0.173977,0.097733,0.012364,0.008243,0.003533,0.00471,0.008243,0.006771,0.00471,0.00471,0.004416,0.004416,0.005004,0.00471,0.011481,0.007065,0.02355,0.188566,0.000867,0.000289,0.001676,0.000578,0.001676,0.002081,0.002543,0.001503,0.000462,0.003006,0.003873,0.004393,0.004567,0.003989,0.010868,0.022313,0.197006,0.202671,0.026591,0.013411,0.008555,0.005896,0.005376,0.00526,0.006474,0.00237,0.003584,0.005434,0.004856,0.005203,0.003931,0.00844,0.01133,0.018672,0.211689,0.052694,0.152782,0.117162,0.163379,0.098322,0.11098,0.060347,0.045334,0.045628,0.024728,0.020018,0.021195,0.016485,0.012658,0.008537,0.015602,0.010598,0.004121,0.000294,0.001766,0.003238,0.001472,0.001766,0.001766,0.001472,0.0,0.000883,0.002061,0.000883,0.0,0.000589,0.0,0.000883,0.000589,0.000883,0.0,0.0,0.0,0.0,0.000883
Zone_DH476,0.110687,0.111164,0.038168,0.01479,0.007156,0.005725,0.004294,0.004294,0.004294,0.005725,0.004771,0.020038,0.005725,0.01479,0.009065,0.022901,0.092557,0.024332,0.106393,0.090172,0.05105,0.010496,0.005725,0.003817,0.012405,0.012882,0.012882,0.004294,0.008588,0.005725,0.012882,0.007634,0.005725,0.024809,0.085878,0.038168,0.201551,0.000806,0.001007,0.001813,0.001007,0.003425,0.003223,0.003425,0.00282,0.003223,0.004029,0.007051,0.00977,0.009367,0.006044,0.013598,0.024678,0.162772,0.169521,0.029009,0.014001,0.008562,0.009972,0.011583,0.010274,0.009468,0.005842,0.005137,0.007857,0.00977,0.007655,0.005842,0.011986,0.017123,0.020145,0.186644,0.049141,0.073473,0.081584,0.178435,0.157443,0.04437,0.053435,0.048664,0.041985,0.046279,0.03292,0.043893,0.015744,0.017176,0.010973,0.019561,0.018607,0.009065,0.001431,0.016221,0.008111,0.003817,0.006679,0.001908,0.004294,0.000954,0.002863,0.002385,0.001908,0.0,0.002863,0.0,0.000954,0.000954,0.0,0.0,0.0,0.0,0.0,0.001908
Zone_DH477,0.079545,0.027146,0.029672,0.012626,0.010732,0.001263,0.003788,0.005682,0.005682,0.003788,0.006313,0.020202,0.005051,0.008207,0.007576,0.039141,0.204545,0.017045,0.075758,0.022096,0.039141,0.017677,0.007576,0.003788,0.010101,0.006944,0.008207,0.004419,0.007576,0.010101,0.017045,0.010732,0.007576,0.051768,0.184343,0.027146,0.202431,0.001229,0.002595,0.001776,0.002595,0.004234,0.004917,0.001366,0.001776,0.00601,0.007103,0.00683,0.006556,0.009015,0.008879,0.010108,0.022265,0.164458,0.17402,0.01885,0.012293,0.010108,0.006147,0.012157,0.008879,0.008605,0.007786,0.007922,0.007513,0.011064,0.010518,0.00683,0.011201,0.015435,0.020762,0.185767,0.047348,0.049242,0.048611,0.176768,0.208965,0.031566,0.034091,0.042929,0.037879,0.047348,0.03851,0.053662,0.015152,0.016414,0.011995,0.00947,0.020202,0.011995,0.006944,0.032197,0.00947,0.005682,0.006313,0.002525,0.006313,0.001263,0.003788,0.001263,0.003788,0.002525,0.003788,0.0,0.0,0.0,0.001263,0.0,0.001263,0.0,0.0,0.00947
Zone_DH478,0.027933,0.027235,0.01257,0.005587,0.010475,0.006983,0.01257,0.010475,0.013268,0.005587,0.009078,0.023045,0.005587,0.011173,0.011872,0.048184,0.27095,0.010475,0.021648,0.017458,0.011173,0.01676,0.00419,0.010475,0.018855,0.013966,0.011173,0.007682,0.00419,0.00838,0.011173,0.009078,0.002793,0.050978,0.229749,0.027235,0.205777,0.0,0.007182,0.002498,0.001874,0.004528,0.005621,0.000468,0.00203,0.008119,0.010304,0.006557,0.005621,0.01249,0.012334,0.009212,0.015301,0.153005,0.16331,0.017486,0.015613,0.009992,0.009836,0.012178,0.009524,0.014364,0.012178,0.010461,0.008587,0.010617,0.009212,0.008743,0.011866,0.017486,0.019672,0.175956,0.056564,0.060056,0.049581,0.155028,0.199721,0.034916,0.045391,0.043296,0.043296,0.041899,0.037011,0.046089,0.01257,0.01676,0.009078,0.018156,0.006285,0.018855,0.011872,0.035615,0.011872,0.006983,0.001397,0.00419,0.005587,0.001397,0.001397,0.0,0.00419,0.002793,0.001397,0.002793,0.002793,0.0,0.002793,0.0,0.001397,0.001397,0.0,0.005587
Zone_DH479,0.052251,0.021679,0.010006,0.00945,0.010006,0.008338,0.011117,0.010006,0.008338,0.005003,0.005559,0.008894,0.004447,0.010006,0.012229,0.041134,0.204002,0.087827,0.071151,0.012229,0.00667,0.008338,0.003891,0.010006,0.011117,0.008338,0.007782,0.005003,0.004447,0.003335,0.007782,0.011117,0.003335,0.033352,0.200111,0.071707,0.202282,0.000752,0.006772,0.004264,0.000502,0.004013,0.003762,0.000376,0.002007,0.004515,0.005518,0.005643,0.007023,0.007399,0.011161,0.012666,0.020191,0.168673,0.17858,0.016178,0.017055,0.010409,0.008528,0.008653,0.011412,0.010409,0.007524,0.007148,0.005643,0.008528,0.007775,0.005894,0.012666,0.015927,0.017432,0.182719,0.059477,0.061701,0.068371,0.193441,0.165092,0.043913,0.043357,0.033908,0.036131,0.031128,0.024458,0.037243,0.013897,0.021123,0.011673,0.015008,0.015564,0.017788,0.008894,0.035019,0.010006,0.011673,0.003335,0.006115,0.006115,0.001112,0.003891,0.0,0.002223,0.002223,0.002223,0.002223,0.003335,0.0,0.001112,0.001112,0.001112,0.001112,0.001112,0.002779
Zone_DH480,0.06727,0.031091,0.02035,0.019785,0.01922,0.014132,0.007914,0.003392,0.005088,0.002826,0.008479,0.006783,0.007349,0.010175,0.008479,0.03844,0.113624,0.112493,0.096099,0.023177,0.024873,0.015828,0.007349,0.003957,0.002826,0.006218,0.006783,0.008479,0.006218,0.006783,0.012436,0.01922,0.005653,0.028265,0.131148,0.097795,0.205818,0.000769,0.002819,0.00487,0.00205,0.003717,0.003845,0.001282,0.000897,0.005639,0.007433,0.009099,0.010252,0.01115,0.014482,0.022171,0.022812,0.1411,0.143535,0.026016,0.017045,0.016917,0.013328,0.012175,0.015251,0.009612,0.006664,0.009227,0.00692,0.009484,0.01115,0.007561,0.014994,0.021018,0.02499,0.163911,0.05766,0.062747,0.08649,0.183154,0.128886,0.054268,0.050311,0.045789,0.032787,0.027699,0.027134,0.033352,0.019785,0.023742,0.016393,0.013002,0.020916,0.011871,0.011871,0.025438,0.006783,0.014132,0.004522,0.00961,0.006218,0.001131,0.005088,0.001131,0.0,0.002261,0.002261,0.001131,0.003392,0.0,0.002261,0.001131,0.0,0.001131,0.001131,0.003392
Zone_DH481,0.083422,0.058448,0.041445,0.024442,0.01966,0.014878,0.005313,0.003719,0.003719,0.003719,0.009564,0.001594,0.003188,0.011158,0.017003,0.030818,0.069607,0.083422,0.096174,0.052604,0.040383,0.030818,0.018597,0.00797,0.003719,0.005313,0.003188,0.008502,0.006376,0.006376,0.008502,0.01594,0.009564,0.028693,0.071732,0.100425,0.203494,0.000454,0.001588,0.002042,0.002269,0.001475,0.001588,0.003176,0.001361,0.005104,0.006352,0.006466,0.009074,0.011456,0.021779,0.029832,0.041515,0.10946,0.107645,0.0473,0.023593,0.022913,0.018829,0.010549,0.015426,0.011456,0.007486,0.008734,0.006806,0.011456,0.012591,0.013271,0.01951,0.033462,0.047074,0.123412,0.040914,0.064293,0.115834,0.130712,0.104145,0.079171,0.083953,0.07864,0.043571,0.026036,0.03932,0.032944,0.025505,0.021254,0.018066,0.017535,0.019129,0.006908,0.006908,0.003188,0.005313,0.00797,0.003188,0.004251,0.004782,0.002125,0.003719,0.0,0.0,0.003188,0.001063,0.001063,0.0,0.0,0.001063,0.001063,0.0,0.001063,0.0,0.002125
Zone_DH482,0.099138,0.076149,0.047414,0.020115,0.028736,0.015805,0.011494,0.002874,0.007184,0.005747,0.008621,0.002874,0.007184,0.011494,0.020115,0.025862,0.053161,0.064655,0.102011,0.068966,0.03592,0.03592,0.015805,0.010057,0.008621,0.011494,0.002874,0.010057,0.008621,0.005747,0.007184,0.010057,0.010057,0.024425,0.045977,0.077586,0.205352,0.000582,0.001745,0.001163,0.000582,0.001745,0.002327,0.004654,0.004072,0.004654,0.004654,0.005817,0.009889,0.012798,0.023851,0.036067,0.047702,0.09075,0.089587,0.050611,0.029668,0.025596,0.022688,0.014543,0.013962,0.011635,0.006981,0.009889,0.007563,0.011053,0.011053,0.014543,0.025015,0.037813,0.052356,0.107039,0.028736,0.054598,0.08908,0.12069,0.103448,0.08046,0.08908,0.08477,0.060345,0.030172,0.045977,0.04454,0.027299,0.021552,0.021552,0.025862,0.020115,0.008621,0.007184,0.005747,0.002874,0.00431,0.001437,0.002874,0.001437,0.001437,0.002874,0.001437,0.001437,0.002874,0.001437,0.001437,0.0,0.0,0.0,0.001437,0.001437,0.0,0.0,0.001437
Zone_DH483,0.106522,0.08913,0.045652,0.015217,0.026087,0.017391,0.017391,0.002174,0.01087,0.006522,0.002174,0.006522,0.008696,0.004348,0.01087,0.021739,0.036957,0.063043,0.115217,0.071739,0.034783,0.045652,0.013043,0.008696,0.013043,0.008696,0.004348,0.013043,0.008696,0.004348,0.008696,0.004348,0.019565,0.034783,0.043478,0.056522,0.215741,0.0,0.002778,0.000926,0.0,0.001852,0.003704,0.002778,0.005556,0.00463,0.001852,0.003704,0.007407,0.012037,0.027778,0.025926,0.053704,0.085185,0.086111,0.056481,0.038889,0.027778,0.02037,0.014815,0.007407,0.012037,0.008333,0.006481,0.007407,0.009259,0.014815,0.019444,0.034259,0.035185,0.051852,0.093519,0.030435,0.052174,0.073913,0.132609,0.102174,0.078261,0.056522,0.076087,0.069565,0.043478,0.034783,0.034783,0.036957,0.026087,0.017391,0.023913,0.030435,0.013043,0.015217,0.008696,0.004348,0.013043,0.0,0.002174,0.0,0.0,0.004348,0.004348,0.002174,0.0,0.0,0.0,0.0,0.0,0.002174,0.002174,0.002174,0.002174,0.0,0.004348
Zone_DH484,0.062315,0.086053,0.047478,0.05638,0.023739,0.014837,0.023739,0.0,0.008902,0.011869,0.002967,0.008902,0.008902,0.011869,0.014837,0.026706,0.035608,0.050445,0.071217,0.083086,0.062315,0.05638,0.026706,0.008902,0.014837,0.005935,0.008902,0.011869,0.008902,0.011869,0.011869,0.002967,0.017804,0.041543,0.029674,0.029674,0.236313,0.0,0.002772,0.001386,0.001386,0.0,0.002772,0.001386,0.00693,0.004158,0.001386,0.002772,0.01386,0.016632,0.031878,0.022176,0.042966,0.058212,0.06237,0.065142,0.038808,0.037422,0.029106,0.018018,0.01386,0.011088,0.008316,0.01386,0.008316,0.012474,0.022176,0.036036,0.042966,0.029106,0.047124,0.056826,0.032641,0.041543,0.059347,0.080119,0.089021,0.071217,0.050445,0.053412,0.041543,0.059347,0.05638,0.050445,0.04451,0.035608,0.020772,0.017804,0.038576,0.023739,0.026706,0.014837,0.008902,0.017804,0.002967,0.005935,0.008902,0.002967,0.005935,0.005935,0.002967,0.0,0.0,0.002967,0.0,0.0,0.002967,0.002967,0.002967,0.002967,0.0,0.014837
Zone_DH485,0.053977,0.102273,0.076705,0.059659,0.019886,0.019886,0.008523,0.002841,0.008523,0.008523,0.005682,0.005682,0.008523,0.008523,0.005682,0.025568,0.03125,0.053977,0.039773,0.090909,0.082386,0.034091,0.034091,0.014205,0.014205,0.008523,0.011364,0.011364,0.008523,0.011364,0.014205,0.005682,0.008523,0.034091,0.034091,0.036932,0.235372,0.0,0.00133,0.0,0.00266,0.00133,0.00133,0.00266,0.003989,0.00266,0.009309,0.00133,0.013298,0.022606,0.025266,0.027926,0.045213,0.055851,0.071809,0.057181,0.031915,0.034574,0.025266,0.017287,0.023936,0.015957,0.010638,0.013298,0.015957,0.017287,0.019947,0.029255,0.027926,0.029255,0.045213,0.06117,0.028409,0.039773,0.056818,0.085227,0.068182,0.076705,0.034091,0.065341,0.051136,0.059659,0.065341,0.056818,0.053977,0.039773,0.025568,0.019886,0.025568,0.017045,0.011364,0.017045,0.008523,0.008523,0.008523,0.005682,0.008523,0.005682,0.0,0.002841,0.005682,0.008523,0.002841,0.002841,0.002841,0.0,0.0,0.002841,0.0,0.005682,0.002841,0.019886
Zone_DH486,0.060847,0.087302,0.103175,0.055556,0.021164,0.02381,0.010582,0.010582,0.010582,0.002646,0.005291,0.010582,0.013228,0.005291,0.007937,0.031746,0.029101,0.047619,0.063492,0.071429,0.084656,0.039683,0.021164,0.018519,0.015873,0.010582,0.007937,0.007937,0.0,0.005291,0.007937,0.010582,0.002646,0.02381,0.034392,0.037037,0.228537,0.0,0.0,0.0,0.002418,0.003628,0.002418,0.002418,0.003628,0.004837,0.008464,0.004837,0.012092,0.022975,0.019347,0.026602,0.053204,0.065296,0.073761,0.053204,0.031439,0.029021,0.026602,0.016929,0.018138,0.013301,0.012092,0.008464,0.015719,0.019347,0.016929,0.019347,0.024184,0.024184,0.053204,0.083434,0.02381,0.039683,0.042328,0.097884,0.050265,0.092593,0.05291,0.055556,0.063492,0.058201,0.074074,0.034392,0.034392,0.029101,0.039683,0.026455,0.026455,0.031746,0.007937,0.015873,0.005291,0.007937,0.007937,0.013228,0.005291,0.010582,0.002646,0.0,0.007937,0.010582,0.0,0.007937,0.002646,0.0,0.0,0.002646,0.0,0.005291,0.002646,0.010582
Zone_DH487,0.081855,0.062756,0.092769,0.046385,0.040928,0.035471,0.005457,0.008186,0.013643,0.0,0.005457,0.008186,0.013643,0.002729,0.002729,0.024557,0.038199,0.038199,0.070941,0.057299,0.077763,0.072306,0.028649,0.016371,0.016371,0.005457,0.002729,0.0,0.0,0.002729,0.013643,0.010914,0.008186,0.016371,0.030014,0.049113,0.227429,0.0,0.003749,0.00125,0.00125,0.006248,0.002499,0.00125,0.006248,0.004998,0.005623,0.008122,0.01562,0.017495,0.026242,0.023118,0.054983,0.069353,0.078725,0.064355,0.03249,0.025617,0.017495,0.016245,0.013121,0.002499,0.011871,0.006248,0.011246,0.012496,0.013746,0.009997,0.026242,0.028741,0.044986,0.108404,0.030014,0.057299,0.065484,0.088677,0.065484,0.091405,0.046385,0.035471,0.05457,0.055935,0.062756,0.030014,0.030014,0.016371,0.035471,0.028649,0.032742,0.028649,0.0191,0.020464,0.006821,0.010914,0.004093,0.016371,0.010914,0.008186,0.008186,0.002729,0.002729,0.008186,0.0,0.005457,0.001364,0.002729,0.002729,0.002729,0.002729,0.002729,0.0,0.005457
Zone_DH488,0.101626,0.065041,0.060976,0.052846,0.044715,0.02439,0.00813,0.0,0.02439,0.004065,0.0,0.004065,0.012195,0.0,0.004065,0.012195,0.052846,0.052846,0.056911,0.056911,0.058943,0.095528,0.020325,0.020325,0.012195,0.00813,0.0,0.0,0.00813,0.004065,0.01626,0.020325,0.00813,0.02439,0.03252,0.03252,0.239884,0.0,0.007707,0.001927,0.001927,0.003854,0.001927,0.0,0.00578,0.00578,0.004817,0.009634,0.018304,0.017341,0.041426,0.024085,0.06262,0.049133,0.065511,0.05973,0.027938,0.029865,0.007707,0.011561,0.014451,0.00578,0.013487,0.007707,0.009634,0.009634,0.011561,0.011561,0.023121,0.032755,0.040944,0.120906,0.04065,0.065041,0.085366,0.067073,0.081301,0.085366,0.065041,0.02439,0.069106,0.058943,0.056911,0.036585,0.028455,0.012195,0.044715,0.012195,0.034553,0.006098,0.02439,0.014228,0.002033,0.002033,0.0,0.01626,0.01626,0.004065,0.012195,0.004065,0.0,0.0,0.0,0.004065,0.002033,0.004065,0.004065,0.004065,0.004065,0.0,0.0,0.00813
Zone_DH489,0.204082,0.081633,0.054422,0.013605,0.0,0.013605,0.0,0.0,0.027211,0.0,0.0,0.0,0.0,0.0,0.013605,0.0,0.027211,0.068027,0.095238,0.040816,0.07483,0.027211,0.0,0.013605,0.013605,0.0,0.0,0.0,0.027211,0.0,0.054422,0.054422,0.0,0.040816,0.027211,0.027211,0.276708,0.0,0.0,0.007005,0.0,0.007005,0.007005,0.0,0.007005,0.0,0.0,0.021016,0.024518,0.014011,0.028021,0.010508,0.052539,0.042032,0.108581,0.056042,0.007005,0.007005,0.0,0.007005,0.010508,0.014011,0.014011,0.014011,0.021016,0.007005,0.021016,0.021016,0.028021,0.035026,0.043783,0.087566,0.013605,0.054422,0.095238,0.047619,0.068027,0.054422,0.040816,0.054422,0.095238,0.027211,0.081633,0.040816,0.081633,0.013605,0.040816,0.013605,0.027211,0.020408,0.027211,0.013605,0.006803,0.0,0.0,0.0,0.040816,0.0,0.027211,0.013605,0.0,0.0,0.0,0.0,0.0,0.0,0.0,0.0,0.0,0.0,0.0,0.0
Zone_DH490,0.069767,0.023256,0.0,0.0,0.0,0.023256,0.023256,0.0,0.023256,0.0,0.023256,0.0,0.023256,0.093023,0.069767,0.046512,0.046512,0.069767,0.0,0.023256,0.0,0.069767,0.069767,0.0,0.0,0.0,0.0,0.023256,0.023256,0.0,0.0,0.023256,0.023256,0.069767,0.093023,0.046512,0.245714,0.011429,0.0,0.0,0.011429,0.0,0.0,0.011429,0.0,0.011429,0.0,0.0,0.034286,0.034286,0.022857,0.011429,0.068571,0.034286,0.045714,0.045714,0.022857,0.045714,0.011429,0.011429,0.011429,0.0,0.011429,0.011429,0.011429,0.011429,0.0,0.057143,0.034286,0.011429,0.022857,0.137143,0.023256,0.046512,0.0,0.116279,0.023256,0.069767,0.069767,0.093023,0.046512,0.046512,0.023256,0.023256,0.023256,0.023256,0.0,0.023256,0.0,0.046512,0.023256,0.0,0.0,0.0,0.023256,0.0,0.0,0.046512,0.0,0.023256,0.046512,0.023256,0.0,0.0,0.0,0.0,0.0,0.023256,0.0,0.0,0.023256,0.069767
Zone_DH491,0.109195,0.068966,0.028736,0.005747,0.005747,0.011494,0.005747,0.028736,0.028736,0.005747,0.011494,0.005747,0.005747,0.034483,0.034483,0.034483,0.022989,0.063218,0.068966,0.045977,0.034483,0.04023,0.017241,0.017241,0.022989,0.011494,0.0,0.028736,0.011494,0.011494,0.017241,0.005747,0.011494,0.034483,0.04023,0.068966,0.242021,0.00266,0.005319,0.0,0.00266,0.00266,0.007979,0.007979,0.0,0.007979,0.013298,0.010638,0.013298,0.015957,0.015957,0.026596,0.039894,0.045213,0.055851,0.053191,0.018617,0.034574,0.010638,0.023936,0.015957,0.010638,0.007979,0.015957,0.021277,0.021277,0.018617,0.021277,0.034574,0.031915,0.026596,0.117021,0.045977,0.04023,0.057471,0.08046,0.063218,0.074713,0.068966,0.045977,0.051724,0.034483,0.034483,0.034483,0.04023,0.034483,0.017241,0.011494,0.005747,0.017241,0.034483,0.017241,0.011494,0.0,0.005747,0.017241,0.011494,0.011494,0.0,0.005747,0.017241,0.011494,0.0,0.005747,0.005747,0.0,0.005747,0.005747,0.0,0.0,0.011494,0.063218
Zone_DH492,0.071918,0.15411,0.054795,0.006849,0.006849,0.003425,0.003425,0.020548,0.020548,0.010274,0.006849,0.006849,0.003425,0.017123,0.023973,0.017123,0.006849,0.044521,0.047945,0.15411,0.10274,0.027397,0.017123,0.013699,0.017123,0.010274,0.003425,0.017123,0.010274,0.003425,0.010274,0.003425,0.003425,0.020548,0.010274,0.047945,0.22093,0.001453,0.00436,0.001453,0.005814,0.001453,0.007267,0.00436,0.0,0.007267,0.010174,0.011628,0.010174,0.010174,0.00436,0.017442,0.020349,0.111919,0.135174,0.02907,0.014535,0.020349,0.011628,0.014535,0.017442,0.011628,0.008721,0.013081,0.014535,0.017442,0.013081,0.010174,0.017442,0.021802,0.026163,0.152616,0.034247,0.041096,0.082192,0.14726,0.109589,0.054795,0.058219,0.041096,0.05137,0.061644,0.030822,0.027397,0.034247,0.030822,0.020548,0.013699,0.006849,0.023973,0.023973,0.017123,0.010274,0.0,0.0,0.010274,0.010274,0.006849,0.003425,0.003425,0.006849,0.003425,0.0,0.003425,0.003425,0.0,0.003425,0.0,0.0,0.0,0.003425,0.020548
Zone_DH493,0.029954,0.14977,0.069124,0.006912,0.006912,0.006912,0.009217,0.025346,0.013825,0.013825,0.006912,0.006912,0.009217,0.011521,0.009217,0.013825,0.006912,0.046083,0.034562,0.225806,0.085253,0.016129,0.011521,0.006912,0.009217,0.011521,0.006912,0.009217,0.006912,0.013825,0.009217,0.002304,0.016129,0.034562,0.016129,0.041475,0.208885,0.000945,0.002836,0.000945,0.00189,0.002836,0.006616,0.003781,0.002836,0.013233,0.004726,0.007561,0.006616,0.011342,0.007561,0.014178,0.017958,0.137051,0.143667,0.023629,0.013233,0.017958,0.014178,0.010397,0.012287,0.008507,0.015123,0.013233,0.012287,0.013233,0.017013,0.008507,0.014178,0.020794,0.019849,0.170132,0.023041,0.06682,0.103687,0.154378,0.129032,0.0553,0.050691,0.0553,0.046083,0.069124,0.016129,0.023041,0.039171,0.034562,0.020737,0.009217,0.006912,0.013825,0.009217,0.013825,0.006912,0.004608,0.0,0.002304,0.006912,0.009217,0.013825,0.006912,0.0,0.0,0.002304,0.0,0.0,0.0,0.0,0.0,0.0,0.0,0.0,0.006912
Zone_DH494,0.025903,0.083163,0.070893,0.02863,0.02863,0.03272,0.043626,0.02045,0.006817,0.014997,0.009543,0.00409,0.014997,0.019087,0.013633,0.013633,0.017723,0.04499,0.039536,0.122699,0.06544,0.045671,0.031357,0.03272,0.01636,0.00818,0.009543,0.00818,0.006817,0.014997,0.002727,0.006817,0.021813,0.021813,0.014997,0.03681,0.20624,0.001119,0.001959,0.003358,0.001119,0.002798,0.004477,0.003918,0.005037,0.010074,0.004477,0.010074,0.010634,0.014552,0.011473,0.025745,0.041136,0.099342,0.101861,0.03442,0.027144,0.027144,0.019589,0.01735,0.011194,0.012313,0.015671,0.013432,0.013432,0.008955,0.019029,0.012873,0.015671,0.024066,0.03414,0.134182,0.043626,0.08998,0.096796,0.132243,0.119291,0.06544,0.070211,0.070893,0.047716,0.076346,0.02454,0.02454,0.02863,0.025903,0.01227,0.00818,0.005453,0.00409,0.00409,0.009543,0.00409,0.002727,0.006135,0.001363,0.002727,0.006817,0.006817,0.002727,0.001363,0.0,0.001363,0.0,0.0,0.0,0.0,0.0,0.0,0.0,0.002727,0.001363
Zone_DH495,0.037945,0.037945,0.062008,0.02869,0.029616,0.035169,0.037945,0.020361,0.01018,0.012957,0.012494,0.008329,0.017584,0.0236,0.01851,0.021286,0.040722,0.048589,0.045349,0.03702,0.050902,0.051828,0.031467,0.031467,0.024526,0.011106,0.009255,0.011106,0.01018,0.012957,0.009718,0.014345,0.030079,0.032392,0.031467,0.050902,0.209005,0.000879,0.003321,0.003907,0.003516,0.004493,0.003907,0.003516,0.004297,0.00586,0.006446,0.009962,0.012892,0.014064,0.017971,0.024221,0.051568,0.073835,0.073835,0.050298,0.03516,0.028128,0.020314,0.0209,0.014552,0.01465,0.013185,0.012111,0.013478,0.011525,0.016701,0.017775,0.021486,0.028128,0.048638,0.105479,0.052291,0.095326,0.111522,0.106432,0.112911,0.083758,0.068024,0.061546,0.049977,0.059232,0.034243,0.034706,0.025451,0.021286,0.016196,0.01342,0.01018,0.007867,0.005553,0.005553,0.004627,0.001851,0.005553,0.003239,0.000925,0.001851,0.000463,0.001388,0.000925,0.0,0.0,0.0,0.0,0.0,0.000925,0.0,0.0,0.0,0.001851,0.000925
Zone_DH496,0.040642,0.04235,0.057377,0.026639,0.030055,0.038251,0.025956,0.022541,0.011612,0.019809,0.016735,0.025956,0.019809,0.02015,0.016393,0.017077,0.031421,0.027664,0.041667,0.043033,0.049863,0.037568,0.036544,0.032104,0.033811,0.014344,0.018784,0.01776,0.01776,0.016052,0.014686,0.012637,0.016735,0.027322,0.02903,0.049863,0.203771,0.000915,0.00197,0.00394,0.003377,0.002955,0.002815,0.003729,0.003096,0.00591,0.006896,0.006896,0.013369,0.016043,0.021531,0.030256,0.052913,0.076133,0.073881,0.055939,0.037574,0.02519,0.019279,0.019139,0.010203,0.01168,0.011751,0.011821,0.009147,0.009992,0.009218,0.015339,0.020546,0.030749,0.057909,0.114129,0.06694,0.11612,0.136954,0.112705,0.119194,0.090164,0.067623,0.05362,0.041667,0.046107,0.02903,0.024932,0.018784,0.017077,0.010587,0.009221,0.006148,0.006489,0.004781,0.005464,0.006489,0.002049,0.002391,0.003415,0.0,0.0,0.000342,0.000342,0.0,0.000683,0.0,0.0,0.0,0.0,0.000683,0.0,0.0,0.0,0.0,0.0
Zone_DH497,0.051394,0.034992,0.037452,0.021597,0.024057,0.02269,0.013669,0.016402,0.013122,0.016402,0.018316,0.026244,0.020503,0.030891,0.02187,0.028431,0.036359,0.044833,0.051121,0.030618,0.034718,0.02597,0.032531,0.02433,0.02515,0.013122,0.017769,0.01941,0.015856,0.02351,0.025424,0.02515,0.025424,0.036359,0.037452,0.056862,0.203775,0.001014,0.001577,0.00338,0.00293,0.002141,0.002028,0.004338,0.005239,0.006648,0.008169,0.007211,0.01031,0.018592,0.02338,0.031493,0.043324,0.079437,0.074817,0.054423,0.039831,0.022366,0.01769,0.018479,0.008845,0.012056,0.012676,0.012451,0.011831,0.011437,0.010873,0.014986,0.02107,0.033352,0.054479,0.113352,0.091307,0.154183,0.161564,0.113723,0.104155,0.082832,0.059049,0.0421,0.039366,0.040459,0.02105,0.015582,0.010388,0.014762,0.012302,0.007381,0.005467,0.007654,0.004101,0.002734,0.00246,0.001093,0.001914,0.002187,0.0,0.0,0.0,0.0,0.0,0.000547,0.000547,0.0,0.0,0.0,0.000547,0.0,0.0,0.0,0.0,0.000547
Zone_DH498,0.05956,0.033998,0.024284,0.027096,0.021472,0.016104,0.015082,0.015593,0.019683,0.01636,0.019172,0.018405,0.019427,0.029141,0.024029,0.025051,0.036299,0.057771,0.066207,0.023773,0.027096,0.019427,0.037832,0.024796,0.022495,0.018405,0.024796,0.020194,0.018661,0.017382,0.021217,0.027607,0.028885,0.03272,0.033742,0.056237,0.209587,0.001543,0.001543,0.001377,0.001212,0.002314,0.00292,0.004242,0.006667,0.006667,0.008209,0.00865,0.01157,0.018678,0.021873,0.028044,0.038623,0.085069,0.083306,0.044904,0.034545,0.02259,0.017135,0.017025,0.009642,0.014325,0.015096,0.014656,0.013609,0.012287,0.013168,0.015372,0.020606,0.034325,0.048264,0.110358,0.123722,0.160532,0.149029,0.126789,0.091769,0.071575,0.06135,0.049847,0.038344,0.033742,0.019939,0.015593,0.010225,0.008436,0.010225,0.004601,0.002556,0.005624,0.00409,0.001789,0.001534,0.001278,0.001534,0.001022,0.0,0.000511,0.0,0.000511,0.0,0.000256,0.000767,0.000767,0.0,0.0,0.0,0.0,0.000256,0.0,0.0,0.001789
Zone_DH499,0.067985,0.049135,0.038937,0.030284,0.021014,0.011125,0.011743,0.01267,0.024413,0.014833,0.023795,0.015451,0.015451,0.013597,0.016378,0.01576,0.027812,0.074166,0.073857,0.033375,0.046663,0.026267,0.033066,0.025031,0.011434,0.021632,0.019468,0.013906,0.014215,0.013597,0.013288,0.018232,0.022559,0.023486,0.029666,0.075711,0.211459,0.001406,0.001547,0.001336,0.001406,0.003374,0.004218,0.004148,0.006046,0.00717,0.010826,0.007592,0.010756,0.01638,0.019473,0.018699,0.035571,0.098629,0.097786,0.035852,0.027065,0.02116,0.01884,0.013497,0.010053,0.014974,0.01884,0.014552,0.014341,0.014692,0.013708,0.01181,0.016801,0.028471,0.034165,0.133357,0.152349,0.127627,0.118356,0.116811,0.093325,0.073239,0.063041,0.052225,0.042954,0.031829,0.025649,0.020705,0.017614,0.01267,0.008344,0.005562,0.005562,0.005562,0.007726,0.004326,0.001545,0.001854,0.001236,0.001545,0.0,0.001854,0.0,0.001236,0.000618,0.000309,0.000927,0.000927,0.0,0.0,0.0,0.0,0.000309,0.000618,0.0,0.001545
Zone_DH500,0.047302,0.059215,0.061668,0.053609,0.029783,0.010161,0.011913,0.012614,0.019271,0.011563,0.021724,0.009811,0.015417,0.012614,0.021023,0.014015,0.026629,0.064821,0.05431,0.049755,0.056412,0.03644,0.035039,0.02733,0.013665,0.021023,0.016468,0.010161,0.008409,0.007708,0.006657,0.009811,0.017169,0.024877,0.030133,0.071479,0.209609,0.002085,0.001835,0.002419,0.002586,0.002502,0.005505,0.004754,0.006756,0.008841,0.009759,0.007757,0.009759,0.013512,0.020102,0.019601,0.03303,0.104179,0.104679,0.034615,0.02494,0.023355,0.021103,0.012762,0.011344,0.013512,0.014597,0.01051,0.009759,0.013346,0.014096,0.007674,0.020686,0.024272,0.029527,0.144633,0.14506,0.137701,0.107218,0.098458,0.078837,0.07288,0.065872,0.046601,0.042397,0.035039,0.029082,0.024527,0.022425,0.018921,0.013315,0.005606,0.011563,0.004905,0.012964,0.008059,0.003153,0.002803,0.001402,0.001752,0.001051,0.001402,0.0,0.001402,0.001402,0.000701,0.001402,0.00035,0.0,0.0,0.0,0.00035,0.0,0.000701,0.00035,0.00035
Zone_DH501,0.054443,0.041376,0.064895,0.054878,0.021341,0.010453,0.008275,0.009146,0.012195,0.010453,0.018293,0.010453,0.020906,0.017857,0.031794,0.024826,0.04007,0.0527,0.056185,0.056185,0.050523,0.049216,0.020906,0.025261,0.013066,0.01176,0.008275,0.010453,0.006533,0.009582,0.009582,0.013937,0.02439,0.036585,0.043554,0.049652,0.200106,0.001806,0.002337,0.00308,0.002868,0.002549,0.004461,0.004142,0.005842,0.006479,0.007647,0.007435,0.009772,0.014233,0.023686,0.026341,0.043654,0.092618,0.100266,0.043972,0.023367,0.02889,0.020074,0.018694,0.017844,0.012533,0.011896,0.010196,0.00871,0.009134,0.014657,0.011683,0.02188,0.024004,0.031227,0.131917,0.101916,0.111063,0.088415,0.086237,0.084495,0.083624,0.071864,0.046167,0.051394,0.059669,0.027875,0.029181,0.02831,0.019164,0.015679,0.012195,0.016986,0.008711,0.013937,0.010017,0.004791,0.002178,0.002178,0.000871,0.001742,0.002613,0.002178,0.003484,0.001307,0.001742,0.001742,0.001742,0.000871,0.000871,0.0,0.000871,0.000436,0.0,0.000436,0.003049
Zone_DH502,0.081194,0.041383,0.041383,0.034573,0.029859,0.016239,0.009953,0.007334,0.009429,0.014667,0.005762,0.008381,0.015715,0.019382,0.031954,0.035097,0.05186,0.042954,0.078051,0.050288,0.031954,0.045574,0.027239,0.029859,0.006286,0.00681,0.007858,0.016239,0.00681,0.010477,0.009429,0.012572,0.029859,0.038764,0.052907,0.041907,0.199647,0.001387,0.001766,0.003531,0.003784,0.004036,0.00454,0.003657,0.004919,0.007315,0.007063,0.007315,0.009459,0.012864,0.021314,0.02699,0.046664,0.096355,0.100391,0.045655,0.026485,0.023584,0.019927,0.013747,0.017026,0.012738,0.011981,0.013747,0.009585,0.010846,0.011603,0.014125,0.020557,0.020305,0.035566,0.129525,0.080671,0.086433,0.099005,0.086957,0.090623,0.084337,0.066527,0.052907,0.050812,0.058669,0.027763,0.040859,0.031954,0.016239,0.014667,0.015715,0.02043,0.009953,0.008905,0.007334,0.005238,0.001572,0.005238,0.002095,0.000524,0.003143,0.003143,0.003143,0.002619,0.002619,0.000524,0.002619,0.001048,0.002095,0.0,0.001572,0.001048,0.001048,0.001048,0.008905
Zone_DH503,0.129887,0.068096,0.040353,0.01198,0.02396,0.016393,0.010088,0.002522,0.008197,0.011349,0.009458,0.007566,0.011349,0.016393,0.01261,0.033417,0.062421,0.039092,0.10971,0.063682,0.04855,0.033417,0.017024,0.007566,0.006936,0.006936,0.007566,0.013871,0.006936,0.008827,0.006936,0.005044,0.019546,0.020177,0.056747,0.045397,0.211331,0.00045,0.000749,0.002398,0.004197,0.002998,0.003297,0.006295,0.005995,0.008693,0.007944,0.005246,0.006894,0.011091,0.008693,0.017986,0.039418,0.118106,0.118555,0.043165,0.024131,0.01244,0.019335,0.011691,0.010192,0.014838,0.015588,0.014388,0.008393,0.009293,0.009442,0.008243,0.014838,0.016637,0.038669,0.148381,0.076923,0.095839,0.100252,0.102144,0.088903,0.077554,0.066835,0.052963,0.039723,0.051702,0.040353,0.032787,0.029004,0.018916,0.011349,0.011349,0.018916,0.010719,0.005675,0.005675,0.005044,0.001892,0.006936,0.003153,0.000631,0.002522,0.001892,0.002522,0.004414,0.000631,0.000631,0.003153,0.0,0.001261,0.001892,0.001261,0.002522,0.001261,0.001261,0.019546
Zone_DH504,0.07564,0.07028,0.088743,0.03514,0.021441,0.020846,0.011912,0.0,0.002978,0.010721,0.005956,0.008338,0.014294,0.013103,0.01489,0.044669,0.050625,0.038118,0.065515,0.056581,0.06492,0.057772,0.022633,0.010721,0.007743,0.007147,0.007147,0.011912,0.008934,0.005956,0.007147,0.00536,0.014294,0.036927,0.045265,0.036331,0.212784,0.001834,0.003104,0.00381,0.004092,0.003104,0.00127,0.00635,0.008043,0.011994,0.006209,0.006914,0.009172,0.010724,0.006491,0.018202,0.034711,0.120785,0.119938,0.039791,0.022859,0.013546,0.019896,0.016368,0.006632,0.012982,0.015098,0.017215,0.008325,0.007337,0.009454,0.011006,0.011853,0.016227,0.031889,0.149993,0.074449,0.116141,0.100655,0.108398,0.116141,0.069684,0.057177,0.055986,0.041691,0.045861,0.039905,0.017868,0.023824,0.01489,0.013699,0.00536,0.01489,0.008338,0.009529,0.010125,0.006552,0.001787,0.005956,0.001787,0.001191,0.001787,0.001787,0.002382,0.001191,0.002382,0.001191,0.000596,0.000596,0.0,0.001787,0.001191,0.002978,0.003574,0.000596,0.016081
Zone_DH505,0.047175,0.055988,0.088647,0.038362,0.020218,0.020736,0.009331,0.009331,0.00311,0.009331,0.00985,0.006739,0.008294,0.013478,0.018144,0.03888,0.059098,0.0648,0.036807,0.062208,0.062208,0.059098,0.040954,0.011405,0.007776,0.008294,0.007258,0.008294,0.007258,0.005702,0.00985,0.012442,0.012442,0.031104,0.053914,0.041472,0.21083,0.001444,0.002527,0.002888,0.002647,0.003971,0.002166,0.007581,0.005535,0.011552,0.006378,0.009507,0.010229,0.013839,0.015403,0.019976,0.035259,0.098436,0.098315,0.043081,0.030325,0.022623,0.020457,0.01769,0.01083,0.016245,0.014561,0.013478,0.010951,0.008063,0.014079,0.012515,0.015403,0.028159,0.033935,0.129122,0.07154,0.104199,0.105754,0.107828,0.13945,0.07776,0.060653,0.06169,0.051322,0.045619,0.030067,0.016589,0.029549,0.013997,0.011923,0.003629,0.014515,0.008294,0.006739,0.006221,0.004147,0.002074,0.002592,0.0,0.001037,0.002074,0.001555,0.003629,0.0,0.004666,0.001037,0.001037,0.0,0.0,0.0,0.0,0.001037,0.002074,0.000518,0.005184
Zone_DH506,0.05275,0.049143,0.032462,0.036519,0.023445,0.017133,0.009017,0.009919,0.006763,0.016231,0.01578,0.019387,0.006763,0.020739,0.021641,0.03697,0.049594,0.067178,0.04193,0.051398,0.044184,0.042831,0.036519,0.010821,0.008115,0.005861,0.012624,0.013075,0.008115,0.022994,0.022543,0.022092,0.025699,0.036519,0.051849,0.051398,0.217507,0.001632,0.001632,0.001632,0.002755,0.002857,0.002653,0.006325,0.007039,0.008774,0.011222,0.00959,0.007549,0.016221,0.019996,0.027341,0.039788,0.079678,0.085493,0.045909,0.034891,0.025607,0.020506,0.014793,0.013467,0.018262,0.014181,0.016323,0.011324,0.010508,0.015813,0.014997,0.016221,0.026729,0.039788,0.110998,0.059964,0.090622,0.103246,0.11587,0.129396,0.10505,0.066727,0.065825,0.062669,0.045537,0.025248,0.020289,0.025699,0.009017,0.011722,0.009919,0.01037,0.00541,0.005861,0.005861,0.001803,0.003156,0.002254,0.001803,0.000451,0.000451,0.003156,0.002254,0.0,0.002705,0.002254,0.000902,0.0,0.0,0.0,0.000902,0.0,0.001353,0.0,0.002254
Zone_DH507,0.042363,0.035303,0.024526,0.018952,0.019324,0.012635,0.012635,0.011891,0.013006,0.013006,0.023783,0.070606,0.044221,0.024526,0.022297,0.036046,0.033816,0.051654,0.035674,0.034188,0.03233,0.017837,0.015608,0.011148,0.009662,0.007061,0.013378,0.015608,0.01858,0.076923,0.046823,0.021182,0.026013,0.030844,0.031215,0.045336,0.214216,0.002267,0.001781,0.002267,0.002834,0.002753,0.0034,0.004048,0.007205,0.006801,0.010039,0.007448,0.006639,0.01522,0.018216,0.022506,0.032869,0.098931,0.108565,0.040317,0.026878,0.021535,0.016839,0.015139,0.011091,0.014168,0.014653,0.013277,0.010767,0.012063,0.012953,0.013925,0.017244,0.020887,0.03797,0.132286,0.06689,0.117057,0.121145,0.119658,0.089929,0.103307,0.073207,0.057599,0.055741,0.037533,0.024898,0.022297,0.022297,0.012263,0.015979,0.012635,0.00929,0.004088,0.005574,0.004459,0.001486,0.003716,0.001858,0.00223,0.000743,0.000743,0.00223,0.001486,0.0,0.000743,0.00223,0.0,0.000743,0.0,0.0,0.000743,0.000743,0.001115,0.0,0.003344
Zone_DH508,0.094267,0.041857,0.048892,0.017939,0.012663,0.0102,0.009849,0.007035,0.0102,0.011959,0.02216,0.064369,0.045726,0.015828,0.015828,0.02216,0.014421,0.033767,0.099894,0.044671,0.058741,0.01618,0.009145,0.007738,0.007035,0.006331,0.010552,0.014421,0.018291,0.074217,0.037636,0.014773,0.019346,0.023918,0.010904,0.027084,0.206482,0.001457,0.001457,0.002331,0.002986,0.002112,0.004079,0.002039,0.004079,0.004224,0.005899,0.005098,0.004807,0.010342,0.013256,0.015441,0.024472,0.144792,0.152804,0.03496,0.018645,0.01646,0.010634,0.011216,0.007138,0.009978,0.008813,0.008594,0.011143,0.00976,0.009541,0.00874,0.010488,0.013401,0.03394,0.16839,0.071052,0.190292,0.10904,0.10095,0.058389,0.151249,0.067534,0.045726,0.043264,0.027436,0.020049,0.023215,0.012663,0.012311,0.009849,0.0102,0.009145,0.003869,0.005628,0.003869,0.00211,0.002814,0.001759,0.001407,0.003166,0.003166,0.001407,0.0,0.0,0.0,0.000352,0.000703,0.001407,0.0,0.0,0.000703,0.0,0.00211,0.000352,0.002814
Zone_DH509,0.10491,0.09184,0.069233,0.029671,0.015189,0.021194,0.010244,0.008478,0.007065,0.00989,0.006005,0.014483,0.018015,0.011657,0.012363,0.009184,0.009537,0.030378,0.120805,0.095373,0.071353,0.021547,0.019781,0.00989,0.014483,0.012716,0.01095,0.00989,0.012716,0.022607,0.015189,0.01307,0.013776,0.015542,0.01307,0.027905,0.204772,0.001395,0.001542,0.002863,0.00279,0.001836,0.004993,0.002203,0.004185,0.003965,0.005213,0.004185,0.005947,0.01094,0.011674,0.015565,0.028194,0.144787,0.14442,0.030176,0.020558,0.017327,0.012482,0.010279,0.009838,0.010499,0.008811,0.009251,0.012188,0.010793,0.011233,0.01116,0.012702,0.018135,0.031718,0.16138,0.083716,0.179795,0.109149,0.123278,0.069233,0.141999,0.067467,0.038502,0.035323,0.024373,0.018368,0.017308,0.012716,0.010597,0.007771,0.008831,0.010597,0.007418,0.003886,0.001766,0.002473,0.002119,0.002826,0.002119,0.003532,0.004239,0.001766,0.000706,0.000353,0.0,0.0,0.000706,0.00106,0.000706,0.00106,0.000706,0.0,0.00106,0.000353,0.002119
Zone_DH510,0.123605,0.112857,0.049194,0.023977,0.014469,0.021496,0.013642,0.005788,0.006614,0.013229,0.004134,0.011162,0.008681,0.009508,0.007854,0.014882,0.009508,0.030591,0.144688,0.108723,0.050021,0.018603,0.014055,0.014882,0.02191,0.01943,0.014882,0.009508,0.007441,0.008681,0.009095,0.008681,0.008268,0.019016,0.011988,0.028938,0.200614,0.001108,0.000767,0.002643,0.001279,0.002728,0.00341,0.004092,0.002814,0.002899,0.004604,0.007247,0.0081,0.010316,0.008952,0.016966,0.027198,0.150055,0.152443,0.02967,0.019183,0.01637,0.012107,0.010402,0.012277,0.008185,0.005798,0.009378,0.008696,0.010316,0.012192,0.010402,0.013045,0.020206,0.026089,0.167448,0.072757,0.166598,0.104589,0.127739,0.080612,0.129806,0.073171,0.043406,0.031005,0.026457,0.02563,0.02191,0.014469,0.012402,0.008681,0.009095,0.011575,0.009508,0.002067,0.001654,0.002894,0.002894,0.003307,0.001654,0.00248,0.001654,0.002894,0.002067,0.00124,0.0,0.0,0.0,0.000413,0.000827,0.00124,0.000827,0.0,0.00124,0.000413,0.000827
Zone_DH511,0.081081,0.082542,0.056245,0.018262,0.013879,0.021914,0.016801,0.008766,0.008766,0.011687,0.008766,0.03214,0.008766,0.013148,0.012418,0.029218,0.035793,0.032871,0.083272,0.043828,0.059167,0.018992,0.01607,0.01607,0.033601,0.027027,0.027027,0.009496,0.013148,0.011687,0.022644,0.010226,0.005844,0.025566,0.039445,0.043828,0.219058,0.001294,0.001294,0.001941,0.001456,0.006471,0.005824,0.004206,0.005177,0.006471,0.008413,0.011325,0.016826,0.018444,0.012296,0.021518,0.030578,0.088821,0.105161,0.034784,0.022165,0.019738,0.019253,0.019253,0.017796,0.015531,0.008898,0.013752,0.011972,0.013105,0.017958,0.013914,0.014884,0.02443,0.028798,0.137195,0.07889,0.068663,0.085464,0.139518,0.129291,0.055515,0.076698,0.04821,0.035062,0.050402,0.045289,0.043097,0.018992,0.014609,0.014609,0.014609,0.01534,0.014609,0.001461,0.002922,0.007305,0.005844,0.005844,0.001461,0.004383,0.002922,0.005844,0.001461,0.001461,0.0,0.002922,0.0,0.0,0.0,0.0,0.0,0.0,0.001461,0.0,0.005844
Zone_DH512,0.048603,0.051033,0.058323,0.010936,0.026731,0.00243,0.006075,0.017011,0.00729,0.009721,0.009721,0.041312,0.009721,0.014581,0.013366,0.048603,0.09842,0.019441,0.035237,0.031592,0.065614,0.024301,0.014581,0.009721,0.017011,0.013366,0.015796,0.008505,0.014581,0.021871,0.035237,0.017011,0.019441,0.047388,0.08627,0.029162,0.231956,0.001102,0.002204,0.003306,0.004683,0.007713,0.006612,0.003306,0.003306,0.011019,0.014325,0.013223,0.009917,0.023691,0.017631,0.012121,0.020937,0.086777,0.098898,0.034435,0.012948,0.021488,0.010193,0.021763,0.013774,0.015427,0.011846,0.01405,0.012672,0.017631,0.021488,0.014325,0.018733,0.028375,0.027824,0.130303,0.038882,0.068044,0.051033,0.136087,0.153098,0.060753,0.057108,0.054678,0.029162,0.043742,0.053463,0.041312,0.029162,0.019441,0.018226,0.012151,0.019441,0.009721,0.012151,0.00243,0.009721,0.009721,0.00486,0.00243,0.00729,0.00243,0.00486,0.00243,0.00486,0.00729,0.00486,0.0,0.0,0.0,0.00243,0.0,0.00243,0.00243,0.0,0.021871
Zone_DH513,0.14733,0.038674,0.014733,0.005525,0.020258,0.01105,0.018416,0.016575,0.01105,0.007366,0.007366,0.023941,0.005525,0.009208,0.01105,0.027624,0.06814,0.055249,0.135359,0.025783,0.016575,0.020258,0.007366,0.016575,0.025783,0.022099,0.009208,0.009208,0.004604,0.014733,0.014733,0.01105,0.007366,0.023941,0.084715,0.051565,0.212741,0.000772,0.003089,0.002317,0.004633,0.004054,0.006178,0.000772,0.003089,0.011583,0.010811,0.008494,0.00695,0.0139,0.013127,0.005792,0.032046,0.132819,0.132046,0.028958,0.016988,0.011197,0.006178,0.015058,0.010039,0.011969,0.011583,0.012355,0.007722,0.015058,0.011004,0.012741,0.016216,0.018919,0.029344,0.159459,0.051565,0.076427,0.049724,0.143646,0.156538,0.065378,0.058011,0.042357,0.040516,0.046961,0.032228,0.025783,0.034991,0.021179,0.010129,0.022099,0.012891,0.018416,0.012891,0.005525,0.009208,0.001842,0.005525,0.0,0.014733,0.001842,0.002762,0.001842,0.003683,0.005525,0.003683,0.001842,0.0,0.0,0.003683,0.0,0.001842,0.0,0.0,0.014733
Zone_DH514,0.172178,0.022572,0.006299,0.003675,0.006299,0.007349,0.012598,0.009449,0.007349,0.004199,0.0021,0.00315,0.002625,0.004199,0.009449,0.016798,0.04252,0.207349,0.161155,0.011024,0.004199,0.007349,0.0021,0.010499,0.009974,0.009974,0.004199,0.004199,0.002625,0.00315,0.003675,0.004724,0.002625,0.011024,0.054068,0.153281,0.19549,0.001116,0.003014,0.002456,0.001786,0.002903,0.00201,0.00067,0.001675,0.004019,0.003573,0.003349,0.005471,0.004912,0.005359,0.004912,0.020766,0.199397,0.201183,0.019538,0.010383,0.004801,0.002121,0.007034,0.00614,0.006475,0.004131,0.007145,0.002456,0.008485,0.00614,0.004577,0.008708,0.011388,0.017863,0.208552,0.060892,0.071391,0.048819,0.186877,0.175328,0.076115,0.046719,0.035696,0.028871,0.032021,0.025722,0.016798,0.018898,0.024147,0.013123,0.014173,0.012598,0.012598,0.011024,0.018898,0.011024,0.008924,0.010499,0.005249,0.009449,0.00105,0.003675,0.0021,0.00315,0.0021,0.00105,0.0021,0.0021,0.0,0.00105,0.00105,0.00105,0.0,0.00105,0.002625
Zone_DH515,0.162074,0.020084,0.012144,0.026156,0.007473,0.010743,0.006539,0.001868,0.002802,0.002802,0.007006,0.000934,0.004204,0.004671,0.004671,0.017749,0.028958,0.206913,0.152732,0.016348,0.021018,0.023354,0.003737,0.004204,0.004204,0.005138,0.002802,0.007473,0.002802,0.004671,0.008874,0.005138,0.00327,0.007006,0.028958,0.170481,0.196215,0.000996,0.001096,0.00259,0.001992,0.002988,0.002191,0.001494,0.000498,0.003586,0.003785,0.004183,0.00747,0.005179,0.006375,0.010359,0.019622,0.193028,0.191036,0.021016,0.010259,0.010757,0.004681,0.007769,0.008068,0.006773,0.003685,0.006574,0.004084,0.007171,0.00757,0.003685,0.009064,0.014044,0.020717,0.199402,0.053246,0.055582,0.063055,0.197571,0.160673,0.072863,0.048108,0.047174,0.032695,0.033162,0.029426,0.012611,0.023354,0.021018,0.013078,0.011677,0.016815,0.01121,0.009341,0.015413,0.011677,0.012144,0.007473,0.005605,0.008874,0.001868,0.004671,0.003737,0.001401,0.003737,0.0,0.000934,0.001868,0.0,0.001868,0.000934,0.0,0.000934,0.000934,0.00327
Zone_DH516,0.125512,0.040984,0.037398,0.052254,0.017418,0.013832,0.006148,0.001537,0.002049,0.004611,0.009221,0.000512,0.006148,0.009734,0.014857,0.022541,0.038422,0.109119,0.114754,0.04252,0.052766,0.045594,0.01332,0.00666,0.007684,0.006148,0.002049,0.007172,0.005123,0.007172,0.007172,0.007684,0.007684,0.013832,0.027664,0.112705,0.199325,0.0,0.001089,0.002396,0.002178,0.002069,0.001961,0.002723,0.001634,0.004901,0.00501,0.005882,0.009585,0.010783,0.016338,0.026032,0.035181,0.128744,0.140725,0.038449,0.022002,0.020804,0.013288,0.013179,0.012744,0.008496,0.005446,0.007516,0.007407,0.010021,0.010783,0.00904,0.015902,0.027012,0.039102,0.14225,0.048156,0.052766,0.091701,0.146516,0.129098,0.068135,0.06916,0.073258,0.046107,0.029713,0.032275,0.031762,0.029201,0.023566,0.015369,0.01793,0.016906,0.008197,0.010246,0.006148,0.007172,0.008197,0.006148,0.007172,0.005123,0.001025,0.003074,0.004098,0.001537,0.004098,0.0,0.0,0.0,0.0,0.001025,0.0,0.0,0.001025,0.0,0.004098
Zone_DH517,0.099927,0.064658,0.050698,0.054372,0.023512,0.016899,0.007348,0.002939,0.005878,0.005143,0.008082,0.004409,0.005878,0.013226,0.022043,0.019104,0.042616,0.064658,0.091109,0.06025,0.064658,0.052168,0.022043,0.009552,0.011756,0.011756,0.002939,0.008817,0.008817,0.007348,0.005878,0.008082,0.005878,0.022043,0.032329,0.063189,0.204959,0.0,0.001803,0.001202,0.000601,0.001953,0.002404,0.00556,0.004358,0.004207,0.005109,0.00571,0.009316,0.013223,0.018933,0.035763,0.045229,0.094666,0.100075,0.049887,0.030654,0.027799,0.020436,0.013974,0.01142,0.009016,0.004959,0.008415,0.008264,0.010518,0.010218,0.012622,0.021938,0.036063,0.050789,0.117956,0.033799,0.066128,0.098457,0.095518,0.123439,0.059515,0.080823,0.081558,0.062454,0.02939,0.050698,0.041881,0.038207,0.022043,0.010287,0.020573,0.01543,0.011756,0.008817,0.002939,0.004409,0.005143,0.002939,0.00147,0.005878,0.00147,0.004409,0.002939,0.00147,0.00147,0.0,0.00147,0.0,0.0,0.00147,0.00147,0.00147,0.0,0.0,0.008817
Zone_DH518,0.099522,0.078469,0.052632,0.033493,0.032536,0.021053,0.011483,0.001914,0.005742,0.004785,0.001914,0.005742,0.005742,0.005742,0.009569,0.019139,0.032536,0.080383,0.086124,0.061244,0.045933,0.058373,0.026794,0.011483,0.022967,0.013397,0.003828,0.011483,0.009569,0.005742,0.007656,0.004785,0.013397,0.028708,0.03445,0.051675,0.214822,0.0,0.002437,0.003249,0.0,0.00264,0.002437,0.004061,0.005888,0.004061,0.00203,0.006091,0.014213,0.012183,0.024772,0.030051,0.050761,0.075939,0.087716,0.058477,0.038579,0.027614,0.016244,0.015025,0.008122,0.008934,0.008325,0.008122,0.008528,0.009746,0.011371,0.020305,0.028832,0.035736,0.043249,0.109442,0.03445,0.058373,0.092823,0.126316,0.101435,0.054545,0.050718,0.055502,0.065072,0.053589,0.048804,0.040191,0.044019,0.028708,0.003828,0.019139,0.031579,0.019139,0.013397,0.003828,0.007656,0.010526,0.001914,0.0,0.001914,0.0,0.009569,0.001914,0.003828,0.0,0.001914,0.001914,0.0,0.0,0.001914,0.001914,0.001914,0.0,0.0,0.007656
Zone_DH519,0.059818,0.096229,0.070221,0.057217,0.023407,0.018205,0.015605,0.0,0.0,0.002601,0.002601,0.007802,0.013004,0.010403,0.007802,0.026008,0.026008,0.057217,0.052016,0.062419,0.054616,0.079324,0.059818,0.010403,0.015605,0.005202,0.010403,0.015605,0.007802,0.007802,0.010403,0.005202,0.013004,0.031209,0.044213,0.020806,0.230792,0.0,0.001205,0.003616,0.003616,0.003013,0.00241,0.001205,0.008436,0.003616,0.001205,0.006026,0.016873,0.010847,0.028924,0.026514,0.045797,0.062067,0.06749,0.063272,0.038566,0.033745,0.018078,0.019283,0.013257,0.013257,0.010847,0.013257,0.006026,0.015667,0.021091,0.03013,0.043387,0.024104,0.042181,0.070202,0.026008,0.046814,0.046814,0.093628,0.078023,0.062419,0.041612,0.053316,0.045514,0.078023,0.071521,0.037711,0.042913,0.03381,0.020806,0.020806,0.048114,0.023407,0.015605,0.010403,0.007802,0.018205,0.005202,0.005202,0.007802,0.005202,0.010403,0.006502,0.006502,0.0013,0.002601,0.005202,0.0,0.0,0.005202,0.0,0.002601,0.0,0.0,0.013004
Zone_DH520,0.05977,0.103448,0.08046,0.062069,0.025287,0.018391,0.018391,0.002299,0.006897,0.002299,0.004598,0.009195,0.011494,0.006897,0.006897,0.016092,0.025287,0.055172,0.043678,0.073563,0.055172,0.065517,0.06092,0.02069,0.016092,0.009195,0.013793,0.011494,0.004598,0.009195,0.006897,0.004598,0.006897,0.02069,0.032184,0.029885,0.231821,0.0,0.001093,0.001093,0.004374,0.003827,0.001093,0.002187,0.004374,0.002187,0.005467,0.005467,0.010935,0.012028,0.024057,0.024057,0.047567,0.062329,0.079825,0.057955,0.038819,0.029524,0.021323,0.019683,0.022963,0.014215,0.010935,0.010935,0.010935,0.015309,0.016949,0.029524,0.028431,0.031711,0.052488,0.064516,0.034483,0.055172,0.050575,0.082759,0.052874,0.071264,0.056322,0.058621,0.054023,0.071264,0.070115,0.054023,0.041379,0.034483,0.025287,0.02069,0.029885,0.02069,0.011494,0.016092,0.009195,0.012644,0.006897,0.011494,0.004598,0.006897,0.0,0.003448,0.005747,0.004598,0.0,0.004598,0.002299,0.002299,0.002299,0.0,0.0,0.002299,0.0,0.009195
Zone_DH521,0.091335,0.112412,0.070258,0.046838,0.018735,0.018735,0.009368,0.004684,0.007026,0.0,0.004684,0.01171,0.01171,0.007026,0.01171,0.030445,0.046838,0.053864,0.051522,0.088993,0.051522,0.032787,0.032787,0.016393,0.01171,0.014052,0.007026,0.007026,0.002342,0.002342,0.007026,0.009368,0.002342,0.018735,0.035129,0.051522,0.231573,0.0,0.0,0.0,0.0022,0.00385,0.0033,0.0011,0.005501,0.0044,0.006601,0.007151,0.006601,0.017052,0.020902,0.030253,0.055006,0.062706,0.070407,0.058856,0.040704,0.030803,0.024752,0.014301,0.020352,0.009901,0.009351,0.007701,0.013201,0.014301,0.015402,0.016502,0.018702,0.031903,0.063806,0.080858,0.014052,0.044496,0.067916,0.074941,0.051522,0.080796,0.066745,0.067916,0.065574,0.06089,0.065574,0.053864,0.040984,0.030445,0.033958,0.015222,0.021077,0.028103,0.009368,0.021077,0.009368,0.009368,0.008197,0.01171,0.002342,0.007026,0.008197,0.001171,0.004684,0.005855,0.002342,0.002342,0.002342,0.002342,0.0,0.0,0.0,0.002342,0.004684,0.001171
Zone_DH522,0.096939,0.078231,0.057823,0.042517,0.039116,0.020408,0.008503,0.005102,0.017007,0.001701,0.003401,0.008503,0.010204,0.003401,0.011905,0.028912,0.047619,0.047619,0.056122,0.079932,0.056973,0.059524,0.028061,0.015306,0.013605,0.011905,0.001701,0.006803,0.005102,0.006803,0.005102,0.010204,0.003401,0.020408,0.034014,0.056122,0.223937,0.0,0.002258,0.000753,0.003011,0.004516,0.004516,0.003011,0.006775,0.007527,0.004893,0.009409,0.008656,0.013173,0.024464,0.021829,0.054949,0.060218,0.073391,0.063982,0.036131,0.025969,0.0207,0.014302,0.019947,0.00828,0.009409,0.009785,0.006775,0.011291,0.018818,0.015807,0.020324,0.034626,0.058713,0.097855,0.035714,0.068027,0.078231,0.079082,0.069728,0.094388,0.082483,0.054422,0.059524,0.051871,0.056122,0.040816,0.036565,0.020408,0.022959,0.011054,0.017007,0.017857,0.018707,0.016156,0.007653,0.010204,0.004252,0.008503,0.005102,0.003401,0.009354,0.001701,0.001701,0.001701,0.001701,0.001701,0.004252,0.001701,0.001701,0.001701,0.0,0.0,0.001701,0.00085
Zone_DH523,0.097933,0.078346,0.054407,0.036997,0.032644,0.021763,0.006529,0.002176,0.021763,0.002176,0.002176,0.004353,0.010881,0.0,0.010881,0.021763,0.045702,0.054407,0.056583,0.073993,0.066376,0.066376,0.025027,0.01741,0.013058,0.008705,0.002176,0.015234,0.008705,0.008705,0.002176,0.010881,0.006529,0.028292,0.039173,0.045702,0.219346,0.0,0.003766,0.001883,0.003766,0.004707,0.003766,0.002824,0.008473,0.007531,0.005178,0.008943,0.010826,0.01318,0.031066,0.022594,0.050835,0.058837,0.06731,0.064956,0.028242,0.024476,0.014121,0.015062,0.023535,0.015062,0.011767,0.01318,0.008473,0.010355,0.017887,0.01318,0.018828,0.039539,0.052954,0.103554,0.041349,0.067465,0.087051,0.092492,0.084875,0.079434,0.09358,0.05876,0.054407,0.057671,0.054407,0.039173,0.030468,0.019587,0.021763,0.009793,0.015234,0.007617,0.01741,0.009793,0.003264,0.006529,0.003264,0.006529,0.010881,0.0,0.006529,0.002176,0.002176,0.0,0.002176,0.002176,0.003264,0.002176,0.002176,0.002176,0.0,0.0,0.002176,0.0
Zone_DH524,0.111922,0.058394,0.058394,0.043796,0.043796,0.034063,0.014599,0.0,0.034063,0.004866,0.0,0.0,0.004866,0.0,0.009732,0.019465,0.029197,0.048662,0.068127,0.072993,0.065693,0.077859,0.004866,0.024331,0.014599,0.009732,0.004866,0.024331,0.009732,0.004866,0.004866,0.004866,0.004866,0.029197,0.034063,0.024331,0.23007,0.0,0.006421,0.0,0.00428,0.00428,0.00428,0.00428,0.014981,0.00428,0.00428,0.012841,0.011771,0.012841,0.040663,0.013911,0.043874,0.053505,0.074906,0.051364,0.021402,0.019262,0.014981,0.019262,0.022472,0.019262,0.012841,0.014981,0.008561,0.012841,0.017121,0.017121,0.010701,0.044944,0.05404,0.097378,0.06326,0.092457,0.092457,0.099757,0.072993,0.121655,0.107056,0.038929,0.048662,0.038929,0.058394,0.029197,0.029197,0.019465,0.014599,0.004866,0.014599,0.002433,0.014599,0.004866,0.002433,0.0,0.0,0.0,0.019465,0.0,0.004866,0.004866,0.0,0.0,0.0,0.0,0.0,0.0,0.0,0.0,0.0,0.0,0.0,0.0
Zone_DH525,0.089109,0.207921,0.009901,0.0,0.0,0.009901,0.009901,0.0,0.019802,0.0,0.009901,0.0,0.009901,0.029703,0.039604,0.009901,0.039604,0.049505,0.148515,0.069307,0.029703,0.049505,0.039604,0.019802,0.009901,0.0,0.0,0.0,0.009901,0.0,0.0,0.009901,0.009901,0.0,0.039604,0.029703,0.201597,0.003992,0.0,0.0,0.003992,0.0,0.003992,0.003992,0.0,0.003992,0.003992,0.0,0.015968,0.015968,0.015968,0.011976,0.047904,0.155689,0.123752,0.03992,0.01996,0.011976,0.011976,0.0,0.007984,0.0,0.007984,0.003992,0.007984,0.003992,0.007984,0.031936,0.011976,0.007984,0.027944,0.183633,0.019802,0.019802,0.118812,0.049505,0.079208,0.207921,0.128713,0.049505,0.039604,0.019802,0.029703,0.009901,0.019802,0.049505,0.0,0.009901,0.0,0.019802,0.009901,0.0,0.0,0.0,0.019802,0.0,0.0,0.029703,0.0,0.019802,0.009901,0.0,0.0,0.0,0.0,0.0,0.0,0.009901,0.009901,0.0,0.0,0.019802
Zone_DH526,0.054217,0.162651,0.03012,0.006024,0.006024,0.012048,0.006024,0.042169,0.036145,0.006024,0.006024,0.0,0.006024,0.024096,0.03012,0.012048,0.036145,0.054217,0.114458,0.078313,0.042169,0.036145,0.03012,0.018072,0.018072,0.006024,0.0,0.012048,0.006024,0.006024,0.0,0.006024,0.012048,0.006024,0.048193,0.03012,0.211196,0.002545,0.002545,0.0,0.002545,0.005089,0.005089,0.002545,0.0,0.002545,0.012723,0.007634,0.010178,0.017812,0.010178,0.017812,0.048346,0.119593,0.099237,0.038168,0.025445,0.020356,0.015267,0.007634,0.015267,0.005089,0.005089,0.007634,0.012723,0.010178,0.017812,0.025445,0.025445,0.012723,0.038168,0.139949,0.012048,0.024096,0.108434,0.048193,0.060241,0.150602,0.10241,0.03012,0.042169,0.024096,0.03012,0.024096,0.03012,0.042169,0.018072,0.012048,0.0,0.024096,0.018072,0.03012,0.012048,0.012048,0.012048,0.006024,0.006024,0.018072,0.0,0.012048,0.006024,0.006024,0.0,0.0,0.006024,0.0,0.0,0.006024,0.012048,0.0,0.006024,0.048193
Zone_DH527,0.023599,0.153392,0.082596,0.00885,0.011799,0.00295,0.00295,0.044248,0.023599,0.00885,0.011799,0.00885,0.007375,0.00885,0.029499,0.019174,0.014749,0.020649,0.020649,0.19469,0.106195,0.039823,0.017699,0.00885,0.011799,0.014749,0.0059,0.014749,0.00885,0.00295,0.0,0.0059,0.00885,0.013274,0.020649,0.020649,0.214107,0.002497,0.003745,0.001248,0.004057,0.002809,0.004994,0.005306,0.002497,0.003745,0.0103,0.009988,0.009988,0.009363,0.003745,0.018727,0.021223,0.134207,0.139201,0.024969,0.013421,0.013733,0.015918,0.012484,0.022472,0.008739,0.009363,0.009988,0.009988,0.01623,0.014981,0.01623,0.013733,0.01623,0.033708,0.146067,0.032448,0.047198,0.088496,0.156342,0.103245,0.035398,0.032448,0.032448,0.050147,0.067847,0.032448,0.028024,0.047198,0.023599,0.022124,0.014749,0.00295,0.020649,0.020649,0.017699,0.013274,0.011799,0.00885,0.004425,0.00885,0.00885,0.001475,0.0,0.0059,0.007375,0.0,0.0,0.0059,0.00295,0.00295,0.0,0.0059,0.0,0.00295,0.032448
Zone_DH528,0.020314,0.153278,0.092336,0.009234,0.012927,0.00554,0.012927,0.038781,0.014774,0.018467,0.014774,0.009234,0.00831,0.007387,0.01108,0.012004,0.007387,0.01662,0.021237,0.237304,0.111727,0.028624,0.009234,0.007387,0.003693,0.01108,0.007387,0.007387,0.007387,0.014774,0.0,0.00554,0.014774,0.012004,0.012927,0.022161,0.203418,0.001672,0.002972,0.001486,0.001672,0.000929,0.004458,0.004273,0.006688,0.013375,0.005387,0.008917,0.006688,0.010032,0.005573,0.012632,0.019692,0.145644,0.158276,0.018577,0.010217,0.011146,0.017091,0.010403,0.017091,0.006688,0.018205,0.013375,0.009103,0.011518,0.015047,0.00966,0.010403,0.016719,0.020806,0.170165,0.027701,0.062789,0.088643,0.184672,0.131117,0.033241,0.033241,0.048015,0.069252,0.058172,0.018467,0.018467,0.032318,0.036011,0.017544,0.01662,0.00554,0.009234,0.012927,0.01385,0.00831,0.007387,0.001847,0.003693,0.006464,0.007387,0.01108,0.00277,0.001847,0.00277,0.001847,0.001847,0.001847,0.001847,0.001847,0.0,0.000923,0.003693,0.0,0.014774
Zone_DH529,0.026786,0.092262,0.083333,0.017857,0.025794,0.019841,0.026786,0.019345,0.009921,0.015873,0.011905,0.009921,0.009921,0.010913,0.015873,0.013393,0.032738,0.052579,0.037202,0.13244,0.074901,0.046627,0.02381,0.020833,0.009921,0.010913,0.007937,0.007937,0.003968,0.013889,0.000992,0.006944,0.017857,0.022321,0.02381,0.042659,0.205608,0.000506,0.002227,0.004252,0.001215,0.003746,0.003644,0.003543,0.005669,0.010124,0.004961,0.008909,0.007694,0.010326,0.014173,0.020449,0.039482,0.110549,0.11723,0.03361,0.022272,0.023689,0.018121,0.012351,0.010528,0.011743,0.015185,0.012553,0.011338,0.009921,0.017109,0.013363,0.016198,0.022879,0.031788,0.143045,0.042659,0.089286,0.105159,0.152282,0.11756,0.058532,0.057044,0.070437,0.05754,0.0625,0.024802,0.020833,0.02381,0.027282,0.014385,0.008929,0.00744,0.002976,0.005952,0.009425,0.005456,0.002976,0.004464,0.00248,0.003472,0.00496,0.005456,0.001488,0.000992,0.000496,0.000992,0.000992,0.0,0.000992,0.0,0.0,0.000496,0.001984,0.000992,0.00248
Zone_DH530,0.030108,0.03871,0.048746,0.018638,0.023656,0.024373,0.027957,0.015771,0.019355,0.029391,0.026165,0.015771,0.020789,0.01828,0.024373,0.023656,0.055914,0.059857,0.036559,0.037993,0.040143,0.033692,0.022939,0.021505,0.013262,0.012186,0.016846,0.02509,0.022939,0.019355,0.011111,0.016846,0.026165,0.030108,0.04086,0.050896,0.208832,0.000978,0.002257,0.004062,0.002708,0.004965,0.003912,0.003611,0.004815,0.006921,0.004965,0.00978,0.010682,0.015346,0.018506,0.025126,0.050252,0.077334,0.08922,0.049425,0.029038,0.026781,0.01986,0.017453,0.012112,0.012638,0.014068,0.012036,0.012488,0.011585,0.018581,0.017001,0.020763,0.027082,0.044459,0.110359,0.049104,0.107168,0.132975,0.111111,0.123656,0.078136,0.071326,0.066308,0.058065,0.04552,0.029391,0.02509,0.019355,0.018638,0.009677,0.011828,0.007527,0.003226,0.004301,0.007527,0.003584,0.002867,0.003584,0.002509,0.000717,0.001434,0.000358,0.002509,0.0,0.0,0.0,0.0,0.0,0.0,0.000717,0.0,0.000358,0.000717,0.000717,0.0
Zone_DH531,0.025892,0.030313,0.04389,0.017998,0.026839,0.020524,0.019261,0.013893,0.017682,0.029997,0.035996,0.029681,0.027787,0.030944,0.026208,0.032523,0.044522,0.041364,0.035996,0.027787,0.02905,0.026839,0.019893,0.011999,0.009788,0.011999,0.019893,0.03347,0.030944,0.029681,0.025576,0.019577,0.028418,0.037575,0.040101,0.0461,0.207789,0.002667,0.001667,0.005201,0.003201,0.002801,0.002934,0.003801,0.005601,0.006268,0.006135,0.008002,0.01147,0.017471,0.019872,0.02654,0.04948,0.07322,0.082689,0.054881,0.032009,0.026007,0.020672,0.015738,0.01247,0.011937,0.012337,0.01227,0.012737,0.013137,0.013537,0.017471,0.019939,0.026674,0.048013,0.113364,0.068519,0.131986,0.140827,0.117777,0.10862,0.088096,0.073571,0.051784,0.047995,0.044206,0.025576,0.020524,0.014209,0.016104,0.006947,0.009788,0.005052,0.005368,0.003789,0.003789,0.005368,0.001895,0.000947,0.00221,0.000947,0.0,0.001263,0.001579,0.0,0.0,0.0,0.0,0.0,0.0,0.000632,0.0,0.0,0.0,0.0,0.000632
Zone_DH532,0.059483,0.027682,0.02814,0.02059,0.027682,0.015328,0.014413,0.008922,0.010753,0.017845,0.025852,0.023793,0.02242,0.029513,0.024937,0.037291,0.047586,0.060169,0.054221,0.035232,0.026996,0.018531,0.020361,0.012583,0.011897,0.008694,0.011897,0.021505,0.024708,0.02814,0.025852,0.01876,0.02631,0.042324,0.047815,0.061771,0.211287,0.001965,0.000655,0.003427,0.003376,0.002923,0.002671,0.004485,0.005392,0.006198,0.00776,0.009121,0.010834,0.017486,0.019803,0.027765,0.042731,0.07866,0.075132,0.050592,0.034518,0.024389,0.020156,0.015319,0.014059,0.011943,0.013505,0.013505,0.015117,0.014916,0.013757,0.017082,0.020156,0.028068,0.045855,0.115394,0.140471,0.193548,0.171585,0.115763,0.078701,0.062457,0.050103,0.033402,0.031572,0.035232,0.020361,0.009838,0.010753,0.008694,0.006406,0.007092,0.002288,0.004804,0.00366,0.00183,0.00183,0.002288,0.001601,0.000915,0.001601,0.000229,0.000686,0.000458,0.0,0.0,0.000458,0.0,0.0,0.0,0.000458,0.0,0.0,0.0,0.0,0.000915
Zone_DH533,0.069514,0.029759,0.024534,0.02567,0.024307,0.013176,0.013176,0.009768,0.015448,0.009541,0.014993,0.014766,0.016356,0.028851,0.026352,0.035666,0.044071,0.077238,0.062926,0.037029,0.031577,0.018401,0.023853,0.01363,0.010677,0.01363,0.014766,0.012267,0.01363,0.017265,0.022717,0.020445,0.026806,0.043162,0.044298,0.079736,0.215163,0.001203,0.000889,0.001778,0.002144,0.002458,0.004131,0.006484,0.006588,0.006954,0.008418,0.009203,0.01166,0.017046,0.019556,0.027085,0.037752,0.080575,0.077908,0.044967,0.033255,0.022327,0.017935,0.015216,0.015111,0.01302,0.015686,0.016471,0.017464,0.015059,0.014013,0.017046,0.020288,0.028235,0.04549,0.111425,0.166742,0.208996,0.153794,0.119264,0.075193,0.057247,0.047706,0.041572,0.024989,0.02567,0.019537,0.011586,0.008632,0.007269,0.004089,0.004316,0.002499,0.003635,0.003862,0.00159,0.002045,0.001817,0.001363,0.000909,0.001136,0.000682,0.000682,0.000454,0.0,0.000682,0.000682,0.000454,0.0,0.0,0.0,0.0,0.0,0.0,0.0,0.000909
Zone_DH534,0.058522,0.036138,0.024272,0.028857,0.026699,0.011866,0.014833,0.012136,0.019687,0.012136,0.023463,0.011327,0.014563,0.020496,0.015102,0.022384,0.045307,0.097087,0.047465,0.044229,0.031284,0.020766,0.031284,0.01726,0.012406,0.017799,0.01699,0.011327,0.014833,0.015102,0.01753,0.018069,0.018339,0.028587,0.037217,0.104639,0.209889,0.001838,0.001141,0.001902,0.001648,0.003994,0.005769,0.006846,0.006846,0.006593,0.008621,0.009192,0.011854,0.016292,0.02149,0.023582,0.03683,0.08729,0.086276,0.039049,0.028463,0.022377,0.019588,0.0142,0.013502,0.013059,0.016355,0.014897,0.014834,0.015024,0.012488,0.013439,0.01851,0.024723,0.042155,0.129445,0.18123,0.187702,0.113808,0.116505,0.068231,0.056904,0.048813,0.043959,0.033711,0.027508,0.025351,0.021845,0.014833,0.012945,0.008091,0.006472,0.004854,0.004854,0.005124,0.003236,0.002157,0.001888,0.001618,0.001348,0.000539,0.000539,0.000809,0.000539,0.00027,0.000809,0.001079,0.00027,0.0,0.0,0.0,0.0,0.00027,0.000539,0.0,0.001348
Zone_DH535,0.04132,0.04032,0.03099,0.062313,0.021659,0.009663,0.009663,0.013329,0.02066,0.012996,0.025325,0.010996,0.017328,0.014662,0.015661,0.018327,0.036988,0.095635,0.046984,0.045318,0.034655,0.037654,0.027991,0.014995,0.01133,0.019327,0.01866,0.010996,0.01133,0.011663,0.011996,0.015995,0.015328,0.026325,0.039987,0.101633,0.209428,0.002022,0.001455,0.002588,0.002264,0.003639,0.007035,0.007035,0.008167,0.007601,0.009542,0.007601,0.012372,0.015444,0.021994,0.02345,0.033234,0.089351,0.092747,0.035498,0.024339,0.021024,0.01787,0.017789,0.01407,0.014555,0.0169,0.014797,0.014797,0.013665,0.01221,0.010188,0.01884,0.023692,0.034932,0.137867,0.13962,0.152283,0.109297,0.109297,0.081639,0.067977,0.064978,0.047318,0.042652,0.027657,0.029324,0.025658,0.01866,0.017994,0.012329,0.00933,0.007664,0.005665,0.006664,0.005998,0.003332,0.002333,0.001666,0.001666,0.000333,0.000666,0.001,0.000666,0.000333,0.000666,0.001666,0.000333,0.0,0.0,0.0,0.000333,0.000333,0.000666,0.000333,0.001666
Zone_DH536,0.039186,0.039954,0.031118,0.071456,0.021129,0.011525,0.015751,0.012294,0.013062,0.011909,0.015367,0.016904,0.024203,0.011909,0.028813,0.027276,0.043027,0.056857,0.052632,0.049174,0.034575,0.0534,0.022666,0.018824,0.011141,0.013446,0.006915,0.014599,0.007683,0.014983,0.017672,0.021898,0.015367,0.041875,0.049174,0.062236,0.21404,0.00108,0.001767,0.002356,0.002455,0.002651,0.006676,0.007167,0.007069,0.009033,0.006284,0.007953,0.013157,0.015709,0.020226,0.029455,0.043103,0.075798,0.083358,0.044968,0.031222,0.021993,0.023073,0.01836,0.012862,0.013157,0.015022,0.011193,0.011684,0.012077,0.012862,0.014924,0.017968,0.026706,0.040943,0.121649,0.099116,0.14829,0.109873,0.105647,0.101037,0.079524,0.065693,0.044564,0.041106,0.037649,0.027276,0.026124,0.020361,0.017672,0.014214,0.008068,0.014214,0.006531,0.004994,0.004226,0.003842,0.003458,0.001537,0.0,0.000768,0.000768,0.001153,0.001921,0.0,0.000384,0.001537,0.0,0.000768,0.0,0.0,0.000768,0.000384,0.0,0.000384,0.006147
Zone_DH537,0.050995,0.043532,0.031509,0.043947,0.02529,0.014096,0.017828,0.008706,0.012852,0.014096,0.008292,0.015755,0.019071,0.013267,0.027363,0.038557,0.065506,0.053897,0.050166,0.046434,0.034826,0.048093,0.024876,0.02073,0.006633,0.008706,0.00539,0.011194,0.006633,0.014096,0.013682,0.018657,0.017828,0.047678,0.070481,0.049337,0.212679,0.000523,0.001255,0.002406,0.003661,0.003557,0.00544,0.005963,0.003661,0.006381,0.007323,0.008578,0.012972,0.012658,0.018517,0.023956,0.048122,0.087561,0.097395,0.044461,0.02971,0.017784,0.023538,0.014855,0.015274,0.016006,0.010357,0.009938,0.011612,0.013286,0.012344,0.0136,0.015274,0.024898,0.044147,0.120305,0.089138,0.133914,0.118574,0.104063,0.094527,0.08665,0.059701,0.044362,0.038557,0.037728,0.023217,0.042289,0.019486,0.014511,0.012023,0.012852,0.018657,0.006633,0.002073,0.004146,0.004975,0.006633,0.003317,0.001658,0.000415,0.001658,0.001658,0.001658,0.001244,0.000829,0.0,0.0,0.000829,0.000829,0.0,0.001244,0.000415,0.000829,0.000829,0.007877
Zone_DH538,0.050594,0.040268,0.022716,0.021683,0.027878,0.014455,0.013939,0.011358,0.012907,0.010842,0.007744,0.014455,0.010325,0.016004,0.023232,0.046464,0.105318,0.049045,0.040785,0.03872,0.029427,0.032525,0.020134,0.014455,0.010842,0.012907,0.00826,0.010325,0.013939,0.013423,0.017037,0.013939,0.023232,0.04698,0.103252,0.050594,0.217986,0.000502,0.003386,0.001505,0.003763,0.004139,0.004515,0.006522,0.003512,0.0074,0.011414,0.00878,0.00903,0.012417,0.013169,0.01781,0.040888,0.090305,0.101844,0.04302,0.031481,0.013671,0.022576,0.017434,0.017936,0.014675,0.00878,0.011037,0.013169,0.015302,0.01179,0.012417,0.019064,0.021071,0.041013,0.126678,0.0857,0.103769,0.104285,0.097057,0.078472,0.0857,0.070728,0.052659,0.043366,0.04285,0.035106,0.048529,0.025813,0.018069,0.01239,0.015488,0.019618,0.00826,0.002581,0.005163,0.005679,0.008776,0.003614,0.002065,0.001033,0.002065,0.001549,0.001549,0.001549,0.000516,0.001033,0.0,0.000516,0.001033,0.000516,0.001033,0.001549,0.001033,0.001033,0.00826
Zone_DH539,0.040758,0.032701,0.031754,0.029384,0.022275,0.015166,0.0109,0.007583,0.004739,0.005687,0.008531,0.01327,0.016588,0.014218,0.018957,0.062559,0.088152,0.079621,0.039336,0.034597,0.014218,0.033175,0.020853,0.01327,0.010427,0.01327,0.008057,0.007109,0.012796,0.009953,0.012796,0.011848,0.017062,0.05782,0.100474,0.080095,0.210487,0.001698,0.002548,0.003184,0.00276,0.004564,0.002229,0.007218,0.004883,0.008279,0.009129,0.008067,0.009235,0.011358,0.011039,0.019212,0.038743,0.101369,0.11485,0.040335,0.024307,0.015285,0.018682,0.020274,0.01433,0.01624,0.012631,0.012313,0.012313,0.012631,0.008916,0.01295,0.015391,0.019319,0.029615,0.143615,0.090995,0.088152,0.106161,0.093839,0.127488,0.070142,0.062085,0.061137,0.036967,0.040758,0.046919,0.039336,0.025118,0.017536,0.014218,0.006161,0.01327,0.009005,0.005213,0.005213,0.001896,0.005687,0.003318,0.001896,0.00237,0.000948,0.001896,0.001896,0.0,0.00237,0.000948,0.000948,0.001422,0.0,0.000474,0.000474,0.001896,0.002844,0.0,0.009005
Zone_DH540,0.03798,0.025051,0.030303,0.028687,0.014949,0.013737,0.010101,0.008081,0.00404,0.005657,0.010909,0.010505,0.011313,0.009697,0.017778,0.067071,0.121212,0.087273,0.035556,0.035152,0.010909,0.027475,0.015354,0.010101,0.004848,0.010909,0.007677,0.006869,0.008889,0.009697,0.012525,0.012121,0.014949,0.048889,0.12202,0.091717,0.204901,0.001953,0.003285,0.002131,0.002219,0.003107,0.002575,0.006925,0.003995,0.009322,0.006126,0.007635,0.007546,0.009144,0.012251,0.015536,0.032493,0.126776,0.136009,0.036133,0.022195,0.017489,0.013761,0.015714,0.008967,0.014471,0.012695,0.011808,0.011808,0.009144,0.008168,0.010742,0.011808,0.019265,0.024769,0.157138,0.091717,0.07798,0.117172,0.091717,0.13899,0.096566,0.06303,0.059798,0.040808,0.043232,0.04,0.024646,0.026263,0.012525,0.010101,0.00404,0.010101,0.007677,0.004848,0.003636,0.001212,0.00202,0.002828,0.004444,0.003232,0.001212,0.002424,0.002828,0.0,0.003232,0.000808,0.000808,0.001616,0.0,0.0,0.0,0.000808,0.002424,0.0,0.005253
Zone_DH541,0.037101,0.027179,0.017256,0.023727,0.010354,0.016825,0.009922,0.009491,0.007334,0.011648,0.012079,0.011648,0.010785,0.02459,0.018119,0.082399,0.125971,0.059534,0.028904,0.030198,0.012511,0.024159,0.009922,0.00906,0.005608,0.009491,0.007334,0.006903,0.007334,0.016393,0.016825,0.025022,0.026747,0.059965,0.126402,0.06126,0.206518,0.002179,0.002463,0.002084,0.003221,0.002653,0.003031,0.006158,0.004737,0.008052,0.005779,0.008147,0.005968,0.008715,0.014494,0.018947,0.031262,0.131963,0.130637,0.032493,0.026525,0.018094,0.014305,0.011652,0.011178,0.013547,0.0108,0.012031,0.009,0.008621,0.007484,0.011368,0.010989,0.01781,0.029272,0.157825,0.071613,0.073339,0.094047,0.082399,0.145384,0.121225,0.075928,0.057377,0.04616,0.04918,0.032787,0.024159,0.026316,0.010354,0.011648,0.006903,0.009491,0.008197,0.00604,0.006903,0.001726,0.004745,0.002157,0.004745,0.002157,0.001294,0.005177,0.00302,0.0,0.002588,0.001726,0.000863,0.000863,0.0,0.0,0.000863,0.000863,0.000863,0.0,0.006903
Zone_DH542,0.048965,0.031802,0.021201,0.013125,0.010601,0.015649,0.013629,0.007572,0.009591,0.010601,0.020697,0.020192,0.024735,0.031297,0.026249,0.064109,0.083291,0.081777,0.030288,0.02423,0.008077,0.011106,0.008582,0.012115,0.005553,0.008582,0.01262,0.009086,0.013125,0.029278,0.023725,0.023221,0.03584,0.057042,0.075719,0.076729,0.219778,0.002521,0.002063,0.003896,0.003323,0.002635,0.003552,0.005386,0.006417,0.007906,0.008823,0.006761,0.005271,0.010084,0.021886,0.020053,0.027501,0.107368,0.114702,0.034949,0.023147,0.02349,0.01524,0.011573,0.009511,0.012261,0.012834,0.013063,0.011,0.013292,0.011459,0.012375,0.017646,0.016271,0.030709,0.151255,0.073195,0.096416,0.095406,0.085815,0.095911,0.115598,0.081777,0.053004,0.04846,0.046946,0.032307,0.029278,0.019687,0.016658,0.020697,0.012115,0.01161,0.009591,0.006058,0.005553,0.003029,0.005553,0.002524,0.003534,0.00101,0.002019,0.004543,0.002019,0.00101,0.00101,0.004038,0.0,0.00101,0.0,0.0,0.00101,0.00101,0.00101,0.000505,0.009086
Zone_DH543,0.051656,0.047682,0.037748,0.035099,0.013245,0.019205,0.015894,0.011258,0.015894,0.017881,0.02649,0.028477,0.036424,0.017881,0.021854,0.029801,0.049007,0.074172,0.034437,0.027152,0.022517,0.023841,0.011921,0.012583,0.011921,0.012583,0.015894,0.015894,0.01457,0.04106,0.025166,0.016556,0.034437,0.04106,0.031788,0.056954,0.23148,0.001694,0.002926,0.00616,0.007547,0.00231,0.005544,0.004774,0.010627,0.008625,0.007701,0.006931,0.011551,0.016787,0.022332,0.0211,0.027106,0.070692,0.079162,0.036501,0.024642,0.02649,0.02341,0.014785,0.013399,0.013707,0.017249,0.019097,0.016171,0.020484,0.019714,0.017557,0.022948,0.018173,0.035577,0.115047,0.078808,0.102649,0.095364,0.084768,0.074172,0.091391,0.074172,0.047682,0.05298,0.029139,0.030464,0.038411,0.021192,0.025828,0.027815,0.02053,0.01457,0.009272,0.011258,0.009272,0.005298,0.004636,0.001987,0.002649,0.008609,0.00596,0.001325,0.000662,0.001325,0.002649,0.001987,0.001325,0.001987,0.0,0.000662,0.002649,0.001987,0.002649,0.000662,0.011258
Zone_DH544,0.038624,0.056729,0.048884,0.039831,0.019916,0.037417,0.018105,0.015088,0.009656,0.017502,0.011467,0.019916,0.019916,0.020519,0.018105,0.031382,0.038624,0.063368,0.049487,0.027761,0.028968,0.031382,0.020519,0.019916,0.027761,0.023537,0.015088,0.018709,0.013277,0.022933,0.021123,0.016295,0.022933,0.035003,0.029572,0.050694,0.22649,0.00179,0.003167,0.005232,0.006471,0.002478,0.007848,0.003993,0.007435,0.009225,0.010326,0.009363,0.008399,0.02024,0.021203,0.023131,0.034283,0.062371,0.063885,0.034972,0.030566,0.030979,0.026022,0.012116,0.019827,0.015971,0.016384,0.015558,0.019551,0.020102,0.020515,0.020515,0.026022,0.026986,0.037312,0.09927,0.121907,0.092336,0.108027,0.086301,0.085094,0.063971,0.079662,0.042849,0.044056,0.032589,0.028968,0.027158,0.025347,0.022933,0.018105,0.015088,0.018105,0.010863,0.010863,0.007846,0.007846,0.001811,0.004828,0.003621,0.007846,0.008449,0.001207,0.000604,0.001207,0.002414,0.0,0.001207,0.001811,0.001207,0.000604,0.003621,0.000604,0.001811,0.000604,0.006639
Zone_DH545,0.027344,0.049219,0.046094,0.050781,0.024219,0.042969,0.023438,0.014063,0.0125,0.021875,0.007031,0.016406,0.020313,0.017188,0.0125,0.042969,0.030469,0.049219,0.053125,0.032813,0.025781,0.039062,0.020313,0.028906,0.039062,0.027344,0.021094,0.021094,0.009375,0.016406,0.013281,0.010937,0.014063,0.040625,0.03125,0.046875,0.226458,0.001405,0.001405,0.002811,0.004041,0.003865,0.007027,0.006325,0.0065,0.008082,0.011771,0.010541,0.009663,0.018974,0.018798,0.024245,0.03461,0.06922,0.066936,0.034961,0.029164,0.031272,0.024245,0.012298,0.022663,0.012298,0.013879,0.017569,0.017217,0.020555,0.022839,0.020907,0.027934,0.031799,0.034786,0.092937,0.130469,0.089844,0.121094,0.092188,0.083594,0.061719,0.073438,0.048438,0.035156,0.036719,0.032813,0.027344,0.027344,0.025781,0.015625,0.013281,0.019531,0.013281,0.007031,0.003125,0.003906,0.005469,0.007031,0.003125,0.002344,0.00625,0.003125,0.0,0.0,0.001563,0.0,0.0,0.0,0.001563,0.0,0.003125,0.0,0.001563,0.0,0.003125
Zone_DH546,0.038514,0.038514,0.046768,0.022008,0.023384,0.038514,0.024759,0.013755,0.01238,0.022008,0.002751,0.015131,0.015131,0.013755,0.019257,0.049519,0.034388,0.041265,0.063274,0.030261,0.024759,0.030261,0.019257,0.030261,0.048143,0.019257,0.030261,0.017882,0.011004,0.013755,0.020633,0.009629,0.011004,0.046768,0.044017,0.057772,0.234161,0.001242,0.001242,0.002484,0.004348,0.006211,0.004969,0.002484,0.00528,0.006211,0.01118,0.01118,0.011801,0.02236,0.021118,0.025155,0.030124,0.069565,0.069565,0.038509,0.022981,0.031056,0.021429,0.014907,0.023602,0.014907,0.014596,0.016149,0.009317,0.015217,0.020807,0.018634,0.025776,0.029193,0.026398,0.115839,0.138927,0.074278,0.111417,0.083906,0.101788,0.055021,0.063274,0.049519,0.019257,0.046768,0.046768,0.038514,0.033012,0.022008,0.016506,0.013755,0.024759,0.013755,0.002751,0.0,0.005502,0.008253,0.008253,0.0,0.002751,0.008253,0.002751,0.0,0.0,0.0,0.0,0.0,0.0,0.0,0.0,0.0,0.0,0.002751,0.0,0.005502
Zone_DH547,0.039604,0.039604,0.031683,0.013861,0.017822,0.00198,0.079208,0.063366,0.011881,0.007921,0.005941,0.0,0.005941,0.00396,0.015842,0.039604,0.011881,0.015842,0.011881,0.043564,0.041584,0.031683,0.011881,0.019802,0.083168,0.152475,0.023762,0.007921,0.009901,0.023762,0.037624,0.00396,0.019802,0.033663,0.019802,0.017822,0.246543,0.0,0.000954,0.005722,0.001907,0.006199,0.000954,0.004769,0.007153,0.010491,0.013829,0.010491,0.007153,0.026228,0.021936,0.014306,0.011922,0.087744,0.096805,0.038627,0.020982,0.025274,0.01526,0.021459,0.011445,0.006199,0.012399,0.012876,0.010014,0.010491,0.014783,0.014306,0.027182,0.02289,0.032427,0.128278,0.071287,0.106931,0.053465,0.079208,0.150495,0.061386,0.041584,0.055446,0.033663,0.021782,0.047525,0.033663,0.027723,0.045545,0.023762,0.013861,0.029703,0.011881,0.007921,0.0,0.007921,0.007921,0.00396,0.00198,0.0,0.00396,0.009901,0.0,0.0,0.00396,0.0,0.00198,0.00396,0.00396,0.0,0.0,0.0,0.00396,0.0,0.029703
Zone_DH548,0.205007,0.014885,0.012179,0.005413,0.010149,0.008796,0.037212,0.032476,0.008119,0.005413,0.003383,0.00406,0.00203,0.001353,0.006766,0.016238,0.028417,0.100812,0.169147,0.025034,0.012179,0.014208,0.009472,0.019621,0.041272,0.069012,0.006766,0.002706,0.00203,0.009472,0.007442,0.001353,0.002706,0.004736,0.028417,0.071719,0.200758,0.0,0.001403,0.003367,0.002806,0.002385,0.000281,0.001403,0.002946,0.006453,0.00491,0.007015,0.006173,0.010522,0.007997,0.009119,0.032969,0.159231,0.164141,0.037738,0.015432,0.008418,0.008979,0.008698,0.008277,0.005331,0.010101,0.004489,0.002385,0.005612,0.003788,0.007435,0.011364,0.011083,0.025954,0.201038,0.05954,0.08728,0.05548,0.111637,0.20839,0.090663,0.048038,0.058187,0.02977,0.038566,0.029093,0.025034,0.027064,0.025034,0.013532,0.010149,0.013532,0.012179,0.009472,0.006089,0.003383,0.002706,0.001353,0.0,0.005413,0.0,0.00406,0.00406,0.0,0.001353,0.001353,0.00203,0.001353,0.001353,0.0,0.0,0.0,0.0,0.001353,0.011502
Zone_DH549,0.238681,0.00556,0.00556,0.001986,0.003971,0.004766,0.010326,0.015091,0.005163,0.002383,0.003177,0.002383,0.003177,0.0,0.003177,0.010326,0.024623,0.200953,0.208896,0.007943,0.003177,0.005957,0.003971,0.009134,0.009929,0.025814,0.003177,0.000794,0.001191,0.00278,0.001986,0.001191,0.000794,0.001986,0.016283,0.153693,0.190468,0.000901,0.000819,0.001965,0.001965,0.000983,0.000328,0.000655,0.001556,0.00303,0.002211,0.003685,0.003603,0.004586,0.003767,0.007206,0.023256,0.205372,0.210285,0.024238,0.009008,0.005159,0.003521,0.006223,0.005405,0.003194,0.005241,0.003112,0.001065,0.003194,0.003194,0.004504,0.00434,0.006633,0.015313,0.23002,0.064337,0.073074,0.057585,0.154488,0.204527,0.092137,0.044083,0.044083,0.039317,0.034154,0.027403,0.017077,0.019857,0.024226,0.013106,0.008737,0.00834,0.009531,0.008737,0.014694,0.006354,0.004369,0.005163,0.000794,0.00556,0.001589,0.00278,0.004369,0.001986,0.0,0.001191,0.001986,0.0,0.0,0.000794,0.0,0.0,0.0,0.0,0.003574
Zone_DH550,0.233634,0.011663,0.013168,0.019187,0.00602,0.007148,0.003762,0.0,0.001881,0.00301,0.004138,0.001505,0.003762,0.004891,0.002634,0.012792,0.026712,0.20015,0.196764,0.016554,0.016178,0.018811,0.003762,0.002634,0.000752,0.003762,0.000752,0.001505,0.000376,0.002634,0.001881,0.002634,0.004891,0.003762,0.01091,0.15538,0.194838,0.000871,0.000158,0.002296,0.001583,0.002217,0.000633,0.000713,0.001267,0.002296,0.002217,0.001583,0.00475,0.004275,0.005542,0.01045,0.023593,0.203784,0.205684,0.022564,0.009896,0.00665,0.003246,0.006809,0.005067,0.0038,0.003642,0.004275,0.002454,0.005067,0.004038,0.004354,0.005621,0.007917,0.017576,0.218273,0.05681,0.069601,0.066215,0.19225,0.174191,0.094808,0.046275,0.046275,0.03386,0.029345,0.025207,0.012792,0.022573,0.01693,0.011663,0.013544,0.010158,0.009029,0.005643,0.012792,0.007901,0.005267,0.005643,0.005643,0.005267,0.002257,0.000752,0.004138,0.00301,0.00301,0.001505,0.000752,0.0,0.000376,0.000752,0.0,0.0,0.000752,0.0,0.00301
Zone_DH551,0.174901,0.032609,0.030138,0.050395,0.014328,0.012846,0.011858,0.001976,0.002964,0.003458,0.003458,0.00247,0.006917,0.009881,0.008893,0.014328,0.033597,0.132905,0.129447,0.033597,0.047925,0.039032,0.018775,0.009881,0.009387,0.006917,0.00247,0.004941,0.0,0.006917,0.002964,0.003458,0.006423,0.003458,0.014328,0.112154,0.203112,0.000107,0.000107,0.003326,0.001717,0.002253,0.001717,0.000966,0.001717,0.002146,0.003863,0.005794,0.010408,0.011373,0.012661,0.021996,0.027253,0.154506,0.160515,0.028541,0.020923,0.014592,0.01191,0.013412,0.008155,0.007296,0.003326,0.006438,0.006438,0.007082,0.007833,0.008155,0.011052,0.018133,0.033262,0.167918,0.047431,0.075099,0.093379,0.162055,0.148715,0.068182,0.0583,0.049901,0.041996,0.022727,0.031621,0.023221,0.031621,0.019269,0.012846,0.024209,0.014328,0.008893,0.007905,0.003953,0.008399,0.005929,0.005435,0.007411,0.002964,0.000988,0.0,0.002964,0.00247,0.003953,0.000988,0.0,0.0,0.001482,0.000988,0.000988,0.0,0.001976,0.0,0.007411
Zone_DH552,0.08,0.05913,0.045217,0.066957,0.023478,0.021739,0.02,0.011304,0.005217,0.006087,0.003478,0.004348,0.005217,0.009565,0.013913,0.011304,0.047826,0.075652,0.067826,0.046087,0.067826,0.051304,0.038261,0.01913,0.033913,0.017391,0.002609,0.008696,0.006957,0.012174,0.005217,0.006087,0.005217,0.010435,0.024348,0.066087,0.2085,0.000762,0.001715,0.002096,0.000953,0.000191,0.002478,0.006289,0.004002,0.003431,0.004955,0.009529,0.015628,0.018296,0.020964,0.032018,0.034115,0.09453,0.100629,0.044787,0.031828,0.022108,0.020774,0.018868,0.011054,0.01296,0.008195,0.009148,0.00972,0.007052,0.007814,0.013532,0.017153,0.028207,0.049933,0.125786,0.04,0.070435,0.10087,0.091304,0.127826,0.058261,0.075652,0.055652,0.058261,0.032174,0.043478,0.037391,0.038261,0.01913,0.012174,0.021739,0.016522,0.012174,0.018261,0.005217,0.007826,0.002609,0.005217,0.006087,0.011304,0.001739,0.001739,0.003478,0.001739,0.0,0.0,0.002609,0.0,0.001739,0.0,0.003478,0.0,0.001739,0.0,0.013913
Zone_DH553,0.083978,0.064088,0.068508,0.037569,0.036464,0.01989,0.027624,0.012155,0.0,0.007735,0.001105,0.00442,0.00442,0.00442,0.00884,0.012155,0.026519,0.110497,0.053039,0.047514,0.054144,0.060773,0.035359,0.025414,0.027624,0.022099,0.005525,0.00442,0.01105,0.00442,0.0,0.005525,0.00442,0.01768,0.030939,0.059669,0.219525,0.001012,0.001012,0.002276,0.001265,0.002276,0.002276,0.009105,0.003288,0.003541,0.005058,0.009611,0.01568,0.014163,0.021244,0.031361,0.035913,0.087001,0.091553,0.059433,0.034648,0.024026,0.012898,0.012645,0.008599,0.015427,0.006323,0.009105,0.010622,0.010369,0.010369,0.015933,0.02605,0.026808,0.037683,0.121902,0.039779,0.062983,0.091713,0.088398,0.097238,0.056354,0.043094,0.039779,0.062983,0.046409,0.058564,0.035359,0.046409,0.028729,0.007735,0.028729,0.029834,0.020994,0.023204,0.00221,0.00663,0.009945,0.00884,0.012155,0.007735,0.003315,0.00663,0.00442,0.00442,0.0,0.00442,0.003315,0.0,0.0,0.0,0.00221,0.0,0.00221,0.0,0.01326
Zone_DH554,0.037706,0.054988,0.067557,0.105263,0.025137,0.015711,0.018853,0.007855,0.010998,0.012569,0.007855,0.010998,0.006284,0.012569,0.006284,0.029851,0.051846,0.047133,0.043205,0.044776,0.045562,0.113904,0.047133,0.012569,0.007855,0.006284,0.004713,0.010998,0.006284,0.006284,0.004713,0.003142,0.001571,0.020424,0.043991,0.047133,0.217311,0.00135,0.004049,0.003374,0.003374,0.005062,0.00135,0.006074,0.004049,0.003374,0.002362,0.010123,0.011135,0.007424,0.018559,0.019909,0.036443,0.101569,0.114392,0.05399,0.025645,0.020921,0.010461,0.011473,0.010798,0.01181,0.006074,0.010123,0.007424,0.010798,0.013835,0.020246,0.022946,0.025139,0.041336,0.125696,0.080126,0.127258,0.087981,0.083268,0.063629,0.059701,0.096622,0.043205,0.03535,0.047133,0.043991,0.025923,0.027494,0.024352,0.010212,0.030636,0.02121,0.011783,0.007855,0.004713,0.003142,0.009427,0.004713,0.008641,0.006284,0.005499,0.004713,0.003928,0.003928,0.000786,0.001571,0.001571,0.0,0.0,0.001571,0.0,0.0,0.001571,0.0,0.010212
Zone_DH555,0.03882,0.063665,0.062112,0.099379,0.024845,0.018634,0.017081,0.006211,0.015528,0.012422,0.01087,0.013975,0.009317,0.013975,0.012422,0.02795,0.062112,0.035714,0.037267,0.051242,0.037267,0.100155,0.041149,0.013975,0.009317,0.009317,0.007764,0.007764,0.004658,0.004658,0.006211,0.004658,0.003106,0.020186,0.046584,0.049689,0.216839,0.001336,0.004678,0.003341,0.003341,0.00568,0.002673,0.003341,0.004678,0.004678,0.005346,0.010023,0.010023,0.008687,0.015703,0.020715,0.03575,0.104911,0.114601,0.047778,0.023722,0.021383,0.010358,0.014033,0.012028,0.014701,0.006014,0.009355,0.00735,0.01136,0.013699,0.016706,0.020715,0.024724,0.040762,0.128968,0.085404,0.131988,0.082298,0.09472,0.054348,0.060559,0.106366,0.045807,0.036491,0.048137,0.03882,0.031832,0.023292,0.021739,0.017081,0.027174,0.018634,0.010093,0.009317,0.007764,0.003106,0.006988,0.0,0.004658,0.004658,0.005435,0.0,0.002329,0.002329,0.001553,0.0,0.001553,0.001553,0.003106,0.003106,0.0,0.001553,0.0,0.001553,0.004658
Zone_DH556,0.056288,0.068602,0.051011,0.045734,0.012313,0.014072,0.010554,0.007036,0.01759,0.008795,0.012313,0.01759,0.005277,0.015831,0.022867,0.045734,0.086192,0.056288,0.047493,0.051011,0.026385,0.044855,0.029903,0.015831,0.012313,0.012313,0.007036,0.007036,0.005277,0.003518,0.007036,0.008795,0.007036,0.022867,0.056288,0.080915,0.223738,0.00078,0.003118,0.003898,0.002339,0.006626,0.006237,0.006237,0.006237,0.008575,0.006237,0.008575,0.007016,0.011304,0.014032,0.026116,0.047164,0.084974,0.081466,0.056129,0.027675,0.020269,0.016761,0.015592,0.009355,0.017151,0.008575,0.010134,0.010914,0.009355,0.015981,0.01871,0.015592,0.030403,0.048334,0.114403,0.07212,0.08971,0.075638,0.1073,0.068602,0.082674,0.081794,0.056288,0.043096,0.051011,0.047493,0.042216,0.021988,0.01759,0.01847,0.020229,0.011434,0.01759,0.008795,0.010554,0.005277,0.007036,0.001759,0.007036,0.001759,0.003518,0.006157,0.002639,0.002639,0.00088,0.0,0.001759,0.001759,0.003518,0.001759,0.0,0.001759,0.0,0.003518,0.002639
Zone_DH557,0.078842,0.072405,0.062751,0.035398,0.024135,0.019308,0.011263,0.004827,0.01609,0.004827,0.004827,0.003218,0.004827,0.006436,0.020917,0.037007,0.040225,0.046661,0.051488,0.074014,0.065969,0.053097,0.029767,0.01609,0.01609,0.01609,0.004827,0.012872,0.006436,0.008045,0.003218,0.009654,0.012872,0.020917,0.037007,0.067578,0.215716,0.0,0.002054,0.003424,0.003424,0.004794,0.006163,0.006163,0.008903,0.008218,0.005821,0.005821,0.010272,0.013354,0.024311,0.026708,0.048964,0.063003,0.064373,0.058552,0.036295,0.021572,0.018832,0.01712,0.018148,0.015066,0.011984,0.012327,0.008903,0.011642,0.01986,0.017805,0.021914,0.03698,0.058894,0.092621,0.038616,0.057924,0.080451,0.09815,0.075623,0.106999,0.084473,0.067578,0.049879,0.052293,0.051488,0.035398,0.029767,0.020917,0.015286,0.013677,0.017699,0.01609,0.01609,0.010459,0.006436,0.009654,0.004023,0.008045,0.001609,0.003218,0.007241,0.001609,0.003218,0.0,0.001609,0.001609,0.004023,0.001609,0.001609,0.0,0.0,0.0,0.003218,0.002414
Zone_DH558,0.078544,0.076628,0.059387,0.038314,0.024904,0.019157,0.005747,0.001916,0.015326,0.001916,0.005747,0.001916,0.005747,0.007663,0.017241,0.030651,0.038314,0.047893,0.051724,0.074713,0.081418,0.059387,0.029693,0.017241,0.01341,0.015326,0.005747,0.017241,0.009579,0.007663,0.001916,0.007663,0.011494,0.028736,0.032567,0.057471,0.209748,0.0,0.002397,0.002397,0.003995,0.004794,0.004794,0.004794,0.008789,0.00799,0.004395,0.006792,0.010787,0.012785,0.026768,0.028366,0.048342,0.064323,0.065122,0.060727,0.032361,0.020775,0.017579,0.018378,0.022373,0.01678,0.010787,0.015182,0.009588,0.012785,0.01678,0.017579,0.019177,0.040751,0.056932,0.094087,0.045977,0.063218,0.076628,0.104406,0.08046,0.100575,0.09387,0.070881,0.05364,0.048851,0.055556,0.032567,0.02682,0.02682,0.019157,0.010536,0.019157,0.008621,0.015326,0.006705,0.002874,0.008621,0.002874,0.003831,0.003831,0.0,0.003831,0.0,0.001916,0.0,0.001916,0.0,0.002874,0.0,0.0,0.0,0.0,0.0,0.001916,0.005747
Zone_DH559,0.063107,0.072816,0.053398,0.053398,0.043689,0.038835,0.009709,0.0,0.029126,0.004854,0.004854,0.004854,0.004854,0.0,0.009709,0.024272,0.029126,0.058252,0.048544,0.072816,0.097087,0.063107,0.014563,0.019417,0.009709,0.009709,0.009709,0.029126,0.009709,0.004854,0.0,0.0,0.004854,0.033981,0.033981,0.033981,0.225603,0.0,0.006296,0.002099,0.006296,0.002099,0.002099,0.006296,0.012592,0.004197,0.006296,0.012592,0.010493,0.012592,0.041973,0.013641,0.041973,0.056663,0.051417,0.054565,0.029381,0.023085,0.01469,0.016789,0.025184,0.025184,0.01469,0.018888,0.008395,0.018888,0.020986,0.01469,0.012592,0.050367,0.054565,0.081847,0.058252,0.082524,0.072816,0.101942,0.07767,0.116505,0.121359,0.053398,0.063107,0.048544,0.038835,0.024272,0.029126,0.019417,0.014563,0.004854,0.019417,0.004854,0.009709,0.009709,0.0,0.004854,0.0,0.0,0.009709,0.0,0.004854,0.0,0.0,0.0,0.0,0.0,0.0,0.0,0.0,0.0,0.0,0.0,0.0,0.009709
Zone_DH560,0.071429,0.205357,0.008929,0.035714,0.008929,0.008929,0.0,0.0,0.008929,0.0,0.0,0.017857,0.0,0.017857,0.008929,0.008929,0.035714,0.035714,0.160714,0.080357,0.053571,0.026786,0.026786,0.017857,0.026786,0.008929,0.008929,0.008929,0.0,0.008929,0.0,0.0,0.008929,0.0,0.035714,0.053571,0.211268,0.0,0.0,0.0,0.0,0.0,0.007042,0.007042,0.0,0.003521,0.007042,0.003521,0.007042,0.014085,0.017606,0.014085,0.03169,0.151408,0.116197,0.035211,0.035211,0.028169,0.014085,0.003521,0.003521,0.003521,0.003521,0.010563,0.007042,0.003521,0.007042,0.017606,0.007042,0.024648,0.045775,0.158451,0.008929,0.017857,0.169643,0.017857,0.133929,0.1875,0.116071,0.044643,0.0625,0.017857,0.044643,0.008929,0.035714,0.035714,0.0,0.0,0.0,0.008929,0.0,0.0,0.0,0.0,0.017857,0.0,0.008929,0.008929,0.0,0.017857,0.008929,0.0,0.0,0.0,0.0,0.0,0.0,0.0,0.008929,0.0,0.0,0.017857
Zone_DH561,0.113208,0.127358,0.033019,0.037736,0.023585,0.009434,0.004717,0.014151,0.004717,0.004717,0.0,0.018868,0.004717,0.018868,0.014151,0.023585,0.028302,0.037736,0.127358,0.070755,0.080189,0.028302,0.023585,0.014151,0.014151,0.009434,0.014151,0.009434,0.0,0.004717,0.0,0.0,0.009434,0.009434,0.023585,0.042453,0.210728,0.0,0.001916,0.0,0.0,0.001916,0.005747,0.005747,0.003831,0.003831,0.005747,0.003831,0.007663,0.019157,0.017241,0.019157,0.030651,0.130268,0.105364,0.030651,0.032567,0.024904,0.019157,0.005747,0.011494,0.007663,0.009579,0.015326,0.011494,0.007663,0.011494,0.017241,0.015326,0.028736,0.044061,0.1341,0.014151,0.033019,0.122642,0.056604,0.099057,0.113208,0.075472,0.056604,0.056604,0.042453,0.051887,0.023585,0.037736,0.023585,0.009434,0.009434,0.014151,0.018868,0.0,0.014151,0.014151,0.009434,0.009434,0.0,0.004717,0.009434,0.0,0.009434,0.009434,0.009434,0.009434,0.0,0.004717,0.0,0.0,0.0,0.009434,0.004717,0.0,0.023585
Zone_DH562,0.058824,0.071207,0.089783,0.052632,0.034056,0.006192,0.0,0.049536,0.01548,0.012384,0.012384,0.012384,0.004644,0.006192,0.024768,0.026316,0.021672,0.024768,0.040248,0.108359,0.117647,0.051084,0.024768,0.006192,0.012384,0.018576,0.012384,0.01548,0.006192,0.0,0.003096,0.006192,0.006192,0.017028,0.01548,0.01548,0.223046,0.001348,0.002695,0.0,0.001685,0.003032,0.004043,0.00438,0.005391,0.005391,0.009771,0.010782,0.010782,0.018194,0.009434,0.018868,0.022911,0.113881,0.101752,0.030997,0.017183,0.018868,0.02527,0.014825,0.021563,0.012129,0.015499,0.012129,0.010782,0.014825,0.018868,0.01752,0.016173,0.024259,0.043127,0.118598,0.027864,0.068111,0.099071,0.126935,0.099071,0.058824,0.037152,0.049536,0.049536,0.04644,0.04644,0.020124,0.043344,0.006192,0.02322,0.01548,0.01548,0.024768,0.012384,0.009288,0.017028,0.01548,0.006192,0.004644,0.003096,0.009288,0.001548,0.0,0.006192,0.010836,0.006192,0.003096,0.003096,0.003096,0.003096,0.0,0.006192,0.003096,0.0,0.018576
Zone_DH563,0.038306,0.094758,0.094758,0.028226,0.03629,0.008065,0.008065,0.028226,0.012097,0.014113,0.012097,0.010081,0.007056,0.006048,0.014113,0.011089,0.018145,0.048387,0.033266,0.168347,0.104839,0.037298,0.022177,0.012097,0.004032,0.010081,0.010081,0.010081,0.008065,0.004032,0.010081,0.008065,0.010081,0.017137,0.010081,0.030242,0.21558,0.001942,0.001726,0.001726,0.001079,0.002805,0.00259,0.003237,0.006042,0.009495,0.007121,0.007769,0.007769,0.01079,0.007769,0.013811,0.024601,0.132931,0.138541,0.022874,0.010142,0.013811,0.024169,0.012085,0.012948,0.006905,0.017695,0.011221,0.014027,0.011653,0.010574,0.010358,0.010358,0.016832,0.028485,0.168537,0.040323,0.070565,0.094758,0.153226,0.08871,0.050403,0.054435,0.0625,0.055444,0.039315,0.040323,0.016129,0.027218,0.025202,0.023185,0.018145,0.004032,0.018145,0.010081,0.015121,0.015121,0.008065,0.004032,0.004032,0.009073,0.006048,0.008065,0.003024,0.002016,0.003024,0.002016,0.004032,0.002016,0.002016,0.002016,0.002016,0.0,0.002016,0.0,0.014113
Zone_DH564,0.030337,0.052809,0.058427,0.013483,0.02809,0.019101,0.019101,0.016292,0.007865,0.014607,0.013483,0.013483,0.017978,0.014607,0.01573,0.03427,0.067416,0.061798,0.026404,0.081461,0.055618,0.044944,0.023596,0.020225,0.010112,0.008989,0.006742,0.008989,0.005618,0.011236,0.01236,0.006742,0.026966,0.029775,0.055056,0.066292,0.211187,0.000586,0.001642,0.004456,0.003283,0.004808,0.002345,0.004104,0.005159,0.008912,0.006215,0.008443,0.006098,0.007739,0.015947,0.020638,0.043386,0.108818,0.112336,0.0394,0.027205,0.020403,0.017706,0.010084,0.011257,0.008443,0.011961,0.011257,0.011726,0.008208,0.012312,0.01454,0.016886,0.02228,0.034944,0.145286,0.046067,0.097753,0.110112,0.134831,0.096067,0.068539,0.066854,0.077528,0.055618,0.041011,0.029213,0.016854,0.020225,0.027528,0.020787,0.011236,0.008427,0.008989,0.007865,0.011798,0.007303,0.003371,0.003933,0.002247,0.003933,0.002247,0.003933,0.001685,0.001124,0.000562,0.0,0.001124,0.0,0.001124,0.0,0.001124,0.000562,0.002247,0.0,0.00618
Zone_DH565,0.028511,0.027234,0.034894,0.011915,0.022128,0.017872,0.017021,0.009362,0.020426,0.03234,0.031064,0.022128,0.025532,0.02,0.024681,0.037447,0.064681,0.053191,0.024681,0.028085,0.034043,0.033191,0.01617,0.019574,0.008936,0.013617,0.022128,0.034043,0.034043,0.020426,0.018723,0.013617,0.028085,0.031064,0.057021,0.062128,0.209656,0.001067,0.001956,0.003734,0.003023,0.004979,0.003912,0.004623,0.004268,0.00569,0.00409,0.009958,0.009958,0.012626,0.020094,0.025429,0.05317,0.080822,0.089624,0.049613,0.03272,0.023295,0.017605,0.016716,0.01307,0.011736,0.013159,0.010314,0.011914,0.011914,0.016271,0.01636,0.018849,0.025785,0.044012,0.117987,0.051064,0.110638,0.134043,0.120851,0.122979,0.077872,0.071915,0.070638,0.050638,0.038298,0.028085,0.022553,0.011064,0.017872,0.015319,0.006809,0.008085,0.003404,0.004681,0.010638,0.005106,0.003404,0.002128,0.002128,0.001702,0.000851,0.000426,0.00383,0.000851,0.0,0.0,0.000851,0.0,0.0,0.0,0.0,0.000426,0.000851,0.0,0.0
Zone_DH566,0.0373,0.020037,0.026819,0.012639,0.018496,0.01233,0.009556,0.008323,0.015105,0.026819,0.036991,0.032676,0.028052,0.029901,0.031443,0.040382,0.057645,0.048705,0.0336,0.031443,0.017571,0.018804,0.011406,0.010789,0.007707,0.014797,0.023736,0.036375,0.034525,0.031443,0.028052,0.017571,0.032367,0.038533,0.054871,0.063194,0.205716,0.002502,0.001119,0.002766,0.00191,0.004214,0.002963,0.003885,0.005992,0.006387,0.0054,0.007309,0.010931,0.016397,0.018636,0.028118,0.05268,0.079745,0.083235,0.052944,0.03253,0.023377,0.020282,0.016923,0.014685,0.012248,0.012577,0.012182,0.011524,0.013763,0.013433,0.016989,0.019689,0.02713,0.043395,0.116423,0.081689,0.1418,0.137485,0.122996,0.103268,0.08693,0.073674,0.054871,0.050863,0.035758,0.024661,0.014797,0.013255,0.014797,0.00709,0.006165,0.006473,0.004007,0.002774,0.003083,0.003083,0.00185,0.000925,0.000925,0.002158,0.0,0.001233,0.002158,0.000617,0.0,0.0,0.0,0.0,0.0,0.0,0.0,0.0,0.0,0.0,0.000617
Zone_DH567,0.055288,0.022253,0.021106,0.018582,0.021565,0.014682,0.012847,0.006653,0.012847,0.020418,0.026382,0.022023,0.023629,0.032117,0.029594,0.038541,0.047947,0.066529,0.043129,0.037623,0.018353,0.013306,0.01537,0.0156,0.008947,0.012388,0.016059,0.025006,0.028447,0.030282,0.025923,0.019959,0.029823,0.042212,0.052994,0.071576,0.208683,0.002033,0.000813,0.00183,0.002593,0.002745,0.003101,0.003762,0.005389,0.005795,0.006507,0.009049,0.012048,0.015505,0.019318,0.032179,0.047481,0.079,0.078034,0.050226,0.03284,0.023995,0.021097,0.015048,0.015048,0.010726,0.01154,0.011997,0.010726,0.014641,0.014844,0.016979,0.020945,0.026435,0.049159,0.117889,0.134435,0.190869,0.150952,0.11677,0.091076,0.071117,0.0585,0.040376,0.038312,0.025235,0.019959,0.009406,0.012618,0.006423,0.005735,0.005735,0.003671,0.0039,0.001835,0.001147,0.001606,0.002753,0.001147,0.000918,0.001606,0.000229,0.001606,0.000459,0.0,0.000459,0.0,0.0,0.0,0.000229,0.0,0.0,0.0,0.0,0.000229,0.000688
Zone_DH568,0.062229,0.028037,0.022795,0.01892,0.019603,0.013677,0.014133,0.01003,0.014361,0.00889,0.014817,0.01664,0.018236,0.026214,0.026214,0.040802,0.050832,0.091178,0.048325,0.038295,0.023934,0.012993,0.015272,0.015272,0.009574,0.012081,0.014817,0.013221,0.012081,0.028037,0.024162,0.018464,0.02667,0.037155,0.053339,0.098701,0.206289,0.00149,0.001011,0.001383,0.002341,0.002022,0.003831,0.005906,0.005321,0.005587,0.007236,0.009365,0.011865,0.013941,0.018463,0.030754,0.04411,0.083697,0.085559,0.045121,0.032404,0.023625,0.019155,0.014047,0.016548,0.012025,0.011759,0.014047,0.013621,0.015271,0.014366,0.017027,0.020219,0.025966,0.045706,0.118921,0.152496,0.202416,0.138819,0.113517,0.084796,0.069979,0.052428,0.043766,0.032596,0.025074,0.018236,0.013221,0.012537,0.00661,0.004559,0.004559,0.003647,0.004559,0.001824,0.001368,0.001368,0.003875,0.000456,0.000912,0.001596,0.000228,0.001596,0.0,0.000456,0.000912,0.0,0.0,0.0,0.000228,0.0,0.0,0.0,0.0,0.000228,0.00114
Zone_DH569,0.061973,0.031258,0.02093,0.02256,0.02093,0.011688,0.015222,0.010873,0.021745,0.010329,0.021745,0.021745,0.018755,0.021473,0.012232,0.027181,0.050557,0.091873,0.051373,0.042403,0.021201,0.015493,0.015493,0.013047,0.011416,0.014678,0.016852,0.016309,0.02256,0.031258,0.022832,0.016309,0.021473,0.029084,0.041587,0.103561,0.200103,0.002259,0.001226,0.002517,0.001936,0.003549,0.005549,0.006453,0.005937,0.005743,0.008131,0.008711,0.011034,0.012067,0.019165,0.028005,0.040137,0.095696,0.098342,0.039233,0.029361,0.020133,0.017487,0.013486,0.012841,0.012067,0.015551,0.012777,0.012777,0.015616,0.013486,0.01297,0.016713,0.024134,0.044073,0.130735,0.165534,0.18592,0.10193,0.105735,0.089698,0.071759,0.04947,0.047567,0.030715,0.027997,0.024463,0.02392,0.015222,0.010057,0.007067,0.007883,0.006252,0.004893,0.005164,0.004077,0.002175,0.003262,0.001631,0.001359,0.000544,0.0,0.001359,0.0,0.000815,0.000544,0.000272,0.0,0.0,0.000272,0.0,0.0,0.000272,0.0,0.000272,0.001903
Zone_DH570,0.057823,0.035869,0.028448,0.049474,0.017625,0.009586,0.00773,0.011132,0.022573,0.012678,0.028139,0.021027,0.0235,0.014224,0.01175,0.019171,0.043908,0.084416,0.055968,0.045145,0.033086,0.029375,0.013296,0.011132,0.009895,0.017007,0.012987,0.025046,0.029685,0.020717,0.019481,0.014533,0.014224,0.021027,0.038033,0.090291,0.202908,0.002424,0.00106,0.001818,0.002045,0.003257,0.006817,0.005832,0.008407,0.006892,0.007271,0.008862,0.0128,0.01333,0.018784,0.024767,0.041809,0.093918,0.09619,0.039688,0.027039,0.019541,0.020601,0.016133,0.013633,0.012194,0.01583,0.014088,0.012724,0.014542,0.01227,0.013255,0.013633,0.022495,0.037416,0.135727,0.123067,0.151206,0.099876,0.109462,0.096166,0.085962,0.061534,0.057823,0.03927,0.032158,0.027211,0.027211,0.015461,0.012059,0.009586,0.009276,0.008658,0.005875,0.005257,0.00402,0.002783,0.002783,0.001855,0.001855,0.000309,0.0,0.001237,0.000618,0.000309,0.001546,0.000928,0.000618,0.000309,0.000309,0.0,0.0,0.000309,0.0,0.0,0.003092
Zone_DH571,0.072652,0.038674,0.033149,0.049724,0.018232,0.013812,0.013812,0.009669,0.013536,0.014641,0.020994,0.020442,0.023481,0.009392,0.016022,0.019061,0.05,0.069337,0.066851,0.046133,0.033425,0.033425,0.016298,0.017127,0.009945,0.014641,0.00663,0.022652,0.023757,0.019061,0.01768,0.018508,0.01105,0.028453,0.043646,0.064088,0.216124,0.001297,0.000887,0.001297,0.002662,0.002458,0.004983,0.007441,0.008396,0.00785,0.007919,0.009216,0.012219,0.01495,0.015018,0.028534,0.04444,0.079596,0.087378,0.046283,0.028944,0.020889,0.021776,0.016452,0.013448,0.013038,0.013994,0.013311,0.013448,0.012219,0.010171,0.015155,0.013516,0.028261,0.043552,0.122875,0.101105,0.174586,0.13895,0.136188,0.09558,0.081492,0.053039,0.045304,0.034807,0.03232,0.023481,0.016851,0.010497,0.009945,0.005525,0.004972,0.00884,0.002762,0.003315,0.001657,0.001381,0.002486,0.001934,0.000276,0.000829,0.0,0.000829,0.001657,0.0,0.001105,0.000552,0.000552,0.000829,0.000276,0.0,0.0,0.000276,0.0,0.0,0.005801
Zone_DH572,0.060317,0.043297,0.030457,0.028964,0.019707,0.015527,0.015826,0.014333,0.016124,0.011645,0.011048,0.015826,0.025082,0.015527,0.016124,0.031651,0.061511,0.08092,0.052852,0.045685,0.033443,0.021499,0.020305,0.016721,0.009555,0.010749,0.008361,0.021499,0.013138,0.016721,0.017617,0.01911,0.013138,0.036429,0.058525,0.070767,0.221179,0.000578,0.001372,0.00195,0.003251,0.001661,0.002673,0.005923,0.006718,0.005995,0.009463,0.009029,0.013291,0.012135,0.017192,0.027088,0.041318,0.082707,0.090075,0.04818,0.030049,0.020153,0.02232,0.016108,0.014374,0.012641,0.012713,0.01358,0.013435,0.012858,0.011196,0.016686,0.015819,0.025787,0.044568,0.115935,0.083906,0.166318,0.147208,0.147208,0.093759,0.077934,0.054345,0.040609,0.030158,0.029561,0.026575,0.028068,0.012242,0.007465,0.007764,0.007166,0.011048,0.003583,0.001792,0.001493,0.001194,0.005375,0.001493,0.0,0.0,0.000597,0.001194,0.000597,0.000597,0.000299,0.0,0.001194,0.000597,0.000597,0.0,0.000299,0.0,0.000597,0.000597,0.006569
Zone_DH573,0.049766,0.033734,0.022044,0.020374,0.018704,0.01503,0.011022,0.013026,0.0167,0.014028,0.014362,0.013694,0.013694,0.017368,0.0167,0.044088,0.094522,0.078156,0.039078,0.03841,0.022712,0.020708,0.01503,0.01503,0.011022,0.010688,0.011022,0.016366,0.012024,0.014362,0.021376,0.015698,0.02171,0.04175,0.09018,0.075818,0.216147,0.00078,0.003276,0.002574,0.00312,0.002964,0.0039,0.005928,0.006084,0.006396,0.012949,0.009204,0.010686,0.008268,0.015601,0.021295,0.036037,0.090796,0.1039,0.042044,0.030265,0.018955,0.017161,0.016225,0.019891,0.013183,0.010296,0.013729,0.014275,0.014041,0.011856,0.016849,0.016615,0.020905,0.040016,0.123791,0.09686,0.140615,0.137943,0.138945,0.093854,0.072478,0.057114,0.046092,0.030728,0.030394,0.031396,0.029058,0.021376,0.010354,0.010688,0.010354,0.011356,0.004676,0.000668,0.00167,0.001336,0.006012,0.002338,0.001336,0.001336,0.000668,0.000334,0.000334,0.000668,0.0,0.000668,0.000668,0.0,0.0,0.0,0.000334,0.0,0.000668,0.0,0.00668
Zone_DH574,0.040902,0.012882,0.019002,0.022222,0.014171,0.013205,0.008052,0.00934,0.010306,0.011594,0.011594,0.014815,0.014815,0.010306,0.020934,0.049275,0.095008,0.111111,0.041546,0.022544,0.014493,0.017713,0.011272,0.014493,0.010306,0.011916,0.010628,0.010306,0.011594,0.010306,0.015459,0.012238,0.021578,0.042512,0.102415,0.129147,0.205941,0.001556,0.002405,0.002617,0.003041,0.003748,0.003678,0.00495,0.004597,0.005304,0.008345,0.007355,0.006577,0.008062,0.014922,0.016337,0.034441,0.114851,0.128147,0.04215,0.024045,0.018458,0.016902,0.015064,0.015276,0.013366,0.009972,0.010891,0.010042,0.011598,0.009901,0.012023,0.017256,0.020438,0.034158,0.141584,0.113688,0.110789,0.131079,0.122061,0.110789,0.068921,0.062158,0.053784,0.037681,0.025443,0.035105,0.026087,0.022544,0.01256,0.014815,0.00934,0.008696,0.007407,0.003543,0.002899,0.001932,0.004509,0.001288,0.001932,0.002576,0.000644,0.0,0.000322,0.0,0.000644,0.000644,0.000644,0.000966,0.0,0.0,0.0,0.0,0.000644,0.0,0.003865
Zone_DH575,0.051314,0.022566,0.017929,0.025348,0.005873,0.012056,0.007419,0.004328,0.004946,0.005873,0.004946,0.008655,0.012983,0.004946,0.014838,0.058114,0.127357,0.100464,0.052241,0.028748,0.013601,0.025348,0.011128,0.011437,0.008655,0.006801,0.007728,0.005255,0.008964,0.007728,0.012365,0.010201,0.011747,0.041422,0.120247,0.12643,0.20025,0.001185,0.001777,0.001712,0.00158,0.003555,0.003818,0.004213,0.003423,0.004081,0.005595,0.005661,0.005925,0.005266,0.013495,0.016918,0.032848,0.144559,0.149562,0.036732,0.022448,0.014416,0.010269,0.012442,0.010401,0.010993,0.008492,0.008097,0.008492,0.008097,0.006385,0.009084,0.013232,0.015601,0.030742,0.168652,0.098609,0.097063,0.123957,0.100773,0.127357,0.096754,0.067388,0.053478,0.045131,0.037403,0.037403,0.021638,0.020402,0.011128,0.014529,0.004946,0.007419,0.005873,0.002782,0.002473,0.001855,0.001236,0.001855,0.003709,0.003091,0.000309,0.002164,0.001236,0.000618,0.001236,0.000618,0.0,0.001236,0.000618,0.0,0.0,0.0,0.000618,0.0,0.003091
Zone_DH576,0.060573,0.044053,0.022394,0.026799,0.006241,0.011747,0.010279,0.003671,0.007709,0.004038,0.00514,0.008811,0.012115,0.012849,0.012849,0.06094,0.116006,0.079662,0.0558,0.033774,0.022026,0.027166,0.005507,0.009912,0.006975,0.006608,0.012482,0.005874,0.006608,0.009545,0.009545,0.01138,0.01652,0.043319,0.113803,0.097283,0.204544,0.001833,0.001913,0.002232,0.002551,0.002073,0.004305,0.003189,0.004464,0.004544,0.003747,0.006377,0.005181,0.005819,0.015943,0.016979,0.029095,0.148187,0.145715,0.035951,0.02224,0.015863,0.01116,0.010602,0.010442,0.009486,0.007015,0.007732,0.008529,0.009645,0.006776,0.007254,0.014827,0.016022,0.03061,0.167158,0.082966,0.096182,0.117474,0.103891,0.119677,0.104626,0.077093,0.04699,0.045888,0.044053,0.037445,0.023128,0.017988,0.009178,0.010279,0.007342,0.007342,0.008443,0.006975,0.001836,0.000734,0.002937,0.001101,0.00514,0.002937,0.001101,0.004772,0.002203,0.000734,0.000734,0.0,0.0,0.000734,0.000734,0.0,0.000734,0.000734,0.0,0.0,0.005874
Zone_DH577,0.080189,0.040356,0.037736,0.023061,0.007338,0.018868,0.013627,0.006813,0.009958,0.008386,0.00891,0.007862,0.013627,0.018344,0.012579,0.055031,0.083857,0.071803,0.067086,0.031447,0.024109,0.02673,0.012055,0.015723,0.007862,0.007862,0.012055,0.009434,0.005241,0.013627,0.007862,0.012055,0.016247,0.045073,0.083333,0.083857,0.209954,0.0013,0.001891,0.003547,0.002719,0.002719,0.005556,0.005911,0.005083,0.004374,0.00532,0.006029,0.006975,0.005911,0.015368,0.018442,0.02849,0.130275,0.135713,0.038066,0.021634,0.01655,0.012176,0.011585,0.010167,0.00993,0.009339,0.011112,0.009457,0.014777,0.011467,0.008275,0.015959,0.010167,0.026599,0.167159,0.070231,0.071279,0.081237,0.084382,0.120545,0.103249,0.090147,0.051887,0.053983,0.053459,0.046122,0.033543,0.022537,0.016247,0.016771,0.01153,0.007862,0.010482,0.011006,0.004717,0.003669,0.004717,0.000524,0.003669,0.001048,0.002096,0.003669,0.001048,0.001048,0.0,0.003145,0.0,0.001048,0.0,0.0,0.001048,0.001048,0.0,0.000524,0.010482
Zone_DH578,0.110877,0.047018,0.054035,0.032982,0.002807,0.021053,0.012632,0.015439,0.010526,0.013333,0.012632,0.009123,0.015439,0.008421,0.017544,0.028772,0.040702,0.090526,0.067368,0.026667,0.033684,0.039298,0.019649,0.020351,0.009123,0.011228,0.013333,0.016842,0.002807,0.01193,0.008421,0.016842,0.016842,0.032982,0.032982,0.075789,0.224342,0.001316,0.002467,0.006414,0.006743,0.003783,0.005921,0.006414,0.006743,0.005592,0.004605,0.00773,0.0125,0.010691,0.017928,0.024342,0.02648,0.090132,0.094572,0.038816,0.027303,0.019572,0.016941,0.01398,0.016776,0.010526,0.014638,0.016612,0.009868,0.019901,0.018421,0.014474,0.023026,0.019737,0.028454,0.132237,0.065263,0.089825,0.069474,0.079298,0.115088,0.075789,0.085614,0.047018,0.054737,0.039298,0.033684,0.041404,0.027368,0.025263,0.026667,0.013333,0.007719,0.011228,0.019649,0.009123,0.007719,0.007018,0.002105,0.002105,0.004211,0.007018,0.0,0.000702,0.001404,0.002807,0.004211,0.001404,0.000702,0.0,0.002105,0.001404,0.002105,0.0,0.000702,0.015439
Zone_DH579,0.090413,0.048324,0.047545,0.031956,0.015588,0.021044,0.020265,0.020265,0.004677,0.018706,0.007794,0.008574,0.01325,0.007794,0.015588,0.038971,0.050663,0.069369,0.06703,0.0265,0.031177,0.042089,0.043648,0.017927,0.017147,0.023383,0.007015,0.025721,0.004677,0.015588,0.008574,0.019486,0.011691,0.030398,0.033515,0.043648,0.226872,0.001836,0.004038,0.004038,0.007342,0.003304,0.007526,0.00514,0.007159,0.006424,0.00826,0.01138,0.007709,0.017438,0.023495,0.019457,0.026248,0.088473,0.097834,0.03359,0.027166,0.020742,0.020007,0.006057,0.019824,0.009545,0.015602,0.013767,0.010646,0.017805,0.017254,0.015602,0.021659,0.023311,0.029001,0.124449,0.09431,0.099766,0.084178,0.09431,0.104443,0.058457,0.076383,0.034295,0.04053,0.031956,0.034295,0.030398,0.041309,0.029618,0.021824,0.007794,0.008574,0.01325,0.018706,0.006235,0.008574,0.002338,0.003118,0.000779,0.006235,0.011691,0.003118,0.002338,0.001559,0.003118,0.001559,0.0,0.000779,0.0,0.002338,0.003897,0.002338,0.0,0.0,0.015588
Zone_DH580,0.029833,0.107399,0.0358,0.039379,0.022673,0.020286,0.023866,0.023866,0.00716,0.01432,0.008353,0.001193,0.01432,0.004773,0.00716,0.041766,0.042959,0.0358,0.042959,0.102625,0.020286,0.078759,0.031026,0.022673,0.02864,0.02148,0.008353,0.027446,0.00716,0.013126,0.008353,0.01432,0.004773,0.02864,0.026253,0.03222,0.228041,0.002182,0.003819,0.002182,0.004364,0.002455,0.004364,0.005456,0.011184,0.005456,0.010911,0.008183,0.006547,0.014184,0.016639,0.027823,0.029733,0.108565,0.11784,0.023186,0.033824,0.015821,0.013366,0.006547,0.014457,0.009274,0.012548,0.006547,0.009547,0.007911,0.011184,0.010366,0.019367,0.023732,0.027278,0.145117,0.122912,0.071599,0.109785,0.158711,0.071599,0.042959,0.058473,0.031026,0.03222,0.026253,0.031026,0.033413,0.0358,0.040573,0.026253,0.0179,0.013126,0.009547,0.008353,0.004773,0.005967,0.0,0.00358,0.0,0.00716,0.008353,0.004773,0.002387,0.0,0.002387,0.0,0.0,0.0,0.0,0.0,0.002387,0.0,0.0,0.0,0.016706
Zone_DH581,0.02044,0.089623,0.018868,0.006289,0.02044,0.022013,0.048742,0.031447,0.018868,0.017296,0.003145,0.001572,0.017296,0.009434,0.015723,0.037736,0.039308,0.02044,0.022013,0.080189,0.015723,0.069182,0.02044,0.014151,0.070755,0.058176,0.02044,0.034591,0.015723,0.022013,0.014151,0.014151,0.003145,0.033019,0.034591,0.018868,0.214425,0.001949,0.004678,0.003119,0.004288,0.002339,0.005848,0.010136,0.008187,0.011696,0.014425,0.009747,0.007797,0.012865,0.012476,0.030799,0.031189,0.100195,0.107992,0.02963,0.02963,0.009357,0.010136,0.009357,0.013255,0.009357,0.012865,0.010526,0.014425,0.014035,0.012865,0.014035,0.021053,0.021832,0.026511,0.146979,0.130503,0.08805,0.102201,0.143082,0.055031,0.042453,0.051887,0.02673,0.036164,0.034591,0.039308,0.036164,0.036164,0.033019,0.023585,0.015723,0.02044,0.003145,0.011006,0.004717,0.006289,0.001572,0.006289,0.004717,0.011006,0.007862,0.0,0.0,0.003145,0.0,0.0,0.0,0.0,0.0,0.003145,0.001572,0.0,0.0,0.003145,0.017296
Zone_DH582,0.041555,0.025469,0.014745,0.005362,0.016086,0.014745,0.067024,0.049598,0.017426,0.009383,0.004021,0.008043,0.013405,0.008043,0.016086,0.029491,0.018767,0.033512,0.037534,0.036193,0.013405,0.021448,0.010724,0.017426,0.087131,0.148794,0.021448,0.014745,0.017426,0.024129,0.018767,0.008043,0.005362,0.022788,0.037534,0.064343,0.219351,0.001657,0.001657,0.006627,0.005633,0.005302,0.003645,0.008615,0.010934,0.011928,0.011266,0.00994,0.010272,0.018555,0.013917,0.022531,0.014579,0.087806,0.090126,0.040424,0.030484,0.017561,0.020875,0.011266,0.015905,0.014579,0.015242,0.012922,0.014579,0.012591,0.01723,0.011266,0.021537,0.012922,0.046057,0.130219,0.075067,0.089812,0.072386,0.081769,0.147453,0.069705,0.068365,0.0563,0.063003,0.032172,0.032172,0.021448,0.033512,0.022788,0.017426,0.009383,0.012064,0.005362,0.009383,0.009383,0.008043,0.006702,0.002681,0.004021,0.004021,0.00134,0.004021,0.0,0.0,0.002681,0.0,0.00134,0.002681,0.002681,0.002681,0.002681,0.0,0.0,0.005362,0.020107
Zone_DH583,0.141538,0.024615,0.017231,0.011692,0.013538,0.005538,0.033231,0.033846,0.014154,0.010462,0.003077,0.006154,0.008615,0.004923,0.008615,0.024615,0.038154,0.082462,0.121846,0.032,0.020308,0.014154,0.019077,0.011692,0.038154,0.072615,0.005538,0.008615,0.011077,0.015385,0.010462,0.004923,0.003692,0.012923,0.041231,0.073846,0.204191,0.000801,0.001735,0.003336,0.001601,0.002536,0.000801,0.003603,0.006273,0.007474,0.004671,0.009342,0.006006,0.008675,0.01081,0.020686,0.032163,0.12892,0.136394,0.04324,0.026158,0.015748,0.013079,0.008007,0.012278,0.010543,0.01081,0.008408,0.006539,0.00694,0.00694,0.008141,0.016549,0.01428,0.033898,0.168424,0.056615,0.073846,0.064615,0.08,0.193846,0.096615,0.062769,0.064,0.049846,0.037538,0.035692,0.029538,0.027692,0.022769,0.014769,0.014154,0.011692,0.008615,0.007385,0.011692,0.004308,0.003692,0.001846,0.001846,0.003077,0.0,0.002462,0.002462,0.0,0.002462,0.001231,0.000615,0.001231,0.001231,0.0,0.000615,0.0,0.0,0.001231,0.008
Zone_DH584,0.184602,0.027222,0.021268,0.008082,0.009358,0.002977,0.012335,0.017865,0.009358,0.004254,0.004254,0.002977,0.005104,0.001701,0.003403,0.019566,0.031476,0.165462,0.145045,0.026372,0.019566,0.014887,0.015313,0.012335,0.013186,0.037006,0.001701,0.004254,0.002977,0.007231,0.004679,0.003828,0.004254,0.008082,0.025946,0.122076,0.20071,0.000621,0.000888,0.001775,0.00142,0.001775,0.0,0.001065,0.004083,0.004971,0.003285,0.00648,0.003728,0.006036,0.006835,0.017399,0.032756,0.160852,0.16964,0.037727,0.022725,0.012162,0.007368,0.005504,0.006924,0.006658,0.005504,0.005504,0.004083,0.003995,0.005415,0.004172,0.013582,0.014026,0.025477,0.194851,0.058698,0.071459,0.064228,0.09698,0.197788,0.113569,0.059124,0.056146,0.048065,0.035304,0.037431,0.021693,0.022118,0.022118,0.014462,0.015313,0.010634,0.009358,0.007231,0.008082,0.004679,0.005104,0.002977,0.000851,0.000851,0.000851,0.002127,0.002977,0.001276,0.000851,0.001276,0.001276,0.0,0.0,0.000851,0.0,0.0,0.0,0.0,0.004254
Zone_DH585,0.187353,0.045169,0.031029,0.015711,0.010998,0.005499,0.013354,0.003928,0.003142,0.006284,0.005499,0.005106,0.007855,0.006677,0.006284,0.02121,0.0326,0.159859,0.126866,0.044776,0.029065,0.02121,0.013354,0.008641,0.004713,0.005106,0.002357,0.004713,0.003535,0.004321,0.005106,0.009034,0.008248,0.011783,0.014533,0.115082,0.203439,0.001246,0.000166,0.002409,0.001994,0.002575,0.002326,0.001661,0.001744,0.005649,0.004154,0.004652,0.006479,0.00731,0.009636,0.0211,0.034806,0.147117,0.153431,0.035803,0.022014,0.014371,0.012045,0.010882,0.008141,0.00731,0.006313,0.006812,0.005233,0.00432,0.007726,0.010052,0.015119,0.021183,0.030155,0.170626,0.052239,0.08641,0.101728,0.12883,0.15436,0.122152,0.057345,0.059701,0.036528,0.0326,0.034564,0.016104,0.020424,0.015711,0.012962,0.014925,0.01139,0.009427,0.005106,0.003928,0.003142,0.002749,0.002749,0.001964,0.0,0.001571,0.0,0.001964,0.001964,0.000786,0.001571,0.001571,0.0,0.000393,0.000786,0.0,0.0,0.000786,0.0,0.001571
Zone_DH586,0.151772,0.057913,0.042936,0.025462,0.017474,0.013979,0.025462,0.012481,0.00699,0.007988,0.005492,0.00699,0.009985,0.007988,0.012481,0.018472,0.02696,0.097354,0.103345,0.061907,0.037943,0.035946,0.021967,0.011483,0.01348,0.007489,0.007489,0.00699,0.002996,0.004993,0.00699,0.009985,0.008487,0.015477,0.019471,0.075387,0.208199,0.000538,0.001829,0.003013,0.00226,0.003335,0.003551,0.002582,0.00226,0.008393,0.00581,0.006886,0.010544,0.013988,0.018507,0.026791,0.036045,0.111255,0.115343,0.033355,0.027867,0.018937,0.017969,0.017861,0.013557,0.009684,0.010114,0.01162,0.007424,0.010006,0.012804,0.016139,0.021627,0.023779,0.041102,0.125027,0.041937,0.103844,0.129306,0.149276,0.127808,0.099351,0.054418,0.041438,0.038942,0.029456,0.030454,0.01997,0.022966,0.018972,0.013979,0.017474,0.011483,0.008987,0.00649,0.002996,0.005492,0.001498,0.001498,0.001498,0.004993,0.0,0.0,0.001997,0.000999,0.0,0.001997,0.0,0.0,0.001498,0.0,0.000999,0.0,0.001997,0.0,0.005991
Zone_DH587,0.101582,0.076603,0.043297,0.025812,0.023314,0.025812,0.024147,0.019151,0.009992,0.013322,0.002498,0.007494,0.009992,0.005828,0.018318,0.010824,0.052456,0.086595,0.063281,0.064113,0.043297,0.038301,0.02831,0.014155,0.027477,0.011657,0.009159,0.006661,0.0,0.009992,0.013322,0.003331,0.001665,0.013322,0.025812,0.069109,0.212743,0.00236,0.003812,0.004175,0.00236,0.003267,0.001997,0.003993,0.003993,0.005446,0.005083,0.006535,0.013614,0.0167,0.02505,0.029769,0.048285,0.085678,0.08713,0.037212,0.028136,0.019241,0.027047,0.019604,0.017426,0.014522,0.009076,0.010528,0.009076,0.012343,0.01434,0.020149,0.021419,0.027773,0.047559,0.102559,0.034971,0.104913,0.128226,0.098251,0.108243,0.074938,0.055787,0.032473,0.041632,0.038301,0.044963,0.032473,0.029142,0.026644,0.014988,0.01249,0.009992,0.011657,0.014988,0.005828,0.005828,0.002498,0.003331,0.011657,0.01249,0.001665,0.001665,0.003331,0.003331,0.0,0.004996,0.000833,0.0,0.003331,0.0,0.003331,0.001665,0.003331,0.001665,0.014155
Zone_DH588,0.075949,0.060759,0.064557,0.034177,0.017722,0.013924,0.029114,0.021519,0.010127,0.01519,0.001266,0.0,0.007595,0.005063,0.01519,0.024051,0.043038,0.127848,0.025316,0.046835,0.041772,0.040506,0.036709,0.026582,0.031646,0.012658,0.003797,0.005063,0.002532,0.010127,0.007595,0.002532,0.002532,0.017722,0.036709,0.082278,0.225134,0.00268,0.002382,0.00268,0.001489,0.001787,0.003276,0.006552,0.00536,0.002978,0.007743,0.005956,0.012805,0.011912,0.021441,0.026802,0.045861,0.086957,0.09053,0.043776,0.024122,0.019655,0.027099,0.010721,0.009529,0.015783,0.007147,0.007147,0.017272,0.012507,0.015188,0.021144,0.022335,0.024717,0.038714,0.118821,0.040506,0.06962,0.083544,0.067089,0.08481,0.060759,0.053165,0.04557,0.056962,0.046835,0.059494,0.026582,0.041772,0.020253,0.021519,0.032911,0.020253,0.021519,0.022785,0.003797,0.010127,0.010127,0.007595,0.020253,0.011392,0.005063,0.005063,0.005063,0.002532,0.0,0.007595,0.001266,0.0,0.002532,0.002532,0.002532,0.002532,0.005063,0.002532,0.016456
Zone_DH589,0.025022,0.042895,0.051832,0.114388,0.02681,0.012511,0.016086,0.010724,0.016086,0.017873,0.007149,0.008937,0.007149,0.016086,0.012511,0.032172,0.075067,0.048257,0.031278,0.034853,0.041108,0.108132,0.042895,0.010724,0.010724,0.007149,0.001787,0.012511,0.003575,0.005362,0.005362,0.003575,0.001787,0.01966,0.051832,0.06613,0.216257,0.001523,0.00533,0.003807,0.002284,0.004569,0.001523,0.006853,0.003046,0.002284,0.002665,0.009138,0.011803,0.006853,0.014849,0.02094,0.036931,0.112698,0.124881,0.044927,0.021702,0.02094,0.011041,0.009138,0.009899,0.011803,0.00533,0.006853,0.010661,0.012945,0.013326,0.017514,0.017514,0.021512,0.035218,0.141443,0.094727,0.137623,0.085791,0.085791,0.058088,0.058981,0.106345,0.040214,0.042002,0.042895,0.044683,0.018767,0.027703,0.015192,0.016979,0.029491,0.020554,0.008043,0.005362,0.003575,0.005362,0.008937,0.003575,0.00983,0.003575,0.002681,0.001787,0.001787,0.001787,0.000894,0.001787,0.001787,0.0,0.001787,0.001787,0.0,0.0,0.003575,0.0,0.006256
Zone_DH590,0.024482,0.045198,0.048964,0.120527,0.026365,0.015066,0.015066,0.011299,0.018832,0.013183,0.011299,0.013183,0.007533,0.016949,0.015066,0.030132,0.079096,0.033898,0.037665,0.043315,0.030132,0.105461,0.039548,0.011299,0.009416,0.00565,0.00565,0.011299,0.003766,0.00565,0.007533,0.00565,0.003766,0.020716,0.047081,0.060264,0.213608,0.001582,0.005538,0.003956,0.001582,0.006725,0.002373,0.004747,0.003956,0.004747,0.003165,0.011076,0.011867,0.006329,0.013845,0.023734,0.036392,0.111551,0.120253,0.043908,0.022547,0.020174,0.007911,0.012658,0.011076,0.011076,0.005538,0.008703,0.010285,0.009494,0.01068,0.02057,0.016614,0.02769,0.038766,0.135285,0.094162,0.145009,0.090395,0.088512,0.052731,0.06403,0.124294,0.03484,0.03484,0.045198,0.033898,0.021657,0.019774,0.016949,0.020716,0.025424,0.016949,0.00565,0.009416,0.003766,0.00565,0.009416,0.0,0.001883,0.003766,0.002825,0.001883,0.000942,0.004708,0.001883,0.0,0.001883,0.0,0.001883,0.003766,0.0,0.001883,0.0,0.001883,0.007533
Zone_DH591,0.041349,0.043526,0.041349,0.045702,0.010881,0.019587,0.008705,0.006529,0.019587,0.010881,0.015234,0.015234,0.004353,0.01741,0.023939,0.054407,0.113166,0.05876,0.045702,0.045702,0.01741,0.042437,0.021763,0.010881,0.013058,0.013058,0.013058,0.004353,0.006529,0.004353,0.004353,0.013058,0.008705,0.026115,0.063112,0.095756,0.22394,0.000937,0.003748,0.004685,0.000937,0.007496,0.005622,0.006559,0.007496,0.00937,0.006559,0.011244,0.010307,0.010307,0.012181,0.027173,0.036543,0.088545,0.085734,0.04966,0.029047,0.015929,0.012181,0.016866,0.013118,0.017803,0.010307,0.011244,0.012181,0.006559,0.013118,0.019677,0.013118,0.030921,0.047786,0.121106,0.095756,0.091404,0.082699,0.11099,0.07617,0.07617,0.091404,0.036997,0.032644,0.043526,0.030468,0.036997,0.019587,0.015234,0.01741,0.026115,0.009793,0.014146,0.015234,0.006529,0.006529,0.006529,0.004353,0.004353,0.002176,0.004353,0.006529,0.004353,0.004353,0.001088,0.0,0.004353,0.002176,0.002176,0.004353,0.0,0.002176,0.0,0.002176,0.008705
Zone_DH592,0.077333,0.066667,0.058667,0.029333,0.013333,0.013333,0.008,0.0,0.008,0.005333,0.008,0.002667,0.002667,0.010667,0.029333,0.042667,0.056,0.056,0.061333,0.066667,0.066667,0.021333,0.034667,0.013333,0.010667,0.018667,0.013333,0.005333,0.008,0.005333,0.002667,0.016,0.016,0.024,0.04,0.088,0.221137,0.0,0.001149,0.004595,0.002298,0.005744,0.005744,0.006893,0.006893,0.008041,0.008041,0.004595,0.00919,0.012636,0.016083,0.032165,0.037909,0.073521,0.070075,0.060885,0.041356,0.019529,0.016083,0.01838,0.01838,0.012636,0.012636,0.010339,0.011488,0.005744,0.020678,0.017231,0.025273,0.035612,0.062033,0.085009,0.032,0.034667,0.066667,0.104,0.08,0.098667,0.072,0.064,0.045333,0.053333,0.042667,0.04,0.026667,0.021333,0.026667,0.018667,0.024,0.021333,0.021333,0.013333,0.005333,0.010667,0.008,0.005333,0.0,0.008,0.005333,0.005333,0.005333,0.002667,0.005333,0.005333,0.002667,0.0,0.002667,0.0,0.0,0.0,0.005333,0.016
Zone_DH593,0.080986,0.080986,0.056338,0.021127,0.010563,0.014085,0.003521,0.0,0.010563,0.0,0.007042,0.003521,0.003521,0.010563,0.017606,0.03169,0.045775,0.045775,0.06338,0.059859,0.088028,0.028169,0.038732,0.021127,0.007042,0.017606,0.007042,0.024648,0.007042,0.003521,0.003521,0.014085,0.021127,0.035211,0.042254,0.073944,0.212481,0.0,0.001486,0.002972,0.002972,0.007429,0.004458,0.007429,0.004458,0.010401,0.004458,0.004458,0.010401,0.008915,0.017831,0.032689,0.037147,0.074294,0.066865,0.060921,0.037147,0.019316,0.016345,0.020802,0.017831,0.014859,0.010401,0.014859,0.013373,0.010401,0.019316,0.023774,0.029718,0.041605,0.056464,0.081724,0.035211,0.035211,0.056338,0.105634,0.084507,0.102113,0.088028,0.084507,0.042254,0.045775,0.056338,0.028169,0.017606,0.028169,0.028169,0.010563,0.035211,0.014085,0.021127,0.010563,0.003521,0.007042,0.007042,0.003521,0.003521,0.003521,0.0,0.0,0.003521,0.003521,0.007042,0.003521,0.003521,0.0,0.003521,0.0,0.0,0.0,0.003521,0.014085
Zone_DH594,0.044118,0.132353,0.058824,0.058824,0.014706,0.014706,0.0,0.0,0.014706,0.0,0.0,0.0,0.0,0.0,0.0,0.014706,0.029412,0.058824,0.058824,0.029412,0.147059,0.029412,0.029412,0.014706,0.0,0.0,0.014706,0.073529,0.0,0.0,0.0,0.0,0.014706,0.058824,0.029412,0.058824,0.231293,0.0,0.006803,0.006803,0.006803,0.0,0.0,0.006803,0.006803,0.006803,0.013605,0.0,0.006803,0.0,0.034014,0.013605,0.047619,0.095238,0.068027,0.054422,0.034014,0.013605,0.006803,0.006803,0.013605,0.034014,0.006803,0.034014,0.0,0.020408,0.027211,0.006803,0.034014,0.027211,0.054422,0.07483,0.0,0.058824,0.088235,0.058824,0.088235,0.088235,0.102941,0.117647,0.044118,0.058824,0.044118,0.0,0.044118,0.014706,0.044118,0.0,0.044118,0.014706,0.0,0.029412,0.0,0.014706,0.0,0.014706,0.0,0.0,0.0,0.0,0.0,0.0,0.0,0.0,0.0,0.0,0.0,0.0,0.0,0.0,0.0,0.029412
Zone_DH595,0.06,0.23,0.0,0.04,0.03,0.01,0.0,0.0,0.0,0.0,0.0,0.02,0.0,0.02,0.01,0.0,0.02,0.03,0.19,0.08,0.04,0.02,0.02,0.0,0.02,0.01,0.01,0.01,0.0,0.01,0.0,0.01,0.01,0.01,0.01,0.08,0.216867,0.0,0.0,0.0,0.0,0.004016,0.004016,0.008032,0.0,0.004016,0.004016,0.004016,0.004016,0.008032,0.02008,0.016064,0.028112,0.140562,0.140562,0.028112,0.028112,0.032129,0.012048,0.004016,0.0,0.004016,0.004016,0.012048,0.008032,0.008032,0.0,0.016064,0.012048,0.024096,0.056225,0.148594,0.0,0.02,0.19,0.02,0.13,0.18,0.11,0.04,0.04,0.04,0.05,0.0,0.03,0.03,0.0,0.0,0.0,0.02,0.02,0.0,0.0,0.0,0.0,0.0,0.02,0.0,0.0,0.01,0.02,0.01,0.0,0.0,0.0,0.0,0.0,0.0,0.0,0.0,0.0,0.02
Zone_DH596,0.098425,0.106299,0.023622,0.035433,0.015748,0.007874,0.0,0.003937,0.0,0.003937,0.0,0.019685,0.0,0.019685,0.011811,0.019685,0.019685,0.094488,0.129921,0.066929,0.074803,0.023622,0.015748,0.003937,0.015748,0.007874,0.015748,0.011811,0.0,0.011811,0.0,0.003937,0.011811,0.007874,0.015748,0.102362,0.222411,0.0,0.001698,0.0,0.0,0.001698,0.005093,0.005093,0.005093,0.005093,0.005093,0.005093,0.010187,0.016978,0.011885,0.022071,0.025467,0.120543,0.123939,0.033956,0.01528,0.023769,0.018676,0.006791,0.006791,0.006791,0.006791,0.01528,0.010187,0.003396,0.011885,0.01528,0.013582,0.027165,0.042445,0.154499,0.015748,0.051181,0.11811,0.106299,0.07874,0.102362,0.07874,0.051181,0.043307,0.035433,0.066929,0.015748,0.023622,0.019685,0.015748,0.007874,0.019685,0.031496,0.023622,0.007874,0.019685,0.003937,0.0,0.0,0.007874,0.003937,0.003937,0.003937,0.007874,0.011811,0.007874,0.0,0.003937,0.0,0.0,0.0,0.0,0.003937,0.0,0.007874
Zone_DH597,0.084783,0.023913,0.032609,0.034783,0.041304,0.004348,0.006522,0.006522,0.008696,0.008696,0.004348,0.015217,0.002174,0.008696,0.013043,0.023913,0.030435,0.158696,0.095652,0.03913,0.06087,0.026087,0.015217,0.01087,0.01087,0.006522,0.008696,0.01087,0.002174,0.004348,0.004348,0.006522,0.01087,0.013043,0.021739,0.143478,0.212066,0.0,0.001828,0.000914,0.002742,0.002742,0.003656,0.003656,0.005484,0.009141,0.005484,0.007313,0.010055,0.013711,0.009141,0.019196,0.026508,0.125229,0.11883,0.039305,0.017367,0.018282,0.021024,0.012797,0.009141,0.008227,0.008227,0.010055,0.007313,0.006399,0.012797,0.02011,0.013711,0.021024,0.042048,0.154479,0.026087,0.056522,0.115217,0.143478,0.115217,0.047826,0.052174,0.054348,0.05,0.03913,0.036957,0.019565,0.021739,0.01087,0.019565,0.019565,0.01087,0.021739,0.019565,0.008696,0.015217,0.01087,0.002174,0.019565,0.006522,0.008696,0.017391,0.004348,0.002174,0.008696,0.004348,0.002174,0.002174,0.0,0.0,0.0,0.0,0.002174,0.0,0.004348
Zone_DH598,0.079096,0.009685,0.029056,0.025827,0.040355,0.011299,0.017756,0.020985,0.012107,0.014528,0.008071,0.008071,0.006457,0.003228,0.012914,0.016142,0.035513,0.133979,0.090395,0.032284,0.038741,0.025827,0.029056,0.014528,0.009685,0.009685,0.01937,0.009685,0.006457,0.004843,0.008071,0.006457,0.016142,0.017756,0.03067,0.145278,0.208562,0.000666,0.001999,0.001333,0.002999,0.004998,0.001999,0.003332,0.003998,0.010661,0.009329,0.009329,0.008662,0.010661,0.008329,0.020323,0.032317,0.120273,0.113277,0.036648,0.025987,0.015326,0.01999,0.015326,0.011994,0.00733,0.013327,0.00733,0.007996,0.011328,0.01266,0.01366,0.011328,0.017491,0.036982,0.162252,0.035513,0.062147,0.119451,0.119451,0.098467,0.05004,0.079096,0.046812,0.056497,0.041969,0.041969,0.01937,0.022599,0.017756,0.024213,0.022599,0.011299,0.027441,0.011299,0.006457,0.012914,0.008071,0.003228,0.014528,0.006457,0.006457,0.012914,0.003228,0.0,0.001614,0.003228,0.001614,0.0,0.0,0.000807,0.001614,0.0,0.0,0.0,0.008878
Zone_DH599,0.05253,0.012812,0.011531,0.015375,0.032031,0.013453,0.012812,0.017297,0.023703,0.017937,0.003844,0.01025,0.017937,0.011531,0.014094,0.039718,0.081999,0.101217,0.065343,0.024343,0.012812,0.017937,0.021781,0.014094,0.017937,0.014734,0.017937,0.014094,0.005766,0.01025,0.017937,0.005125,0.03075,0.032031,0.071749,0.115311,0.210695,0.000533,0.001067,0.002267,0.005067,0.006401,0.002134,0.003734,0.004267,0.008001,0.011201,0.009068,0.007468,0.009068,0.014935,0.021203,0.044539,0.105347,0.10308,0.044273,0.032538,0.016269,0.014935,0.012268,0.011201,0.009068,0.011735,0.007468,0.009601,0.010135,0.010668,0.015869,0.014669,0.018402,0.037472,0.153354,0.059577,0.086483,0.130685,0.114029,0.084561,0.07303,0.087124,0.064061,0.053812,0.042281,0.034593,0.015375,0.021781,0.015375,0.024343,0.015375,0.007687,0.014094,0.005125,0.006406,0.006406,0.005125,0.002562,0.006406,0.003844,0.0,0.001281,0.001281,0.0,0.0,0.002562,0.001281,0.0,0.0,0.001922,0.001281,0.0,0.0,0.0,0.01025
Zone_DH600,0.062219,0.035982,0.024738,0.017991,0.015742,0.007871,0.012744,0.01012,0.024363,0.021739,0.014993,0.015742,0.01949,0.014243,0.015367,0.036732,0.05997,0.086957,0.062969,0.035232,0.016492,0.011994,0.013493,0.014243,0.011994,0.013868,0.027736,0.022489,0.017616,0.013493,0.02024,0.008996,0.027736,0.027736,0.056222,0.10045,0.212071,0.001341,0.001893,0.002288,0.002998,0.00568,0.003787,0.006312,0.00568,0.005996,0.006627,0.009783,0.00789,0.009152,0.017673,0.026114,0.048442,0.086469,0.093018,0.052229,0.032663,0.018777,0.01641,0.016726,0.012939,0.013886,0.010099,0.011677,0.008205,0.01357,0.011677,0.0157,0.020671,0.025089,0.045996,0.120473,0.078711,0.13006,0.165667,0.129685,0.097451,0.077961,0.068966,0.056222,0.044978,0.036732,0.026237,0.014993,0.012744,0.010495,0.010495,0.003748,0.004498,0.005997,0.001499,0.004498,0.001499,0.002249,0.001499,0.002999,0.002999,0.0,0.0,0.001499,0.00075,0.0,0.00075,0.0,0.0,0.0,0.001124,0.0,0.0,0.0,0.0,0.002999
Zone_DH601,0.071174,0.035884,0.031732,0.01987,0.016607,0.012752,0.0086,0.008897,0.01898,0.018387,0.0172,0.020166,0.024021,0.022242,0.024021,0.032622,0.040629,0.068209,0.06465,0.039146,0.01987,0.017497,0.013345,0.020463,0.012456,0.014235,0.024614,0.025504,0.020463,0.016904,0.022539,0.016607,0.026394,0.023132,0.045374,0.084816,0.206025,0.002993,0.001274,0.00242,0.001911,0.003694,0.003184,0.004713,0.005668,0.00726,0.005732,0.008407,0.010699,0.015539,0.020252,0.028022,0.047574,0.078716,0.083047,0.049866,0.034327,0.026557,0.019615,0.019743,0.015922,0.015794,0.013756,0.012482,0.008598,0.013693,0.013693,0.017068,0.020316,0.027067,0.046172,0.108203,0.099348,0.134638,0.158363,0.127224,0.086002,0.083333,0.071174,0.050415,0.051008,0.034104,0.024911,0.015718,0.011269,0.012159,0.010083,0.004448,0.003559,0.005338,0.003559,0.003262,0.00089,0.001483,0.001779,0.001779,0.001186,0.001186,0.0,0.000593,0.000593,0.0,0.0,0.000297,0.0,0.0,0.0,0.0,0.000297,0.0,0.0,0.0
Zone_DH602,0.07145,0.043168,0.030962,0.02084,0.01429,0.015183,0.008038,0.008931,0.009229,0.008336,0.009824,0.013099,0.021733,0.025007,0.030962,0.037511,0.041084,0.08187,0.068175,0.04287,0.02203,0.014588,0.012206,0.02203,0.010717,0.009824,0.011015,0.016672,0.020244,0.016374,0.016672,0.017862,0.028878,0.03245,0.05716,0.088717,0.199894,0.003174,0.001653,0.002645,0.002711,0.003174,0.003042,0.002777,0.006216,0.004827,0.005092,0.00767,0.013489,0.015539,0.021292,0.026979,0.050651,0.081796,0.082589,0.047808,0.036567,0.026053,0.019771,0.018912,0.015076,0.013027,0.011241,0.010911,0.008398,0.014283,0.014349,0.016134,0.021094,0.030153,0.049329,0.111684,0.101518,0.134266,0.131884,0.123846,0.087824,0.087526,0.080083,0.052397,0.053587,0.025901,0.026198,0.01816,0.016374,0.011015,0.008038,0.007145,0.005061,0.004763,0.004168,0.003275,0.002977,0.002084,0.001786,0.000595,0.002382,0.002084,0.001489,0.0,0.000595,0.000595,0.0,0.000298,0.0,0.000298,0.0,0.0,0.000298,0.0,0.000298,0.001191
Zone_DH603,0.071095,0.048064,0.028037,0.018692,0.011015,0.014352,0.011348,0.011015,0.01502,0.017023,0.01235,0.018358,0.017023,0.019693,0.021696,0.031375,0.044393,0.086782,0.066088,0.050401,0.019025,0.016021,0.015688,0.02036,0.01769,0.00968,0.017356,0.010013,0.010681,0.03004,0.014019,0.014352,0.021362,0.023031,0.048732,0.098131,0.198965,0.001274,0.001991,0.001434,0.002708,0.003027,0.003823,0.005416,0.006611,0.003744,0.004381,0.007407,0.012266,0.013142,0.01816,0.028515,0.048666,0.100119,0.103385,0.042453,0.032975,0.021585,0.019753,0.013461,0.014735,0.009478,0.008841,0.009797,0.008124,0.014257,0.013381,0.014098,0.016249,0.025647,0.041179,0.128953,0.123164,0.143858,0.100467,0.097463,0.096128,0.090454,0.06976,0.052069,0.052069,0.026035,0.0247,0.026035,0.019359,0.011015,0.009012,0.011348,0.006008,0.006676,0.006008,0.00267,0.004339,0.003672,0.001669,0.001335,0.00267,0.00267,0.002003,0.002003,0.000668,0.001669,0.0,0.000334,0.0,0.000334,0.0,0.0,0.000334,0.0,0.000668,0.001335
Zone_DH604,0.054109,0.031113,0.029084,0.014204,0.005749,0.009131,0.011836,0.012851,0.020291,0.029422,0.026378,0.028407,0.020967,0.014542,0.012513,0.024349,0.039905,0.099087,0.065945,0.032127,0.013865,0.012851,0.009469,0.010145,0.015894,0.013189,0.031789,0.025364,0.021305,0.036862,0.019953,0.010484,0.0186,0.022996,0.041258,0.113967,0.197305,0.002123,0.002042,0.00294,0.00245,0.003267,0.004328,0.005635,0.00539,0.004737,0.006697,0.007513,0.010208,0.009963,0.016823,0.025643,0.042875,0.115966,0.118252,0.039771,0.026051,0.01862,0.016578,0.013067,0.013067,0.008738,0.008167,0.007758,0.00784,0.016252,0.009963,0.014047,0.01127,0.022295,0.038955,0.143405,0.122421,0.14677,0.090294,0.094691,0.113629,0.093338,0.068651,0.05952,0.043963,0.031113,0.021982,0.026716,0.018938,0.01116,0.008793,0.009807,0.00744,0.006087,0.004058,0.002367,0.003382,0.001691,0.002705,0.001015,0.000676,0.001015,0.001353,0.002029,0.000676,0.001015,0.0,0.0,0.000676,0.000676,0.0,0.0,0.0,0.0,0.000676,0.000676
Zone_DH605,0.065043,0.022419,0.029062,0.019098,0.011071,0.010794,0.010241,0.014116,0.019928,0.027401,0.025464,0.026847,0.027678,0.014669,0.016883,0.019928,0.044008,0.079712,0.065596,0.032383,0.021865,0.016883,0.011625,0.009964,0.012732,0.014392,0.030722,0.029062,0.025187,0.03266,0.014669,0.019374,0.021589,0.029338,0.04124,0.086355,0.200568,0.001806,0.001741,0.001999,0.00258,0.001999,0.004321,0.003934,0.006514,0.005998,0.006901,0.009932,0.010512,0.012382,0.018767,0.023023,0.04566,0.10841,0.109828,0.043725,0.026635,0.019476,0.017348,0.014124,0.012318,0.008448,0.010319,0.009158,0.007352,0.012447,0.008642,0.01206,0.012769,0.022636,0.038501,0.147169,0.112926,0.130363,0.124827,0.128148,0.100194,0.089123,0.073069,0.059231,0.038472,0.029615,0.019374,0.022419,0.010794,0.012178,0.00775,0.00775,0.006366,0.004982,0.002768,0.002491,0.002768,0.001384,0.002491,0.001384,0.001384,0.000554,0.000554,0.001107,0.0,0.00083,0.0,0.000554,0.00083,0.000277,0.0,0.000554,0.000277,0.000277,0.000277,0.001661
Zone_DH606,0.075441,0.038301,0.030873,0.020891,0.015552,0.014856,0.011142,0.010214,0.010446,0.012303,0.020891,0.021356,0.029712,0.014856,0.023445,0.029016,0.046425,0.070102,0.071263,0.042247,0.027391,0.021588,0.017874,0.008589,0.008124,0.011606,0.009981,0.024838,0.024141,0.02948,0.012767,0.021588,0.024141,0.03714,0.042015,0.069406,0.214622,0.001071,0.001875,0.002464,0.002571,0.001875,0.003749,0.004767,0.006802,0.006427,0.007338,0.010445,0.009855,0.014247,0.017783,0.024799,0.044563,0.090894,0.097858,0.045795,0.029191,0.019871,0.019711,0.01489,0.014837,0.00948,0.01398,0.011248,0.010016,0.012266,0.007874,0.013016,0.016979,0.025549,0.041136,0.130155,0.095636,0.143222,0.156685,0.153435,0.102368,0.079851,0.065692,0.050604,0.038301,0.028319,0.016945,0.013695,0.008589,0.009749,0.0065,0.004643,0.006035,0.004875,0.001857,0.001393,0.000929,0.001393,0.001625,0.000696,0.001161,0.000232,0.000464,0.000929,0.0,0.000696,0.0,0.000464,0.000232,0.000232,0.0,0.000464,0.0,0.000232,0.000232,0.001625
Zone_DH607,0.055501,0.041934,0.034534,0.021707,0.018747,0.01628,0.012087,0.01406,0.012827,0.00962,0.01258,0.0222,0.036014,0.023187,0.019487,0.033547,0.049581,0.069561,0.055007,0.040207,0.029354,0.023434,0.027134,0.009373,0.00962,0.012333,0.009867,0.019734,0.013814,0.03034,0.021214,0.02072,0.027134,0.037741,0.047607,0.061914,0.22097,0.000569,0.001309,0.002277,0.003017,0.002505,0.002334,0.004781,0.006717,0.005521,0.007001,0.009164,0.011726,0.012864,0.018955,0.023395,0.041496,0.086464,0.092213,0.04827,0.032332,0.019923,0.02089,0.015369,0.01406,0.009449,0.013946,0.012067,0.012352,0.012921,0.010417,0.016393,0.018386,0.025786,0.041724,0.122439,0.091761,0.150962,0.150715,0.173902,0.101135,0.073754,0.056487,0.045387,0.032314,0.022447,0.023927,0.01776,0.009373,0.009127,0.007893,0.00444,0.00888,0.00444,0.003453,0.002467,0.000247,0.000987,0.00222,0.0,0.000987,0.000247,0.000247,0.00074,0.0,0.0,0.0,0.000987,0.0,0.0,0.000247,0.000247,0.0,0.0,0.0,0.00222
Zone_DH608,0.045226,0.033993,0.02749,0.018918,0.019805,0.015962,0.009459,0.011824,0.01478,0.013006,0.015667,0.025126,0.030742,0.02483,0.019214,0.02956,0.079515,0.070056,0.044044,0.035767,0.020101,0.023648,0.020396,0.011824,0.009163,0.015371,0.011233,0.018918,0.008868,0.032811,0.030446,0.015667,0.023943,0.026012,0.079811,0.066805,0.221526,0.000886,0.002248,0.00327,0.003065,0.003065,0.003747,0.004496,0.006676,0.005722,0.008583,0.008924,0.013828,0.010899,0.016689,0.022003,0.033447,0.085831,0.095163,0.040736,0.033992,0.021526,0.019891,0.017984,0.018392,0.011172,0.012125,0.014169,0.013965,0.016826,0.013079,0.017507,0.017779,0.025068,0.04203,0.113692,0.100798,0.150458,0.144546,0.14159,0.101094,0.065622,0.057641,0.049956,0.035767,0.021578,0.025421,0.02217,0.018623,0.010346,0.011528,0.007094,0.007981,0.005321,0.005616,0.002956,0.000591,0.002069,0.002069,0.001182,0.000887,0.000591,0.000591,0.000591,0.0,0.0,0.000296,0.000887,0.000591,0.0,0.000296,0.0,0.0,0.0,0.0,0.003252
Zone_DH609,0.058239,0.020701,0.018493,0.012421,0.013249,0.012145,0.007728,0.008832,0.009937,0.008832,0.012697,0.023461,0.019597,0.013249,0.023737,0.034778,0.088877,0.10875,0.060999,0.032018,0.011593,0.012421,0.006624,0.011317,0.008004,0.010213,0.010765,0.011041,0.007176,0.016837,0.018493,0.012145,0.025117,0.03257,0.093845,0.123102,0.208147,0.001027,0.002115,0.001874,0.002901,0.003203,0.004049,0.00411,0.004835,0.005923,0.005862,0.006648,0.009791,0.007494,0.015412,0.019582,0.038136,0.11054,0.12154,0.041641,0.026109,0.020005,0.015714,0.016258,0.015291,0.00973,0.010033,0.010758,0.00961,0.013598,0.011604,0.012934,0.018252,0.024417,0.040856,0.130001,0.120894,0.129451,0.15236,0.118962,0.091913,0.069556,0.073696,0.056859,0.038918,0.021529,0.025945,0.022081,0.016837,0.010489,0.009384,0.008004,0.007452,0.003312,0.00414,0.003312,0.002484,0.001932,0.000552,0.001104,0.001656,0.000552,0.000552,0.000552,0.0,0.000552,0.000276,0.000828,0.000552,0.000552,0.000276,0.0,0.0,0.0,0.0,0.002484
Zone_DH610,0.083924,0.049901,0.024383,0.018146,0.009356,0.011625,0.007088,0.004536,0.005671,0.006238,0.008222,0.011625,0.012475,0.007088,0.021265,0.032606,0.090729,0.091296,0.078253,0.05869,0.018146,0.018996,0.009356,0.009923,0.010207,0.011058,0.008222,0.006805,0.00482,0.006521,0.009073,0.010491,0.015594,0.030621,0.085342,0.11171,0.202555,0.001507,0.001145,0.001507,0.002049,0.002953,0.00446,0.004219,0.00458,0.004821,0.004399,0.00675,0.008377,0.006991,0.014404,0.023142,0.040198,0.121738,0.131983,0.039474,0.027602,0.017417,0.01133,0.01368,0.013078,0.009221,0.008919,0.010607,0.008136,0.009643,0.008256,0.009884,0.017839,0.022118,0.04062,0.144398,0.094982,0.103487,0.144882,0.107457,0.104054,0.090445,0.077686,0.060675,0.054154,0.027786,0.030621,0.021832,0.02013,0.011908,0.011908,0.007372,0.008506,0.002268,0.002835,0.003119,0.002268,0.002268,0.001134,0.001985,0.000851,0.000567,0.000567,0.0,0.000567,0.000567,0.0,0.0,0.0,0.001134,0.0,0.0,0.0,0.0,0.0,0.001985
Zone_DH611,0.08,0.07232,0.04992,0.03392,0.01344,0.0112,0.00768,0.0032,0.00704,0.00384,0.0048,0.00704,0.01312,0.01248,0.01568,0.03072,0.07168,0.06464,0.06912,0.08864,0.04352,0.0288,0.0128,0.01216,0.00864,0.0064,0.008,0.00736,0.00544,0.00704,0.00896,0.00992,0.01632,0.02752,0.0608,0.07584,0.203739,0.001443,0.001512,0.000962,0.00165,0.00165,0.003024,0.00275,0.003506,0.003024,0.003299,0.006461,0.006599,0.005774,0.016085,0.021378,0.040762,0.135964,0.138919,0.047704,0.021515,0.019247,0.010723,0.011617,0.010036,0.007767,0.006393,0.00818,0.007149,0.008867,0.006805,0.00763,0.016703,0.016772,0.036844,0.157547,0.07616,0.1008,0.12672,0.11552,0.12448,0.10528,0.07456,0.0544,0.04608,0.03424,0.03552,0.01984,0.01888,0.01024,0.0096,0.00608,0.008,0.0064,0.00448,0.00384,0.00064,0.00256,0.00096,0.00416,0.00192,0.00256,0.00192,0.0,0.00064,0.00128,0.0,0.0,0.0,0.00064,0.0,0.0,0.0,0.0,0.0,0.0016
Zone_DH612,0.079734,0.074988,0.081633,0.05458,0.01234,0.013764,0.01234,0.009492,0.008543,0.002848,0.008543,0.004746,0.011391,0.015662,0.005695,0.018035,0.031324,0.048885,0.07309,0.110109,0.061699,0.038443,0.018035,0.013289,0.013764,0.008543,0.009492,0.010916,0.006645,0.007594,0.006645,0.007119,0.009967,0.021832,0.031799,0.056478,0.205682,0.001572,0.001258,0.001887,0.001258,0.004088,0.004403,0.003459,0.004927,0.003564,0.003355,0.005242,0.008387,0.005451,0.017402,0.02212,0.038474,0.129993,0.133033,0.05315,0.019184,0.01887,0.009435,0.011741,0.00954,0.010693,0.009854,0.010169,0.008282,0.008806,0.007338,0.007548,0.018346,0.013838,0.028934,0.158717,0.067394,0.090176,0.078785,0.108685,0.129093,0.091599,0.072615,0.055529,0.046037,0.047461,0.043189,0.03085,0.028477,0.017086,0.013289,0.009492,0.009018,0.008543,0.010441,0.007119,0.002373,0.005221,0.003322,0.004746,0.001898,0.002848,0.001898,0.0,0.000949,0.000949,0.002848,0.000949,0.000475,0.000949,0.0,0.0,0.0,0.0,0.0,0.005695
Zone_DH613,0.102029,0.051014,0.067246,0.045217,0.011594,0.010435,0.015652,0.018551,0.008696,0.011594,0.009275,0.009855,0.012174,0.006957,0.004058,0.017391,0.022609,0.066087,0.107246,0.071304,0.056812,0.031304,0.03942,0.014493,0.009855,0.006377,0.008116,0.010435,0.004638,0.011594,0.006377,0.012174,0.005797,0.021449,0.026667,0.065507,0.210012,0.002245,0.00251,0.003038,0.002906,0.004095,0.006604,0.005812,0.006076,0.004359,0.00383,0.007529,0.010831,0.00634,0.018624,0.022718,0.03236,0.11161,0.113459,0.049927,0.022718,0.019416,0.010435,0.015718,0.012548,0.010699,0.014001,0.013472,0.009114,0.011227,0.011491,0.012812,0.020869,0.020737,0.029983,0.139876,0.044058,0.101449,0.075362,0.108406,0.154203,0.089275,0.065507,0.048116,0.041159,0.030145,0.034203,0.032464,0.026087,0.023768,0.016812,0.009855,0.004638,0.009275,0.013913,0.011014,0.007536,0.004058,0.006957,0.003478,0.001159,0.006377,0.002319,0.001159,0.00058,0.001159,0.004058,0.001159,0.001159,0.001159,0.001739,0.001159,0.001739,0.00058,0.0,0.012754
Zone_DH614,0.096417,0.100977,0.059283,0.018893,0.018893,0.018241,0.016287,0.023453,0.00456,0.011726,0.007818,0.010423,0.012378,0.005212,0.008469,0.020195,0.029316,0.040391,0.089902,0.095765,0.047557,0.038436,0.05342,0.014332,0.012378,0.010423,0.007818,0.014332,0.003257,0.009772,0.006515,0.013029,0.003257,0.013029,0.028664,0.035179,0.208272,0.003261,0.002668,0.004595,0.003409,0.004002,0.008598,0.007412,0.006226,0.005485,0.005188,0.006819,0.011414,0.012155,0.020012,0.026534,0.024755,0.110288,0.113993,0.033205,0.025793,0.017344,0.014379,0.015565,0.011414,0.01008,0.013193,0.013193,0.011562,0.012452,0.011118,0.012452,0.019419,0.025793,0.029499,0.138452,0.049511,0.092508,0.086645,0.135505,0.135505,0.076873,0.054723,0.041042,0.045603,0.02671,0.035831,0.033876,0.035179,0.026059,0.020847,0.005863,0.005212,0.005212,0.014984,0.009121,0.007166,0.003909,0.00456,0.003257,0.003909,0.007818,0.00456,0.002606,0.001303,0.001303,0.002606,0.0,0.000651,0.000651,0.001954,0.001954,0.003257,0.000651,0.0,0.011075
Zone_DH615,0.02616,0.138397,0.063291,0.018565,0.017722,0.016878,0.021097,0.020253,0.012658,0.007595,0.011814,0.008439,0.014346,0.011814,0.016034,0.027004,0.036287,0.039662,0.023629,0.134177,0.033755,0.052321,0.050633,0.018565,0.017722,0.014346,0.003376,0.010127,0.002532,0.005907,0.008439,0.011814,0.003376,0.019409,0.028692,0.053165,0.201948,0.005145,0.003491,0.005696,0.002573,0.004226,0.008453,0.005696,0.010658,0.005696,0.004961,0.005513,0.009188,0.015252,0.014333,0.025726,0.028666,0.115766,0.125138,0.022418,0.027931,0.017089,0.014149,0.014333,0.007166,0.009555,0.008085,0.009739,0.010474,0.00882,0.005513,0.011944,0.019846,0.024072,0.032157,0.158581,0.055696,0.070042,0.096203,0.192405,0.081857,0.058228,0.050633,0.042194,0.036287,0.023629,0.03038,0.02616,0.035443,0.032068,0.025316,0.01519,0.023629,0.006751,0.007595,0.006751,0.002532,0.005907,0.004219,0.005063,0.005907,0.009283,0.009283,0.001688,0.002532,0.001688,0.003376,0.000844,0.0,0.000844,0.001688,0.002532,0.001688,0.000844,0.0,0.023629
Zone_DH616,0.025794,0.137897,0.029762,0.013889,0.018849,0.013889,0.02877,0.022817,0.016865,0.00496,0.006944,0.003968,0.015873,0.009921,0.009921,0.015873,0.025794,0.050595,0.021825,0.136905,0.016865,0.059524,0.021825,0.020833,0.031746,0.040675,0.011905,0.014881,0.011905,0.009921,0.010913,0.013889,0.005952,0.014881,0.035714,0.06746,0.19974,0.00325,0.00325,0.005199,0.002816,0.004333,0.006282,0.004333,0.009315,0.007799,0.006716,0.006282,0.005633,0.015598,0.014515,0.031196,0.027946,0.110052,0.126083,0.020364,0.032712,0.017764,0.014948,0.013215,0.008016,0.009099,0.008882,0.015815,0.012998,0.011915,0.009315,0.011698,0.017764,0.018631,0.034879,0.151646,0.035714,0.071429,0.092262,0.156746,0.079365,0.065476,0.060516,0.034722,0.053571,0.041667,0.032738,0.021825,0.030754,0.029762,0.022817,0.017857,0.032738,0.009921,0.010913,0.008929,0.009921,0.000992,0.005952,0.006944,0.008929,0.009921,0.003968,0.001984,0.003968,0.0,0.001984,0.000992,0.001984,0.0,0.001984,0.000992,0.0,0.0,0.001984,0.027778
Zone_DH617,0.039413,0.046746,0.025665,0.021998,0.023831,0.019248,0.051329,0.035747,0.017415,0.011916,0.003666,0.009166,0.018332,0.009166,0.016499,0.025665,0.027498,0.046746,0.032997,0.050412,0.021082,0.030247,0.022915,0.022915,0.064161,0.071494,0.016499,0.013749,0.019248,0.014665,0.014665,0.016499,0.010999,0.021082,0.042163,0.064161,0.221463,0.001543,0.001983,0.005289,0.003746,0.005289,0.004187,0.006611,0.010137,0.0119,0.008153,0.008374,0.009476,0.017409,0.016307,0.028647,0.025342,0.077347,0.075143,0.040106,0.032834,0.02446,0.026223,0.013662,0.012781,0.014985,0.01234,0.021816,0.020273,0.01807,0.022036,0.013662,0.02446,0.023799,0.047598,0.092552,0.049496,0.076077,0.089826,0.096242,0.114574,0.068744,0.084326,0.053162,0.065078,0.03483,0.036664,0.022915,0.028414,0.019248,0.021998,0.021998,0.018332,0.010999,0.011916,0.006416,0.009166,0.004583,0.001833,0.008249,0.004583,0.004583,0.00275,0.0,0.001833,0.0,0.001833,0.000917,0.001833,0.0,0.001833,0.001833,0.0,0.0,0.003666,0.019248
Zone_DH618,0.076831,0.05042,0.031212,0.028812,0.026411,0.016807,0.036014,0.02581,0.013806,0.012605,0.003001,0.006002,0.012005,0.016206,0.014406,0.02401,0.026411,0.046218,0.082833,0.047419,0.033013,0.037215,0.027011,0.014406,0.040216,0.052221,0.006603,0.013205,0.015006,0.015606,0.015606,0.010804,0.009604,0.016206,0.032413,0.063625,0.218197,0.000811,0.001757,0.004191,0.000541,0.003109,0.002974,0.003921,0.007706,0.010004,0.004191,0.009734,0.008923,0.012167,0.020278,0.030553,0.032581,0.086116,0.084629,0.043937,0.038394,0.026632,0.022306,0.011221,0.013654,0.013519,0.009869,0.015817,0.012978,0.013925,0.016764,0.012978,0.023253,0.029201,0.045559,0.107611,0.04922,0.069628,0.090636,0.088235,0.146459,0.077431,0.079232,0.069028,0.057623,0.042617,0.035414,0.031212,0.028211,0.02401,0.013806,0.016206,0.013806,0.008403,0.009604,0.007803,0.006002,0.002401,0.006603,0.005402,0.003001,0.0012,0.0006,0.0,0.0,0.0012,0.0,0.001801,0.0012,0.0,0.0,0.0006,0.0,0.0012,0.0012,0.009004
Zone_DH619,0.123918,0.059524,0.04329,0.035714,0.028139,0.014069,0.011905,0.010823,0.010823,0.00974,0.005411,0.003788,0.008658,0.011905,0.006494,0.021645,0.028139,0.049784,0.128788,0.051948,0.045455,0.046537,0.03355,0.022727,0.020563,0.010823,0.002165,0.007576,0.009199,0.008117,0.006494,0.008658,0.00974,0.011905,0.02868,0.063312,0.217761,0.000472,0.000945,0.00307,0.001417,0.002362,0.001417,0.002362,0.004724,0.006141,0.00496,0.00803,0.008975,0.010392,0.019367,0.033774,0.038026,0.094001,0.096127,0.045347,0.039206,0.029995,0.01795,0.010392,0.011809,0.012282,0.007558,0.00992,0.008739,0.010038,0.013462,0.012282,0.02598,0.033774,0.049244,0.1077,0.036797,0.060065,0.084416,0.104978,0.146104,0.089286,0.079004,0.061688,0.062229,0.054654,0.039502,0.026515,0.028139,0.026515,0.015693,0.021645,0.00974,0.012987,0.007576,0.006494,0.004329,0.002165,0.005411,0.002165,0.001082,0.003247,0.0,0.001082,0.0,0.002165,0.001082,0.002165,0.0,0.0,0.0,0.0,0.0,0.001082,0.0,0.0
Zone_DH620,0.140379,0.074797,0.047696,0.039024,0.024932,0.01084,0.015176,0.009756,0.006504,0.011924,0.007588,0.005962,0.01084,0.013008,0.008672,0.019512,0.031436,0.055285,0.096477,0.062873,0.047696,0.056369,0.022764,0.020596,0.011924,0.004336,0.003252,0.006504,0.00813,0.007046,0.007588,0.014092,0.015176,0.013008,0.02439,0.044444,0.221235,0.001081,0.0,0.003123,0.002402,0.003363,0.003363,0.002883,0.003363,0.008648,0.006966,0.006966,0.009128,0.009608,0.014893,0.036032,0.043959,0.086476,0.094403,0.043959,0.03459,0.028585,0.019217,0.012491,0.013452,0.01105,0.009128,0.01105,0.009368,0.006846,0.01129,0.017776,0.027865,0.03387,0.047682,0.103891,0.03794,0.094851,0.120867,0.119783,0.123577,0.105691,0.067751,0.056369,0.036856,0.043902,0.033062,0.01626,0.023848,0.024932,0.015718,0.01626,0.006504,0.013008,0.007588,0.00271,0.00542,0.002168,0.00542,0.002168,0.0,0.003252,0.0,0.001084,0.001084,0.002168,0.002168,0.001084,0.0,0.0,0.0,0.0,0.001084,0.0,0.0,0.00542
Zone_DH621,0.09177,0.084073,0.053286,0.042629,0.028419,0.017762,0.023683,0.01421,0.008289,0.011841,0.005921,0.006513,0.011841,0.008289,0.01421,0.01421,0.030787,0.048549,0.071048,0.072232,0.058022,0.056838,0.031972,0.017762,0.016578,0.004737,0.007105,0.008289,0.005921,0.004737,0.011841,0.013025,0.010657,0.018946,0.029011,0.044997,0.217358,0.000509,0.001527,0.002545,0.002036,0.004072,0.004581,0.004072,0.002036,0.009163,0.007126,0.007636,0.011708,0.016289,0.019852,0.038687,0.046577,0.066684,0.07941,0.046322,0.036142,0.025706,0.023925,0.017816,0.018834,0.010181,0.013744,0.011199,0.010181,0.011708,0.015017,0.020361,0.029015,0.035123,0.053067,0.079791,0.033156,0.105388,0.12611,0.12315,0.10302,0.111901,0.062167,0.053286,0.03434,0.044405,0.03434,0.027235,0.016578,0.029603,0.014802,0.016578,0.004737,0.013025,0.005921,0.003552,0.008289,0.002368,0.003552,0.002368,0.002368,0.002368,0.0,0.0,0.002368,0.0,0.003552,0.0,0.0,0.0,0.0,0.0,0.001184,0.0,0.0,0.008289
Zone_DH622,0.082524,0.080906,0.05178,0.036408,0.02589,0.025081,0.020227,0.020227,0.012945,0.012945,0.004045,0.006472,0.011327,0.006472,0.017799,0.016181,0.048544,0.056634,0.054207,0.070388,0.048544,0.053398,0.035599,0.01699,0.022654,0.009709,0.008091,0.008091,0.003236,0.009709,0.016181,0.006472,0.001618,0.016181,0.028317,0.054207,0.218564,0.001576,0.004203,0.003678,0.002277,0.003853,0.004028,0.003152,0.004553,0.008056,0.004203,0.007706,0.013135,0.015937,0.023117,0.039229,0.048336,0.069702,0.073555,0.038529,0.032399,0.022417,0.028897,0.014536,0.017863,0.012084,0.010508,0.009807,0.014361,0.014361,0.015061,0.021191,0.025744,0.035727,0.050088,0.087566,0.033172,0.097087,0.12945,0.093851,0.105987,0.098706,0.050971,0.050971,0.043689,0.049353,0.035599,0.031553,0.02589,0.027508,0.016181,0.012945,0.0089,0.012945,0.004045,0.005663,0.008091,0.003236,0.003236,0.005663,0.006472,0.001618,0.001618,0.003236,0.001618,0.0,0.004854,0.0,0.0,0.003236,0.0,0.001618,0.001618,0.001618,0.001618,0.016181
Zone_DH623,0.062927,0.049248,0.049248,0.0342,0.02052,0.016416,0.021888,0.031464,0.019152,0.021888,0.004104,0.0,0.008208,0.010944,0.021888,0.02736,0.046512,0.086183,0.043776,0.057456,0.035568,0.035568,0.043776,0.02736,0.02736,0.008208,0.002736,0.008208,0.002736,0.010944,0.021888,0.008208,0.002736,0.019152,0.045144,0.067031,0.233982,0.002869,0.0051,0.000319,0.001594,0.003188,0.006057,0.007013,0.005738,0.004463,0.006376,0.008926,0.010201,0.014026,0.029327,0.033153,0.047179,0.068218,0.071406,0.028052,0.026777,0.013389,0.034428,0.014664,0.014664,0.019764,0.010201,0.006376,0.019764,0.015939,0.012113,0.030602,0.026458,0.03379,0.045904,0.087982,0.031464,0.068399,0.093023,0.050616,0.098495,0.084815,0.058824,0.060192,0.062927,0.053352,0.036936,0.023256,0.036936,0.025992,0.02736,0.024624,0.016416,0.019152,0.009576,0.004104,0.01368,0.008208,0.008208,0.012312,0.008208,0.002736,0.005472,0.008208,0.002736,0.0,0.005472,0.002736,0.0,0.005472,0.002736,0.002736,0.002736,0.002736,0.002736,0.016416
Zone_DH624,0.037344,0.045643,0.045643,0.045643,0.033195,0.004149,0.029046,0.020747,0.020747,0.029046,0.004149,0.004149,0.012448,0.016598,0.020747,0.033195,0.058091,0.070539,0.045643,0.049793,0.041494,0.037344,0.049793,0.024896,0.016598,0.012448,0.004149,0.016598,0.004149,0.008299,0.016598,0.008299,0.004149,0.012448,0.058091,0.058091,0.240506,0.001947,0.001947,0.0,0.003895,0.001947,0.005842,0.009737,0.003895,0.005842,0.005842,0.015579,0.015579,0.021422,0.025316,0.023369,0.038948,0.066212,0.072055,0.035054,0.031159,0.031159,0.025316,0.017527,0.015579,0.017527,0.011685,0.003895,0.011685,0.017527,0.011685,0.025316,0.021422,0.033106,0.044791,0.085686,0.06639,0.053942,0.103734,0.049793,0.062241,0.074689,0.074689,0.06639,0.070539,0.037344,0.062241,0.024896,0.033195,0.004149,0.029046,0.029046,0.020747,0.012448,0.004149,0.008299,0.012448,0.008299,0.004149,0.016598,0.004149,0.0,0.004149,0.016598,0.0,0.0,0.004149,0.008299,0.0,0.004149,0.004149,0.0,0.0,0.004149,0.0,0.020747
Zone_DH625,0.047619,0.054945,0.029304,0.03663,0.029304,0.010989,0.025641,0.007326,0.007326,0.0,0.007326,0.014652,0.014652,0.018315,0.014652,0.051282,0.14652,0.051282,0.047619,0.047619,0.021978,0.014652,0.018315,0.007326,0.010989,0.003663,0.007326,0.014652,0.0,0.007326,0.010989,0.007326,0.003663,0.025641,0.087912,0.095238,0.223193,0.003177,0.004766,0.003177,0.001589,0.004766,0.001589,0.003177,0.001589,0.009531,0.001589,0.014297,0.015886,0.01112,0.01112,0.02224,0.054011,0.085782,0.098491,0.042891,0.028594,0.028594,0.007943,0.012708,0.015886,0.017474,0.007943,0.006354,0.014297,0.009531,0.006354,0.015886,0.017474,0.031771,0.042891,0.122319,0.117216,0.095238,0.106227,0.084249,0.047619,0.047619,0.087912,0.043956,0.032967,0.047619,0.040293,0.007326,0.029304,0.029304,0.021978,0.014652,0.010989,0.003663,0.010989,0.007326,0.007326,0.010989,0.007326,0.010989,0.0,0.0,0.014652,0.003663,0.007326,0.0,0.003663,0.003663,0.003663,0.0,0.003663,0.003663,0.003663,0.0,0.0,0.029304
Zone_DH626,0.065217,0.065217,0.054348,0.016304,0.032609,0.027174,0.016304,0.005435,0.0,0.0,0.005435,0.01087,0.005435,0.0,0.027174,0.027174,0.103261,0.081522,0.065217,0.059783,0.038043,0.005435,0.01087,0.005435,0.016304,0.005435,0.027174,0.0,0.005435,0.005435,0.01087,0.016304,0.005435,0.032609,0.059783,0.086957,0.228155,0.002427,0.002427,0.002427,0.0,0.002427,0.004854,0.007282,0.009709,0.009709,0.004854,0.012136,0.012136,0.01699,0.01699,0.026699,0.041262,0.075243,0.067961,0.038835,0.041262,0.024272,0.012136,0.01699,0.01699,0.026699,0.01699,0.009709,0.012136,0.009709,0.014563,0.014563,0.026699,0.029126,0.046117,0.099515,0.070652,0.065217,0.065217,0.086957,0.070652,0.043478,0.059783,0.032609,0.021739,0.059783,0.016304,0.032609,0.027174,0.043478,0.021739,0.021739,0.0,0.016304,0.027174,0.01087,0.021739,0.01087,0.027174,0.016304,0.0,0.005435,0.027174,0.005435,0.016304,0.0,0.0,0.01087,0.005435,0.0,0.005435,0.01087,0.005435,0.0,0.0,0.038043
Zone_DH627,0.071942,0.064748,0.071942,0.014388,0.021583,0.035971,0.014388,0.0,0.007194,0.0,0.0,0.0,0.0,0.014388,0.035971,0.05036,0.071942,0.100719,0.064748,0.035971,0.064748,0.007194,0.014388,0.014388,0.007194,0.014388,0.021583,0.0,0.007194,0.0,0.007194,0.028777,0.035971,0.028777,0.028777,0.043165,0.234043,0.0,0.0,0.006547,0.0,0.003273,0.003273,0.00982,0.013093,0.0,0.006547,0.006547,0.006547,0.016367,0.036007,0.026187,0.032733,0.05892,0.065466,0.052373,0.045827,0.02946,0.022913,0.022913,0.01964,0.013093,0.016367,0.003273,0.006547,0.006547,0.013093,0.01964,0.03928,0.03928,0.052373,0.072013,0.021583,0.014388,0.05036,0.093525,0.057554,0.057554,0.035971,0.064748,0.021583,0.071942,0.014388,0.05036,0.014388,0.021583,0.028777,0.035971,0.021583,0.021583,0.021583,0.007194,0.021583,0.014388,0.021583,0.007194,0.007194,0.014388,0.014388,0.007194,0.021583,0.007194,0.028777,0.014388,0.007194,0.0,0.007194,0.007194,0.0,0.007194,0.007194,0.057554
Zone_DH628,0.125,0.097222,0.055556,0.013889,0.027778,0.013889,0.0,0.0,0.013889,0.0,0.0,0.0,0.0,0.0,0.013889,0.027778,0.097222,0.083333,0.027778,0.041667,0.083333,0.013889,0.0,0.013889,0.0,0.013889,0.0,0.0,0.0,0.0,0.013889,0.013889,0.027778,0.083333,0.041667,0.055556,0.23127,0.0,0.0,0.009772,0.0,0.006515,0.0,0.0,0.006515,0.0,0.0,0.006515,0.0,0.006515,0.032573,0.032573,0.032573,0.052117,0.074919,0.071661,0.045603,0.026059,0.019544,0.039088,0.013029,0.006515,0.006515,0.0,0.0,0.006515,0.006515,0.026059,0.058632,0.045603,0.065147,0.071661,0.013889,0.013889,0.055556,0.069444,0.013889,0.027778,0.055556,0.069444,0.0,0.069444,0.041667,0.027778,0.0,0.027778,0.041667,0.013889,0.055556,0.013889,0.027778,0.013889,0.0,0.013889,0.027778,0.013889,0.013889,0.013889,0.0,0.0,0.013889,0.013889,0.055556,0.013889,0.013889,0.0,0.013889,0.013889,0.0,0.013889,0.013889,0.097222
Zone_DH630,0.034483,0.045977,0.068966,0.034483,0.022989,0.011494,0.022989,0.0,0.011494,0.011494,0.0,0.022989,0.0,0.0,0.022989,0.034483,0.034483,0.022989,0.057471,0.114943,0.068966,0.045977,0.034483,0.0,0.045977,0.011494,0.0,0.0,0.011494,0.045977,0.0,0.022989,0.034483,0.0,0.0,0.103448,0.257294,0.01061,0.005305,0.005305,0.0,0.005305,0.0,0.01061,0.005305,0.005305,0.005305,0.01061,0.015915,0.03183,0.01061,0.015915,0.05305,0.037135,0.06366,0.03183,0.05305,0.026525,0.005305,0.0,0.02122,0.02122,0.005305,0.02122,0.015915,0.015915,0.01061,0.015915,0.005305,0.05305,0.074271,0.074271,0.022989,0.045977,0.068966,0.091954,0.057471,0.034483,0.114943,0.057471,0.068966,0.011494,0.045977,0.057471,0.011494,0.011494,0.034483,0.022989,0.011494,0.034483,0.022989,0.011494,0.0,0.0,0.011494,0.011494,0.022989,0.0,0.0,0.011494,0.0,0.011494,0.011494,0.011494,0.022989,0.011494,0.0,0.0,0.0,0.0,0.0,0.034483
Zone_DH631,0.069204,0.038062,0.024221,0.020761,0.00692,0.010381,0.00692,0.0,0.00346,0.00692,0.0,0.020761,0.0,0.013841,0.013841,0.027682,0.034602,0.134948,0.062284,0.062284,0.051903,0.027682,0.013841,0.00346,0.020761,0.010381,0.00692,0.010381,0.00692,0.020761,0.013841,0.010381,0.017301,0.017301,0.020761,0.190311,0.223947,0.002956,0.005913,0.001478,0.0,0.002956,0.004435,0.004435,0.004435,0.002956,0.007391,0.010347,0.01626,0.023651,0.008869,0.017738,0.028086,0.103474,0.121212,0.026608,0.023651,0.023651,0.011826,0.010347,0.011826,0.011826,0.005913,0.011826,0.008869,0.010347,0.014782,0.011826,0.01626,0.031042,0.036955,0.141907,0.017301,0.069204,0.062284,0.15917,0.058824,0.027682,0.055363,0.055363,0.048443,0.024221,0.044983,0.031142,0.010381,0.013841,0.027682,0.020761,0.017301,0.027682,0.027682,0.010381,0.010381,0.024221,0.017301,0.013841,0.013841,0.00346,0.00346,0.010381,0.00346,0.013841,0.041522,0.00346,0.013841,0.00346,0.0,0.0,0.0,0.0,0.00346,0.010381
Zone_DH632,0.090573,0.02403,0.020333,0.022181,0.020333,0.005545,0.014787,0.005545,0.009242,0.007394,0.007394,0.012939,0.001848,0.009242,0.007394,0.020333,0.03512,0.181146,0.086876,0.038817,0.029575,0.014787,0.011091,0.005545,0.007394,0.001848,0.020333,0.020333,0.005545,0.005545,0.011091,0.011091,0.007394,0.014787,0.018484,0.194085,0.202218,0.0,0.003697,0.002218,0.002957,0.003697,0.003697,0.002218,0.005915,0.012569,0.008872,0.009612,0.010351,0.014787,0.006654,0.017745,0.02366,0.131608,0.127172,0.032532,0.018484,0.014048,0.013309,0.014787,0.008133,0.008872,0.017006,0.007394,0.005915,0.009612,0.014787,0.012569,0.014787,0.016266,0.031793,0.170055,0.027726,0.060998,0.096118,0.140481,0.099815,0.040665,0.048059,0.046211,0.049908,0.033272,0.038817,0.022181,0.014787,0.014787,0.027726,0.02403,0.009242,0.016636,0.018484,0.011091,0.012939,0.020333,0.009242,0.02403,0.007394,0.005545,0.016636,0.009242,0.001848,0.009242,0.02403,0.005545,0.005545,0.001848,0.0,0.0,0.0,0.0,0.001848,0.003697
Zone_DH633,0.078125,0.015625,0.022727,0.022727,0.022727,0.014915,0.017045,0.008523,0.026278,0.015625,0.012784,0.008523,0.005682,0.004261,0.005682,0.015625,0.02983,0.15625,0.079545,0.028409,0.021307,0.014205,0.022727,0.009943,0.007102,0.015625,0.039773,0.022727,0.012784,0.007102,0.002841,0.008523,0.009943,0.014205,0.021307,0.178977,0.201206,0.0,0.001722,0.002296,0.003157,0.004018,0.004018,0.004018,0.004592,0.012629,0.009759,0.009759,0.009759,0.010907,0.006602,0.023823,0.027268,0.128875,0.123421,0.035878,0.028703,0.013203,0.011481,0.016648,0.008611,0.010333,0.014925,0.007463,0.004592,0.009759,0.012629,0.011194,0.009185,0.013921,0.03229,0.171355,0.035511,0.071733,0.106534,0.143466,0.099432,0.052557,0.068182,0.044034,0.055398,0.038352,0.03125,0.018466,0.021307,0.019886,0.025568,0.017045,0.007102,0.019886,0.012784,0.007102,0.008523,0.009943,0.005682,0.015625,0.005682,0.002841,0.017045,0.002841,0.00142,0.004261,0.018466,0.005682,0.0,0.00142,0.00071,0.0,0.0,0.0,0.0,0.004261
Zone_DH634,0.08346,0.024785,0.027314,0.017198,0.028326,0.020738,0.019727,0.025291,0.041983,0.018209,0.01568,0.008599,0.00607,0.008599,0.011128,0.02782,0.032878,0.078907,0.069803,0.037936,0.025291,0.010116,0.019221,0.014163,0.016692,0.03389,0.047041,0.01568,0.014163,0.013151,0.015175,0.004047,0.013151,0.020233,0.039454,0.094082,0.204355,0.000319,0.002443,0.00308,0.00308,0.005523,0.005098,0.004567,0.005629,0.010303,0.010303,0.01179,0.010409,0.013277,0.013383,0.026978,0.039618,0.092512,0.0906,0.044079,0.034307,0.020712,0.01572,0.017419,0.013595,0.011896,0.017207,0.009772,0.012533,0.009984,0.011683,0.015189,0.013277,0.020181,0.039299,0.139883,0.062721,0.095599,0.158321,0.12089,0.088518,0.074861,0.086495,0.053111,0.050076,0.03743,0.023773,0.017198,0.018715,0.012645,0.020233,0.010622,0.005058,0.011634,0.007587,0.00607,0.005564,0.004047,0.001012,0.008093,0.002023,0.0,0.00607,0.001012,0.001012,0.0,0.003035,0.001012,0.0,0.0,0.001517,0.0,0.0,0.0,0.0,0.004047
Zone_DH635,0.079675,0.053486,0.033198,0.021394,0.026558,0.016599,0.014386,0.017706,0.021763,0.015124,0.010697,0.008853,0.008853,0.011435,0.013648,0.031354,0.031723,0.072667,0.075618,0.059388,0.028772,0.023239,0.021394,0.019181,0.015124,0.023239,0.029141,0.010697,0.011804,0.008853,0.018075,0.005902,0.015492,0.020657,0.036149,0.088159,0.20992,0.0016,0.00184,0.0024,0.00216,0.00456,0.00392,0.00544,0.00432,0.00768,0.00792,0.01088,0.0104,0.01344,0.01616,0.0264,0.04264,0.07968,0.09112,0.05048,0.03512,0.02144,0.01896,0.01968,0.01376,0.01336,0.01304,0.0116,0.01136,0.01192,0.01128,0.01616,0.0204,0.02456,0.04624,0.11816,0.081151,0.132055,0.166728,0.12689,0.087422,0.082995,0.073774,0.051273,0.037624,0.038731,0.020288,0.019181,0.016599,0.008115,0.009591,0.004795,0.004426,0.006271,0.004795,0.002951,0.004426,0.001475,0.000738,0.003689,0.000738,0.000738,0.000738,0.000738,0.000738,0.000369,0.001844,0.0,0.0,0.000369,0.001107,0.0,0.0,0.000738,0.0,0.005902
Zone_DH636,0.088668,0.057618,0.033931,0.021447,0.022087,0.012804,0.008643,0.012484,0.016005,0.010243,0.012164,0.013444,0.016645,0.017926,0.021447,0.027849,0.03105,0.070423,0.085147,0.060179,0.02977,0.020166,0.016005,0.022727,0.012804,0.012484,0.014405,0.012804,0.014085,0.012164,0.024328,0.012804,0.021127,0.025288,0.03137,0.077465,0.206043,0.001722,0.001005,0.001794,0.001938,0.003588,0.001938,0.004162,0.005526,0.005813,0.006028,0.007966,0.01055,0.01586,0.021745,0.029496,0.044137,0.079518,0.08124,0.051313,0.039185,0.027343,0.020454,0.02031,0.015645,0.013707,0.015071,0.012775,0.007894,0.01299,0.012272,0.011985,0.024329,0.028204,0.050022,0.10643,0.09347,0.119398,0.15525,0.128361,0.088988,0.088028,0.074584,0.045134,0.047695,0.034891,0.022087,0.019846,0.016645,0.010563,0.013124,0.005442,0.002881,0.005442,0.005122,0.005122,0.002561,0.00032,0.001921,0.001921,0.00064,0.002881,0.00032,0.00064,0.00064,0.00032,0.00032,0.00032,0.00064,0.00032,0.0,0.0,0.00032,0.0,0.0,0.003841
Zone_DH637,0.090939,0.061059,0.037025,0.023709,0.016889,0.01494,0.010068,0.006171,0.007145,0.008444,0.010068,0.012017,0.021436,0.018513,0.02176,0.028905,0.039948,0.077947,0.086392,0.058461,0.026632,0.019487,0.013641,0.023059,0.009419,0.006496,0.007145,0.011367,0.012991,0.011367,0.023059,0.015914,0.021111,0.02241,0.037025,0.087041,0.204267,0.002379,0.002156,0.001412,0.002602,0.002081,0.003345,0.00275,0.00446,0.00394,0.003791,0.006021,0.011224,0.014792,0.01955,0.02951,0.049431,0.090909,0.085631,0.04958,0.041775,0.024604,0.018658,0.019178,0.0139,0.012116,0.013306,0.01115,0.006095,0.010778,0.011893,0.012339,0.022151,0.028544,0.045343,0.118338,0.084443,0.111725,0.131211,0.133485,0.094836,0.092887,0.075024,0.049691,0.060409,0.026307,0.02923,0.02176,0.016239,0.012342,0.013316,0.010718,0.004547,0.004872,0.004547,0.004547,0.003573,0.001624,0.001299,0.001624,0.001299,0.002273,0.00065,0.00065,0.00065,0.0,0.0,0.000325,0.00065,0.0,0.0,0.0,0.00065,0.0,0.0,0.002598
Zone_DH638,0.065634,0.052589,0.041582,0.020383,0.012638,0.013045,0.016307,0.010192,0.01916,0.018753,0.012638,0.018753,0.013453,0.013861,0.018345,0.026498,0.050958,0.068488,0.074603,0.05585,0.026498,0.024052,0.018345,0.019976,0.016307,0.010192,0.016714,0.013453,0.013861,0.030575,0.009376,0.009784,0.015491,0.01753,0.039951,0.09417,0.203987,0.002373,0.001993,0.001519,0.002658,0.002753,0.004841,0.005505,0.00598,0.00598,0.004082,0.005695,0.009018,0.014428,0.015377,0.030565,0.04841,0.099098,0.098529,0.049454,0.035596,0.020123,0.017466,0.014333,0.009682,0.009397,0.009492,0.010631,0.010252,0.01177,0.011391,0.014333,0.014333,0.027527,0.041196,0.130233,0.093355,0.103954,0.105993,0.096209,0.103139,0.1117,0.07501,0.054219,0.062373,0.020791,0.027313,0.026906,0.01916,0.013045,0.012638,0.017122,0.004077,0.008561,0.0053,0.004892,0.0053,0.003261,0.002854,0.002446,0.002446,0.0053,0.002446,0.002446,0.002038,0.001223,0.0,0.000408,0.0,0.000408,0.0,0.0,0.000815,0.0,0.000408,0.002446
Zone_DH639,0.053348,0.038593,0.042376,0.017026,0.00681,0.010216,0.012107,0.014378,0.02308,0.033674,0.021188,0.031025,0.020053,0.015134,0.013999,0.019675,0.040484,0.064321,0.075293,0.044268,0.024972,0.022701,0.011351,0.010216,0.018161,0.014378,0.03216,0.021945,0.017404,0.038971,0.017026,0.010972,0.013621,0.020431,0.036322,0.092319,0.207757,0.001565,0.002609,0.002957,0.001565,0.002,0.005305,0.005305,0.006348,0.006609,0.006348,0.009305,0.008957,0.011218,0.013306,0.026002,0.0507,0.102357,0.103052,0.047569,0.032698,0.015393,0.016088,0.014088,0.011914,0.007566,0.008175,0.010523,0.009044,0.011392,0.008783,0.015827,0.011566,0.025828,0.04009,0.140186,0.097616,0.121831,0.115021,0.096481,0.109345,0.099508,0.08059,0.058645,0.041998,0.021566,0.02989,0.02762,0.014756,0.010972,0.010972,0.014378,0.006054,0.008324,0.004162,0.003784,0.004162,0.001135,0.005297,0.004162,0.000757,0.002649,0.001513,0.00227,0.001513,0.001135,0.0,0.0,0.000757,0.000378,0.0,0.0,0.0,0.0,0.000378,0.000378
Zone_DH640,0.063567,0.037951,0.039848,0.021189,0.014548,0.017394,0.01265,0.016445,0.023087,0.029096,0.019924,0.021189,0.022138,0.018343,0.013599,0.015497,0.038583,0.061986,0.080013,0.04396,0.024668,0.025933,0.014864,0.012334,0.012334,0.01518,0.032574,0.022138,0.017394,0.029412,0.013283,0.018027,0.021505,0.027514,0.036053,0.065781,0.206614,0.001541,0.002592,0.002452,0.001541,0.001401,0.004134,0.005044,0.005535,0.008197,0.006446,0.01107,0.011,0.010439,0.017656,0.019688,0.048343,0.102361,0.111609,0.04456,0.028445,0.015344,0.015063,0.013872,0.013452,0.008478,0.009388,0.010019,0.007777,0.01121,0.01079,0.012191,0.014783,0.021509,0.038534,0.146921,0.092663,0.102783,0.14358,0.13093,0.098988,0.087603,0.080961,0.056293,0.037951,0.029728,0.024668,0.0253,0.010436,0.011701,0.01518,0.012018,0.004111,0.006641,0.003163,0.004111,0.003479,0.000633,0.005376,0.003163,0.000633,0.001265,0.000633,0.001265,0.0,0.000949,0.0,0.0,0.000949,0.000316,0.0,0.000633,0.0,0.000316,0.000316,0.001265
Zone_DH641,0.061256,0.04196,0.039204,0.026646,0.019296,0.024196,0.011332,0.013476,0.009188,0.012251,0.017458,0.01562,0.026953,0.019296,0.023583,0.030628,0.03951,0.071669,0.067688,0.04441,0.030015,0.027871,0.023583,0.009801,0.006738,0.007963,0.011026,0.016539,0.015926,0.030628,0.01072,0.022665,0.028484,0.038897,0.040123,0.0634,0.214002,0.001078,0.002493,0.003302,0.002426,0.001887,0.002763,0.005121,0.006536,0.007142,0.006671,0.009029,0.01004,0.013544,0.018934,0.019877,0.043595,0.092851,0.106866,0.040361,0.030052,0.019271,0.017519,0.01415,0.013341,0.008288,0.012533,0.010175,0.009096,0.01132,0.012129,0.013678,0.01954,0.022303,0.038205,0.139883,0.071057,0.092802,0.147626,0.150077,0.101685,0.083002,0.084227,0.063093,0.043185,0.032466,0.023583,0.020521,0.012864,0.011945,0.012864,0.008882,0.007963,0.007963,0.002757,0.005207,0.00245,0.001838,0.003675,0.000613,0.001225,0.000919,0.000306,0.001225,0.0,0.000613,0.0,0.0,0.000306,0.000306,0.0,0.000613,0.000613,0.000306,0.000306,0.000919
Zone_DH642,0.043582,0.041194,0.041493,0.024776,0.019104,0.016716,0.013731,0.011045,0.010746,0.006866,0.010448,0.024179,0.036119,0.033731,0.023881,0.042687,0.044478,0.054925,0.047761,0.03791,0.034627,0.02806,0.030746,0.009851,0.00806,0.007761,0.00806,0.010746,0.008955,0.031642,0.02,0.026567,0.04,0.047761,0.055224,0.046567,0.217437,0.000662,0.001125,0.002315,0.002249,0.001918,0.002117,0.004895,0.006417,0.005755,0.004101,0.00774,0.010253,0.011841,0.019779,0.018191,0.041212,0.101607,0.112919,0.044784,0.028643,0.019051,0.014156,0.014355,0.01151,0.006284,0.01065,0.010055,0.010187,0.012436,0.011907,0.014752,0.019514,0.022227,0.042733,0.13422,0.07194,0.109254,0.143881,0.183881,0.101493,0.07194,0.058507,0.056418,0.037612,0.025373,0.019701,0.016119,0.016716,0.01403,0.013731,0.007463,0.008358,0.007761,0.00806,0.009254,0.002985,0.001194,0.004179,0.001194,0.002985,0.003284,0.000597,0.000896,0.0,0.0,0.0,0.0,0.0,0.0,0.000299,0.0,0.000597,0.0,0.0,0.000299
Zone_DH643,0.043018,0.037024,0.034556,0.02292,0.022214,0.017983,0.013399,0.00811,0.012694,0.0067,0.014457,0.029267,0.03244,0.037024,0.021509,0.032793,0.058181,0.052891,0.041255,0.030324,0.027504,0.026446,0.029267,0.01622,0.011283,0.013752,0.008815,0.014104,0.005289,0.036671,0.027151,0.017278,0.031735,0.028561,0.084274,0.052891,0.216601,0.000544,0.001632,0.002409,0.002953,0.002409,0.003497,0.004197,0.006684,0.005984,0.004508,0.008471,0.014533,0.013134,0.0143,0.021062,0.036372,0.096215,0.104531,0.038704,0.032875,0.019196,0.018419,0.018652,0.016554,0.010492,0.011658,0.009326,0.012901,0.018108,0.0143,0.015855,0.016088,0.024948,0.044377,0.11751,0.088505,0.122355,0.140691,0.151269,0.095557,0.061354,0.054654,0.053949,0.041255,0.020804,0.027856,0.023272,0.01622,0.016925,0.012341,0.008463,0.00952,0.009168,0.010226,0.008463,0.004231,0.002821,0.005642,0.00141,0.003173,0.003526,0.001763,0.000705,0.0,0.0,0.001058,0.000353,0.000705,0.0,0.000353,0.0,0.0,0.0,0.0,0.00141
Zone_DH644,0.067703,0.032186,0.028487,0.020348,0.019608,0.013688,0.010729,0.00407,0.006659,0.005919,0.015908,0.026637,0.024417,0.017018,0.021088,0.030707,0.083981,0.076582,0.062893,0.035516,0.016278,0.018128,0.014798,0.012579,0.012579,0.009989,0.008879,0.011469,0.006289,0.027747,0.022198,0.011099,0.024787,0.025527,0.079541,0.09397,0.208867,0.000572,0.001715,0.003184,0.003429,0.002613,0.003593,0.004001,0.003919,0.005634,0.003348,0.006614,0.013636,0.012901,0.013554,0.022128,0.040336,0.099535,0.107618,0.042214,0.032988,0.022618,0.020985,0.017392,0.016412,0.011268,0.012166,0.009962,0.009227,0.016575,0.011513,0.014861,0.020495,0.02719,0.041969,0.114967,0.104698,0.109138,0.133185,0.103589,0.096929,0.081021,0.073622,0.058824,0.054384,0.031077,0.023677,0.026267,0.016648,0.017388,0.008879,0.009619,0.009619,0.00222,0.008139,0.00407,0.00444,0.00444,0.0037,0.00111,0.00222,0.00222,0.00148,0.00148,0.0,0.0,0.00111,0.00037,0.00074,0.00074,0.00111,0.0,0.0,0.0,0.0,0.00185
Zone_DH645,0.09473,0.078241,0.05076,0.022632,0.021985,0.013579,0.009699,0.005496,0.004526,0.004203,0.00582,0.007113,0.010669,0.010669,0.020045,0.025218,0.062399,0.067572,0.077271,0.076948,0.035887,0.022955,0.016489,0.009699,0.012286,0.009053,0.004526,0.007759,0.003233,0.007436,0.008406,0.010346,0.015519,0.023278,0.060136,0.083414,0.203733,0.001154,0.000882,0.00224,0.003393,0.002782,0.003461,0.00414,0.004411,0.003529,0.00414,0.007872,0.009841,0.011809,0.016152,0.02416,0.048252,0.100577,0.111503,0.043502,0.031015,0.023482,0.016899,0.012962,0.012759,0.010926,0.01018,0.010926,0.013845,0.010519,0.00828,0.011469,0.021378,0.024567,0.043638,0.129623,0.079858,0.095053,0.127384,0.121242,0.099256,0.097317,0.080504,0.064985,0.060459,0.038151,0.026511,0.022955,0.017135,0.013256,0.010346,0.008406,0.006466,0.001293,0.004203,0.004203,0.003556,0.004526,0.003233,0.001293,0.00097,0.000647,0.000647,0.000647,0.001293,0.000647,0.000647,0.0,0.0,0.000647,0.000647,0.0,0.0,0.0,0.0,0.001617
Zone_DH646,0.08762,0.096581,0.079323,0.041819,0.027879,0.01228,0.013276,0.007302,0.004647,0.00531,0.003983,0.004647,0.01228,0.008961,0.01759,0.020577,0.023896,0.045802,0.069366,0.102887,0.063724,0.035181,0.025224,0.01394,0.015267,0.009293,0.008629,0.009625,0.005974,0.006638,0.010621,0.008961,0.014935,0.019582,0.020577,0.045802,0.206731,0.001414,0.001697,0.002404,0.00198,0.002828,0.002828,0.005444,0.00502,0.004383,0.005373,0.008626,0.008626,0.010888,0.018665,0.028705,0.048501,0.094881,0.102305,0.049491,0.027927,0.022695,0.016261,0.012868,0.013928,0.012443,0.011029,0.012373,0.014352,0.01209,0.011524,0.010676,0.021423,0.019655,0.045178,0.124788,0.059409,0.088948,0.110853,0.136741,0.116495,0.102887,0.073017,0.066047,0.045138,0.044474,0.035845,0.023896,0.021241,0.011948,0.009957,0.00697,0.009293,0.003319,0.00531,0.006306,0.002655,0.003983,0.001659,0.003983,0.000664,0.002323,0.002323,0.000664,0.001328,0.001328,0.000664,0.0,0.0,0.0,0.0,0.0,0.0,0.0,0.0,0.000332
Zone_DH647,0.095101,0.081052,0.086455,0.050072,0.027738,0.017291,0.020533,0.010807,0.007205,0.009366,0.006844,0.008646,0.012248,0.006484,0.013689,0.009006,0.010447,0.04683,0.082493,0.095101,0.065562,0.034582,0.028458,0.016931,0.01585,0.011527,0.009366,0.011888,0.006484,0.006484,0.010086,0.007925,0.009726,0.010807,0.018012,0.038905,0.210989,0.00168,0.00192,0.002719,0.00192,0.003519,0.003359,0.004799,0.005439,0.005919,0.007598,0.006878,0.008958,0.011037,0.019675,0.026634,0.045589,0.093098,0.096297,0.049348,0.022635,0.026394,0.014397,0.014636,0.014716,0.014557,0.013677,0.012557,0.014477,0.011997,0.010557,0.013677,0.024154,0.021995,0.04023,0.121971,0.071326,0.112752,0.096542,0.148055,0.12428,0.083573,0.052594,0.059078,0.041787,0.032781,0.033862,0.028098,0.022695,0.013689,0.007565,0.010447,0.012608,0.006844,0.006484,0.008285,0.003963,0.003963,0.003242,0.003602,0.00072,0.001801,0.001801,0.00072,0.0,0.00072,0.001441,0.00072,0.00036,0.00072,0.0,0.0,0.0,0.0,0.0,0.002882
Zone_DH648,0.191856,0.062255,0.057948,0.037588,0.015662,0.014096,0.018403,0.014487,0.007439,0.011355,0.008614,0.010572,0.01018,0.003132,0.007439,0.007831,0.009005,0.048943,0.167972,0.069695,0.047377,0.0278,0.0278,0.010963,0.009789,0.00509,0.005482,0.008614,0.003915,0.007048,0.007048,0.006656,0.003915,0.007048,0.016445,0.03054,0.201853,0.000953,0.000693,0.002425,0.002425,0.002771,0.00381,0.00459,0.003983,0.005369,0.005975,0.004416,0.006928,0.007274,0.015933,0.02468,0.037149,0.127988,0.131278,0.042865,0.021476,0.016107,0.012123,0.011604,0.010045,0.010391,0.013595,0.010218,0.009525,0.010045,0.007967,0.011171,0.01957,0.021043,0.033772,0.147991,0.083399,0.108066,0.0787,0.13195,0.154268,0.084573,0.052075,0.044244,0.032106,0.023884,0.032498,0.022709,0.023101,0.017228,0.012921,0.014487,0.023884,0.009397,0.014487,0.005873,0.00509,0.002741,0.004699,0.001958,0.0,0.003524,0.001566,0.001566,0.000392,0.000783,0.001958,0.000783,0.000392,0.000783,0.0,0.000392,0.0,0.000392,0.0,0.003132
Zone_DH649,0.234434,0.087338,0.055997,0.017551,0.01588,0.013372,0.010447,0.012119,0.006268,0.006268,0.004597,0.006686,0.005015,0.005015,0.006686,0.006268,0.010865,0.04346,0.187213,0.072712,0.033849,0.023819,0.037192,0.010865,0.005015,0.003343,0.002925,0.009193,0.001672,0.003761,0.004179,0.005433,0.002507,0.007522,0.018387,0.022148,0.194724,0.002911,0.000657,0.003192,0.002629,0.002535,0.00338,0.002911,0.003474,0.003286,0.004507,0.002911,0.006103,0.009013,0.012393,0.018778,0.027697,0.152098,0.155197,0.029387,0.017275,0.012675,0.011736,0.011454,0.007699,0.007605,0.006666,0.007417,0.00629,0.004882,0.006384,0.009201,0.014271,0.018871,0.027697,0.192095,0.109068,0.086084,0.078145,0.159214,0.124112,0.063101,0.043878,0.033849,0.035938,0.022984,0.031341,0.024655,0.025909,0.028834,0.014208,0.010865,0.033431,0.007104,0.010447,0.008776,0.008358,0.005433,0.00585,0.003343,0.000418,0.004597,0.002089,0.002507,0.001672,0.000836,0.000836,0.000836,0.000418,0.001254,0.000836,0.001254,0.000836,0.000418,0.0,0.006268
Zone_DH650,0.133858,0.104987,0.074016,0.021522,0.018898,0.010499,0.012073,0.014173,0.007874,0.005774,0.007349,0.005249,0.005774,0.007874,0.011549,0.010499,0.017323,0.057218,0.113386,0.103412,0.031496,0.037795,0.038845,0.013648,0.006824,0.007349,0.002625,0.007349,0.00315,0.00315,0.006299,0.008399,0.00315,0.013123,0.016798,0.056693,0.198335,0.004048,0.00185,0.004626,0.002313,0.002197,0.004857,0.003469,0.00717,0.003701,0.004048,0.005088,0.006014,0.010293,0.010408,0.022436,0.028565,0.141436,0.148838,0.023014,0.02151,0.014918,0.01064,0.011912,0.005898,0.00798,0.004395,0.007401,0.007286,0.006708,0.004163,0.008674,0.015728,0.023014,0.02949,0.18758,0.090814,0.076115,0.091339,0.19685,0.08189,0.059318,0.04042,0.032021,0.033596,0.020997,0.034121,0.028346,0.025197,0.033596,0.017848,0.012073,0.032546,0.006299,0.011549,0.009449,0.006299,0.006824,0.007349,0.004199,0.002625,0.008399,0.005774,0.00105,0.003675,0.00105,0.0021,0.000525,0.0,0.001575,0.00105,0.00105,0.00105,0.0,0.0,0.011024
Zone_DH651,0.034695,0.111796,0.053971,0.02313,0.021588,0.01542,0.013878,0.019275,0.010794,0.004626,0.005397,0.006168,0.012336,0.008481,0.00771,0.013107,0.021588,0.073246,0.036237,0.121049,0.030069,0.052429,0.02313,0.022359,0.018504,0.020046,0.008481,0.012336,0.006168,0.006168,0.010023,0.019275,0.00771,0.02313,0.028527,0.097147,0.205209,0.003484,0.002654,0.005143,0.003816,0.003484,0.004811,0.003816,0.009456,0.00564,0.006802,0.007133,0.005972,0.017087,0.011944,0.028202,0.030192,0.117618,0.124585,0.0214,0.026709,0.020405,0.011612,0.014599,0.008626,0.011281,0.006138,0.013769,0.013769,0.011115,0.006138,0.012276,0.015262,0.020571,0.033013,0.156271,0.04549,0.063994,0.090208,0.147263,0.093292,0.066307,0.065536,0.040093,0.055513,0.037779,0.033153,0.029298,0.032382,0.027756,0.018504,0.016962,0.024672,0.00771,0.013107,0.00771,0.006168,0.003855,0.014649,0.006168,0.003084,0.012336,0.004626,0.0,0.004626,0.0,0.001542,0.000771,0.004626,0.001542,0.003084,0.000771,0.0,0.0,0.000771,0.014649
Zone_DH652,0.038576,0.048467,0.029674,0.030663,0.023739,0.023739,0.015826,0.020772,0.007913,0.007913,0.008902,0.011869,0.013848,0.013848,0.013848,0.015826,0.03363,0.102868,0.043521,0.035608,0.016815,0.030663,0.019782,0.024728,0.028684,0.03363,0.016815,0.019782,0.021761,0.01088,0.01088,0.023739,0.013848,0.013848,0.034619,0.138477,0.215982,0.001554,0.002664,0.002886,0.002886,0.005105,0.005549,0.004218,0.006437,0.007991,0.006881,0.007325,0.011321,0.01909,0.013319,0.027081,0.025305,0.091232,0.087902,0.03374,0.024861,0.031077,0.025083,0.013984,0.012431,0.014206,0.008879,0.017314,0.019312,0.016648,0.022642,0.017758,0.020422,0.026415,0.045283,0.105216,0.029674,0.057369,0.07814,0.098912,0.133531,0.077151,0.075173,0.038576,0.059347,0.041543,0.040554,0.021761,0.029674,0.031652,0.011869,0.026706,0.021761,0.011869,0.018793,0.007913,0.011869,0.004946,0.012859,0.007913,0.002967,0.01088,0.003956,0.0,0.001978,0.001978,0.001978,0.000989,0.005935,0.0,0.001978,0.000989,0.0,0.0,0.000989,0.015826
Zone_DH653,0.047699,0.063598,0.041841,0.03682,0.030126,0.020921,0.013389,0.017573,0.011715,0.010042,0.008368,0.005021,0.016736,0.022594,0.013389,0.025105,0.03431,0.054393,0.05523,0.046862,0.041841,0.053556,0.033473,0.021757,0.023431,0.016736,0.006695,0.021757,0.01841,0.010042,0.010879,0.01841,0.01841,0.013389,0.03682,0.078661,0.221311,0.000745,0.00149,0.004471,0.001863,0.002981,0.004471,0.002235,0.005961,0.008197,0.003726,0.005961,0.010805,0.015276,0.023845,0.035395,0.038934,0.070417,0.061289,0.049739,0.034091,0.036699,0.02813,0.012668,0.015276,0.013599,0.009687,0.019374,0.014158,0.016393,0.02459,0.021423,0.021237,0.034836,0.052347,0.076379,0.03682,0.05272,0.095397,0.086192,0.119665,0.078661,0.080335,0.059414,0.059414,0.046025,0.040167,0.027615,0.03431,0.030126,0.011715,0.020084,0.012552,0.013389,0.015063,0.010042,0.010042,0.003347,0.016736,0.008368,0.001674,0.005021,0.003347,0.001674,0.0,0.001674,0.0,0.003347,0.003347,0.0,0.0,0.000837,0.0,0.001674,0.0,0.009205
Zone_DH654,0.066901,0.064789,0.03662,0.047887,0.033803,0.022535,0.011268,0.017606,0.009859,0.015493,0.007042,0.0,0.016901,0.021127,0.009155,0.023239,0.033099,0.045775,0.057042,0.047887,0.060563,0.064789,0.03662,0.026761,0.023944,0.015493,0.005634,0.009859,0.012676,0.012676,0.005634,0.014085,0.014789,0.014085,0.032394,0.061972,0.224364,0.000632,0.000632,0.003792,0.00158,0.001896,0.002528,0.00316,0.00632,0.005688,0.006952,0.00632,0.009164,0.011692,0.030337,0.037605,0.045663,0.062253,0.054985,0.051509,0.040607,0.037447,0.028441,0.014536,0.01738,0.012798,0.008216,0.016432,0.010112,0.015168,0.018328,0.021488,0.030179,0.041397,0.048191,0.072207,0.030986,0.057042,0.091549,0.096479,0.11338,0.089437,0.080282,0.066901,0.055634,0.054225,0.040845,0.029577,0.033803,0.039437,0.015493,0.023944,0.012676,0.008451,0.011268,0.007042,0.008451,0.002817,0.005634,0.004225,0.001408,0.002817,0.001408,0.002817,0.0,0.001408,0.002817,0.002817,0.0,0.0,0.0,0.000704,0.0,0.001408,0.0,0.002817
Zone_DH655,0.073497,0.063846,0.044543,0.054937,0.03118,0.011878,0.014848,0.017075,0.005939,0.014848,0.010393,0.004454,0.013363,0.014848,0.011136,0.027468,0.040089,0.048998,0.045286,0.053452,0.062361,0.066815,0.026726,0.03118,0.023756,0.007424,0.004454,0.011878,0.010393,0.013363,0.004454,0.011878,0.027468,0.012621,0.028211,0.054937,0.228619,0.0,0.0,0.002008,0.000669,0.004017,0.006025,0.005356,0.008033,0.006695,0.009372,0.009372,0.010711,0.011046,0.02477,0.040167,0.040502,0.05523,0.053222,0.052218,0.042008,0.03364,0.025439,0.016736,0.023096,0.012887,0.01205,0.016067,0.011381,0.011381,0.01205,0.021423,0.03364,0.036485,0.04887,0.074812,0.028211,0.072012,0.093541,0.115071,0.10245,0.095768,0.080178,0.063103,0.043801,0.056422,0.03118,0.023756,0.03415,0.026726,0.019302,0.026726,0.011878,0.010393,0.010393,0.00297,0.008909,0.005939,0.005939,0.005939,0.001485,0.00297,0.0,0.001485,0.00297,0.001485,0.004454,0.0,0.0,0.0,0.0,0.000742,0.001485,0.0,0.0,0.008166
Zone_DH656,0.07078,0.07078,0.058076,0.059891,0.029038,0.00726,0.019964,0.014519,0.009074,0.010889,0.009074,0.005445,0.009074,0.009074,0.018149,0.029038,0.038113,0.039927,0.059891,0.059891,0.07078,0.058076,0.029038,0.025408,0.018149,0.00363,0.001815,0.012704,0.005445,0.009074,0.009074,0.016334,0.019964,0.014519,0.029038,0.049002,0.236048,0.0,0.000827,0.00248,0.000827,0.005788,0.008268,0.008268,0.007441,0.009921,0.005788,0.006614,0.009095,0.009095,0.02067,0.040513,0.042993,0.052088,0.057875,0.050434,0.039686,0.028938,0.02563,0.015709,0.02067,0.014882,0.019843,0.014055,0.011575,0.012402,0.011575,0.02067,0.032245,0.033898,0.052914,0.070277,0.029038,0.076225,0.094374,0.105263,0.096189,0.098004,0.07441,0.063521,0.036298,0.058076,0.032668,0.027223,0.034483,0.030853,0.019964,0.023593,0.009074,0.00726,0.00726,0.005445,0.016334,0.00726,0.00726,0.005445,0.001815,0.0,0.0,0.0,0.00363,0.0,0.009074,0.001815,0.0,0.0,0.0,0.0,0.001815,0.0,0.0,0.016334
Zone_DH657,0.077364,0.063037,0.074499,0.057307,0.028653,0.020057,0.008596,0.008596,0.014327,0.011461,0.005731,0.002865,0.002865,0.014327,0.017192,0.017192,0.045845,0.04298,0.068768,0.063037,0.077364,0.048711,0.028653,0.014327,0.017192,0.005731,0.0,0.014327,0.005731,0.011461,0.011461,0.008596,0.008596,0.014327,0.040115,0.048711,0.23396,0.001296,0.002592,0.002592,0.001296,0.006481,0.007777,0.006481,0.006481,0.007777,0.007777,0.006481,0.007777,0.009073,0.019443,0.037589,0.046662,0.057032,0.069994,0.046662,0.037589,0.025924,0.024627,0.007777,0.015554,0.015554,0.019443,0.009073,0.015554,0.012962,0.012962,0.022035,0.029812,0.042774,0.045366,0.077771,0.020057,0.083095,0.097421,0.071633,0.097421,0.091691,0.060172,0.068768,0.045845,0.057307,0.031519,0.022923,0.040115,0.025788,0.022923,0.014327,0.008596,0.014327,0.008596,0.014327,0.014327,0.005731,0.011461,0.005731,0.005731,0.002865,0.002865,0.002865,0.002865,0.0,0.011461,0.002865,0.0,0.002865,0.0,0.0,0.0,0.0,0.002865,0.028653
Zone_DH658,0.080769,0.057692,0.069231,0.038462,0.038462,0.019231,0.003846,0.026923,0.019231,0.034615,0.003846,0.007692,0.007692,0.011538,0.026923,0.015385,0.023077,0.038462,0.061538,0.073077,0.061538,0.030769,0.046154,0.015385,0.015385,0.011538,0.0,0.011538,0.003846,0.015385,0.019231,0.011538,0.003846,0.011538,0.042308,0.042308,0.235088,0.001754,0.005263,0.001754,0.001754,0.003509,0.012281,0.001754,0.003509,0.008772,0.012281,0.015789,0.014035,0.012281,0.022807,0.031579,0.036842,0.059649,0.066667,0.047368,0.02807,0.014035,0.026316,0.010526,0.019298,0.015789,0.021053,0.007018,0.019298,0.017544,0.012281,0.02807,0.024561,0.04386,0.045614,0.07193,0.034615,0.061538,0.103846,0.046154,0.088462,0.080769,0.065385,0.084615,0.057692,0.057692,0.030769,0.015385,0.038462,0.034615,0.026923,0.023077,0.015385,0.015385,0.011538,0.007692,0.007692,0.003846,0.011538,0.003846,0.007692,0.003846,0.007692,0.007692,0.003846,0.0,0.003846,0.003846,0.0,0.003846,0.0,0.0,0.0,0.0,0.0,0.030769
Zone_DH659,0.076087,0.043478,0.0,0.021739,0.032609,0.0,0.021739,0.054348,0.032609,0.076087,0.0,0.01087,0.01087,0.01087,0.043478,0.021739,0.01087,0.043478,0.076087,0.076087,0.032609,0.021739,0.043478,0.043478,0.021739,0.021739,0.0,0.01087,0.0,0.0,0.043478,0.01087,0.0,0.0,0.054348,0.032609,0.252747,0.0,0.005495,0.005495,0.0,0.0,0.016484,0.0,0.0,0.016484,0.016484,0.027473,0.016484,0.021978,0.021978,0.021978,0.032967,0.032967,0.049451,0.021978,0.032967,0.010989,0.049451,0.038462,0.027473,0.005495,0.027473,0.010989,0.0,0.021978,0.016484,0.032967,0.016484,0.032967,0.049451,0.065934,0.054348,0.043478,0.054348,0.032609,0.097826,0.054348,0.054348,0.076087,0.065217,0.032609,0.032609,0.0,0.032609,0.032609,0.043478,0.021739,0.01087,0.021739,0.0,0.01087,0.01087,0.0,0.01087,0.01087,0.021739,0.0,0.01087,0.032609,0.0,0.0,0.01087,0.01087,0.0,0.01087,0.01087,0.0,0.0,0.0,0.0,0.086957
Zone_DH660,0.066667,0.093333,0.066667,0.026667,0.026667,0.013333,0.053333,0.053333,0.013333,0.0,0.0,0.013333,0.013333,0.013333,0.013333,0.013333,0.053333,0.04,0.08,0.12,0.026667,0.0,0.026667,0.013333,0.013333,0.0,0.013333,0.0,0.0,0.013333,0.04,0.013333,0.0,0.013333,0.013333,0.04,0.247649,0.0,0.0,0.0,0.0,0.00627,0.0,0.0,0.00627,0.012539,0.018809,0.018809,0.00627,0.012539,0.00627,0.025078,0.056426,0.043887,0.056426,0.031348,0.056426,0.031348,0.018809,0.025078,0.025078,0.025078,0.012539,0.012539,0.025078,0.012539,0.012539,0.025078,0.025078,0.025078,0.043887,0.075235,0.04,0.08,0.013333,0.026667,0.04,0.04,0.026667,0.04,0.026667,0.04,0.026667,0.0,0.04,0.066667,0.04,0.0,0.0,0.013333,0.026667,0.013333,0.053333,0.0,0.026667,0.026667,0.013333,0.0,0.053333,0.013333,0.026667,0.0,0.013333,0.0,0.013333,0.013333,0.0,0.013333,0.013333,0.0,0.0,0.12
Zone_DH661,0.055046,0.082569,0.082569,0.036697,0.027523,0.027523,0.018349,0.018349,0.009174,0.0,0.0,0.0,0.0,0.009174,0.018349,0.027523,0.055046,0.073394,0.091743,0.100917,0.06422,0.009174,0.018349,0.009174,0.009174,0.0,0.009174,0.0,0.009174,0.009174,0.027523,0.0,0.0,0.036697,0.009174,0.055046,0.23299,0.0,0.0,0.0,0.0,0.004124,0.0,0.0,0.004124,0.008247,0.008247,0.012371,0.004124,0.012371,0.024742,0.028866,0.061856,0.057732,0.057732,0.037113,0.045361,0.041237,0.016495,0.024742,0.016495,0.020619,0.012371,0.008247,0.020619,0.016495,0.004124,0.012371,0.028866,0.045361,0.061856,0.070103,0.018349,0.06422,0.018349,0.055046,0.036697,0.036697,0.027523,0.06422,0.009174,0.055046,0.027523,0.018349,0.018349,0.045872,0.06422,0.027523,0.0,0.027523,0.018349,0.009174,0.036697,0.009174,0.027523,0.027523,0.009174,0.0,0.045872,0.018349,0.018349,0.009174,0.0,0.0,0.009174,0.0,0.0,0.018349,0.018349,0.0,0.0,0.110092
Zone_DH662,0.067511,0.067511,0.092827,0.059072,0.016878,0.033755,0.0,0.008439,0.008439,0.0,0.0,0.0,0.0,0.008439,0.008439,0.042194,0.059072,0.109705,0.075949,0.025316,0.084388,0.016878,0.025316,0.025316,0.008439,0.0,0.0,0.008439,0.008439,0.004219,0.016878,0.025316,0.0,0.025316,0.008439,0.059072,0.24024,0.0,0.0,0.0,0.002002,0.0,0.0,0.0,0.0,0.0,0.008008,0.008008,0.008008,0.01001,0.028028,0.046046,0.044044,0.076076,0.056056,0.052052,0.048048,0.046046,0.026026,0.036036,0.008008,0.004004,0.004004,0.004004,0.016016,0.012012,0.002002,0.012012,0.032032,0.04004,0.068068,0.063063,0.0,0.033755,0.050633,0.042194,0.059072,0.033755,0.042194,0.046414,0.008439,0.059072,0.033755,0.042194,0.021097,0.008439,0.050633,0.050633,0.0,0.033755,0.025316,0.012658,0.025316,0.008439,0.016878,0.025316,0.008439,0.008439,0.025316,0.016878,0.025316,0.016878,0.033755,0.0,0.008439,0.012658,0.0,0.008439,0.016878,0.008439,0.0,0.080169
Zone_DH663,0.085106,0.028369,0.085106,0.042553,0.028369,0.042553,0.0,0.014184,0.014184,0.0,0.0,0.0,0.0,0.014184,0.0,0.070922,0.070922,0.099291,0.028369,0.014184,0.099291,0.014184,0.028369,0.028369,0.0,0.0,0.0,0.014184,0.0,0.007092,0.028369,0.028369,0.0,0.042553,0.014184,0.056738,0.24408,0.0,0.0,0.003643,0.003643,0.0,0.0,0.0,0.0,0.0,0.0,0.007286,0.007286,0.003643,0.029144,0.061931,0.051002,0.07286,0.047359,0.058288,0.043716,0.032787,0.025501,0.03643,0.0,0.007286,0.007286,0.007286,0.029144,0.014572,0.003643,0.0,0.029144,0.03643,0.051002,0.08561,0.0,0.056738,0.070922,0.028369,0.070922,0.042553,0.042553,0.035461,0.014184,0.070922,0.028369,0.042553,0.021277,0.014184,0.070922,0.028369,0.0,0.028369,0.028369,0.021277,0.0,0.0,0.028369,0.014184,0.014184,0.0,0.014184,0.0,0.014184,0.028369,0.056738,0.0,0.014184,0.021277,0.0,0.014184,0.0,0.014184,0.0,0.049645
Zone_DH664,0.16,0.0,0.08,0.0,0.0,0.0,0.0,0.08,0.0,0.0,0.0,0.0,0.0,0.0,0.0,0.08,0.16,0.0,0.0,0.0,0.0,0.0,0.0,0.08,0.0,0.0,0.0,0.0,0.0,0.0,0.04,0.16,0.0,0.08,0.0,0.08,0.253165,0.0,0.0,0.025316,0.025316,0.0,0.0,0.0,0.0,0.0,0.0,0.0,0.0,0.0,0.0,0.075949,0.050633,0.050633,0.025316,0.050633,0.0,0.0,0.0,0.050633,0.0,0.0,0.0,0.0,0.151899,0.0,0.025316,0.0,0.0,0.101266,0.050633,0.063291,0.0,0.16,0.0,0.0,0.0,0.0,0.0,0.0,0.0,0.0,0.0,0.0,0.04,0.0,0.08,0.08,0.0,0.08,0.0,0.0,0.0,0.0,0.0,0.0,0.08,0.0,0.08,0.0,0.0,0.0,0.08,0.0,0.0,0.12,0.0,0.0,0.0,0.08,0.0,0.12
Zone_DH665,0.046243,0.092486,0.080925,0.046243,0.023121,0.011561,0.023121,0.0,0.011561,0.011561,0.0,0.0,0.0,0.0,0.011561,0.034682,0.034682,0.034682,0.046243,0.179191,0.046243,0.034682,0.023121,0.0,0.023121,0.046243,0.011561,0.0,0.011561,0.034682,0.00578,0.017341,0.023121,0.0,0.0,0.034682,0.231565,0.010349,0.005175,0.005175,0.0,0.0,0.005175,0.005175,0.005175,0.005175,0.0,0.019405,0.015524,0.020699,0.010349,0.020699,0.051746,0.07762,0.062096,0.041397,0.036223,0.020699,0.015524,0.005175,0.02458,0.020699,0.005175,0.010349,0.0,0.015524,0.010349,0.010349,0.010349,0.056921,0.062096,0.103493,0.057803,0.046243,0.046243,0.069364,0.057803,0.023121,0.080925,0.046243,0.080925,0.011561,0.092486,0.057803,0.023121,0.011561,0.046243,0.023121,0.023121,0.023121,0.011561,0.011561,0.011561,0.0,0.023121,0.011561,0.0,0.0,0.0,0.011561,0.0,0.0,0.011561,0.011561,0.011561,0.011561,0.0,0.0,0.0,0.0,0.0,0.052023
Zone_DH666,0.04157,0.064665,0.036952,0.027714,0.018476,0.004619,0.027714,0.0,0.004619,0.009238,0.004619,0.009238,0.0,0.0,0.009238,0.013857,0.027714,0.12933,0.046189,0.099307,0.023095,0.018476,0.009238,0.004619,0.023095,0.046189,0.009238,0.018476,0.013857,0.013857,0.025404,0.016166,0.009238,0.013857,0.013857,0.166282,0.219679,0.003897,0.005845,0.003897,0.001948,0.003897,0.003897,0.001948,0.003897,0.005845,0.007793,0.013151,0.01169,0.025329,0.007793,0.01169,0.037019,0.109109,0.103264,0.02338,0.025329,0.015587,0.017535,0.013639,0.0151,0.017535,0.01169,0.005845,0.007793,0.013639,0.009742,0.009742,0.017535,0.029226,0.031174,0.153921,0.036952,0.046189,0.046189,0.152425,0.055427,0.013857,0.055427,0.046189,0.046189,0.004619,0.064665,0.032333,0.009238,0.004619,0.036952,0.023095,0.018476,0.023095,0.013857,0.004619,0.009238,0.032333,0.032333,0.023095,0.023095,0.0,0.004619,0.023095,0.004619,0.004619,0.050808,0.004619,0.018476,0.004619,0.0,0.0,0.0,0.0,0.004619,0.025404
Zone_DH667,0.050139,0.033426,0.016713,0.016713,0.013928,0.013928,0.030641,0.019499,0.013928,0.011142,0.005571,0.008357,0.0,0.002786,0.002786,0.011142,0.027855,0.172702,0.05571,0.036212,0.019499,0.008357,0.005571,0.013928,0.013928,0.038997,0.047354,0.047354,0.016713,0.008357,0.016713,0.011142,0.005571,0.011142,0.008357,0.183844,0.20965,0.0,0.003446,0.005744,0.002298,0.004595,0.003446,0.002298,0.004595,0.011488,0.011488,0.011488,0.011488,0.013785,0.005744,0.021827,0.024124,0.119472,0.107984,0.032165,0.024124,0.013785,0.010339,0.013785,0.00919,0.012636,0.020678,0.004595,0.006893,0.010339,0.016083,0.00919,0.013785,0.020678,0.039058,0.16772,0.02507,0.058496,0.044568,0.164345,0.103064,0.036212,0.050139,0.047354,0.027855,0.019499,0.038997,0.038997,0.013928,0.013928,0.027855,0.022284,0.013928,0.016713,0.008357,0.011142,0.008357,0.022284,0.016713,0.022284,0.019499,0.005571,0.016713,0.016713,0.005571,0.008357,0.033426,0.008357,0.008357,0.002786,0.0,0.002786,0.0,0.002786,0.002786,0.013928
Zone_DH668,0.057398,0.024235,0.031888,0.028061,0.024235,0.019133,0.021684,0.030612,0.047194,0.012755,0.017857,0.007653,0.006378,0.007653,0.016582,0.017857,0.024235,0.089286,0.040816,0.029337,0.016582,0.015306,0.010204,0.01148,0.01148,0.038265,0.068878,0.034439,0.021684,0.015306,0.014031,0.015306,0.016582,0.024235,0.014031,0.117347,0.206408,0.00105,0.004202,0.004727,0.003676,0.003151,0.005252,0.005777,0.005252,0.014706,0.010504,0.01313,0.011029,0.011555,0.008403,0.027311,0.030462,0.097689,0.093487,0.038866,0.035189,0.019958,0.009454,0.016282,0.011555,0.016807,0.018908,0.011029,0.011555,0.011029,0.011555,0.01208,0.011555,0.024685,0.041492,0.140231,0.040816,0.104592,0.131378,0.169643,0.105867,0.070153,0.05102,0.042092,0.02551,0.029337,0.020408,0.024235,0.012755,0.017857,0.024235,0.010204,0.010204,0.01148,0.006378,0.005102,0.005102,0.008929,0.003827,0.003827,0.008929,0.003827,0.01148,0.003827,0.002551,0.003827,0.012755,0.005102,0.0,0.001276,0.0,0.001276,0.001276,0.001276,0.0,0.007653
Zone_DH669,0.078228,0.043041,0.048382,0.027647,0.023249,0.028275,0.013509,0.027019,0.031103,0.009425,0.013509,0.005341,0.005027,0.009111,0.016337,0.023563,0.034559,0.063462,0.064719,0.053095,0.035815,0.025134,0.01131,0.008168,0.011624,0.027961,0.040528,0.016651,0.012567,0.012567,0.012567,0.008797,0.01885,0.028904,0.04524,0.064719,0.202247,0.00071,0.002002,0.002389,0.001744,0.004649,0.005166,0.004068,0.003681,0.008588,0.008588,0.008976,0.010074,0.012205,0.012269,0.027896,0.045912,0.094085,0.092535,0.051595,0.034289,0.019308,0.016273,0.013044,0.012915,0.013431,0.015369,0.011365,0.012011,0.011753,0.010203,0.011623,0.012463,0.023893,0.049916,0.132765,0.071002,0.136349,0.192586,0.161797,0.09645,0.085454,0.060006,0.044926,0.031731,0.024819,0.013509,0.01508,0.007226,0.010996,0.012567,0.004084,0.005655,0.003456,0.004713,0.002513,0.002828,0.001257,0.0,0.001257,0.001257,0.000628,0.001257,0.0,0.000628,0.0,0.001885,0.000628,0.0,0.0,0.0,0.0,0.000628,0.000628,0.0,0.002199
Zone_DH670,0.083703,0.065239,0.052683,0.030034,0.024126,0.023634,0.010586,0.018218,0.018218,0.011571,0.010586,0.005416,0.004431,0.010094,0.012555,0.02191,0.030034,0.061792,0.075579,0.067208,0.054653,0.038159,0.020187,0.013786,0.008616,0.018464,0.018464,0.005662,0.008863,0.008616,0.016002,0.006893,0.015756,0.022649,0.041359,0.064254,0.203438,0.001074,0.001586,0.002558,0.002302,0.00353,0.004144,0.003889,0.004196,0.00788,0.007214,0.009005,0.008801,0.011052,0.014736,0.026504,0.049273,0.088416,0.098496,0.05265,0.0329,0.019034,0.017448,0.013917,0.012075,0.012843,0.01274,0.011512,0.010131,0.011512,0.010284,0.013457,0.014275,0.024867,0.054237,0.128019,0.080256,0.135894,0.182669,0.155588,0.097735,0.087888,0.062038,0.051699,0.031758,0.027573,0.017479,0.013786,0.011324,0.007878,0.006893,0.003693,0.003939,0.004431,0.004677,0.000985,0.002462,0.000492,0.000739,0.000985,0.0,0.000492,0.000985,0.0,0.000492,0.000739,0.001231,0.0,0.000492,0.000246,0.0,0.0,0.0,0.000492,0.0,0.001969
Zone_DH671,0.074309,0.074309,0.054435,0.043203,0.029378,0.023329,0.007488,0.014113,0.011233,0.010369,0.009505,0.007776,0.011809,0.012097,0.018145,0.018721,0.022465,0.045219,0.081509,0.074309,0.060772,0.049827,0.024482,0.023329,0.008641,0.006624,0.006624,0.0072,0.011809,0.011521,0.027074,0.010369,0.016993,0.018145,0.023329,0.049539,0.206278,0.002084,0.000632,0.001832,0.001832,0.002905,0.003221,0.003032,0.003474,0.007579,0.005432,0.008463,0.009284,0.0132,0.019074,0.031706,0.048443,0.07876,0.09657,0.051538,0.036443,0.022548,0.021411,0.018253,0.012379,0.0108,0.011369,0.011874,0.007011,0.011937,0.010421,0.013327,0.019137,0.028043,0.051159,0.11855,0.084389,0.126152,0.165899,0.128456,0.09303,0.087558,0.0697,0.054724,0.040035,0.036002,0.019585,0.019009,0.014401,0.008641,0.012673,0.008929,0.003744,0.003456,0.005472,0.003744,0.00144,0.00144,0.002592,0.000576,0.0,0.000864,0.000288,0.0,0.000576,0.000864,0.000864,0.0,0.000576,0.000288,0.0,0.0,0.0,0.000576,0.0,0.003456
Zone_DH672,0.075298,0.076676,0.044077,0.045914,0.025712,0.017906,0.008264,0.006428,0.008724,0.011478,0.011019,0.010101,0.021579,0.017447,0.022498,0.024334,0.033976,0.043159,0.082645,0.062902,0.042241,0.039486,0.017906,0.022957,0.008724,0.005051,0.005051,0.01056,0.013315,0.01056,0.033976,0.015152,0.024334,0.020202,0.024334,0.056015,0.211923,0.004025,0.002176,0.001632,0.002829,0.002067,0.003046,0.002829,0.00446,0.004243,0.00446,0.008159,0.012076,0.016427,0.021432,0.036227,0.043516,0.073433,0.078764,0.052654,0.042755,0.027415,0.019147,0.022302,0.013599,0.010988,0.012402,0.010117,0.007615,0.010117,0.01262,0.014143,0.024043,0.029265,0.047215,0.109878,0.073921,0.099174,0.109734,0.113407,0.089073,0.088154,0.085859,0.057851,0.046373,0.036272,0.03168,0.031221,0.019743,0.016988,0.017447,0.019284,0.007805,0.006428,0.008724,0.005969,0.003214,0.005051,0.004591,0.002296,0.000918,0.005051,0.000918,0.000918,0.000918,0.000918,0.0,0.000459,0.000918,0.0,0.0,0.000918,0.000918,0.0,0.0,0.006887
Zone_DH673,0.085214,0.06772,0.051919,0.029345,0.017494,0.011851,0.011851,0.004515,0.007901,0.007901,0.011287,0.006208,0.014108,0.018623,0.018623,0.015801,0.044582,0.076185,0.09763,0.067156,0.040068,0.035553,0.016366,0.012415,0.011851,0.00395,0.007901,0.01298,0.012415,0.010722,0.010158,0.005079,0.023138,0.02088,0.02991,0.0807,0.214714,0.002087,0.001304,0.001304,0.00287,0.002609,0.004957,0.005218,0.004305,0.008088,0.004566,0.010957,0.008349,0.013827,0.01448,0.032612,0.041482,0.093269,0.087399,0.054396,0.033525,0.022176,0.015914,0.017871,0.009523,0.009783,0.009783,0.011871,0.012653,0.010305,0.015001,0.013306,0.016567,0.032351,0.043178,0.117402,0.054176,0.078442,0.110609,0.119639,0.098194,0.102144,0.077314,0.05474,0.056433,0.032167,0.03386,0.029345,0.021445,0.018059,0.009594,0.02991,0.007901,0.010158,0.007336,0.004515,0.006208,0.002257,0.006208,0.003386,0.004515,0.006208,0.002257,0.003386,0.001693,0.001129,0.0,0.000564,0.0,0.000564,0.0,0.001129,0.000564,0.0,0.0,0.00395
Zone_DH674,0.088043,0.047591,0.048186,0.02439,0.012493,0.016062,0.011898,0.004759,0.010708,0.010113,0.010708,0.014277,0.008328,0.020226,0.013087,0.013087,0.046996,0.101725,0.096371,0.055919,0.030934,0.039262,0.014277,0.010113,0.017847,0.005949,0.007139,0.009518,0.004759,0.011303,0.010113,0.011898,0.014872,0.019036,0.035693,0.10232,0.221693,0.000529,0.001587,0.001587,0.001323,0.001852,0.003968,0.005688,0.006481,0.009127,0.006614,0.010847,0.010714,0.011905,0.015608,0.024206,0.040079,0.091799,0.085979,0.050661,0.029365,0.021958,0.018651,0.016138,0.013228,0.008995,0.010582,0.014683,0.013492,0.008995,0.014683,0.017857,0.012698,0.031481,0.039286,0.125661,0.049375,0.080904,0.114218,0.124331,0.102915,0.107674,0.074955,0.04878,0.055324,0.030339,0.041642,0.02558,0.020821,0.020226,0.012493,0.02558,0.004164,0.007139,0.005354,0.004759,0.004759,0.003569,0.005949,0.005949,0.003569,0.004164,0.001785,0.004759,0.00238,0.001785,0.0,0.0,0.001785,0.000595,0.0,0.0,0.00119,0.0,0.0,0.00119
Zone_DH675,0.079467,0.06339,0.050069,0.028939,0.013321,0.022508,0.010106,0.010106,0.011943,0.011484,0.010106,0.012862,0.00735,0.015618,0.010106,0.012402,0.038126,0.082683,0.090492,0.061553,0.045016,0.039963,0.020211,0.017915,0.008268,0.008728,0.009646,0.004593,0.00735,0.016996,0.011484,0.01378,0.011943,0.022508,0.039963,0.079008,0.209908,0.001175,0.002056,0.001371,0.001371,0.003133,0.003622,0.006364,0.008714,0.009693,0.007049,0.01077,0.011651,0.009007,0.017035,0.020756,0.039749,0.091835,0.108283,0.043763,0.026728,0.018308,0.016448,0.014,0.015273,0.010182,0.012042,0.014392,0.009595,0.01214,0.014686,0.013902,0.015567,0.023889,0.037889,0.137654,0.045016,0.075333,0.156638,0.128617,0.0983,0.09187,0.074874,0.05604,0.045475,0.037207,0.032614,0.024805,0.015618,0.017915,0.019293,0.019752,0.006431,0.010106,0.005512,0.008728,0.005972,0.003675,0.005512,0.004593,0.0,0.001837,0.000919,0.000919,0.000919,0.0,0.0,0.0,0.001378,0.0,0.0,0.0,0.000919,0.000459,0.0,0.002756
Zone_DH676,0.069632,0.057237,0.0463,0.026249,0.015312,0.026613,0.00875,0.010937,0.011666,0.010937,0.010937,0.012395,0.012395,0.01677,0.006562,0.026613,0.056872,0.082392,0.07984,0.056143,0.045206,0.030259,0.024426,0.013124,0.009479,0.006927,0.009114,0.005104,0.010208,0.016041,0.012031,0.011666,0.01677,0.025884,0.049945,0.069267,0.211851,0.000923,0.002232,0.002386,0.001539,0.003386,0.003463,0.005156,0.006772,0.008234,0.005387,0.008157,0.010619,0.009927,0.017545,0.022008,0.034552,0.100654,0.114506,0.038938,0.026933,0.016853,0.015391,0.013544,0.01616,0.00985,0.01262,0.012312,0.009234,0.010696,0.013544,0.01339,0.017468,0.023548,0.036783,0.14344,0.062341,0.078746,0.156034,0.156763,0.09187,0.080569,0.063799,0.05432,0.042289,0.034269,0.024426,0.019322,0.016041,0.021509,0.016041,0.016041,0.011301,0.00802,0.005833,0.008385,0.013853,0.002187,0.005104,0.002917,0.001458,0.000729,0.000729,0.001094,0.0,0.0,0.0,0.0,0.0,0.0,0.0,0.000729,0.000729,0.000365,0.0,0.002187
Zone_DH677,0.042957,0.043344,0.033282,0.024768,0.017028,0.017028,0.013545,0.006966,0.010062,0.006966,0.006966,0.01935,0.017802,0.02709,0.01161,0.030186,0.100619,0.068111,0.049536,0.032508,0.044118,0.024768,0.027477,0.016641,0.011223,0.008514,0.006966,0.006192,0.006579,0.027477,0.018963,0.01548,0.02322,0.030186,0.10952,0.042957,0.209574,0.000644,0.001609,0.00354,0.001287,0.003218,0.001931,0.004505,0.006114,0.006919,0.004183,0.007401,0.00885,0.008528,0.015607,0.017538,0.02864,0.126066,0.140386,0.031376,0.020595,0.01432,0.011746,0.01255,0.012389,0.007884,0.012631,0.007884,0.009976,0.010619,0.011987,0.012953,0.015125,0.020354,0.034594,0.156476,0.048762,0.078947,0.131579,0.202012,0.101393,0.065402,0.044118,0.053019,0.031734,0.025542,0.020124,0.018963,0.022059,0.025155,0.020124,0.010449,0.015867,0.013158,0.008901,0.011997,0.016254,0.001548,0.006966,0.00387,0.00387,0.00387,0.001161,0.000774,0.0,0.01161,0.0,0.0,0.0,0.0,0.0,0.0,0.000774,0.0,0.0,0.0
Zone_DH678,0.030075,0.023496,0.021147,0.015038,0.018797,0.019737,0.012688,0.004229,0.007519,0.00188,0.011278,0.029605,0.023026,0.033365,0.017857,0.020677,0.157425,0.053102,0.023966,0.019267,0.025376,0.017857,0.022556,0.013158,0.015038,0.013158,0.005639,0.007049,0.00282,0.030545,0.026786,0.016917,0.023496,0.024436,0.172932,0.038064,0.207114,0.0,0.000591,0.002463,0.001971,0.003153,0.001675,0.003547,0.00473,0.00473,0.003153,0.005912,0.009262,0.009952,0.013006,0.013203,0.027392,0.14159,0.153808,0.026012,0.02079,0.011627,0.013794,0.013893,0.013006,0.008572,0.009459,0.007193,0.010346,0.011233,0.009853,0.010839,0.009558,0.01744,0.034289,0.164844,0.06062,0.091635,0.110432,0.205357,0.106203,0.058741,0.039474,0.039004,0.036654,0.020207,0.018797,0.025376,0.017387,0.022556,0.016447,0.009868,0.016447,0.012218,0.010808,0.010808,0.017387,0.004699,0.009398,0.003759,0.003759,0.005639,0.00235,0.00188,0.00094,0.017857,0.00094,0.00141,0.0,0.0,0.0,0.0,0.0,0.0,0.0,0.00094
Zone_DH679,0.057657,0.032238,0.031618,0.024799,0.022319,0.016119,0.012399,0.00434,0.0062,0.00372,0.008679,0.026658,0.020459,0.014259,0.021079,0.018599,0.119033,0.057037,0.048977,0.030998,0.019839,0.025418,0.018599,0.012399,0.016119,0.009919,0.009919,0.011159,0.00496,0.021699,0.024799,0.008679,0.013639,0.021079,0.135152,0.069436,0.213239,0.000138,0.000691,0.002902,0.004422,0.002211,0.002349,0.003317,0.004422,0.003317,0.00387,0.008292,0.012576,0.01382,0.016307,0.018242,0.038004,0.103372,0.108347,0.037037,0.031509,0.021559,0.023355,0.014925,0.015478,0.012438,0.012576,0.008983,0.012161,0.016584,0.009397,0.013405,0.019071,0.026672,0.038281,0.126727,0.078115,0.107874,0.115933,0.138252,0.106014,0.071296,0.053317,0.052077,0.050837,0.034098,0.026038,0.029138,0.013639,0.020459,0.012399,0.011779,0.013639,0.00372,0.009299,0.00124,0.0062,0.00744,0.008679,0.0031,0.0031,0.0062,0.00124,0.00372,0.00124,0.00496,0.00124,0.00186,0.0,0.0,0.00124,0.0,0.0,0.0,0.0,0.00062
Zone_DH680,0.084298,0.070403,0.060213,0.033349,0.033349,0.014822,0.011116,0.008337,0.003705,0.007411,0.004632,0.005558,0.012969,0.01019,0.023159,0.024085,0.053265,0.05095,0.069477,0.060213,0.045855,0.025475,0.023159,0.014822,0.019453,0.008337,0.006484,0.01019,0.005558,0.009264,0.012043,0.012043,0.02038,0.019453,0.060213,0.065771,0.212833,0.000793,0.000793,0.00238,0.003174,0.00238,0.003967,0.005951,0.005554,0.00357,0.005951,0.011108,0.010314,0.013885,0.020232,0.026381,0.053159,0.07587,0.078647,0.046216,0.036299,0.027968,0.023009,0.014281,0.016662,0.014281,0.011505,0.016265,0.016662,0.009918,0.011505,0.012893,0.024199,0.026778,0.050481,0.104136,0.079667,0.105141,0.127374,0.132469,0.105141,0.086151,0.062529,0.061603,0.058824,0.047244,0.027327,0.025938,0.013432,0.013895,0.011579,0.008337,0.004169,0.0,0.002779,0.004632,0.004632,0.004632,0.004632,0.0,0.000463,0.000926,0.000926,0.002779,0.000926,0.0,0.000926,0.0,0.0,0.0,0.000926,0.0,0.0,0.0,0.0,0.0
Zone_DH681,0.091484,0.098651,0.076307,0.037099,0.03457,0.012648,0.013491,0.008432,0.004216,0.008432,0.005059,0.006745,0.011804,0.007589,0.01855,0.01855,0.024452,0.047639,0.074621,0.083052,0.056071,0.032884,0.027825,0.017707,0.016863,0.007589,0.005902,0.010961,0.006745,0.005902,0.015177,0.010118,0.016863,0.012648,0.026981,0.046374,0.214299,0.000731,0.001097,0.002743,0.002194,0.00256,0.004023,0.006948,0.005485,0.005485,0.006217,0.010605,0.00896,0.012525,0.021119,0.027793,0.047084,0.079813,0.088133,0.045072,0.031541,0.025507,0.019748,0.012068,0.016456,0.014262,0.013165,0.015359,0.017553,0.012434,0.011337,0.014079,0.023222,0.023405,0.050923,0.106052,0.056914,0.092327,0.108769,0.140809,0.125211,0.093592,0.060287,0.065767,0.051855,0.048061,0.026138,0.026981,0.020658,0.013069,0.015177,0.011804,0.006324,0.002108,0.004216,0.006745,0.003373,0.00253,0.002951,0.00253,0.000843,0.001265,0.002108,0.003373,0.001686,0.0,0.000843,0.0,0.000843,0.0,0.0,0.0,0.0,0.0,0.0,0.000843
Zone_DH682,0.165618,0.080922,0.074214,0.02935,0.028512,0.015094,0.01761,0.009224,0.00587,0.010063,0.005031,0.009224,0.010901,0.005031,0.015094,0.010482,0.012159,0.043606,0.142977,0.059539,0.049476,0.031027,0.023899,0.014675,0.01174,0.007547,0.00587,0.006709,0.006709,0.00587,0.013417,0.007547,0.010063,0.008386,0.020126,0.026415,0.214824,0.000744,0.001116,0.00279,0.002232,0.002604,0.002604,0.004836,0.003813,0.006696,0.00744,0.005952,0.007626,0.011067,0.017576,0.023621,0.03599,0.11169,0.114666,0.038036,0.021296,0.022784,0.017297,0.012648,0.013206,0.011532,0.010788,0.010416,0.013392,0.012648,0.011067,0.012927,0.022226,0.022598,0.039896,0.129359,0.063732,0.116143,0.087631,0.161845,0.143396,0.062893,0.042767,0.051992,0.036897,0.035639,0.02935,0.02935,0.022642,0.01761,0.015933,0.013836,0.016771,0.00587,0.007547,0.007128,0.007547,0.006289,0.004193,0.002516,0.001677,0.001677,0.001258,0.001677,0.000839,0.000839,0.001258,0.0,0.0,0.0,0.0,0.0,0.0,0.0,0.0,0.001258
Zone_DH683,0.30566,0.069602,0.02348,0.015933,0.015514,0.009224,0.01174,0.006289,0.00587,0.008386,0.003354,0.005031,0.00587,0.002516,0.00587,0.004612,0.005451,0.037736,0.291405,0.037317,0.026415,0.01761,0.012159,0.004612,0.005031,0.002516,0.004193,0.004193,0.003354,0.005031,0.005031,0.003354,0.001677,0.004193,0.012579,0.017191,0.201725,9.3e-05,0.000742,0.001669,0.001855,0.001484,0.001298,0.001855,0.001577,0.004081,0.004081,0.003153,0.002968,0.005936,0.008904,0.014098,0.025691,0.178538,0.181506,0.025505,0.012985,0.010202,0.010388,0.008347,0.005194,0.005565,0.006678,0.004452,0.005379,0.006863,0.004545,0.007142,0.012892,0.014283,0.022167,0.19616,0.101887,0.104403,0.07673,0.160587,0.140461,0.057862,0.029769,0.029769,0.026834,0.025157,0.025577,0.020126,0.017191,0.025157,0.012998,0.014256,0.035639,0.007128,0.02348,0.007128,0.010063,0.014675,0.004612,0.001677,0.001677,0.002096,0.001677,0.003354,0.005451,0.005031,0.002935,0.001677,0.0,0.000839,0.0,0.0,0.0,0.0,0.0,0.002096
Zone_DH684,0.339973,0.059761,0.058433,0.008853,0.007525,0.006197,0.000885,0.003984,0.003099,0.002656,0.001771,0.002656,0.001771,0.001771,0.002213,0.002656,0.005312,0.041611,0.325365,0.041611,0.01992,0.005755,0.011067,0.003541,0.001771,0.002213,0.001328,0.002656,0.001328,0.000885,0.001771,0.002213,0.000885,0.006197,0.007968,0.012395,0.192049,0.001851,0.000779,0.001364,0.002338,0.00039,0.001559,0.0,0.002046,0.001559,0.003215,0.002144,0.001462,0.006723,0.0038,0.008185,0.0228,0.202865,0.205008,0.01978,0.007405,0.006236,0.008477,0.005456,0.003118,0.0038,0.00039,0.002144,0.003605,0.002728,0.001559,0.004482,0.006626,0.006918,0.016272,0.240865,0.130146,0.086321,0.072156,0.171757,0.117751,0.048694,0.029659,0.020363,0.01992,0.016379,0.021248,0.023904,0.020806,0.026118,0.008853,0.01328,0.040283,0.00664,0.029216,0.007525,0.020363,0.020806,0.007525,0.001771,0.000885,0.002213,0.003541,0.007083,0.007083,0.004427,0.001771,0.000885,0.0,0.000885,0.000885,0.001328,0.000885,0.000885,0.000885,0.004869
Zone_DH685,0.252247,0.035351,0.101857,0.019772,0.009587,0.005992,0.003595,0.004793,0.006591,0.002397,0.003595,0.001198,0.002397,0.005992,0.005392,0.004793,0.011983,0.063511,0.23607,0.041941,0.034152,0.014979,0.010785,0.010186,0.003595,0.004194,0.001797,0.005992,0.002996,0.001797,0.004793,0.005992,0.002397,0.011983,0.011983,0.053325,0.196902,0.002424,0.000539,0.003502,0.002155,0.000539,0.00404,0.001616,0.00431,0.003232,0.003367,0.002424,0.003502,0.010101,0.006599,0.013737,0.025993,0.174949,0.177104,0.024646,0.008889,0.009697,0.009024,0.00862,0.004848,0.005926,0.00202,0.004714,0.004444,0.004714,0.003367,0.006869,0.008215,0.016431,0.021549,0.21899,0.129419,0.076693,0.079688,0.177352,0.091072,0.059317,0.033553,0.023966,0.024566,0.013781,0.020371,0.023966,0.02157,0.03595,0.007789,0.00719,0.027561,0.009587,0.034751,0.008388,0.019173,0.011384,0.007789,0.001198,0.0,0.004793,0.004793,0.008388,0.010186,0.005992,0.0,0.0,0.001198,0.001198,0.002397,0.002996,0.000599,0.001198,0.001198,0.008987
Zone_DH686,0.06105,0.029304,0.112332,0.032967,0.019536,0.009768,0.007326,0.009768,0.008547,0.004884,0.007326,0.009768,0.01221,0.009768,0.008547,0.01221,0.018315,0.106227,0.072039,0.058608,0.037851,0.020757,0.018315,0.02442,0.014652,0.014652,0.004884,0.009768,0.008547,0.008547,0.009768,0.017094,0.004884,0.031746,0.03663,0.126984,0.218724,0.003314,0.002209,0.00718,0.004419,0.002209,0.00718,0.003314,0.009942,0.004419,0.009114,0.0058,0.008009,0.017951,0.010494,0.022093,0.032035,0.116266,0.107981,0.034521,0.015189,0.020989,0.015742,0.017122,0.011599,0.012704,0.005247,0.007457,0.012704,0.011323,0.008561,0.011599,0.013532,0.025407,0.032864,0.150787,0.054945,0.06105,0.075702,0.1221,0.123321,0.08547,0.067155,0.034188,0.056166,0.032967,0.028083,0.025641,0.026862,0.021978,0.010989,0.015873,0.025641,0.01221,0.014652,0.007326,0.004884,0.007326,0.023199,0.004884,0.0,0.009768,0.007326,0.0,0.002442,0.0,0.0,0.0,0.007326,0.004884,0.004884,0.003663,0.0,0.002442,0.0,0.014652
Zone_DH687,0.027132,0.042636,0.031008,0.023256,0.023256,0.01938,0.023256,0.007752,0.015504,0.003876,0.015504,0.01938,0.011628,0.007752,0.003876,0.013566,0.015504,0.127907,0.050388,0.034884,0.015504,0.01938,0.017442,0.031008,0.031008,0.034884,0.015504,0.031008,0.023256,0.011628,0.003876,0.01938,0.015504,0.023256,0.027132,0.162791,0.22534,0.001701,0.003401,0.001701,0.001701,0.003401,0.011905,0.005102,0.005102,0.006803,0.011905,0.006803,0.008503,0.018707,0.003401,0.027211,0.030612,0.107143,0.096939,0.028912,0.022109,0.028912,0.02381,0.010204,0.006803,0.009354,0.005102,0.013605,0.020408,0.018707,0.017007,0.013605,0.017007,0.032313,0.034014,0.120748,0.027132,0.042636,0.050388,0.083333,0.139535,0.073643,0.069767,0.023256,0.034884,0.046512,0.046512,0.034884,0.02907,0.046512,0.015504,0.042636,0.015504,0.011628,0.015504,0.015504,0.011628,0.011628,0.027132,0.007752,0.003876,0.015504,0.003876,0.003876,0.003876,0.003876,0.003876,0.0,0.007752,0.003876,0.003876,0.0,0.0,0.003876,0.0,0.01938
Zone_DH688,0.027778,0.046784,0.035088,0.049708,0.035088,0.026316,0.017544,0.02193,0.017544,0.008772,0.020468,0.005848,0.017544,0.01462,0.005848,0.017544,0.024854,0.071637,0.05117,0.038012,0.046784,0.052632,0.02924,0.02924,0.026316,0.02924,0.011696,0.02924,0.023392,0.011696,0.002924,0.011696,0.02193,0.020468,0.02924,0.070175,0.22439,0.001301,0.001301,0.005203,0.003252,0.002602,0.010407,0.005203,0.003902,0.013008,0.006504,0.006504,0.013659,0.023415,0.013659,0.034472,0.035447,0.055285,0.06374,0.046179,0.028293,0.036748,0.03122,0.016911,0.009106,0.014634,0.011057,0.01561,0.010407,0.018211,0.024715,0.024715,0.025366,0.038374,0.044553,0.08065,0.02924,0.054094,0.073099,0.059942,0.115497,0.05848,0.076023,0.059942,0.059942,0.045322,0.046784,0.02924,0.030702,0.055556,0.008772,0.032164,0.011696,0.011696,0.01462,0.005848,0.011696,0.008772,0.020468,0.008772,0.008772,0.008772,0.005848,0.005848,0.005848,0.002924,0.002924,0.002924,0.005848,0.002924,0.0,0.001462,0.0,0.002924,0.0,0.01462
Zone_DH689,0.060706,0.05298,0.039735,0.055188,0.030905,0.019868,0.013245,0.020971,0.00883,0.00883,0.013245,0.004415,0.01766,0.022075,0.014349,0.020971,0.032009,0.056291,0.054084,0.037528,0.05298,0.072848,0.030905,0.022075,0.01766,0.01766,0.006623,0.013245,0.015453,0.013245,0.006623,0.013245,0.018764,0.019868,0.03532,0.059603,0.224781,0.0,0.0,0.004005,0.002503,0.002003,0.004005,0.005006,0.009011,0.009011,0.00801,0.006008,0.008511,0.017522,0.026033,0.041552,0.038298,0.049562,0.051064,0.052566,0.037297,0.035294,0.03204,0.018023,0.021527,0.01627,0.014018,0.01602,0.009011,0.013016,0.017021,0.027034,0.027785,0.036546,0.049312,0.070338,0.028698,0.054084,0.077263,0.087196,0.098234,0.078366,0.086093,0.069536,0.062914,0.054084,0.041943,0.03532,0.02649,0.050773,0.015453,0.030905,0.015453,0.006623,0.013245,0.006623,0.00883,0.004415,0.002208,0.004415,0.006623,0.0,0.002208,0.004415,0.002208,0.002208,0.004415,0.002208,0.0,0.002208,0.0,0.003311,0.0,0.0,0.0,0.011038
Zone_DH690,0.065856,0.072948,0.038501,0.036474,0.032421,0.008105,0.010132,0.01925,0.006079,0.010132,0.010132,0.008105,0.012158,0.016211,0.017224,0.029382,0.042553,0.074975,0.080041,0.046606,0.056738,0.04458,0.016211,0.020263,0.02229,0.012158,0.0,0.010132,0.012158,0.014184,0.004053,0.012158,0.023303,0.017224,0.042553,0.054711,0.230858,0.0,0.000925,0.000925,0.000925,0.004626,0.003701,0.007402,0.009253,0.004626,0.010178,0.008328,0.008328,0.013417,0.026833,0.040712,0.034698,0.063382,0.047652,0.053666,0.040481,0.02984,0.024983,0.018506,0.022669,0.015961,0.01573,0.01573,0.012954,0.009253,0.010178,0.01758,0.023363,0.033773,0.050891,0.087671,0.02229,0.065856,0.070922,0.108409,0.097264,0.10233,0.093212,0.061803,0.053698,0.056738,0.034448,0.024316,0.028369,0.030395,0.016211,0.026342,0.016211,0.010132,0.006079,0.002026,0.008105,0.012158,0.004053,0.006079,0.002026,0.0,0.002026,0.002026,0.004053,0.002026,0.008105,0.0,0.0,0.0,0.0,0.00304,0.002026,0.0,0.0,0.017224
Zone_DH691,0.064516,0.079404,0.049628,0.039702,0.032258,0.009926,0.009926,0.009926,0.012407,0.009926,0.012407,0.007444,0.014888,0.012407,0.012407,0.044665,0.044665,0.066998,0.079404,0.054591,0.052109,0.032258,0.014888,0.022333,0.022333,0.009926,0.0,0.012407,0.004963,0.012407,0.004963,0.014888,0.024814,0.019851,0.044665,0.039702,0.234861,0.0,0.001132,0.001132,0.001132,0.005659,0.006791,0.011319,0.011319,0.006791,0.007923,0.005659,0.011319,0.010187,0.020374,0.03622,0.037351,0.06678,0.046406,0.054329,0.041879,0.023769,0.023769,0.01811,0.019242,0.019242,0.019242,0.01811,0.016978,0.011319,0.01245,0.011319,0.022637,0.029428,0.052066,0.083758,0.027295,0.069479,0.084367,0.114144,0.091811,0.091811,0.08933,0.062035,0.042184,0.064516,0.034739,0.024814,0.037221,0.022333,0.012407,0.01737,0.004963,0.009926,0.002481,0.004963,0.014888,0.019851,0.009926,0.007444,0.0,0.0,0.002481,0.002481,0.004963,0.0,0.007444,0.002481,0.0,0.0,0.0,0.0,0.002481,0.0,0.0,0.01737
Zone_DH692,0.060932,0.086022,0.078853,0.050179,0.043011,0.017921,0.007168,0.010753,0.010753,0.014337,0.010753,0.003584,0.0,0.010753,0.014337,0.028674,0.046595,0.032258,0.086022,0.082437,0.071685,0.028674,0.017921,0.010753,0.02509,0.007168,0.0,0.014337,0.003584,0.010753,0.003584,0.010753,0.017921,0.010753,0.035842,0.035842,0.243199,0.001649,0.004946,0.001649,0.001649,0.006595,0.008244,0.008244,0.008244,0.004946,0.009893,0.006595,0.011542,0.009893,0.01319,0.036274,0.034625,0.065952,0.065952,0.051113,0.034625,0.029678,0.018137,0.009893,0.01319,0.016488,0.021434,0.009893,0.01319,0.011542,0.016488,0.018137,0.023083,0.037923,0.049464,0.08244,0.02509,0.078853,0.111111,0.111111,0.111111,0.071685,0.064516,0.075269,0.028674,0.060932,0.02509,0.017921,0.043011,0.02509,0.021505,0.017921,0.007168,0.003584,0.010753,0.010753,0.007168,0.010753,0.014337,0.007168,0.003584,0.0,0.0,0.0,0.0,0.0,0.010753,0.003584,0.0,0.0,0.0,0.0,0.0,0.0,0.0,0.021505
Zone_DH693,0.09375,0.05,0.1,0.0625,0.05,0.01875,0.00625,0.03125,0.00625,0.0125,0.0125,0.00625,0.00625,0.00625,0.025,0.0125,0.025,0.01875,0.05625,0.10625,0.08125,0.05,0.01875,0.00625,0.00625,0.0125,0.0,0.0125,0.00625,0.0125,0.0125,0.0,0.0,0.00625,0.0375,0.03125,0.250729,0.002915,0.005831,0.002915,0.0,0.002915,0.011662,0.002915,0.005831,0.005831,0.011662,0.011662,0.017493,0.008746,0.014577,0.034985,0.034985,0.067055,0.061224,0.058309,0.026239,0.017493,0.008746,0.002915,0.017493,0.011662,0.020408,0.008746,0.020408,0.011662,0.014577,0.029155,0.026239,0.040816,0.061224,0.069971,0.03125,0.05625,0.11875,0.01875,0.1125,0.08125,0.075,0.075,0.03125,0.0625,0.03125,0.0125,0.05,0.04375,0.0375,0.03125,0.00625,0.0,0.025,0.00625,0.00625,0.0125,0.01875,0.00625,0.00625,0.0,0.0,0.0,0.0,0.0,0.0,0.00625,0.0,0.00625,0.0,0.0,0.0,0.0,0.0,0.03125
Zone_DH694,0.078431,0.0,0.019608,0.039216,0.019608,0.019608,0.039216,0.098039,0.0,0.0,0.039216,0.0,0.039216,0.0,0.039216,0.019608,0.039216,0.039216,0.058824,0.098039,0.019608,0.058824,0.019608,0.039216,0.0,0.019608,0.0,0.0,0.0,0.039216,0.019608,0.019608,0.0,0.019608,0.019608,0.039216,0.256281,0.0,0.0,0.01005,0.0,0.01005,0.01005,0.01005,0.0,0.020101,0.0,0.030151,0.020101,0.020101,0.030151,0.030151,0.030151,0.050251,0.040201,0.020101,0.020101,0.030151,0.01005,0.020101,0.020101,0.01005,0.020101,0.020101,0.020101,0.01005,0.040201,0.020101,0.030151,0.030151,0.060302,0.050251,0.0,0.039216,0.058824,0.039216,0.078431,0.039216,0.078431,0.039216,0.019608,0.039216,0.039216,0.0,0.019608,0.039216,0.019608,0.078431,0.0,0.039216,0.019608,0.0,0.0,0.019608,0.0,0.019608,0.019608,0.0,0.0,0.0,0.0,0.019608,0.019608,0.0,0.0,0.019608,0.0,0.0,0.019608,0.0,0.0,0.176471
Zone_DH695,0.089286,0.017857,0.035714,0.017857,0.035714,0.053571,0.035714,0.035714,0.0,0.0,0.035714,0.0,0.035714,0.0,0.053571,0.035714,0.089286,0.035714,0.035714,0.107143,0.035714,0.035714,0.017857,0.035714,0.017857,0.0,0.0,0.0,0.0,0.035714,0.0,0.017857,0.0,0.017857,0.017857,0.017857,0.25,0.0,0.0,0.0,0.0,0.008929,0.0,0.008929,0.0,0.008929,0.017857,0.017857,0.0,0.026786,0.035714,0.035714,0.053571,0.035714,0.053571,0.035714,0.035714,0.035714,0.026786,0.026786,0.026786,0.008929,0.0,0.017857,0.017857,0.008929,0.008929,0.026786,0.017857,0.026786,0.044643,0.080357,0.035714,0.089286,0.053571,0.035714,0.035714,0.053571,0.071429,0.017857,0.017857,0.0,0.035714,0.0,0.017857,0.017857,0.017857,0.017857,0.0,0.035714,0.017857,0.0,0.035714,0.017857,0.035714,0.0,0.017857,0.0,0.017857,0.0,0.017857,0.017857,0.017857,0.0,0.0,0.035714,0.0,0.0,0.017857,0.0,0.0,0.196429
Zone_DH696,0.074074,0.02963,0.02963,0.044444,0.02963,0.059259,0.02963,0.014815,0.0,0.0,0.0,0.0,0.014815,0.014815,0.014815,0.02963,0.059259,0.088889,0.088889,0.074074,0.059259,0.014815,0.02963,0.014815,0.014815,0.0,0.0,0.007407,0.0,0.0,0.0,0.014815,0.02963,0.02963,0.014815,0.074074,0.241877,0.0,0.0,0.0,0.0,0.0,0.0,0.0,0.00722,0.0,0.00722,0.01444,0.0,0.01444,0.028881,0.043321,0.028881,0.043321,0.050542,0.050542,0.061372,0.057762,0.036101,0.021661,0.01444,0.00722,0.0,0.025271,0.01444,0.021661,0.0,0.028881,0.01444,0.057762,0.050542,0.057762,0.02963,0.088889,0.02963,0.014815,0.059259,0.044444,0.02963,0.02963,0.0,0.0,0.044444,0.014815,0.02963,0.044444,0.044444,0.0,0.0,0.014815,0.044444,0.014815,0.044444,0.0,0.02963,0.014815,0.014815,0.014815,0.044444,0.014815,0.014815,0.0,0.0,0.0,0.0,0.014815,0.0,0.0,0.02963,0.0,0.0,0.185185
Zone_DH697,0.074866,0.02139,0.064171,0.074866,0.010695,0.02139,0.010695,0.010695,0.010695,0.0,0.0,0.0,0.010695,0.010695,0.010695,0.053476,0.02139,0.117647,0.064171,0.010695,0.064171,0.02139,0.032086,0.042781,0.0,0.0,0.010695,0.026738,0.005348,0.010695,0.026738,0.032086,0.02139,0.032086,0.0,0.074866,0.231275,0.0,0.0,0.0,0.002628,0.0,0.002628,0.005256,0.005256,0.002628,0.005256,0.010512,0.005256,0.010512,0.031537,0.057819,0.036794,0.073587,0.036794,0.052562,0.039422,0.047306,0.028909,0.023653,0.0,0.013141,0.005256,0.018397,0.026281,0.010512,0.007884,0.023653,0.031537,0.032852,0.055191,0.065703,0.0,0.042781,0.042781,0.02139,0.053476,0.037433,0.053476,0.048128,0.010695,0.032086,0.042781,0.053476,0.026738,0.032086,0.053476,0.02139,0.010695,0.02139,0.02139,0.026738,0.02139,0.0,0.010695,0.010695,0.016043,0.010695,0.032086,0.010695,0.02139,0.02139,0.005348,0.0,0.0,0.02139,0.0,0.010695,0.010695,0.0,0.0,0.144385
Zone_DH698,0.094595,0.013514,0.081081,0.067568,0.013514,0.027027,0.013514,0.013514,0.013514,0.0,0.0,0.0,0.013514,0.013514,0.0,0.067568,0.013514,0.108108,0.040541,0.013514,0.081081,0.013514,0.040541,0.040541,0.0,0.0,0.013514,0.027027,0.006757,0.013514,0.033784,0.027027,0.0,0.027027,0.0,0.067568,0.235495,0.0,0.0,0.0,0.003413,0.0,0.003413,0.006826,0.0,0.003413,0.006826,0.006826,0.006826,0.006826,0.027304,0.061433,0.040956,0.095563,0.027304,0.040956,0.03413,0.047782,0.023891,0.030717,0.0,0.017065,0.006826,0.013652,0.027304,0.006826,0.010239,0.023891,0.03413,0.035836,0.044369,0.069966,0.0,0.054054,0.054054,0.027027,0.067568,0.047297,0.054054,0.047297,0.013514,0.040541,0.054054,0.054054,0.02027,0.027027,0.067568,0.027027,0.013514,0.027027,0.013514,0.02027,0.0,0.0,0.013514,0.013514,0.006757,0.013514,0.013514,0.0,0.027027,0.027027,0.006757,0.0,0.0,0.027027,0.0,0.013514,0.0,0.0,0.0,0.108108
Zone_DH700,0.036697,0.12844,0.091743,0.073394,0.036697,0.0,0.018349,0.0,0.0,0.0,0.0,0.0,0.0,0.018349,0.0,0.0,0.0,0.036697,0.018349,0.174312,0.055046,0.055046,0.036697,0.0,0.036697,0.055046,0.018349,0.018349,0.018349,0.018349,0.009174,0.009174,0.018349,0.0,0.0,0.018349,0.251641,0.0,0.0,0.008753,0.0,0.0,0.008753,0.008753,0.0,0.008753,0.0,0.015317,0.008753,0.008753,0.026258,0.026258,0.052516,0.087527,0.061269,0.043764,0.026258,0.008753,0.026258,0.008753,0.02407,0.008753,0.008753,0.008753,0.008753,0.017505,0.008753,0.008753,0.008753,0.026258,0.052516,0.131291,0.036697,0.073394,0.055046,0.091743,0.055046,0.018349,0.091743,0.0,0.110092,0.018349,0.12844,0.036697,0.018349,0.0,0.018349,0.018349,0.036697,0.036697,0.018349,0.018349,0.018349,0.0,0.018349,0.0,0.018349,0.0,0.0,0.018349,0.0,0.0,0.0,0.0,0.0,0.0,0.0,0.0,0.0,0.0,0.0,0.045872
Zone_DH701,0.0369,0.066421,0.073801,0.0369,0.051661,0.02214,0.0369,0.00738,0.01476,0.01476,0.01476,0.01476,0.00738,0.00738,0.01476,0.0,0.02214,0.0369,0.02214,0.107011,0.051661,0.02952,0.01476,0.00738,0.02214,0.088561,0.0369,0.02952,0.01476,0.00738,0.02583,0.01107,0.00738,0.00738,0.02214,0.01476,0.249344,0.0,0.0,0.006999,0.0,0.0035,0.006999,0.0035,0.0035,0.0035,0.010499,0.023622,0.006999,0.020997,0.027997,0.034996,0.045494,0.059493,0.034996,0.045494,0.024497,0.017498,0.017498,0.020997,0.023622,0.006999,0.017498,0.013998,0.013998,0.017498,0.006999,0.017498,0.017498,0.027997,0.041995,0.125984,0.04428,0.081181,0.04428,0.066421,0.073801,0.0369,0.066421,0.0369,0.081181,0.01476,0.081181,0.0369,0.02214,0.01476,0.01476,0.01476,0.02952,0.02214,0.01476,0.00738,0.02214,0.00738,0.02214,0.02214,0.02952,0.0,0.0,0.02214,0.0,0.00738,0.0,0.0,0.00738,0.0,0.0,0.0,0.0,0.0,0.00738,0.04797
Zone_DH702,0.058228,0.058228,0.03038,0.017722,0.032911,0.022785,0.032911,0.04557,0.020253,0.017722,0.012658,0.012658,0.005063,0.007595,0.01519,0.007595,0.022785,0.035443,0.070886,0.060759,0.04557,0.01519,0.01519,0.017722,0.012658,0.075949,0.04557,0.040506,0.01519,0.007595,0.01519,0.012658,0.007595,0.010127,0.027848,0.048101,0.223897,0.001117,0.001117,0.00335,0.00335,0.00335,0.002233,0.007817,0.00335,0.00335,0.015634,0.017867,0.012284,0.011167,0.021217,0.024567,0.048018,0.081519,0.070352,0.052485,0.025684,0.018984,0.018984,0.011167,0.017867,0.015634,0.01675,0.007817,0.014517,0.008934,0.008934,0.025684,0.012284,0.021217,0.049135,0.11837,0.053165,0.113924,0.098734,0.118987,0.131646,0.055696,0.070886,0.035443,0.040506,0.025316,0.022785,0.037975,0.020253,0.020253,0.017722,0.007595,0.012658,0.010127,0.002532,0.002532,0.005063,0.007595,0.010127,0.010127,0.017722,0.0,0.0,0.007595,0.002532,0.002532,0.0,0.0,0.002532,0.002532,0.0,0.002532,0.0,0.002532,0.002532,0.025316
Zone_DH703,0.068156,0.050279,0.046927,0.025698,0.024581,0.017877,0.018994,0.039106,0.043575,0.010056,0.010056,0.008939,0.008939,0.007821,0.020112,0.017877,0.031285,0.034637,0.063687,0.04581,0.032402,0.018994,0.018994,0.012291,0.011173,0.042458,0.056983,0.02905,0.013408,0.014525,0.012291,0.015642,0.021229,0.026816,0.022346,0.056983,0.21687,0.001438,0.004313,0.002396,0.005272,0.003355,0.002876,0.004793,0.004793,0.008148,0.009106,0.01294,0.009106,0.010065,0.016295,0.027318,0.042176,0.086748,0.086269,0.049365,0.03259,0.022046,0.014378,0.014378,0.01342,0.015337,0.01342,0.011503,0.01342,0.008627,0.010544,0.019171,0.01294,0.024443,0.046969,0.123173,0.052514,0.140782,0.140782,0.150838,0.118436,0.071508,0.061453,0.04581,0.031285,0.023464,0.014525,0.025698,0.017877,0.018994,0.022346,0.005587,0.007821,0.005587,0.001117,0.001117,0.0,0.005587,0.002235,0.002235,0.005587,0.002235,0.001117,0.001117,0.002235,0.001117,0.0,0.001117,0.0,0.001117,0.0,0.002235,0.001117,0.001117,0.0,0.012291
Zone_DH704,0.083974,0.062093,0.053814,0.029568,0.022472,0.02602,0.010053,0.018924,0.022472,0.004731,0.009462,0.003548,0.005322,0.007096,0.01301,0.020106,0.035482,0.056771,0.087522,0.072738,0.047901,0.030751,0.013601,0.008279,0.007688,0.020698,0.026611,0.013601,0.008279,0.011236,0.010053,0.00887,0.015967,0.024837,0.044352,0.062093,0.203631,0.000478,0.00215,0.00215,0.002389,0.003105,0.004061,0.003344,0.003583,0.006927,0.005733,0.00621,0.00836,0.009793,0.012182,0.028664,0.049922,0.099128,0.104144,0.056372,0.03368,0.018392,0.014571,0.01266,0.010749,0.012182,0.01051,0.010749,0.01051,0.010988,0.00836,0.011227,0.011465,0.021498,0.05255,0.137585,0.058545,0.133057,0.184506,0.171496,0.109994,0.083974,0.053814,0.050266,0.029568,0.023655,0.015376,0.01715,0.009462,0.015376,0.010645,0.004731,0.005914,0.004731,0.001183,0.000591,0.000591,0.001774,0.000591,0.001183,0.001774,0.001774,0.000591,0.0,0.000591,0.0,0.001183,0.000591,0.0,0.0,0.0,0.000591,0.000591,0.0,0.0,0.00414
Zone_DH705,0.079879,0.075358,0.059282,0.037679,0.025622,0.024115,0.008038,0.011052,0.009043,0.007033,0.007033,0.00427,0.007536,0.006782,0.016076,0.018086,0.035921,0.052499,0.081889,0.082643,0.061794,0.043205,0.021603,0.01055,0.006029,0.013062,0.007536,0.004521,0.004773,0.008541,0.026375,0.010048,0.013062,0.02311,0.0422,0.053755,0.202636,0.000662,0.000814,0.002239,0.001628,0.002239,0.00346,0.002341,0.003817,0.007786,0.005801,0.005903,0.00804,0.009465,0.016182,0.028701,0.053941,0.091802,0.102997,0.05618,0.03267,0.019337,0.017607,0.011246,0.010381,0.012111,0.010636,0.010585,0.009872,0.011806,0.008142,0.009567,0.013842,0.024223,0.055977,0.135362,0.060789,0.127857,0.165034,0.166541,0.111781,0.085406,0.061794,0.053504,0.033157,0.033911,0.020095,0.014569,0.011555,0.015825,0.007787,0.007033,0.006029,0.005777,0.002512,0.001256,0.002261,0.000502,0.000251,0.000502,0.000502,0.001005,0.0,0.0,0.0,0.000754,0.001005,0.0,0.0,0.000251,0.0,0.0,0.0,0.000502,0.0,0.000251
Zone_DH706,0.068303,0.084671,0.067359,0.067359,0.03305,0.024551,0.00598,0.009443,0.006925,0.007554,0.006295,0.004721,0.010702,0.006295,0.015738,0.020145,0.022663,0.030532,0.072081,0.088763,0.075228,0.064212,0.02707,0.017627,0.007554,0.002518,0.003148,0.003777,0.004721,0.011961,0.036827,0.011017,0.010702,0.012276,0.025181,0.03305,0.204525,0.001776,0.001447,0.002039,0.001644,0.001381,0.003617,0.002039,0.002367,0.007563,0.006182,0.006379,0.009338,0.011443,0.018414,0.032356,0.051427,0.084309,0.095226,0.052677,0.036301,0.019861,0.021439,0.014402,0.012298,0.009536,0.009536,0.01289,0.007497,0.012298,0.008155,0.010391,0.016375,0.02453,0.055241,0.133105,0.061379,0.110796,0.148568,0.139125,0.104186,0.085615,0.062638,0.065156,0.041549,0.044381,0.023607,0.018571,0.019515,0.012276,0.015738,0.011646,0.006925,0.004721,0.004092,0.002203,0.002833,0.003148,0.002203,0.00063,0.00063,0.002203,0.0,0.0,0.0,0.000944,0.001574,0.0,0.001259,0.0,0.0,0.0,0.0,0.00063,0.0,0.001259
Zone_DH707,0.076923,0.071598,0.061538,0.07929,0.028402,0.013609,0.005325,0.007101,0.007101,0.005325,0.008284,0.005917,0.015385,0.010651,0.021893,0.028994,0.031953,0.04142,0.05858,0.060947,0.060355,0.052071,0.026036,0.023077,0.010651,0.001183,0.00355,0.005917,0.002367,0.011834,0.047929,0.018343,0.017751,0.013609,0.023669,0.04142,0.216793,0.002358,0.003406,0.002358,0.002227,0.001048,0.00393,0.00131,0.001441,0.006026,0.007074,0.007991,0.010348,0.013099,0.021876,0.038512,0.040608,0.070867,0.081478,0.053183,0.037202,0.026068,0.021483,0.020435,0.014671,0.009693,0.011265,0.012313,0.007729,0.012051,0.008384,0.01323,0.021483,0.026854,0.052397,0.118811,0.04497,0.085799,0.104734,0.12426,0.094083,0.090533,0.07574,0.068639,0.048521,0.051479,0.022485,0.030178,0.027811,0.015385,0.021302,0.02426,0.014201,0.007692,0.008876,0.007692,0.002959,0.004734,0.005325,0.002367,0.0,0.00355,0.0,0.0,0.0,0.001183,0.001183,0.0,0.002367,0.0,0.0,0.001183,0.0,0.0,0.0,0.006509
Zone_DH708,0.123846,0.048462,0.043077,0.084615,0.022308,0.007692,0.005385,0.003077,0.004615,0.003846,0.004615,0.001538,0.008462,0.018462,0.006154,0.012308,0.020769,0.107692,0.094615,0.052308,0.050769,0.052308,0.02,0.011538,0.007692,0.003077,0.010769,0.013077,0.004615,0.004615,0.004615,0.012308,0.017692,0.011538,0.013846,0.087692,0.210723,0.002112,0.003899,0.003087,0.0026,0.002275,0.0026,0.00195,0.002275,0.007799,0.003249,0.008611,0.006824,0.011373,0.012348,0.026645,0.038668,0.116003,0.120227,0.043217,0.026158,0.022096,0.01446,0.01316,0.010561,0.006174,0.007799,0.008611,0.010073,0.004549,0.014297,0.012998,0.013647,0.024695,0.03948,0.14476,0.051538,0.066154,0.075385,0.163077,0.1,0.082308,0.052308,0.041538,0.053846,0.033846,0.029231,0.035385,0.03,0.018462,0.038462,0.027692,0.014615,0.009231,0.009231,0.006154,0.018462,0.003077,0.008462,0.001538,0.003077,0.006154,0.004615,0.0,0.001538,0.0,0.001538,0.0,0.001538,0.0,0.0,0.001538,0.001538,0.0,0.0,0.008462
Zone_DH709,0.136257,0.045419,0.043853,0.02036,0.010963,0.009397,0.007048,0.001566,0.006265,0.002349,0.007831,0.006265,0.008614,0.026625,0.009397,0.009397,0.035239,0.125294,0.097886,0.050117,0.031323,0.036022,0.018794,0.01018,0.009397,0.004699,0.009397,0.013312,0.004699,0.010963,0.012529,0.010963,0.017228,0.017228,0.029757,0.103367,0.211059,0.000652,0.004567,0.001468,0.000652,0.002283,0.003262,0.001957,0.005546,0.007177,0.005219,0.007992,0.008481,0.011091,0.016311,0.016311,0.032621,0.123308,0.125265,0.042407,0.022998,0.022835,0.012885,0.014516,0.013864,0.008155,0.009134,0.011254,0.011417,0.005872,0.016311,0.011091,0.011091,0.030011,0.030827,0.140108,0.034456,0.057948,0.072827,0.176977,0.104933,0.078309,0.054816,0.048551,0.049334,0.034456,0.029757,0.027408,0.032106,0.025059,0.042287,0.031323,0.009397,0.014096,0.009397,0.006265,0.025059,0.003132,0.007048,0.003132,0.004699,0.001566,0.004699,0.001566,0.003132,0.001566,0.0,0.0,0.001566,0.0,0.0,0.0,0.001566,0.0,0.0,0.001566
Zone_DH710,0.088632,0.065511,0.057803,0.030829,0.016699,0.024406,0.012203,0.005138,0.011561,0.008349,0.008992,0.010276,0.011561,0.017983,0.007707,0.007707,0.029544,0.076429,0.074502,0.064226,0.052665,0.038536,0.030829,0.021837,0.007707,0.012845,0.008992,0.011561,0.011561,0.02569,0.01413,0.008992,0.011561,0.020552,0.035967,0.056519,0.220219,0.001664,0.003883,0.000693,0.001109,0.00527,0.002774,0.006102,0.008598,0.007211,0.007211,0.010678,0.011649,0.012204,0.017196,0.027181,0.029954,0.086534,0.087367,0.038552,0.03772,0.022743,0.019415,0.013313,0.016225,0.011926,0.013036,0.015948,0.011372,0.013868,0.020247,0.016087,0.017196,0.031064,0.033282,0.12051,0.032755,0.058446,0.105973,0.157996,0.09377,0.07964,0.071933,0.062942,0.059088,0.032113,0.038536,0.023764,0.017983,0.021837,0.021837,0.02569,0.010276,0.015414,0.010276,0.008992,0.011561,0.005138,0.010918,0.002569,0.001285,0.003854,0.002569,0.002569,0.001285,0.001285,0.0,0.0,0.002569,0.001285,0.0,0.0,0.001285,0.0,0.0,0.002569
Zone_DH711,0.066218,0.059484,0.04826,0.030303,0.015713,0.022447,0.015713,0.010101,0.01459,0.008979,0.008979,0.006734,0.011223,0.010101,0.006734,0.006734,0.077441,0.061728,0.077441,0.059484,0.054994,0.025814,0.031425,0.023569,0.013468,0.01459,0.008979,0.007856,0.010101,0.01908,0.013468,0.007856,0.01459,0.015713,0.068462,0.051627,0.218291,0.001925,0.002407,0.001925,0.000963,0.005295,0.003851,0.005776,0.007702,0.006258,0.009627,0.011071,0.010108,0.012034,0.019254,0.023586,0.025511,0.090012,0.093863,0.036582,0.031769,0.020698,0.01781,0.011552,0.020217,0.012515,0.01444,0.015884,0.012034,0.014922,0.019735,0.015403,0.019254,0.025511,0.038508,0.123706,0.041526,0.066218,0.125701,0.166105,0.080808,0.079686,0.062851,0.06734,0.046016,0.037037,0.025814,0.016835,0.021324,0.028058,0.01908,0.020202,0.015713,0.016835,0.004489,0.007856,0.01908,0.003367,0.004489,0.002245,0.005612,0.002245,0.003367,0.001122,0.0,0.001122,0.0,0.0,0.001122,0.001122,0.001122,0.0,0.001122,0.0,0.0,0.003367
Zone_DH712,0.036628,0.022077,0.026091,0.019067,0.011039,0.007025,0.018565,0.006021,0.011039,0.005018,0.008028,0.005519,0.007025,0.007025,0.009032,0.02007,0.178123,0.083292,0.042148,0.030105,0.046162,0.013046,0.021074,0.01706,0.012042,0.011039,0.007025,0.005018,0.008028,0.011039,0.007025,0.006021,0.012042,0.022077,0.184145,0.064225,0.202732,0.000822,0.001643,0.002054,0.001232,0.002465,0.002054,0.004519,0.005751,0.006162,0.00534,0.009448,0.006265,0.007805,0.013557,0.015816,0.020746,0.147787,0.159084,0.020951,0.018486,0.013557,0.009859,0.0114,0.011092,0.008011,0.011297,0.009654,0.01027,0.00914,0.011194,0.009859,0.011092,0.019821,0.029989,0.169046,0.034119,0.058204,0.114902,0.217762,0.109885,0.063221,0.042148,0.048169,0.031611,0.020572,0.025088,0.018063,0.017561,0.02559,0.022579,0.012042,0.015554,0.01706,0.006021,0.006021,0.024586,0.003011,0.005018,0.010035,0.008028,0.006523,0.003011,0.001004,0.003512,0.024586,0.000502,0.0,0.0,0.0,0.001004,0.0,0.001004,0.0,0.0,0.002007
Zone_DH713,0.008055,0.011772,0.006196,0.006196,0.007435,0.006196,0.010533,0.0,0.004957,0.0,0.009913,0.003098,0.0,0.004957,0.006196,0.01487,0.289343,0.095415,0.006196,0.016109,0.019827,0.01487,0.009913,0.011152,0.008674,0.011152,0.004957,0.006196,0.004957,0.006196,0.002478,0.006196,0.008055,0.021066,0.292441,0.064436,0.197711,0.001006,0.001509,0.002515,0.002515,0.001635,0.002515,0.002515,0.003522,0.005031,0.003018,0.007546,0.005157,0.005282,0.008552,0.006037,0.012829,0.187649,0.203245,0.01308,0.008804,0.007546,0.009055,0.008175,0.008049,0.005785,0.007295,0.008301,0.005534,0.006666,0.007672,0.005534,0.005534,0.011445,0.017105,0.204628,0.028501,0.046468,0.070012,0.254027,0.141264,0.053284,0.039653,0.034696,0.02912,0.016729,0.022305,0.018587,0.012392,0.017348,0.023544,0.011772,0.013011,0.017348,0.007435,0.004957,0.043371,0.003717,0.004957,0.013011,0.011772,0.015489,0.001239,0.002478,0.005576,0.031599,0.00062,0.002478,0.0,0.0,0.0,0.0,0.0,0.0,0.0,0.001239
Zone_DH714,0.013613,0.00733,0.01466,0.010471,0.016754,0.012565,0.004188,0.002094,0.006283,0.002094,0.010471,0.006283,0.004188,0.002094,0.004188,0.004188,0.275393,0.110995,0.004188,0.018848,0.012565,0.012565,0.010471,0.01466,0.010471,0.008377,0.006283,0.010471,0.008377,0.008377,0.002094,0.006283,0.00733,0.008377,0.264921,0.077487,0.202739,0.001767,0.001767,0.003534,0.003534,0.002871,0.003534,0.000883,0.00265,0.001767,0.003534,0.006184,0.008392,0.006625,0.008834,0.006625,0.011484,0.1928,0.184408,0.013251,0.012809,0.011484,0.012367,0.010601,0.007067,0.0053,0.007951,0.0053,0.006184,0.009717,0.007951,0.007067,0.007067,0.01038,0.013251,0.198322,0.037696,0.052356,0.050262,0.219895,0.173822,0.067016,0.020942,0.035602,0.042932,0.02199,0.030366,0.023037,0.011518,0.015707,0.018848,0.00733,0.00733,0.012565,0.006283,0.004188,0.036649,0.004188,0.004188,0.01466,0.009424,0.025131,0.0,0.004188,0.008377,0.025131,0.0,0.004188,0.0,0.0,0.0,0.0,0.0,0.0,0.0,0.004188
Zone_DH715,0.073722,0.03805,0.052319,0.03805,0.040428,0.011891,0.011891,0.007134,0.004756,0.015458,0.011891,0.004756,0.009512,0.007134,0.014269,0.021403,0.05113,0.085612,0.055886,0.090369,0.040428,0.017836,0.009512,0.011891,0.028537,0.007134,0.004756,0.019025,0.008323,0.016647,0.016647,0.007134,0.021403,0.007134,0.059453,0.078478,0.234156,0.001122,0.001402,0.003365,0.004487,0.001122,0.007852,0.005609,0.006169,0.007852,0.007852,0.011217,0.0129,0.007852,0.020191,0.027762,0.042625,0.075996,0.061133,0.041503,0.03926,0.022434,0.020191,0.008974,0.01346,0.014302,0.010095,0.020471,0.016265,0.011217,0.01346,0.01346,0.016826,0.018228,0.038138,0.141054,0.054697,0.073722,0.083234,0.135553,0.130797,0.08799,0.071344,0.06302,0.052319,0.055886,0.030916,0.032105,0.014269,0.020214,0.016647,0.008323,0.0,0.014269,0.003567,0.004756,0.011891,0.004756,0.002378,0.001189,0.002378,0.004756,0.002378,0.004756,0.0,0.002378,0.0,0.0,0.002378,0.0,0.0,0.0,0.0,0.0,0.0,0.007134
Zone_DH716,0.106948,0.104905,0.061308,0.051771,0.020436,0.009537,0.008174,0.00545,0.004087,0.010218,0.004087,0.006812,0.003406,0.006812,0.010899,0.017711,0.014986,0.04564,0.108311,0.132834,0.055858,0.025886,0.013624,0.008174,0.016349,0.00545,0.004087,0.009537,0.008856,0.008174,0.012262,0.008174,0.010218,0.002725,0.017711,0.058583,0.215323,0.0,0.001988,0.002753,0.004282,0.001835,0.005505,0.003059,0.00367,0.006423,0.005658,0.008258,0.007646,0.005505,0.016363,0.022481,0.042973,0.121884,0.116685,0.041597,0.025233,0.019116,0.01147,0.006117,0.012846,0.009176,0.009329,0.012999,0.013764,0.007341,0.009176,0.009176,0.016516,0.015446,0.035021,0.153387,0.06267,0.096049,0.09673,0.115804,0.131471,0.076975,0.049728,0.049046,0.042234,0.057902,0.040872,0.026567,0.020436,0.02248,0.021117,0.018392,0.010218,0.019074,0.002044,0.004087,0.004087,0.001362,0.004087,0.001362,0.002725,0.003406,0.004768,0.004087,0.003406,0.0,0.001362,0.0,0.001362,0.0,0.0,0.0,0.0,0.0,0.0,0.004087
Zone_DH717,0.210702,0.097547,0.047938,0.040134,0.014493,0.008919,0.011148,0.006689,0.003344,0.007804,0.003344,0.006689,0.003902,0.004459,0.007804,0.006132,0.004459,0.028428,0.22631,0.086957,0.041249,0.021739,0.012263,0.009476,0.013935,0.004459,0.004459,0.004459,0.006689,0.00223,0.006689,0.005574,0.006132,0.003344,0.014493,0.015608,0.218385,0.001524,0.003047,0.002285,0.001778,0.001524,0.003047,0.003174,0.001905,0.002793,0.00419,0.003301,0.004571,0.003555,0.01257,0.013713,0.024886,0.168106,0.16836,0.027425,0.016379,0.012316,0.008507,0.005079,0.008126,0.004698,0.006221,0.005206,0.009142,0.007745,0.00838,0.008634,0.013205,0.012951,0.024505,0.178771,0.070234,0.112598,0.091973,0.143255,0.122631,0.040691,0.030658,0.0301,0.0301,0.037347,0.036789,0.029543,0.023411,0.026198,0.025084,0.020067,0.022854,0.022297,0.007804,0.004459,0.006689,0.009476,0.004459,0.00223,0.003344,0.006689,0.005017,0.018952,0.002787,0.001115,0.002787,0.00223,0.001115,0.0,0.0,0.0,0.0,0.0,0.0,0.005017
Zone_DH718,0.356608,0.05586,0.005985,0.008978,0.00399,0.005985,0.006983,0.001995,0.001995,0.004988,0.001995,0.00399,0.000998,0.000998,0.001995,0.002993,0.001995,0.026933,0.421446,0.024938,0.009975,0.004988,0.005486,0.003491,0.004489,0.0,0.000998,0.000998,0.002993,0.000998,0.000998,0.002993,0.001496,0.001995,0.009975,0.006484,0.202732,0.002277,0.002168,0.000434,0.00065,0.000434,0.001409,0.000976,0.000759,0.000217,0.001301,0.000217,0.001084,0.00206,0.005421,0.005637,0.012684,0.227342,0.215416,0.01572,0.007155,0.006071,0.004228,0.002819,0.002385,0.001301,0.003252,0.000108,0.002385,0.001301,0.003469,0.005204,0.005421,0.005204,0.010408,0.240351,0.104738,0.105736,0.094763,0.165586,0.105237,0.030424,0.012469,0.013466,0.011471,0.02394,0.017955,0.01995,0.016459,0.028429,0.023441,0.017456,0.020449,0.014963,0.022943,0.024938,0.009975,0.023441,0.003491,0.005985,0.004988,0.005486,0.00399,0.04389,0.006983,0.005985,0.004489,0.002993,0.0,0.0,0.0,0.0,0.0,0.0,0.0,0.003491
Zone_DH719,0.370464,0.037802,0.048387,0.004536,0.0,0.003024,0.0,0.0,0.000504,0.0,0.0,0.0,0.001008,0.003024,0.000504,0.000504,0.001512,0.035786,0.42994,0.019153,0.016633,0.00252,0.002016,0.0,0.000504,0.001512,0.0,0.0,0.000504,0.0,0.0,0.001512,0.0,0.002016,0.010081,0.006552,0.186089,0.002769,0.001704,0.000426,0.001491,0.000426,0.00032,0.000107,0.0,0.0,0.000107,0.000959,0.001278,0.001278,0.002343,0.003302,0.015978,0.243502,0.231466,0.016723,0.005113,0.001917,0.002769,0.001278,0.001704,0.000426,0.0,0.000213,0.000426,0.000639,0.001704,0.001172,0.001385,0.003835,0.00735,0.2598,0.128528,0.088206,0.083669,0.196069,0.079637,0.032258,0.013609,0.007056,0.00756,0.013609,0.012097,0.014113,0.021169,0.03125,0.013609,0.008065,0.009577,0.006048,0.028226,0.038306,0.021673,0.028226,0.005544,0.004032,0.004032,0.00252,0.00504,0.068548,0.007056,0.00504,0.003024,0.003024,0.0,0.0,0.0,0.00252,0.000504,0.001008,0.001008,0.004536
Zone_DH720,0.27558,0.014325,0.120055,0.017053,0.002729,0.006821,0.001364,0.001364,0.000682,0.001364,0.001364,0.0,0.0,0.005457,0.006139,0.007503,0.008186,0.040246,0.329468,0.036835,0.035471,0.015007,0.005457,0.001364,0.0,0.005457,0.0,0.002729,0.000682,0.000682,0.002729,0.002729,0.005457,0.012278,0.008186,0.025239,0.191604,0.001888,0.000581,0.004939,0.002034,0.000581,0.001453,0.0,0.001743,0.000581,0.001307,0.00276,0.004794,0.003632,0.00523,0.005375,0.024404,0.213684,0.204823,0.025131,0.005956,0.006392,0.005665,0.004067,0.004358,0.002324,0.002179,0.001017,0.001743,0.001598,0.003196,0.003051,0.00552,0.009297,0.009587,0.237507,0.126876,0.07708,0.095498,0.205321,0.068895,0.038881,0.020464,0.010232,0.01296,0.004093,0.013643,0.018417,0.021146,0.025239,0.00955,0.006139,0.005457,0.004093,0.028649,0.037517,0.023874,0.023192,0.006139,0.0,0.002729,0.002046,0.008186,0.060027,0.010914,0.006821,0.0,0.0,0.001364,0.0,0.002729,0.003411,0.000682,0.002729,0.001364,0.013643
Zone_DH721,0.063291,0.028481,0.246835,0.031646,0.009494,0.015823,0.003165,0.003165,0.004747,0.003165,0.006329,0.009494,0.0,0.006329,0.012658,0.018987,0.025316,0.037975,0.087025,0.06962,0.083861,0.047468,0.006329,0.003165,0.006329,0.015823,0.0,0.012658,0.0,0.011076,0.012658,0.006329,0.012658,0.031646,0.015823,0.050633,0.223171,0.002228,0.001485,0.012625,0.002971,0.001485,0.005199,0.0,0.004456,0.001485,0.002971,0.005941,0.015225,0.005941,0.014853,0.015967,0.050873,0.118455,0.112885,0.051244,0.013739,0.016339,0.020423,0.013368,0.010397,0.007055,0.011511,0.003342,0.008912,0.011511,0.010397,0.006313,0.014853,0.020795,0.017081,0.164501,0.068038,0.072785,0.080696,0.153481,0.109177,0.068038,0.042722,0.026899,0.026899,0.007911,0.036392,0.022152,0.037975,0.033228,0.023734,0.02057,0.018987,0.009494,0.009494,0.007911,0.007911,0.003165,0.004747,0.0,0.003165,0.004747,0.009494,0.003165,0.006329,0.009494,0.0,0.0,0.003165,0.003165,0.009494,0.007911,0.001582,0.003165,0.003165,0.039557
Zone_DH722,0.02439,0.060976,0.0,0.012195,0.036585,0.02439,0.0,0.012195,0.036585,0.012195,0.036585,0.036585,0.012195,0.012195,0.012195,0.018293,0.02439,0.085366,0.04878,0.036585,0.0,0.042683,0.0,0.036585,0.02439,0.02439,0.012195,0.085366,0.02439,0.036585,0.04878,0.012195,0.02439,0.036585,0.012195,0.036585,0.292913,0.0,0.0,0.0,0.00315,0.0,0.025197,0.0,0.0,0.006299,0.012598,0.006299,0.018898,0.025197,0.012598,0.022047,0.025197,0.037795,0.044094,0.031496,0.006299,0.025197,0.037795,0.018898,0.006299,0.006299,0.031496,0.018898,0.025197,0.045669,0.006299,0.012598,0.025197,0.031496,0.018898,0.119685,0.0,0.060976,0.073171,0.04878,0.109756,0.04878,0.02439,0.02439,0.02439,0.060976,0.04878,0.04878,0.042683,0.036585,0.0,0.036585,0.036585,0.02439,0.0,0.012195,0.0,0.012195,0.012195,0.0,0.012195,0.012195,0.0,0.012195,0.012195,0.02439,0.012195,0.0,0.012195,0.012195,0.012195,0.0,0.0,0.012195,0.0,0.079268
Zone_DH723,0.016529,0.016529,0.024793,0.033058,0.057851,0.024793,0.0,0.016529,0.024793,0.016529,0.041322,0.016529,0.016529,0.016529,0.024793,0.016529,0.033058,0.041322,0.041322,0.066116,0.033058,0.024793,0.008264,0.049587,0.016529,0.016529,0.008264,0.057851,0.024793,0.016529,0.016529,0.024793,0.033058,0.033058,0.041322,0.049587,0.257485,0.0,0.003992,0.003992,0.0,0.0,0.015968,0.003992,0.0,0.01996,0.007984,0.003992,0.01996,0.023952,0.007984,0.027944,0.023952,0.051896,0.067864,0.035928,0.01996,0.027944,0.023952,0.035928,0.007984,0.011976,0.007984,0.023952,0.003992,0.01996,0.007984,0.03992,0.01996,0.043912,0.051896,0.075848,0.008264,0.041322,0.041322,0.049587,0.082645,0.057851,0.049587,0.041322,0.066116,0.041322,0.041322,0.049587,0.041322,0.066116,0.008264,0.049587,0.033058,0.016529,0.008264,0.008264,0.016529,0.016529,0.008264,0.0,0.016529,0.016529,0.016529,0.008264,0.016529,0.0,0.008264,0.008264,0.0,0.008264,0.0,0.008264,0.0,0.008264,0.0,0.041322
Zone_DH724,0.03972,0.037383,0.042056,0.037383,0.042056,0.028037,0.004673,0.023364,0.014019,0.014019,0.014019,0.009346,0.023364,0.028037,0.030374,0.028037,0.037383,0.065421,0.044393,0.046729,0.028037,0.03271,0.023364,0.028037,0.014019,0.023364,0.004673,0.014019,0.018692,0.018692,0.014019,0.014019,0.035047,0.014019,0.046729,0.060748,0.230894,0.0,0.002168,0.004336,0.0,0.002168,0.01084,0.002168,0.002168,0.01084,0.01084,0.008672,0.008672,0.026016,0.0271,0.036856,0.024932,0.052033,0.054743,0.04336,0.027642,0.031978,0.026016,0.030352,0.019512,0.02168,0.017344,0.017344,0.01084,0.017344,0.015176,0.036856,0.026558,0.034688,0.041192,0.066667,0.014019,0.025701,0.042056,0.067757,0.084112,0.10514,0.060748,0.070093,0.03271,0.03271,0.042056,0.046729,0.028037,0.065421,0.014019,0.046729,0.023364,0.018692,0.014019,0.009346,0.023364,0.014019,0.004673,0.0,0.014019,0.004673,0.009346,0.014019,0.004673,0.0,0.009346,0.004673,0.0,0.004673,0.0,0.009346,0.0,0.004673,0.0,0.035047
Zone_DH725,0.052147,0.082822,0.046012,0.033742,0.042945,0.01227,0.015337,0.02454,0.01227,0.006135,0.006135,0.01227,0.021472,0.015337,0.023006,0.032209,0.033742,0.067485,0.07362,0.052147,0.042945,0.02454,0.021472,0.015337,0.02454,0.02454,0.0,0.003067,0.01227,0.015337,0.009202,0.009202,0.021472,0.015337,0.046012,0.04908,0.236498,0.001412,0.001412,0.002824,0.0,0.005648,0.00706,0.005648,0.008472,0.004236,0.009884,0.011295,0.011295,0.019767,0.028945,0.038122,0.028239,0.062125,0.040946,0.05083,0.036004,0.023297,0.018355,0.022591,0.026827,0.018355,0.015531,0.014119,0.012707,0.014119,0.016943,0.016943,0.029651,0.035298,0.045182,0.079421,0.018405,0.06135,0.08589,0.104294,0.088957,0.105828,0.079755,0.064417,0.046012,0.046012,0.030675,0.027607,0.029141,0.039877,0.01227,0.02454,0.01227,0.021472,0.009202,0.006135,0.01227,0.01227,0.003067,0.0,0.003067,0.0,0.003067,0.009202,0.003067,0.0,0.009202,0.003067,0.0,0.0,0.0,0.003067,0.0,0.0,0.0,0.02454
Zone_DH726,0.063158,0.073684,0.042105,0.038596,0.035088,0.007018,0.014035,0.024561,0.014035,0.003509,0.010526,0.010526,0.017544,0.014035,0.021053,0.038596,0.038596,0.066667,0.077193,0.059649,0.035088,0.021053,0.021053,0.02807,0.02807,0.017544,0.0,0.017544,0.007018,0.010526,0.007018,0.010526,0.024561,0.021053,0.035088,0.045614,0.243725,0.001619,0.001619,0.001619,0.0,0.006478,0.009717,0.009717,0.009717,0.008097,0.009717,0.006478,0.016194,0.014575,0.022672,0.02915,0.032389,0.066397,0.038866,0.042105,0.034008,0.021053,0.016194,0.017814,0.024291,0.022672,0.012955,0.021053,0.012955,0.012955,0.022672,0.012955,0.02753,0.034008,0.045344,0.090688,0.017544,0.070175,0.101754,0.119298,0.091228,0.094737,0.087719,0.066667,0.049123,0.052632,0.031579,0.014035,0.035088,0.021053,0.010526,0.017544,0.003509,0.017544,0.007018,0.007018,0.010526,0.017544,0.007018,0.003509,0.003509,0.0,0.003509,0.003509,0.003509,0.0,0.007018,0.003509,0.003509,0.0,0.0,0.0,0.0,0.0,0.0,0.017544
Zone_DH727,0.040698,0.087209,0.052326,0.034884,0.063953,0.011628,0.005814,0.017442,0.005814,0.005814,0.011628,0.017442,0.005814,0.017442,0.02907,0.034884,0.05814,0.034884,0.081395,0.063953,0.052326,0.011628,0.02907,0.034884,0.02907,0.005814,0.0,0.023256,0.0,0.005814,0.0,0.005814,0.02907,0.023256,0.02907,0.040698,0.248619,0.005525,0.002762,0.002762,0.0,0.01105,0.013812,0.01105,0.008287,0.005525,0.01105,0.008287,0.019337,0.022099,0.01105,0.027624,0.027624,0.058011,0.052486,0.030387,0.038674,0.019337,0.016575,0.013812,0.019337,0.022099,0.01105,0.024862,0.013812,0.016575,0.027624,0.013812,0.027624,0.030387,0.035912,0.09116,0.017442,0.087209,0.110465,0.145349,0.069767,0.075581,0.081395,0.069767,0.034884,0.046512,0.017442,0.017442,0.02907,0.02907,0.011628,0.017442,0.005814,0.011628,0.017442,0.017442,0.011628,0.011628,0.005814,0.005814,0.0,0.0,0.005814,0.0,0.0,0.0,0.011628,0.011628,0.005814,0.0,0.0,0.0,0.0,0.0,0.0,0.017442
Zone_DH728,0.027778,0.041667,0.041667,0.041667,0.138889,0.041667,0.013889,0.027778,0.0,0.0,0.027778,0.027778,0.013889,0.0,0.041667,0.0,0.041667,0.013889,0.013889,0.111111,0.069444,0.083333,0.027778,0.013889,0.013889,0.0,0.0,0.027778,0.0,0.013889,0.0,0.0,0.0,0.027778,0.027778,0.027778,0.248366,0.006536,0.0,0.0,0.0,0.006536,0.013072,0.006536,0.006536,0.006536,0.013072,0.019608,0.019608,0.0,0.03268,0.026144,0.039216,0.052288,0.045752,0.052288,0.03268,0.026144,0.013072,0.006536,0.013072,0.013072,0.019608,0.019608,0.039216,0.019608,0.019608,0.013072,0.026144,0.026144,0.045752,0.071895,0.013889,0.055556,0.111111,0.027778,0.055556,0.055556,0.097222,0.055556,0.055556,0.041667,0.041667,0.027778,0.041667,0.027778,0.013889,0.027778,0.0,0.0,0.027778,0.027778,0.027778,0.013889,0.013889,0.013889,0.013889,0.0,0.013889,0.027778,0.0,0.0,0.0,0.013889,0.0,0.0,0.0,0.0,0.0,0.0,0.0,0.055556
Zone_DH729,0.074074,0.018519,0.018519,0.037037,0.092593,0.037037,0.0,0.037037,0.0,0.0,0.037037,0.018519,0.037037,0.0,0.055556,0.018519,0.037037,0.037037,0.037037,0.12963,0.037037,0.074074,0.037037,0.018519,0.0,0.0,0.0,0.018519,0.0,0.018519,0.0,0.0,0.0,0.037037,0.018519,0.018519,0.243243,0.0,0.0,0.0,0.0,0.009009,0.0,0.009009,0.0,0.009009,0.009009,0.009009,0.009009,0.009009,0.054054,0.045045,0.036036,0.063063,0.027027,0.027027,0.036036,0.045045,0.027027,0.009009,0.009009,0.009009,0.018018,0.027027,0.036036,0.018018,0.018018,0.009009,0.027027,0.036036,0.054054,0.063063,0.0,0.018519,0.092593,0.055556,0.037037,0.037037,0.055556,0.055556,0.037037,0.037037,0.037037,0.037037,0.018519,0.037037,0.018519,0.037037,0.018519,0.037037,0.018519,0.018519,0.018519,0.018519,0.0,0.018519,0.018519,0.0,0.018519,0.037037,0.0,0.018519,0.0,0.018519,0.0,0.0,0.0,0.0,0.018519,0.0,0.0,0.111111
Zone_DH730,0.038462,0.012821,0.025641,0.051282,0.076923,0.051282,0.025641,0.012821,0.0,0.012821,0.025641,0.0,0.076923,0.0,0.038462,0.012821,0.025641,0.076923,0.025641,0.064103,0.038462,0.051282,0.032051,0.032051,0.00641,0.0,0.012821,0.0,0.019231,0.038462,0.0,0.012821,0.025641,0.025641,0.012821,0.038462,0.234568,0.0,0.0,0.003086,0.0,0.006173,0.0,0.006173,0.0,0.024691,0.009259,0.018519,0.024691,0.024691,0.030864,0.030864,0.052469,0.024691,0.024691,0.021605,0.058642,0.024691,0.024691,0.037037,0.009259,0.018519,0.012346,0.018519,0.012346,0.024691,0.003086,0.013889,0.012346,0.037037,0.063272,0.092593,0.012821,0.038462,0.064103,0.025641,0.025641,0.051282,0.038462,0.038462,0.051282,0.025641,0.025641,0.051282,0.025641,0.025641,0.025641,0.032051,0.038462,0.025641,0.051282,0.012821,0.012821,0.025641,0.00641,0.0,0.0,0.0,0.032051,0.012821,0.0,0.025641,0.0,0.0,0.0,0.025641,0.0,0.012821,0.012821,0.0,0.0,0.147436
Zone_DH731,0.032967,0.021978,0.032967,0.043956,0.065934,0.043956,0.043956,0.0,0.0,0.010989,0.021978,0.0,0.065934,0.0,0.010989,0.0,0.010989,0.098901,0.065934,0.054945,0.054945,0.043956,0.027473,0.005495,0.005495,0.0,0.021978,0.010989,0.06044,0.010989,0.0,0.021978,0.032967,0.021978,0.010989,0.043956,0.223097,0.0,0.0,0.002625,0.0,0.0,0.0,0.002625,0.005249,0.026247,0.013123,0.023622,0.026247,0.010499,0.018373,0.026247,0.03937,0.047244,0.036745,0.023622,0.049869,0.026247,0.026247,0.031496,0.013123,0.031496,0.015748,0.023622,0.020997,0.015748,0.002625,0.013123,0.015748,0.041995,0.059055,0.087927,0.021978,0.043956,0.043956,0.010989,0.032967,0.043956,0.043956,0.043956,0.032967,0.021978,0.032967,0.065934,0.021978,0.054945,0.032967,0.027473,0.038462,0.010989,0.032967,0.010989,0.010989,0.021978,0.005495,0.0,0.005495,0.010989,0.038462,0.010989,0.005495,0.021978,0.010989,0.0,0.0,0.010989,0.0,0.010989,0.0,0.0,0.0,0.164835
Zone_DH732,0.072539,0.010363,0.041451,0.072539,0.051813,0.031088,0.041451,0.0,0.0,0.0,0.020725,0.0,0.031088,0.010363,0.010363,0.020725,0.020725,0.124352,0.062176,0.031088,0.051813,0.020725,0.031088,0.010363,0.0,0.0,0.031088,0.020725,0.051813,0.010363,0.005181,0.020725,0.020725,0.0,0.020725,0.051813,0.226175,0.0,0.0,0.010165,0.0,0.0,0.005083,0.007624,0.010165,0.017789,0.012706,0.017789,0.017789,0.015248,0.012706,0.02033,0.025413,0.076239,0.040661,0.030496,0.030496,0.030496,0.030496,0.015248,0.012706,0.038119,0.02033,0.022872,0.015248,0.010165,0.005083,0.027954,0.035578,0.041931,0.040661,0.076239,0.010363,0.041451,0.041451,0.0,0.041451,0.046632,0.051813,0.046632,0.010363,0.020725,0.031088,0.082902,0.020725,0.031088,0.020725,0.031088,0.036269,0.010363,0.031088,0.025907,0.010363,0.020725,0.015544,0.0,0.020725,0.010363,0.020725,0.010363,0.025907,0.010363,0.015544,0.0,0.010363,0.005181,0.0,0.010363,0.0,0.0,0.0,0.181347
Zone_DH733,0.091954,0.0,0.022989,0.091954,0.022989,0.045977,0.045977,0.0,0.0,0.0,0.0,0.0,0.022989,0.022989,0.0,0.045977,0.045977,0.16092,0.022989,0.0,0.114943,0.0,0.045977,0.022989,0.0,0.0,0.022989,0.034483,0.034483,0.022989,0.011494,0.0,0.0,0.0,0.022989,0.022989,0.249221,0.0,0.0,0.024922,0.0,0.0,0.012461,0.012461,0.012461,0.006231,0.012461,0.024922,0.006231,0.024922,0.006231,0.031153,0.037383,0.087227,0.024922,0.024922,0.018692,0.024922,0.037383,0.012461,0.0,0.031153,0.012461,0.031153,0.0,0.0,0.012461,0.043614,0.049844,0.028037,0.024922,0.074766,0.0,0.068966,0.045977,0.0,0.045977,0.057471,0.045977,0.034483,0.0,0.0,0.045977,0.068966,0.022989,0.022989,0.022989,0.022989,0.022989,0.0,0.0,0.034483,0.0,0.022989,0.022989,0.0,0.034483,0.0,0.0,0.0,0.045977,0.022989,0.011494,0.0,0.022989,0.011494,0.0,0.022989,0.0,0.0,0.0,0.218391
Zone_DH735,0.052174,0.13913,0.0,0.052174,0.034783,0.0,0.017391,0.017391,0.052174,0.0,0.0,0.017391,0.0,0.034783,0.0,0.0,0.017391,0.017391,0.052174,0.165217,0.017391,0.017391,0.0,0.0,0.017391,0.104348,0.052174,0.017391,0.017391,0.0,0.008696,0.008696,0.0,0.0,0.017391,0.052174,0.259101,0.0,0.0,0.0,0.0,0.0,0.0,0.0,0.0,0.008565,0.0,0.014989,0.025696,0.025696,0.025696,0.034261,0.025696,0.111349,0.017131,0.042827,0.034261,0.034261,0.034261,0.0,0.040685,0.008565,0.017131,0.008565,0.017131,0.008565,0.008565,0.017131,0.025696,0.025696,0.042827,0.085653,0.034783,0.017391,0.086957,0.0,0.034783,0.034783,0.121739,0.069565,0.104348,0.034783,0.086957,0.017391,0.034783,0.034783,0.034783,0.0,0.052174,0.034783,0.017391,0.017391,0.017391,0.0,0.0,0.0,0.034783,0.017391,0.0,0.017391,0.0,0.0,0.0,0.0,0.0,0.0,0.0,0.0,0.0,0.0,0.0,0.043478
Zone_DH736,0.094374,0.054446,0.047187,0.021779,0.043557,0.021779,0.029038,0.014519,0.021779,0.010889,0.010889,0.00726,0.010889,0.018149,0.010889,0.010889,0.021779,0.054446,0.076225,0.063521,0.039927,0.018149,0.010889,0.014519,0.018149,0.068966,0.021779,0.025408,0.00726,0.00363,0.012704,0.005445,0.00363,0.00726,0.043557,0.054446,0.235123,0.001665,0.0,0.0,0.001665,0.004994,0.006658,0.008323,0.001665,0.003329,0.008323,0.011236,0.009988,0.019975,0.028298,0.026633,0.044944,0.066583,0.073242,0.03995,0.034956,0.028298,0.019975,0.016646,0.021223,0.006658,0.013317,0.01831,0.01831,0.014981,0.011652,0.019975,0.014981,0.028298,0.038285,0.10154,0.036298,0.050817,0.15245,0.076225,0.094374,0.087114,0.090744,0.047187,0.065336,0.039927,0.039927,0.021779,0.036298,0.025408,0.010889,0.00726,0.018149,0.021779,0.00363,0.00726,0.010889,0.0,0.00726,0.0,0.010889,0.00726,0.0,0.00726,0.0,0.0,0.0,0.0,0.0,0.0,0.0,0.0,0.0,0.0,0.00363,0.019964
Zone_DH737,0.088333,0.06,0.033333,0.016667,0.025,0.018333,0.018333,0.033333,0.015,0.018333,0.013333,0.006667,0.008333,0.01,0.016667,0.011667,0.023333,0.055,0.083333,0.078333,0.06,0.02,0.013333,0.011667,0.01,0.041667,0.025,0.021667,0.006667,0.001667,0.006667,0.008333,0.013333,0.016667,0.045,0.065,0.222304,0.000734,0.000734,0.000734,0.001467,0.003668,0.003668,0.005869,0.004402,0.005136,0.007337,0.011739,0.00807,0.009538,0.02201,0.025679,0.050624,0.083639,0.092443,0.051357,0.028613,0.025679,0.018342,0.012472,0.013206,0.012472,0.012472,0.015407,0.013206,0.013206,0.008804,0.019809,0.008804,0.024211,0.051357,0.110785,0.043333,0.1,0.133333,0.11,0.12,0.086667,0.076667,0.056667,0.051667,0.038333,0.026667,0.018333,0.023333,0.016667,0.01,0.013333,0.011667,0.018333,0.003333,0.001667,0.003333,0.005,0.006667,0.0,0.005,0.001667,0.0,0.003333,0.001667,0.0,0.0,0.0,0.0,0.0,0.0,0.0,0.0,0.0,0.001667,0.011667
Zone_DH738,0.083916,0.058941,0.047952,0.014985,0.020979,0.012987,0.014985,0.027972,0.013986,0.012987,0.00999,0.006993,0.010989,0.011988,0.022977,0.021978,0.02997,0.048951,0.082917,0.070929,0.045954,0.022977,0.01998,0.008991,0.010989,0.020979,0.025974,0.015984,0.007992,0.00999,0.010989,0.011988,0.022977,0.023976,0.044955,0.067932,0.221765,0.001734,0.002168,0.000867,0.004336,0.003902,0.003035,0.005203,0.003468,0.005636,0.006503,0.009972,0.006503,0.009105,0.019077,0.025146,0.05116,0.085844,0.086278,0.05853,0.030349,0.022545,0.016475,0.016042,0.011706,0.013874,0.011272,0.015608,0.013874,0.010839,0.012573,0.017776,0.010839,0.027314,0.048558,0.110124,0.037962,0.103896,0.140859,0.137862,0.121878,0.088911,0.070929,0.060939,0.041958,0.038961,0.024975,0.018981,0.021978,0.018981,0.011988,0.008991,0.006993,0.008991,0.004995,0.000999,0.0,0.007992,0.002997,0.000999,0.000999,0.001998,0.0,0.001998,0.000999,0.0,0.0,0.0,0.0,0.0,0.0,0.000999,0.000999,0.0,0.0,0.007992
Zone_DH739,0.083774,0.075838,0.049383,0.015873,0.0194,0.012346,0.007055,0.015873,0.008818,0.010582,0.007055,0.003527,0.007055,0.010582,0.017637,0.02381,0.041446,0.058201,0.088183,0.080247,0.06261,0.030864,0.016755,0.002646,0.007055,0.003527,0.017637,0.0097,0.005291,0.011023,0.016755,0.015432,0.022046,0.02381,0.054674,0.063492,0.217736,0.000755,0.001509,0.000377,0.003396,0.003774,0.003774,0.003774,0.003962,0.004528,0.005472,0.005849,0.005849,0.008113,0.016226,0.026604,0.05434,0.093774,0.095094,0.065849,0.030755,0.019245,0.013962,0.013962,0.011132,0.012075,0.010943,0.013019,0.010566,0.013585,0.011698,0.009057,0.010566,0.023774,0.051038,0.123868,0.043651,0.104056,0.147266,0.143739,0.119048,0.084656,0.073192,0.052028,0.037037,0.035714,0.025132,0.021164,0.017637,0.023369,0.014109,0.013228,0.008818,0.007055,0.003968,0.001764,0.000882,0.008377,0.002205,0.002646,0.0,0.002646,0.0,0.0,0.000441,0.0,0.000882,0.000882,0.0,0.0,0.0,0.000882,0.0,0.0,0.0,0.003527
Zone_DH740,0.070685,0.087798,0.06622,0.035714,0.024554,0.021577,0.008185,0.010417,0.006696,0.008929,0.004464,0.00558,0.008929,0.005208,0.013393,0.015625,0.030506,0.040179,0.085565,0.091518,0.091518,0.052083,0.02753,0.006696,0.005952,0.002976,0.004464,0.002976,0.00372,0.00744,0.037202,0.010417,0.007812,0.012649,0.040179,0.044643,0.208971,0.000309,0.000309,0.000619,0.001237,0.002166,0.003403,0.00263,0.004176,0.005568,0.006651,0.005259,0.006651,0.009281,0.0157,0.030704,0.058778,0.08925,0.103635,0.058855,0.032173,0.020108,0.017169,0.010982,0.010828,0.010982,0.011756,0.011292,0.00727,0.012374,0.007115,0.008662,0.011756,0.021036,0.057927,0.134416,0.048363,0.095238,0.133929,0.145833,0.120908,0.085565,0.071429,0.05692,0.045759,0.03683,0.022693,0.024554,0.021949,0.024554,0.011905,0.012649,0.007812,0.005952,0.003348,0.002604,0.005208,0.00558,0.000372,0.001488,0.000744,0.002232,0.000744,0.001488,0.001116,0.0,0.000744,0.000744,0.0,0.000372,0.0,0.0,0.0,0.0,0.0,0.000372
Zone_DH741,0.051195,0.074232,0.076792,0.083191,0.034556,0.023038,0.007679,0.011092,0.008532,0.007679,0.003413,0.010239,0.011092,0.005973,0.017065,0.018771,0.023038,0.020478,0.052901,0.081911,0.106655,0.075085,0.035836,0.020478,0.005973,0.00256,0.005119,0.005119,0.004266,0.008106,0.042235,0.009386,0.004266,0.004266,0.019625,0.028157,0.208093,0.00142,0.001775,0.002307,0.00213,0.00213,0.003195,0.002307,0.003727,0.007099,0.007632,0.005324,0.009406,0.012423,0.019523,0.032301,0.052711,0.073121,0.087852,0.053776,0.038158,0.025734,0.016505,0.015441,0.015263,0.009761,0.014553,0.011891,0.006567,0.013133,0.008164,0.012778,0.014553,0.022362,0.057503,0.129381,0.047355,0.077645,0.105802,0.130119,0.112628,0.083618,0.077218,0.073379,0.052901,0.043942,0.025171,0.032423,0.026877,0.019625,0.018771,0.017065,0.010239,0.005546,0.005119,0.00384,0.006826,0.008106,0.00128,0.0,0.001706,0.00256,0.001706,0.001706,0.00128,0.000853,0.000853,0.000853,0.000853,0.000427,0.0,0.000853,0.0,0.0,0.0,0.000853
Zone_DH742,0.05348,0.07033,0.082784,0.102564,0.024176,0.017582,0.007326,0.005861,0.007326,0.005861,0.00293,0.007326,0.013187,0.011722,0.021978,0.027839,0.027839,0.029304,0.048352,0.064469,0.095238,0.068864,0.029304,0.026374,0.004396,0.005861,0.007326,0.007326,0.00293,0.010256,0.0337,0.013187,0.008791,0.005861,0.013187,0.035165,0.216314,0.001882,0.00502,0.002824,0.00251,0.003137,0.003137,0.002824,0.00251,0.006275,0.008157,0.005647,0.008784,0.012549,0.020392,0.031373,0.041412,0.06902,0.080941,0.054588,0.039216,0.02949,0.016941,0.018196,0.017569,0.009412,0.014431,0.010039,0.009725,0.013804,0.011294,0.015686,0.01851,0.023373,0.054745,0.118275,0.046154,0.068132,0.093773,0.101832,0.094505,0.083516,0.07326,0.078388,0.057143,0.052015,0.026374,0.0337,0.030769,0.021978,0.019048,0.027106,0.015385,0.008791,0.005861,0.008059,0.009524,0.007326,0.004396,0.001465,0.00293,0.007326,0.00293,0.0,0.0,0.0,0.00293,0.0,0.001465,0.0,0.0,0.00293,0.0,0.0,0.0,0.010989
Zone_DH743,0.131731,0.048077,0.045192,0.075,0.016346,0.013462,0.004808,0.007692,0.007692,0.004808,0.007692,0.0,0.004808,0.017308,0.007692,0.019231,0.014423,0.111538,0.097115,0.051923,0.055769,0.034615,0.017308,0.016346,0.005769,0.003846,0.009615,0.024038,0.007692,0.003846,0.001923,0.013462,0.009615,0.005769,0.005769,0.098077,0.202291,0.00233,0.006989,0.002524,0.003106,0.003494,0.00233,0.003106,0.005824,0.005436,0.003883,0.009513,0.005436,0.009319,0.012425,0.023685,0.027179,0.133566,0.136672,0.031838,0.018443,0.023296,0.010678,0.006407,0.012619,0.008154,0.010095,0.009513,0.01126,0.007765,0.010095,0.010872,0.008542,0.020384,0.035333,0.165599,0.057692,0.048077,0.064423,0.157692,0.111538,0.057692,0.040385,0.044231,0.054808,0.023077,0.028846,0.0375,0.033654,0.023077,0.05,0.025962,0.018269,0.013462,0.009615,0.009615,0.030769,0.005769,0.008654,0.001923,0.007692,0.003846,0.005769,0.001923,0.0,0.0,0.003846,0.0,0.001923,0.0,0.0,0.001923,0.0,0.0,0.0,0.016346
Zone_DH744,0.180837,0.02969,0.035088,0.013495,0.005398,0.018893,0.006748,0.002699,0.005398,0.00135,0.005398,0.0,0.009447,0.018893,0.016194,0.008097,0.025641,0.156545,0.11471,0.032389,0.021592,0.008097,0.018893,0.009447,0.008097,0.010796,0.005398,0.033738,0.005398,0.010796,0.005398,0.005398,0.010796,0.013495,0.013495,0.132254,0.203924,0.001105,0.005526,0.001382,0.002211,0.002763,0.002211,0.0,0.007184,0.004421,0.002211,0.006908,0.006632,0.009947,0.014369,0.014369,0.022106,0.151423,0.158055,0.025421,0.020171,0.022106,0.010776,0.010224,0.011329,0.0105,0.008842,0.008013,0.009395,0.003316,0.013263,0.007737,0.013263,0.026527,0.016855,0.165515,0.048583,0.043185,0.039136,0.186235,0.107962,0.062078,0.037787,0.048583,0.047233,0.032389,0.024291,0.02834,0.041835,0.021592,0.067476,0.032389,0.008097,0.016194,0.010796,0.002699,0.040486,0.005398,0.009447,0.0,0.008097,0.0,0.005398,0.002699,0.005398,0.002699,0.0,0.0,0.0,0.0,0.0,0.0,0.002699,0.0,0.0,0.010796
Zone_DH745,0.113766,0.059158,0.043231,0.018203,0.015927,0.018203,0.012514,0.006826,0.009101,0.005688,0.006826,0.011377,0.015927,0.011377,0.009101,0.009101,0.029579,0.076223,0.084187,0.047782,0.036405,0.027304,0.031854,0.018203,0.006826,0.013652,0.009101,0.031854,0.013652,0.020478,0.009101,0.006826,0.013652,0.031854,0.03413,0.091013,0.222556,0.002001,0.004001,0.00025,0.003001,0.002501,0.004001,0.004001,0.008502,0.005001,0.006002,0.008252,0.008002,0.009002,0.017004,0.030008,0.032008,0.098525,0.106527,0.028507,0.034009,0.019005,0.020005,0.013003,0.015254,0.012503,0.009502,0.012753,0.007502,0.014004,0.019505,0.013003,0.019005,0.028007,0.030008,0.133283,0.037543,0.044369,0.080774,0.143345,0.095563,0.075085,0.077361,0.063709,0.056883,0.03413,0.027304,0.01934,0.020478,0.022753,0.03413,0.025028,0.011377,0.020478,0.009101,0.009101,0.027304,0.009101,0.010239,0.0,0.002275,0.004551,0.004551,0.002275,0.004551,0.004551,0.0,0.002275,0.002275,0.002275,0.0,0.0,0.002275,0.0,0.0,0.013652
Zone_DH746,0.065375,0.065375,0.041162,0.024213,0.016949,0.004843,0.026634,0.016949,0.009685,0.009685,0.007264,0.012107,0.021792,0.009685,0.012107,0.014528,0.050847,0.021792,0.062954,0.058111,0.053269,0.03632,0.041162,0.033898,0.024213,0.021792,0.016949,0.016949,0.007264,0.024213,0.01937,0.009685,0.021792,0.03632,0.038741,0.046005,0.236445,0.003354,0.001118,0.0,0.002236,0.003354,0.00559,0.011179,0.007826,0.004472,0.013415,0.013415,0.011179,0.012297,0.023477,0.033538,0.036892,0.046954,0.058133,0.033538,0.042482,0.022359,0.022359,0.020123,0.020123,0.010061,0.017887,0.015651,0.016769,0.016769,0.021241,0.016769,0.025713,0.03242,0.048072,0.092789,0.038741,0.041162,0.101695,0.104116,0.082324,0.075061,0.087167,0.070218,0.050847,0.041162,0.021792,0.021792,0.031477,0.024213,0.029056,0.016949,0.01937,0.031477,0.004843,0.009685,0.002421,0.012107,0.009685,0.004843,0.009685,0.004843,0.007264,0.004843,0.002421,0.004843,0.0,0.009685,0.002421,0.002421,0.002421,0.002421,0.0,0.0,0.0,0.014528
Zone_DH747,0.025818,0.017212,0.006885,0.005164,0.012048,0.003442,0.020654,0.012048,0.010327,0.003442,0.010327,0.007745,0.012048,0.005164,0.006885,0.012048,0.231497,0.096386,0.018933,0.027539,0.027539,0.018933,0.017212,0.017212,0.020654,0.017212,0.013769,0.006885,0.001721,0.006885,0.008606,0.008606,0.012048,0.015491,0.17642,0.085198,0.21702,0.00223,0.000743,0.000743,0.001486,0.00223,0.00223,0.005203,0.005203,0.005946,0.006689,0.011891,0.003159,0.005946,0.010405,0.014121,0.021553,0.137681,0.162579,0.014121,0.013378,0.012635,0.008175,0.014307,0.011148,0.005203,0.015236,0.012263,0.009662,0.007432,0.007432,0.009662,0.014864,0.014121,0.028242,0.185061,0.037866,0.053356,0.093804,0.201377,0.128227,0.079174,0.049914,0.030981,0.028399,0.018933,0.024957,0.018933,0.020654,0.010327,0.022375,0.005164,0.012048,0.017212,0.001721,0.013769,0.023236,0.010327,0.005164,0.01463,0.010327,0.009466,0.008606,0.001721,0.006024,0.021515,0.002582,0.005164,0.0,0.0,0.001721,0.001721,0.0,0.0,0.0,0.008606
Zone_DH748,0.014938,0.012448,0.00166,0.00332,0.00166,0.00166,0.009959,0.004979,0.008299,0.00166,0.006639,0.004149,0.004979,0.00332,0.00166,0.004979,0.281328,0.146058,0.006639,0.011618,0.014938,0.009959,0.00332,0.009959,0.008299,0.009959,0.008299,0.004979,0.00166,0.00332,0.00166,0.008299,0.007469,0.006639,0.245643,0.123651,0.20267,0.004108,0.002054,0.002054,0.002054,0.000856,0.002739,0.002739,0.002054,0.005478,0.004108,0.006847,0.000856,0.002396,0.005478,0.00582,0.013009,0.193085,0.20404,0.008216,0.004451,0.008216,0.004793,0.009415,0.004108,0.003423,0.012667,0.011982,0.004793,0.006162,0.005478,0.005478,0.006847,0.008559,0.015748,0.21722,0.039834,0.0639,0.057261,0.204149,0.167635,0.086307,0.041494,0.029876,0.020747,0.016598,0.024066,0.016598,0.012448,0.007469,0.019087,0.005809,0.00332,0.016598,0.00166,0.011618,0.043154,0.006639,0.00166,0.013278,0.012448,0.020747,0.006639,0.00166,0.007469,0.025726,0.00249,0.00332,0.0,0.0,0.0,0.00166,0.0,0.0,0.0,0.006639
Zone_DH749,0.006757,0.012387,0.002252,0.002252,0.002252,0.0,0.0,0.002252,0.011261,0.005631,0.004505,0.002252,0.002252,0.004505,0.004505,0.002252,0.248874,0.189189,0.030405,0.011261,0.0,0.010135,0.0,0.0,0.0,0.0,0.009009,0.004505,0.005631,0.002252,0.0,0.004505,0.007883,0.002252,0.225225,0.183559,0.195971,0.005495,0.00206,0.003663,0.001832,0.000229,0.002747,0.000916,0.0,0.002747,0.004121,0.003663,0.000458,0.002289,0.002747,0.006181,0.013736,0.214973,0.217033,0.013736,0.003205,0.00641,0.003663,0.005037,0.002747,0.002976,0.011905,0.009615,0.003205,0.003663,0.002747,0.004579,0.005495,0.009844,0.010073,0.220238,0.042793,0.066441,0.036036,0.21509,0.176802,0.097973,0.047297,0.023649,0.016892,0.015766,0.029279,0.013514,0.010135,0.004505,0.01464,0.005631,0.0,0.009009,0.002252,0.011261,0.04955,0.002252,0.0,0.015766,0.021396,0.031532,0.009009,0.002252,0.006757,0.010135,0.001126,0.002252,0.0,0.0,0.0,0.0,0.0,0.0,0.0,0.009009
Zone_DH750,0.033389,0.016694,0.026711,0.066778,0.016694,0.003339,0.0,0.0,0.003339,0.021703,0.006678,0.0,0.0,0.003339,0.010017,0.013356,0.040067,0.178631,0.055092,0.093489,0.006678,0.018364,0.013356,0.006678,0.006678,0.003339,0.003339,0.013356,0.008347,0.006678,0.0,0.003339,0.013356,0.003339,0.083472,0.220367,0.201466,0.001397,0.005936,0.002793,0.002793,0.0,0.001397,0.001397,0.006285,0.01257,0.00419,0.002793,0.004888,0.00419,0.006983,0.023394,0.051676,0.149791,0.131285,0.047486,0.027933,0.005587,0.005587,0.001397,0.005587,0.008031,0.009777,0.011522,0.007682,0.00419,0.002793,0.002793,0.005587,0.017109,0.019553,0.202165,0.036728,0.026711,0.050083,0.15025,0.170284,0.076795,0.040067,0.045075,0.040067,0.048414,0.033389,0.021703,0.020033,0.018364,0.020033,0.018364,0.010017,0.040067,0.001669,0.010017,0.03005,0.0,0.003339,0.021703,0.016694,0.016694,0.010017,0.006678,0.0,0.003339,0.0,0.0,0.0,0.0,0.0,0.0,0.0,0.0,0.0,0.013356
Zone_DH751,0.079225,0.118838,0.044014,0.06162,0.014085,0.008803,0.0,0.0,0.003521,0.013204,0.001761,0.007042,0.002641,0.003521,0.003521,0.012324,0.003521,0.089789,0.096831,0.15581,0.045775,0.024648,0.014085,0.010563,0.010563,0.005282,0.001761,0.010563,0.007923,0.001761,0.003521,0.005282,0.006162,0.001761,0.012324,0.117958,0.204276,0.000764,0.003246,0.002673,0.002291,0.0,0.002291,0.001527,0.003436,0.007637,0.004773,0.002673,0.006491,0.003436,0.008782,0.016991,0.04181,0.159412,0.150821,0.043337,0.022337,0.009927,0.007064,0.003055,0.007637,0.006109,0.008209,0.007827,0.007255,0.005346,0.005346,0.005346,0.008782,0.013555,0.021573,0.193967,0.058979,0.085387,0.087148,0.120599,0.15757,0.058979,0.034331,0.036092,0.026408,0.049296,0.044894,0.014085,0.02993,0.026408,0.023768,0.022887,0.012324,0.035211,0.002641,0.007042,0.003521,0.0,0.006162,0.010563,0.008803,0.007042,0.007923,0.001761,0.002641,0.00088,0.001761,0.00088,0.001761,0.0,0.0,0.0,0.0,0.001761,0.0,0.010563
Zone_DH752,0.242547,0.094173,0.033875,0.047425,0.006775,0.00542,0.0,0.0,0.00271,0.00542,0.001355,0.00542,0.002033,0.00271,0.0,0.004065,0.000678,0.027778,0.265583,0.109079,0.033875,0.018293,0.006775,0.006775,0.007453,0.004065,0.001355,0.004065,0.00271,0.0,0.00271,0.004065,0.002033,0.0,0.012195,0.036585,0.207408,0.00294,0.003528,0.00147,0.002058,0.0,0.001764,0.001323,0.001176,0.00294,0.001911,0.002058,0.00441,0.00294,0.006174,0.009996,0.019256,0.195502,0.19903,0.024254,0.014846,0.007056,0.005145,0.003822,0.004704,0.003087,0.003969,0.003087,0.004116,0.003087,0.005145,0.004116,0.004998,0.008967,0.014111,0.219609,0.069106,0.087398,0.086043,0.157182,0.128049,0.031843,0.019648,0.02439,0.02168,0.039295,0.036585,0.023035,0.023035,0.029133,0.027778,0.021003,0.017615,0.02981,0.004065,0.004065,0.004065,0.00271,0.006775,0.001355,0.00271,0.007453,0.006098,0.042005,0.002033,0.015583,0.012873,0.003388,0.001355,0.0,0.0,0.0,0.0,0.001355,0.0,0.009485
Zone_DH753,0.377249,0.049913,0.005804,0.004643,0.0,0.002322,0.0,0.0,0.001161,0.001161,0.0,0.003482,0.0,0.001161,0.0,0.00058,0.00058,0.00058,0.477655,0.04527,0.004643,0.0,0.002902,0.001161,0.001741,0.0,0.0,0.001161,0.002322,0.0,0.0,0.001161,0.00058,0.001161,0.006965,0.004643,0.207267,0.002926,0.002926,0.000488,0.000244,0.000488,0.00061,0.000122,0.000244,0.000975,0.000488,0.0,0.000488,0.000366,0.001951,0.002195,0.003901,0.244087,0.239454,0.007315,0.005121,0.002195,0.000853,0.001951,0.000488,0.0,0.001463,0.00061,0.000488,0.000488,0.001829,0.000975,0.000732,0.003292,0.005365,0.25762,0.070807,0.107371,0.109112,0.170052,0.089959,0.019733,0.003482,0.013929,0.009286,0.017411,0.021474,0.020894,0.01509,0.029019,0.021474,0.016251,0.023796,0.01451,0.004643,0.031341,0.006384,0.021474,0.003482,0.008125,0.005804,0.006384,0.004643,0.087057,0.003482,0.009867,0.025537,0.002902,0.0,0.0,0.0,0.0,0.0,0.0,0.0,0.005223
Zone_DH754,0.353553,0.018486,0.04275,0.002311,0.0,0.002311,0.001155,0.001155,0.001155,0.0,0.0,0.0,0.0,0.001155,0.001155,0.00751,0.001155,0.0,0.488735,0.017909,0.02022,0.006932,0.001733,0.0,0.000578,0.001155,0.001155,0.0,0.0,0.0,0.0,0.002311,0.0,0.012709,0.010399,0.002311,0.194118,0.003167,0.001357,0.001357,0.000226,0.001357,0.000113,0.000566,0.0,0.0,0.000905,0.000452,0.00181,0.001697,0.001357,0.001923,0.004412,0.252149,0.240385,0.006561,0.002602,0.001357,0.001697,0.000905,0.001357,0.0,0.0,0.0,0.000679,0.000905,0.001697,0.000339,0.001697,0.002602,0.006335,0.263914,0.053726,0.101675,0.101675,0.187175,0.091277,0.03004,0.010399,0.011554,0.008088,0.009243,0.013865,0.020797,0.016176,0.02022,0.014443,0.006932,0.016753,0.001155,0.003466,0.041594,0.015598,0.024263,0.001155,0.004622,0.004622,0.002889,0.003466,0.116696,0.006932,0.003466,0.043905,0.002311,0.001155,0.0,0.002311,0.0,0.000578,0.0,0.0,0.005777
Zone_DH755,0.229002,0.007897,0.107681,0.01005,0.000718,0.005743,0.002872,0.001436,0.001436,0.001436,0.001436,0.0,0.002872,0.004307,0.006461,0.020101,0.01005,0.020818,0.342426,0.04379,0.049533,0.022254,0.001436,0.002872,0.0,0.006461,0.001436,0.001436,0.000718,0.001436,0.002872,0.001436,0.007179,0.028715,0.01005,0.041637,0.194871,0.002677,0.001127,0.005636,0.000282,0.001691,0.000564,0.001127,0.000564,0.000141,0.001832,0.001973,0.006482,0.004791,0.003664,0.007045,0.018599,0.216289,0.206566,0.019445,0.009582,0.004227,0.006341,0.004227,0.003945,0.002536,0.001973,0.000564,0.003664,0.002395,0.003804,0.002677,0.004932,0.008313,0.010427,0.235029,0.052405,0.087581,0.092606,0.18593,0.101938,0.058148,0.024408,0.020818,0.015075,0.007179,0.012922,0.01364,0.020818,0.016511,0.011486,0.01364,0.012204,0.001436,0.005743,0.031587,0.021536,0.011486,0.001436,0.0,0.002872,0.001436,0.004307,0.089017,0.005743,0.005743,0.044508,0.0,0.001436,0.0,0.002872,0.001436,0.002154,0.001436,0.0,0.016511
Zone_DH756,0.063772,0.023066,0.189959,0.017639,0.001357,0.013569,0.005427,0.002714,0.008141,0.005427,0.002714,0.005427,0.002714,0.008141,0.014925,0.039349,0.02171,0.039349,0.071913,0.082768,0.093623,0.052917,0.002714,0.008141,0.002714,0.014925,0.0,0.005427,0.001357,0.005427,0.005427,0.002714,0.013569,0.059701,0.018996,0.092266,0.215044,0.00295,0.00236,0.011799,0.00118,0.00354,0.00118,0.00118,0.00118,0.002655,0.002655,0.00531,0.012389,0.010029,0.014749,0.020059,0.039528,0.129794,0.130383,0.041888,0.022419,0.015929,0.017994,0.010029,0.00826,0.00767,0.010029,0.00236,0.00885,0.00649,0.007965,0.006785,0.010324,0.017404,0.019174,0.178466,0.042062,0.070556,0.063772,0.151967,0.113976,0.084125,0.046133,0.039349,0.028494,0.016282,0.027137,0.023066,0.031208,0.031208,0.018996,0.023066,0.020353,0.010855,0.016282,0.008141,0.013569,0.008141,0.005427,0.0,0.002714,0.002714,0.008141,0.010855,0.010855,0.010855,0.002714,0.0,0.002714,0.002714,0.008141,0.0,0.0,0.002714,0.0,0.040706
Zone_DH757,0.011236,0.033708,0.033708,0.0,0.0,0.022472,0.0,0.0,0.022472,0.033708,0.0,0.022472,0.0,0.011236,0.011236,0.005618,0.044944,0.101124,0.022472,0.157303,0.011236,0.061798,0.0,0.022472,0.011236,0.022472,0.0,0.022472,0.0,0.022472,0.033708,0.011236,0.0,0.022472,0.0,0.224719,0.242344,0.0,0.0,0.0,0.002663,0.0,0.0,0.005326,0.0,0.010652,0.010652,0.015979,0.005326,0.021305,0.026631,0.045273,0.037284,0.055925,0.061252,0.037284,0.04261,0.04261,0.026631,0.005326,0.010652,0.031957,0.021305,0.010652,0.037284,0.01731,0.010652,0.021305,0.005326,0.015979,0.010652,0.111851,0.011236,0.022472,0.033708,0.067416,0.146067,0.134831,0.078652,0.033708,0.033708,0.011236,0.011236,0.011236,0.02809,0.05618,0.011236,0.022472,0.022472,0.044944,0.022472,0.011236,0.022472,0.011236,0.011236,0.0,0.0,0.0,0.0,0.011236,0.011236,0.022472,0.011236,0.0,0.0,0.011236,0.011236,0.011236,0.0,0.0,0.0,0.050562
Zone_DH758,0.056338,0.0,0.098592,0.028169,0.042254,0.014085,0.0,0.0,0.014085,0.042254,0.0,0.014085,0.0,0.014085,0.042254,0.014085,0.042254,0.084507,0.042254,0.098592,0.028169,0.0,0.0,0.028169,0.014085,0.014085,0.0,0.014085,0.014085,0.0,0.042254,0.028169,0.042254,0.042254,0.028169,0.056338,0.245675,0.0,0.00692,0.00692,0.0,0.013841,0.020761,0.00692,0.0,0.013841,0.013841,0.00692,0.013841,0.013841,0.027682,0.00692,0.041522,0.062284,0.069204,0.020761,0.020761,0.034602,0.00692,0.013841,0.027682,0.034602,0.00692,0.027682,0.013841,0.034602,0.00692,0.041522,0.00692,0.027682,0.034602,0.069204,0.0,0.028169,0.056338,0.056338,0.098592,0.098592,0.056338,0.028169,0.056338,0.014085,0.042254,0.042254,0.028169,0.070423,0.014085,0.028169,0.014085,0.0,0.014085,0.014085,0.028169,0.014085,0.014085,0.0,0.0,0.014085,0.014085,0.014085,0.014085,0.0,0.014085,0.0,0.0,0.0,0.014085,0.028169,0.0,0.014085,0.0,0.056338
Zone_DH759,0.056818,0.022727,0.056818,0.056818,0.045455,0.022727,0.0,0.034091,0.011364,0.022727,0.0,0.0,0.0,0.022727,0.045455,0.022727,0.034091,0.056818,0.045455,0.079545,0.022727,0.022727,0.022727,0.011364,0.034091,0.034091,0.0,0.0,0.011364,0.0,0.045455,0.011364,0.034091,0.022727,0.045455,0.045455,0.240642,0.0,0.005348,0.005348,0.0,0.010695,0.010695,0.0,0.0,0.010695,0.005348,0.010695,0.010695,0.026738,0.037433,0.02139,0.032086,0.069519,0.053476,0.02139,0.02139,0.02139,0.02139,0.026738,0.02139,0.032086,0.016043,0.02139,0.010695,0.026738,0.016043,0.042781,0.010695,0.032086,0.032086,0.074866,0.0,0.011364,0.022727,0.045455,0.090909,0.090909,0.022727,0.045455,0.068182,0.011364,0.034091,0.056818,0.022727,0.090909,0.011364,0.034091,0.034091,0.022727,0.022727,0.022727,0.034091,0.011364,0.011364,0.0,0.011364,0.011364,0.011364,0.034091,0.0,0.0,0.011364,0.0,0.011364,0.0,0.011364,0.011364,0.0,0.0,0.0,0.068182
Zone_DH760,0.068493,0.041096,0.061644,0.054795,0.041096,0.020548,0.006849,0.020548,0.034247,0.0,0.006849,0.0,0.020548,0.020548,0.020548,0.020548,0.013699,0.034247,0.075342,0.047945,0.041096,0.034247,0.027397,0.027397,0.041096,0.027397,0.0,0.013699,0.027397,0.013699,0.013699,0.006849,0.027397,0.027397,0.034247,0.027397,0.244224,0.0033,0.0033,0.0033,0.0,0.0033,0.016502,0.0033,0.009901,0.0,0.009901,0.009901,0.016502,0.033003,0.036304,0.042904,0.029703,0.049505,0.029703,0.029703,0.033003,0.023102,0.009901,0.013201,0.019802,0.029703,0.019802,0.019802,0.019802,0.013201,0.029703,0.023102,0.026403,0.039604,0.036304,0.069307,0.013699,0.068493,0.068493,0.034247,0.089041,0.09589,0.082192,0.047945,0.047945,0.034247,0.027397,0.041096,0.047945,0.041096,0.0,0.020548,0.034247,0.034247,0.034247,0.013699,0.020548,0.006849,0.006849,0.0,0.013699,0.0,0.0,0.020548,0.0,0.0,0.006849,0.006849,0.006849,0.0,0.0,0.0,0.0,0.0,0.0,0.034247
Zone_DH761,0.068702,0.030534,0.061069,0.045802,0.045802,0.007634,0.007634,0.022901,0.038168,0.0,0.007634,0.007634,0.022901,0.015267,0.030534,0.015267,0.030534,0.045802,0.076336,0.038168,0.038168,0.030534,0.022901,0.045802,0.022901,0.022901,0.0,0.015267,0.022901,0.015267,0.007634,0.007634,0.030534,0.030534,0.022901,0.045802,0.249538,0.003697,0.003697,0.003697,0.0,0.003697,0.014787,0.003697,0.011091,0.0,0.014787,0.011091,0.025878,0.018484,0.033272,0.033272,0.022181,0.044362,0.022181,0.033272,0.040665,0.025878,0.014787,0.007394,0.029575,0.018484,0.014787,0.033272,0.022181,0.011091,0.025878,0.018484,0.036969,0.033272,0.048059,0.066543,0.015267,0.076336,0.076336,0.045802,0.076336,0.091603,0.083969,0.045802,0.061069,0.045802,0.022901,0.022901,0.053435,0.045802,0.007634,0.030534,0.022901,0.022901,0.030534,0.007634,0.0,0.022901,0.015267,0.007634,0.015267,0.0,0.0,0.0,0.0,0.0,0.007634,0.015267,0.007634,0.0,0.0,0.0,0.0,0.0,0.0,0.022901
Zone_DH762,0.054545,0.018182,0.072727,0.036364,0.090909,0.0,0.0,0.036364,0.036364,0.0,0.0,0.036364,0.018182,0.0,0.054545,0.036364,0.054545,0.018182,0.054545,0.018182,0.054545,0.0,0.054545,0.072727,0.0,0.0,0.0,0.0,0.018182,0.018182,0.0,0.0,0.036364,0.018182,0.018182,0.072727,0.285024,0.009662,0.0,0.009662,0.0,0.0,0.019324,0.0,0.0,0.0,0.019324,0.0,0.028986,0.028986,0.009662,0.028986,0.009662,0.048309,0.019324,0.038647,0.038647,0.009662,0.009662,0.0,0.048309,0.009662,0.009662,0.048309,0.019324,0.028986,0.028986,0.009662,0.038647,0.019324,0.038647,0.086957,0.018182,0.036364,0.090909,0.036364,0.018182,0.090909,0.036364,0.054545,0.072727,0.036364,0.018182,0.018182,0.018182,0.090909,0.018182,0.036364,0.036364,0.0,0.036364,0.036364,0.018182,0.036364,0.0,0.018182,0.018182,0.0,0.018182,0.0,0.0,0.0,0.0,0.036364,0.018182,0.0,0.0,0.0,0.0,0.0,0.0,0.036364
Zone_DH763,0.041667,0.0,0.083333,0.041667,0.166667,0.041667,0.0,0.0,0.0,0.0,0.0,0.083333,0.0,0.0,0.041667,0.0,0.041667,0.0,0.041667,0.041667,0.083333,0.041667,0.041667,0.083333,0.0,0.0,0.0,0.041667,0.0,0.0,0.041667,0.0,0.0,0.041667,0.0,0.0,0.26087,0.0,0.0,0.021739,0.0,0.0,0.021739,0.0,0.021739,0.0,0.0,0.0,0.0,0.0,0.043478,0.043478,0.021739,0.043478,0.043478,0.043478,0.065217,0.043478,0.0,0.0,0.043478,0.0,0.0,0.043478,0.043478,0.065217,0.0,0.0,0.0,0.021739,0.021739,0.086957,0.0,0.0,0.041667,0.041667,0.0,0.083333,0.0,0.0,0.041667,0.0,0.0,0.041667,0.041667,0.125,0.041667,0.0,0.0,0.0,0.041667,0.041667,0.041667,0.0,0.041667,0.0,0.041667,0.0,0.041667,0.083333,0.0,0.0,0.0,0.083333,0.0,0.0,0.0,0.0,0.0,0.0,0.0,0.125
Zone_DH764,0.108108,0.027027,0.027027,0.027027,0.108108,0.054054,0.0,0.0,0.0,0.0,0.0,0.027027,0.027027,0.0,0.027027,0.027027,0.0,0.0,0.081081,0.162162,0.054054,0.027027,0.054054,0.027027,0.0,0.0,0.027027,0.027027,0.0,0.0,0.027027,0.0,0.0,0.027027,0.027027,0.0,0.248322,0.0,0.0,0.0,0.0,0.0,0.013423,0.0,0.013423,0.0,0.013423,0.0,0.0,0.013423,0.040268,0.067114,0.013423,0.067114,0.067114,0.040268,0.040268,0.040268,0.013423,0.0,0.013423,0.013423,0.0,0.026846,0.026846,0.040268,0.0,0.0,0.0,0.040268,0.040268,0.107383,0.0,0.0,0.054054,0.081081,0.0,0.0,0.027027,0.027027,0.027027,0.027027,0.0,0.054054,0.027027,0.027027,0.054054,0.027027,0.027027,0.081081,0.0,0.027027,0.027027,0.0,0.027027,0.0,0.027027,0.0,0.027027,0.054054,0.0,0.027027,0.0,0.027027,0.0,0.0,0.0,0.0,0.027027,0.0,0.0,0.189189
Zone_DH765,0.056338,0.028169,0.056338,0.042254,0.084507,0.042254,0.014085,0.0,0.0,0.014085,0.0,0.0,0.070423,0.0,0.014085,0.014085,0.014085,0.070423,0.042254,0.084507,0.028169,0.028169,0.06338,0.021127,0.021127,0.014085,0.028169,0.0,0.028169,0.014085,0.021127,0.014085,0.014085,0.028169,0.014085,0.014085,0.230241,0.0,0.0,0.003436,0.0,0.003436,0.010309,0.0,0.0,0.020619,0.010309,0.010309,0.034364,0.013746,0.017182,0.041237,0.058419,0.041237,0.013746,0.017182,0.058419,0.027491,0.020619,0.044674,0.013746,0.017182,0.017182,0.020619,0.008591,0.022337,0.010309,0.010309,0.013746,0.034364,0.063574,0.091065,0.014085,0.014085,0.042254,0.028169,0.014085,0.070423,0.028169,0.028169,0.056338,0.028169,0.014085,0.056338,0.028169,0.028169,0.028169,0.077465,0.042254,0.049296,0.028169,0.0,0.014085,0.014085,0.007042,0.0,0.0,0.0,0.049296,0.014085,0.007042,0.028169,0.0,0.0,0.014085,0.0,0.0,0.028169,0.014085,0.0,0.0,0.133803
Zone_DH766,0.036145,0.024096,0.060241,0.060241,0.072289,0.024096,0.024096,0.0,0.0,0.012048,0.024096,0.0,0.060241,0.0,0.0,0.0,0.0,0.084337,0.060241,0.048193,0.036145,0.048193,0.042169,0.006024,0.018072,0.012048,0.036145,0.0,0.066265,0.012048,0.012048,0.012048,0.024096,0.024096,0.024096,0.036145,0.223837,0.0,0.0,0.002907,0.0,0.0,0.002907,0.002907,0.0,0.02907,0.011628,0.014535,0.031977,0.005814,0.014535,0.023256,0.061047,0.040698,0.049419,0.020349,0.05814,0.02907,0.011628,0.037791,0.017442,0.02907,0.020349,0.023256,0.018895,0.013081,0.008721,0.008721,0.02907,0.02907,0.047965,0.082849,0.024096,0.012048,0.048193,0.012048,0.012048,0.060241,0.036145,0.048193,0.048193,0.024096,0.012048,0.060241,0.024096,0.036145,0.024096,0.054217,0.042169,0.024096,0.036145,0.012048,0.024096,0.024096,0.006024,0.0,0.006024,0.0,0.042169,0.0,0.006024,0.024096,0.012048,0.0,0.012048,0.012048,0.0,0.024096,0.0,0.012048,0.0,0.144578
Zone_DH767,0.033333,0.0,0.05,0.083333,0.066667,0.033333,0.033333,0.0,0.0,0.0,0.05,0.0,0.033333,0.016667,0.0,0.0,0.016667,0.116667,0.05,0.033333,0.016667,0.05,0.016667,0.0,0.008333,0.0,0.033333,0.016667,0.091667,0.016667,0.0,0.016667,0.016667,0.016667,0.033333,0.05,0.225806,0.0,0.0,0.012097,0.0,0.0,0.0,0.004032,0.008065,0.024194,0.008065,0.020161,0.024194,0.008065,0.0,0.016129,0.032258,0.048387,0.068548,0.024194,0.048387,0.024194,0.024194,0.024194,0.03629,0.040323,0.024194,0.008065,0.024194,0.016129,0.0,0.018145,0.040323,0.024194,0.048387,0.074597,0.016667,0.033333,0.05,0.0,0.016667,0.05,0.05,0.05,0.016667,0.033333,0.0,0.05,0.0,0.033333,0.016667,0.033333,0.041667,0.033333,0.05,0.016667,0.016667,0.05,0.008333,0.0,0.025,0.0,0.025,0.0,0.025,0.016667,0.016667,0.0,0.016667,0.0,0.0,0.016667,0.0,0.016667,0.0,0.175
Zone_DH768,0.0,0.0,0.0,0.071429,0.0,0.0,0.0,0.0,0.0,0.071429,0.071429,0.0,0.0,0.071429,0.0,0.0,0.071429,0.214286,0.0,0.0,0.071429,0.0,0.0,0.0,0.0,0.0,0.0,0.071429,0.071429,0.071429,0.0,0.0,0.0,0.0,0.071429,0.071429,0.304348,0.0,0.0,0.043478,0.0,0.0,0.0,0.0,0.043478,0.0,0.0,0.043478,0.0,0.0,0.0,0.0,0.043478,0.086957,0.043478,0.043478,0.0,0.043478,0.043478,0.0,0.043478,0.0,0.0,0.0,0.0,0.043478,0.0,0.043478,0.086957,0.0,0.043478,0.0,0.0,0.071429,0.071429,0.0,0.0,0.0,0.071429,0.0,0.0,0.0,0.0,0.0,0.0,0.0,0.0,0.0,0.0,0.071429,0.0,0.0,0.0,0.071429,0.0,0.0,0.071429,0.0,0.0,0.0,0.071429,0.071429,0.0,0.0,0.071429,0.0,0.0,0.0,0.0,0.0,0.0,0.357143
Zone_DH770,0.091743,0.045872,0.009174,0.045872,0.027523,0.0,0.018349,0.009174,0.036697,0.0,0.009174,0.018349,0.018349,0.027523,0.027523,0.027523,0.027523,0.055046,0.06422,0.045872,0.018349,0.027523,0.009174,0.018349,0.027523,0.055046,0.018349,0.027523,0.009174,0.0,0.036697,0.018349,0.018349,0.009174,0.055046,0.045872,0.222904,0.00409,0.0,0.00409,0.0,0.00818,0.00818,0.00409,0.00818,0.00818,0.01227,0.02045,0.01227,0.00818,0.02863,0.03272,0.02863,0.06544,0.05317,0.0409,0.01636,0.03681,0.02454,0.01636,0.02454,0.02045,0.02045,0.02863,0.01227,0.02045,0.01636,0.01636,0.03272,0.01636,0.0409,0.08589,0.027523,0.009174,0.091743,0.06422,0.036697,0.146789,0.082569,0.06422,0.091743,0.036697,0.027523,0.027523,0.009174,0.018349,0.018349,0.018349,0.045872,0.055046,0.009174,0.018349,0.009174,0.009174,0.009174,0.0,0.009174,0.009174,0.009174,0.009174,0.0,0.009174,0.0,0.0,0.0,0.0,0.0,0.018349,0.0,0.0,0.0,0.009174
Zone_DH771,0.101036,0.046632,0.031088,0.023316,0.028497,0.012953,0.018135,0.010363,0.015544,0.007772,0.010363,0.010363,0.012953,0.023316,0.015544,0.018135,0.031088,0.090674,0.07772,0.03886,0.031088,0.018135,0.010363,0.010363,0.015544,0.031088,0.010363,0.033679,0.005181,0.007772,0.020725,0.010363,0.012953,0.012953,0.072539,0.072539,0.224,0.002286,0.001143,0.002286,0.002286,0.006857,0.005714,0.006857,0.004571,0.004571,0.008,0.011429,0.008,0.013714,0.026286,0.021714,0.038857,0.070857,0.08,0.043429,0.029714,0.026286,0.020571,0.020571,0.014857,0.012571,0.017143,0.022857,0.014857,0.019429,0.010286,0.019429,0.016,0.032,0.038857,0.101714,0.031088,0.041451,0.132124,0.082902,0.085492,0.119171,0.088083,0.041451,0.062176,0.036269,0.031088,0.031088,0.031088,0.020725,0.007772,0.020725,0.020725,0.031088,0.002591,0.015544,0.012953,0.002591,0.005181,0.0,0.007772,0.005181,0.002591,0.005181,0.002591,0.002591,0.002591,0.0,0.0,0.0,0.0,0.005181,0.0,0.0,0.002591,0.010363
Zone_DH772,0.097063,0.05364,0.033206,0.012771,0.022989,0.012771,0.015326,0.019157,0.011494,0.011494,0.010217,0.007663,0.011494,0.011494,0.016603,0.019157,0.033206,0.08046,0.079183,0.066411,0.049808,0.015326,0.010217,0.007663,0.00894,0.02682,0.010217,0.020434,0.005109,0.005109,0.006386,0.014049,0.014049,0.022989,0.066411,0.090677,0.220786,0.00165,0.00165,0.00165,0.00165,0.003849,0.004949,0.007699,0.003299,0.006049,0.006049,0.011548,0.007149,0.010448,0.021446,0.023096,0.046742,0.076437,0.089634,0.050591,0.035194,0.024196,0.017047,0.017047,0.015947,0.013748,0.013198,0.013198,0.014297,0.016497,0.010448,0.018147,0.010998,0.026945,0.048392,0.108331,0.03576,0.088123,0.121328,0.103448,0.103448,0.094508,0.085568,0.058748,0.052363,0.0447,0.033206,0.022989,0.025543,0.021711,0.010217,0.020434,0.007663,0.016603,0.003831,0.00894,0.005109,0.003831,0.003831,0.002554,0.006386,0.001277,0.0,0.005109,0.001277,0.001277,0.001277,0.0,0.0,0.0,0.0,0.002554,0.001277,0.0,0.001277,0.003831
Zone_DH773,0.083097,0.054769,0.040604,0.011331,0.017941,0.009443,0.01322,0.016997,0.007554,0.010387,0.008499,0.005666,0.012276,0.015109,0.023607,0.033994,0.030217,0.073654,0.083097,0.064212,0.042493,0.021719,0.016053,0.005666,0.01322,0.01322,0.008499,0.012276,0.007554,0.007554,0.007554,0.018886,0.025496,0.034939,0.060434,0.088763,0.220538,0.000809,0.002021,0.001617,0.004447,0.003639,0.003639,0.006873,0.00283,0.006064,0.004851,0.010511,0.00566,0.010511,0.017384,0.026279,0.051749,0.08207,0.089347,0.052961,0.032747,0.021831,0.016171,0.016576,0.013341,0.012937,0.01132,0.015767,0.013341,0.01132,0.012937,0.018193,0.012129,0.030726,0.050536,0.106327,0.032106,0.094429,0.120869,0.122757,0.118036,0.090652,0.080264,0.060434,0.045326,0.044381,0.032106,0.027384,0.023607,0.02644,0.014164,0.016053,0.004721,0.009443,0.008499,0.002833,0.000944,0.004721,0.003777,0.003777,0.003777,0.001889,0.0,0.002833,0.000944,0.0,0.0,0.0,0.000944,0.0,0.0,0.0,0.000944,0.000944,0.0,0.0
Zone_DH774,0.069793,0.074155,0.044711,0.012541,0.010905,0.007634,0.007088,0.010905,0.006543,0.010905,0.011996,0.003817,0.014177,0.016358,0.02072,0.038168,0.032715,0.061069,0.08506,0.076336,0.058888,0.025082,0.018539,0.006543,0.011996,0.003272,0.008724,0.005453,0.006543,0.01036,0.016358,0.020174,0.027263,0.036532,0.062159,0.066521,0.219981,0.000949,0.001898,0.001898,0.005221,0.003322,0.004746,0.005221,0.003204,0.005695,0.003322,0.010085,0.009255,0.010204,0.013882,0.029782,0.047461,0.087803,0.086379,0.060157,0.02551,0.021595,0.018272,0.016493,0.010797,0.012814,0.009492,0.016849,0.010916,0.01234,0.014713,0.011391,0.017086,0.029426,0.051495,0.110346,0.029989,0.078517,0.089967,0.121592,0.111778,0.089967,0.076881,0.069248,0.055071,0.047983,0.039804,0.035987,0.025627,0.026718,0.023991,0.017993,0.009815,0.007634,0.009269,0.004362,0.001636,0.007088,0.004362,0.005453,0.0,0.002181,0.0,0.001091,0.001636,0.0,0.0,0.001091,0.001091,0.0,0.0,0.0,0.0,0.001091,0.0,0.001091
Zone_DH775,0.065332,0.081138,0.045311,0.027924,0.021075,0.018967,0.007903,0.006322,0.004215,0.007376,0.006322,0.012118,0.013699,0.011591,0.013699,0.030558,0.031612,0.051633,0.073762,0.089568,0.076923,0.037935,0.024236,0.006322,0.010537,0.004215,0.004215,0.003161,0.005269,0.006849,0.029505,0.008957,0.011591,0.023709,0.047418,0.079031,0.213819,0.0,0.00045,0.00135,0.002701,0.002251,0.004051,0.004051,0.004839,0.006977,0.003151,0.005739,0.009678,0.009903,0.014067,0.030722,0.051992,0.088679,0.095881,0.062233,0.032298,0.022957,0.01688,0.010466,0.008215,0.011254,0.01508,0.013279,0.009003,0.012604,0.010353,0.009003,0.014855,0.023408,0.051092,0.126716,0.033193,0.065859,0.079557,0.126449,0.11117,0.08588,0.081665,0.067966,0.057429,0.047945,0.032139,0.041096,0.032666,0.031085,0.028451,0.017387,0.007903,0.005269,0.006849,0.005269,0.006322,0.010011,0.003688,0.004215,0.0,0.003161,0.001054,0.002107,0.002634,0.0,0.0,0.001054,0.0,0.000527,0.0,0.0,0.0,0.0,0.0,0.0
Zone_DH776,0.059873,0.08175,0.071387,0.047208,0.029937,0.029937,0.010938,0.005757,0.005757,0.004606,0.005757,0.013241,0.011514,0.004606,0.00806,0.012666,0.023028,0.033391,0.061025,0.09787,0.110535,0.064479,0.027634,0.017271,0.003454,0.003454,0.006908,0.005757,0.003454,0.007484,0.032239,0.00403,0.002303,0.008636,0.021877,0.062176,0.211834,0.000492,0.000984,0.000984,0.00246,0.00246,0.003937,0.004429,0.00529,0.007135,0.006397,0.007012,0.010087,0.009841,0.019068,0.028417,0.053635,0.074548,0.086604,0.058187,0.04121,0.026326,0.015992,0.010948,0.011687,0.012056,0.017468,0.01304,0.008365,0.013286,0.009841,0.010333,0.015746,0.028786,0.051175,0.119941,0.036269,0.061025,0.070236,0.099021,0.106505,0.090386,0.09787,0.070812,0.059873,0.050086,0.034542,0.039148,0.034542,0.025331,0.023028,0.015544,0.01209,0.011514,0.008636,0.00806,0.008636,0.010938,0.00403,0.003454,0.001151,0.003454,0.003454,0.003454,0.002879,0.0,0.001151,0.001151,0.0,0.000576,0.0,0.001151,0.0,0.0,0.0,0.0
Zone_DH777,0.060892,0.089194,0.081475,0.063465,0.034305,0.03259,0.012007,0.006861,0.006861,0.003431,0.003431,0.017153,0.013722,0.003431,0.005146,0.012007,0.020583,0.030875,0.049743,0.089194,0.114923,0.075472,0.03259,0.024014,0.003431,0.008576,0.008576,0.006861,0.003431,0.008576,0.010292,0.001715,0.001715,0.005146,0.013722,0.044597,0.213285,0.000728,0.00364,0.00364,0.002184,0.002184,0.005096,0.00364,0.005096,0.007279,0.007279,0.005823,0.008007,0.010919,0.019654,0.024022,0.048044,0.069882,0.089536,0.059691,0.038581,0.028389,0.012375,0.011647,0.015287,0.012375,0.014559,0.013103,0.010191,0.015287,0.009463,0.010919,0.016742,0.026388,0.057143,0.117925,0.042882,0.041166,0.077187,0.085763,0.114923,0.078902,0.090909,0.070326,0.072041,0.042882,0.03259,0.042882,0.024014,0.025729,0.022298,0.020583,0.015437,0.012007,0.006861,0.008576,0.010292,0.008576,0.003431,0.003431,0.005146,0.005146,0.010292,0.003431,0.001715,0.003431,0.009434,0.001715,0.0,0.0,0.0,0.001715,0.0,0.0,0.0,0.004288
Zone_DH778,0.09389,0.107303,0.065574,0.056632,0.023845,0.014903,0.011923,0.011923,0.011923,0.005961,0.008942,0.005961,0.005961,0.002981,0.008942,0.011923,0.002981,0.032787,0.101341,0.098361,0.107303,0.041729,0.014903,0.023845,0.002981,0.005961,0.005961,0.023845,0.002981,0.002981,0.008942,0.002981,0.005961,0.005961,0.005961,0.053651,0.219631,0.001296,0.003887,0.005183,0.001296,0.002592,0.003887,0.003887,0.010366,0.003887,0.003887,0.007775,0.006479,0.006479,0.015549,0.023324,0.044056,0.090703,0.120505,0.055718,0.022028,0.025915,0.005183,0.010366,0.010366,0.007775,0.00907,0.007775,0.012958,0.011662,0.00907,0.006479,0.011662,0.023324,0.057337,0.138646,0.038748,0.035768,0.086438,0.086438,0.140089,0.04769,0.080477,0.056632,0.056632,0.032787,0.038748,0.035768,0.035768,0.032787,0.020864,0.020864,0.017884,0.008942,0.002981,0.017884,0.023845,0.002981,0.002981,0.005961,0.008942,0.0,0.008942,0.005961,0.002981,0.005961,0.016393,0.002981,0.0,0.0,0.0,0.0,0.0,0.0,0.0,0.017884
Zone_DH779,0.136364,0.028409,0.022727,0.034091,0.022727,0.034091,0.011364,0.005682,0.011364,0.005682,0.005682,0.011364,0.0,0.005682,0.011364,0.022727,0.017045,0.073864,0.136364,0.056818,0.011364,0.017045,0.022727,0.017045,0.005682,0.028409,0.0,0.051136,0.0,0.005682,0.005682,0.017045,0.022727,0.022727,0.0,0.119318,0.23219,0.002639,0.0,0.005277,0.007916,0.002639,0.0,0.002639,0.015831,0.007916,0.005277,0.005277,0.010554,0.013193,0.021108,0.013193,0.021108,0.110818,0.131926,0.01847,0.01847,0.034301,0.013193,0.021108,0.007916,0.010554,0.010554,0.013193,0.010554,0.005277,0.007916,0.013193,0.01847,0.021108,0.015831,0.150396,0.017045,0.022727,0.051136,0.153409,0.107955,0.051136,0.051136,0.039773,0.0625,0.022727,0.022727,0.028409,0.056818,0.045455,0.034091,0.028409,0.017045,0.005682,0.005682,0.011364,0.068182,0.005682,0.005682,0.005682,0.005682,0.0,0.011364,0.011364,0.005682,0.005682,0.005682,0.0,0.0,0.0,0.0,0.0,0.0,0.0,0.0,0.034091
Zone_DH780,0.101064,0.06383,0.037234,0.026596,0.015957,0.031915,0.015957,0.005319,0.005319,0.005319,0.0,0.010638,0.005319,0.010638,0.005319,0.015957,0.021277,0.058511,0.095745,0.06383,0.015957,0.026596,0.037234,0.021277,0.005319,0.015957,0.010638,0.06383,0.005319,0.010638,0.0,0.015957,0.031915,0.031915,0.015957,0.095745,0.238579,0.002538,0.0,0.002538,0.005076,0.002538,0.0,0.005076,0.015228,0.005076,0.007614,0.005076,0.007614,0.01269,0.022843,0.020305,0.043147,0.07868,0.098985,0.022843,0.040609,0.025381,0.020305,0.015228,0.010152,0.020305,0.01269,0.015228,0.005076,0.010152,0.01269,0.01269,0.025381,0.022843,0.017766,0.137056,0.021277,0.026596,0.069149,0.132979,0.095745,0.085106,0.074468,0.053191,0.047872,0.042553,0.005319,0.026596,0.037234,0.021277,0.015957,0.026596,0.010638,0.021277,0.005319,0.015957,0.042553,0.010638,0.010638,0.0,0.005319,0.010638,0.005319,0.010638,0.005319,0.010638,0.005319,0.005319,0.0,0.005319,0.0,0.0,0.0,0.005319,0.0,0.031915
Zone_DH781,0.077844,0.053892,0.02994,0.017964,0.005988,0.005988,0.035928,0.023952,0.005988,0.011976,0.005988,0.011976,0.017964,0.005988,0.011976,0.035928,0.035928,0.047904,0.083832,0.047904,0.02994,0.02994,0.023952,0.041916,0.023952,0.017964,0.011976,0.035928,0.005988,0.011976,0.005988,0.005988,0.017964,0.041916,0.02994,0.08982,0.241185,0.005642,0.0,0.0,0.002821,0.002821,0.0,0.011283,0.005642,0.002821,0.008463,0.008463,0.002821,0.008463,0.025388,0.028209,0.070522,0.039492,0.073343,0.022567,0.042313,0.025388,0.028209,0.019746,0.008463,0.022567,0.025388,0.008463,0.016925,0.011283,0.016925,0.014104,0.042313,0.019746,0.03103,0.107193,0.023952,0.023952,0.071856,0.053892,0.071856,0.077844,0.08982,0.053892,0.047904,0.047904,0.011976,0.02994,0.047904,0.023952,0.02994,0.005988,0.005988,0.041916,0.011976,0.017964,0.005988,0.02994,0.017964,0.005988,0.005988,0.011976,0.011976,0.005988,0.005988,0.005988,0.0,0.023952,0.0,0.005988,0.005988,0.005988,0.0,0.005988,0.0,0.053892
Zone_DH782,0.037975,0.016878,0.008439,0.004219,0.008439,0.008439,0.025316,0.016878,0.021097,0.004219,0.016878,0.010549,0.012658,0.008439,0.008439,0.033755,0.097046,0.172996,0.029536,0.029536,0.029536,0.025316,0.008439,0.016878,0.016878,0.008439,0.025316,0.008439,0.0,0.004219,0.004219,0.008439,0.012658,0.016878,0.084388,0.158228,0.232936,0.005728,0.001909,0.0,0.003819,0.001909,0.001909,0.003819,0.003819,0.0,0.005728,0.011456,0.000477,0.003819,0.013365,0.022912,0.032458,0.113604,0.141289,0.022912,0.011456,0.022912,0.011456,0.021002,0.007637,0.005728,0.02673,0.021002,0.011456,0.007637,0.007637,0.011456,0.022912,0.011456,0.024821,0.150835,0.042194,0.084388,0.061181,0.101266,0.156118,0.109705,0.063291,0.021097,0.025316,0.033755,0.012658,0.021097,0.037975,0.008439,0.021097,0.004219,0.008439,0.016878,0.004219,0.016878,0.004219,0.016878,0.008439,0.012658,0.012658,0.006329,0.016878,0.004219,0.0,0.0,0.008439,0.012658,0.0,0.0,0.004219,0.004219,0.0,0.0,0.0,0.037975
Zone_DH783,0.025397,0.014286,0.003175,0.003175,0.003175,0.003175,0.012698,0.009524,0.012698,0.003175,0.009524,0.007937,0.009524,0.006349,0.006349,0.009524,0.184127,0.196825,0.019048,0.022222,0.015873,0.012698,0.0,0.006349,0.003175,0.003175,0.015873,0.006349,0.003175,0.003175,0.0,0.003175,0.011111,0.003175,0.180952,0.169841,0.209225,0.006684,0.002674,0.001337,0.001337,0.000334,0.002674,0.002674,0.001337,0.0,0.004011,0.009358,0.000334,0.001337,0.005348,0.011364,0.025401,0.172126,0.190842,0.01738,0.006016,0.016043,0.005348,0.013369,0.005348,0.002674,0.014706,0.014706,0.009358,0.006684,0.006684,0.004011,0.014706,0.010027,0.01738,0.187166,0.034921,0.08254,0.039683,0.160317,0.173016,0.111111,0.069841,0.01746,0.022222,0.025397,0.015873,0.025397,0.02381,0.006349,0.019048,0.003175,0.003175,0.003175,0.006349,0.025397,0.046032,0.003175,0.003175,0.009524,0.014286,0.014286,0.006349,0.0,0.003175,0.0,0.006349,0.006349,0.0,0.0,0.0,0.003175,0.0,0.0,0.0,0.015873
Zone_DH784,0.007519,0.013158,0.003759,0.0,0.003759,0.0,0.003759,0.003759,0.015038,0.011278,0.003759,0.003759,0.003759,0.007519,0.011278,0.003759,0.150376,0.24812,0.048872,0.015038,0.0,0.007519,0.0,0.0,0.003759,0.0,0.015038,0.003759,0.003759,0.003759,0.0,0.003759,0.009398,0.011278,0.139098,0.240602,0.207069,0.007683,0.001537,0.003073,0.0,0.000384,0.003073,0.001537,0.001537,0.001537,0.00461,0.00461,0.0,0.001537,0.006147,0.009988,0.02305,0.182866,0.194391,0.021514,0.003458,0.00922,0.003073,0.007683,0.006147,0.003073,0.015367,0.012294,0.006147,0.006147,0.006147,0.007683,0.00922,0.014599,0.00922,0.20438,0.037594,0.093985,0.026316,0.18797,0.193609,0.105263,0.071429,0.018797,0.015038,0.018797,0.011278,0.026316,0.016917,0.003759,0.007519,0.005639,0.003759,0.003759,0.003759,0.018797,0.033835,0.0,0.0,0.009398,0.022556,0.022556,0.015038,0.003759,0.003759,0.0,0.0,0.003759,0.0,0.0,0.0,0.0,0.0,0.0,0.0,0.015038
Zone_DH785,0.046729,0.009346,0.014019,0.03271,0.0,0.0,0.004673,0.0,0.0,0.025701,0.0,0.0,0.0,0.0,0.009346,0.0,0.009346,0.242991,0.081776,0.11215,0.004673,0.011682,0.009346,0.004673,0.009346,0.0,0.0,0.009346,0.007009,0.004673,0.0,0.0,0.004673,0.023364,0.023364,0.299065,0.200663,0.0,0.004259,0.003786,0.0,0.0,0.0,0.0,0.004733,0.009465,0.001893,0.001893,0.00284,0.001893,0.003786,0.029815,0.053005,0.154756,0.146711,0.052059,0.034075,0.003786,0.001893,0.003786,0.003786,0.003313,0.003786,0.004259,0.006626,0.005679,0.003786,0.005679,0.003786,0.013725,0.020823,0.209655,0.037383,0.028037,0.037383,0.17757,0.158879,0.081776,0.056075,0.03271,0.018692,0.037383,0.046729,0.025701,0.028037,0.025701,0.018692,0.009346,0.018692,0.042056,0.002336,0.004673,0.014019,0.0,0.004673,0.028037,0.014019,0.014019,0.014019,0.004673,0.0,0.0,0.0,0.0,0.0,0.0,0.0,0.0,0.0,0.0,0.0,0.018692
Zone_DH786,0.105996,0.102784,0.03212,0.054604,0.006424,0.0,0.002141,0.0,0.002141,0.011777,0.002141,0.002141,0.002141,0.004283,0.002141,0.006424,0.006424,0.104925,0.100642,0.168094,0.03212,0.028908,0.017131,0.006424,0.008565,0.008565,0.0,0.004283,0.003212,0.004283,0.0,0.004283,0.004283,0.012848,0.006424,0.141328,0.201151,0.000921,0.002992,0.000921,0.001841,0.0,0.001841,0.0,0.004603,0.005524,0.002762,0.001841,0.004603,0.001841,0.010127,0.018642,0.039125,0.162255,0.16985,0.037284,0.025316,0.007365,0.008285,0.005984,0.004603,0.004373,0.002762,0.003913,0.007365,0.005524,0.004603,0.007365,0.005524,0.01496,0.024396,0.19954,0.08137,0.070664,0.071734,0.132762,0.150964,0.073876,0.034261,0.025696,0.025696,0.037473,0.041756,0.020343,0.034261,0.025696,0.01606,0.009636,0.020343,0.034261,0.002141,0.009636,0.006424,0.0,0.004283,0.012848,0.010707,0.008565,0.007495,0.002141,0.0,0.007495,0.002141,0.001071,0.0,0.0,0.0,0.0,0.0,0.002141,0.002141,0.013919
Zone_DH787,0.267794,0.088078,0.029359,0.041815,0.005338,0.0,0.0,0.0,0.001779,0.003559,0.001779,0.003559,0.001779,0.003559,0.0,0.007117,0.003559,0.024911,0.255338,0.125445,0.02669,0.024911,0.012456,0.003559,0.005338,0.005338,0.0,0.003559,0.001779,0.001779,0.0,0.003559,0.001779,0.001779,0.007117,0.035587,0.210163,0.002364,0.003939,0.0,0.001576,0.0,0.001576,0.000788,0.001182,0.003545,0.002364,0.001576,0.003939,0.000394,0.007091,0.00906,0.017333,0.195391,0.204845,0.016939,0.016545,0.007091,0.006697,0.004727,0.003939,0.003151,0.00197,0.002364,0.005121,0.004727,0.003151,0.004727,0.003939,0.008667,0.018909,0.220209,0.092527,0.096085,0.080961,0.149466,0.114769,0.042705,0.019573,0.016014,0.019573,0.02758,0.033808,0.020463,0.023132,0.025801,0.018683,0.013345,0.019573,0.019573,0.006228,0.004448,0.013345,0.012456,0.010676,0.005338,0.003559,0.005338,0.002669,0.030249,0.0,0.024021,0.016014,0.002669,0.0,0.0,0.0,0.0,0.012456,0.001779,0.003559,0.011566
Zone_DH788,0.435685,0.025726,0.008299,0.00249,0.0,0.0,0.0,0.0,0.0,0.00166,0.0,0.00332,0.0,0.0,0.00166,0.00332,0.00166,0.00166,0.470539,0.024066,0.00166,0.006639,0.00332,0.0,0.0,0.0,0.0,0.00166,0.0,0.0,0.0,0.0,0.0,0.00166,0.00332,0.00166,0.204473,0.001409,0.002113,0.0,0.0,0.0,0.0,0.000704,0.000352,0.001057,0.000704,0.0,0.000352,0.000704,0.001409,0.000704,0.003875,0.247975,0.247622,0.003875,0.003522,0.001409,0.000704,0.001057,0.0,0.000704,0.000352,0.000704,0.001057,0.0,0.000704,0.000704,0.001409,0.001409,0.003522,0.26541,0.061411,0.097925,0.080498,0.174274,0.087967,0.041494,0.006639,0.009959,0.011618,0.012448,0.027386,0.023237,0.013278,0.021577,0.020747,0.015768,0.026556,0.007469,0.009129,0.009129,0.014108,0.014938,0.011618,0.006639,0.00332,0.00332,0.004149,0.076349,0.004979,0.022407,0.044813,0.00249,0.0,0.0,0.0,0.0,0.024896,0.0,0.00166,0.005809
Zone_DH789,0.370903,0.011191,0.016787,0.004796,0.0,0.0,0.001599,0.001599,0.001599,0.001599,0.0,0.003197,0.004796,0.003197,0.003197,0.014388,0.003197,0.007994,0.465228,0.010392,0.011191,0.008793,0.0,0.0,0.0,0.001599,0.003197,0.0,0.001599,0.001599,0.003197,0.004796,0.0,0.028777,0.007994,0.001599,0.199937,0.001269,0.001269,0.001904,0.0,0.001269,0.000635,0.001269,0.000635,0.000635,0.001269,0.000635,0.001269,0.003491,0.000635,0.002856,0.003967,0.244526,0.235957,0.006347,0.003174,0.002539,0.002539,0.001269,0.000635,0.000635,0.000635,0.001904,0.003174,0.001269,0.001269,0.001269,0.002539,0.002063,0.00841,0.256903,0.027178,0.110312,0.077538,0.188649,0.091926,0.040767,0.011191,0.01279,0.009592,0.015987,0.020783,0.028777,0.011191,0.020783,0.017586,0.019185,0.020783,0.006395,0.009592,0.006395,0.009592,0.009592,0.003197,0.007994,0.003197,0.001599,0.001599,0.108713,0.007994,0.004796,0.06235,0.003197,0.001599,0.0,0.001599,0.0,0.019185,0.0,0.0,0.006395
Zone_DH790,0.196757,0.022703,0.073514,0.017297,0.003243,0.004324,0.004324,0.004324,0.002162,0.002162,0.004324,0.004324,0.008649,0.00973,0.016216,0.034595,0.012973,0.035676,0.272432,0.037838,0.051892,0.021622,0.001081,0.006486,0.0,0.00973,0.004324,0.002162,0.003243,0.002162,0.004324,0.006486,0.010811,0.047568,0.017297,0.043243,0.209798,0.003735,0.002856,0.00725,0.000439,0.001757,0.001757,0.002636,0.002636,0.001098,0.003735,0.003954,0.007469,0.00725,0.006151,0.011204,0.02087,0.184315,0.179482,0.019112,0.017135,0.007909,0.00681,0.005712,0.003076,0.005053,0.002856,0.004833,0.009666,0.002636,0.003515,0.004394,0.008348,0.012742,0.017355,0.210457,0.041081,0.061622,0.078919,0.162162,0.097297,0.07027,0.036757,0.029189,0.019459,0.019459,0.016216,0.027027,0.012973,0.021622,0.011892,0.024865,0.019459,0.00973,0.008649,0.004324,0.011892,0.015135,0.002162,0.004324,0.002162,0.003243,0.004324,0.046486,0.006486,0.010811,0.073514,0.002162,0.006486,0.0,0.004324,0.002162,0.002162,0.0,0.0,0.029189
Zone_DH791,0.035494,0.026235,0.095679,0.021605,0.00463,0.009259,0.009259,0.006173,0.006173,0.003086,0.006173,0.009259,0.012346,0.016975,0.016975,0.055556,0.027778,0.097222,0.064815,0.063272,0.070988,0.046296,0.00463,0.015432,0.0,0.020062,0.003086,0.003086,0.00463,0.009259,0.006173,0.009259,0.015432,0.067901,0.026235,0.109568,0.231304,0.00313,0.00313,0.011478,0.000696,0.002783,0.001391,0.005565,0.004174,0.00313,0.005913,0.009043,0.011826,0.010783,0.017391,0.025391,0.037217,0.109565,0.113739,0.031652,0.030609,0.016,0.009391,0.009043,0.006261,0.009391,0.00313,0.006261,0.022261,0.004174,0.005565,0.008348,0.010435,0.021565,0.026435,0.171826,0.058642,0.050926,0.080247,0.101852,0.123457,0.084877,0.049383,0.04321,0.030864,0.024691,0.016975,0.03858,0.018519,0.027778,0.010802,0.027778,0.037037,0.029321,0.015432,0.006173,0.013889,0.009259,0.003086,0.003086,0.0,0.00463,0.009259,0.001543,0.003086,0.006173,0.006173,0.0,0.009259,0.003086,0.006173,0.003086,0.003086,0.0,0.0,0.03858
Zone_DH792,0.011583,0.015444,0.023166,0.007722,0.007722,0.007722,0.007722,0.007722,0.007722,0.015444,0.0,0.007722,0.0,0.023166,0.007722,0.023166,0.054054,0.23166,0.015444,0.100386,0.023166,0.046332,0.007722,0.023166,0.0,0.023166,0.0,0.007722,0.0,0.015444,0.007722,0.007722,0.0,0.0,0.011583,0.250965,0.220887,0.0,0.0,0.003697,0.0,0.0,0.0,0.007394,0.0,0.007394,0.007394,0.018484,0.0,0.012939,0.020333,0.042514,0.042514,0.096118,0.114603,0.040665,0.031423,0.02403,0.007394,0.003697,0.007394,0.025878,0.0,0.007394,0.029575,0.003697,0.007394,0.022181,0.011091,0.018484,0.032348,0.133087,0.061776,0.03861,0.050193,0.030888,0.208494,0.135135,0.061776,0.034749,0.03861,0.023166,0.015444,0.015444,0.007722,0.023166,0.007722,0.019305,0.057915,0.046332,0.015444,0.007722,0.015444,0.007722,0.0,0.007722,0.0,0.0,0.007722,0.007722,0.007722,0.0,0.007722,0.0,0.0,0.007722,0.0,0.007722,0.0,0.0,0.0,0.023166
Zone_DH793,0.043165,0.028777,0.071942,0.043165,0.043165,0.0,0.014388,0.0,0.014388,0.028777,0.0,0.0,0.0,0.05036,0.064748,0.035971,0.057554,0.115108,0.043165,0.057554,0.014388,0.014388,0.0,0.014388,0.014388,0.0,0.0,0.014388,0.0,0.0,0.028777,0.028777,0.0,0.028777,0.035971,0.093525,0.242857,0.0,0.008163,0.0,0.0,0.016327,0.016327,0.008163,0.0,0.016327,0.016327,0.008163,0.0,0.008163,0.028571,0.010204,0.061224,0.077551,0.073469,0.020408,0.014286,0.028571,0.008163,0.016327,0.016327,0.032653,0.0,0.032653,0.016327,0.016327,0.008163,0.040816,0.016327,0.032653,0.02449,0.083673,0.100719,0.05036,0.028777,0.0,0.086331,0.18705,0.043165,0.028777,0.043165,0.014388,0.043165,0.043165,0.014388,0.014388,0.0,0.035971,0.021583,0.0,0.0,0.014388,0.028777,0.014388,0.0,0.014388,0.0,0.014388,0.014388,0.014388,0.0,0.0,0.014388,0.0,0.0,0.014388,0.014388,0.028777,0.0,0.0,0.0,0.057554
Zone_DH794,0.042857,0.071429,0.028571,0.071429,0.071429,0.0,0.0,0.0,0.014286,0.028571,0.0,0.0,0.0,0.05,0.064286,0.042857,0.028571,0.028571,0.071429,0.085714,0.014286,0.028571,0.014286,0.014286,0.042857,0.0,0.0,0.014286,0.028571,0.0,0.028571,0.014286,0.014286,0.028571,0.035714,0.021429,0.239286,0.007143,0.007143,0.007143,0.007143,0.014286,0.014286,0.0,0.007143,0.014286,0.007143,0.014286,0.014286,0.021429,0.039286,0.030357,0.042857,0.028571,0.028571,0.014286,0.026786,0.025,0.007143,0.035714,0.014286,0.028571,0.014286,0.028571,0.014286,0.028571,0.028571,0.042857,0.021429,0.05,0.021429,0.053571,0.028571,0.05,0.028571,0.014286,0.085714,0.107143,0.014286,0.042857,0.014286,0.014286,0.028571,0.057143,0.028571,0.042857,0.0,0.042857,0.014286,0.028571,0.028571,0.028571,0.057143,0.028571,0.0,0.0,0.0,0.014286,0.014286,0.042857,0.0,0.014286,0.014286,0.0,0.014286,0.0,0.014286,0.014286,0.0,0.0,0.0,0.071429
Zone_DH795,0.070588,0.047059,0.047059,0.070588,0.070588,0.0,0.011765,0.011765,0.047059,0.023529,0.0,0.0,0.011765,0.035294,0.023529,0.023529,0.035294,0.0,0.047059,0.058824,0.011765,0.035294,0.011765,0.023529,0.058824,0.011765,0.011765,0.035294,0.035294,0.011765,0.0,0.023529,0.023529,0.023529,0.011765,0.035294,0.240793,0.0,0.0,0.005666,0.0,0.011331,0.028329,0.005666,0.016997,0.0,0.005666,0.028329,0.016997,0.022663,0.03966,0.033994,0.022663,0.028329,0.011331,0.022663,0.022663,0.028329,0.0,0.028329,0.016997,0.022663,0.033994,0.03966,0.022663,0.011331,0.045326,0.03966,0.045326,0.056657,0.011331,0.033994,0.011765,0.047059,0.023529,0.011765,0.082353,0.058824,0.035294,0.011765,0.011765,0.035294,0.023529,0.035294,0.082353,0.058824,0.0,0.035294,0.035294,0.070588,0.047059,0.023529,0.035294,0.023529,0.023529,0.0,0.011765,0.011765,0.0,0.023529,0.0,0.011765,0.023529,0.0,0.011765,0.0,0.0,0.0,0.011765,0.011765,0.011765,0.047059
Zone_DH796,0.066667,0.016667,0.066667,0.05,0.05,0.0,0.016667,0.0,0.05,0.033333,0.0,0.016667,0.016667,0.05,0.05,0.016667,0.033333,0.0,0.033333,0.05,0.016667,0.05,0.0,0.033333,0.033333,0.016667,0.016667,0.033333,0.033333,0.016667,0.0,0.033333,0.016667,0.033333,0.0,0.05,0.25,0.0,0.0,0.016667,0.0,0.008333,0.025,0.008333,0.016667,0.0,0.008333,0.033333,0.016667,0.008333,0.041667,0.033333,0.008333,0.025,0.0,0.016667,0.033333,0.033333,0.008333,0.025,0.033333,0.008333,0.033333,0.066667,0.025,0.016667,0.041667,0.033333,0.058333,0.033333,0.016667,0.016667,0.0,0.066667,0.016667,0.0,0.066667,0.05,0.05,0.0,0.016667,0.033333,0.016667,0.016667,0.066667,0.083333,0.0,0.033333,0.033333,0.066667,0.033333,0.016667,0.0,0.016667,0.033333,0.016667,0.016667,0.033333,0.0,0.0,0.0,0.0,0.033333,0.016667,0.016667,0.0,0.0,0.0,0.016667,0.0,0.016667,0.116667
Zone_DH797,0.027778,0.027778,0.055556,0.055556,0.055556,0.0,0.0,0.0,0.055556,0.0,0.0,0.027778,0.083333,0.027778,0.083333,0.0,0.083333,0.027778,0.027778,0.083333,0.0,0.055556,0.0,0.055556,0.0,0.0,0.027778,0.0,0.027778,0.0,0.0,0.0,0.027778,0.027778,0.0,0.055556,0.268657,0.0,0.0,0.029851,0.0,0.014925,0.029851,0.0,0.014925,0.0,0.0,0.014925,0.044776,0.0,0.044776,0.014925,0.029851,0.029851,0.014925,0.014925,0.029851,0.014925,0.0,0.029851,0.044776,0.0,0.044776,0.029851,0.014925,0.029851,0.014925,0.029851,0.074627,0.029851,0.029851,0.014925,0.0,0.0,0.0,0.0,0.027778,0.111111,0.055556,0.0,0.0,0.055556,0.027778,0.0,0.083333,0.083333,0.0,0.0,0.027778,0.027778,0.055556,0.0,0.0,0.027778,0.055556,0.027778,0.027778,0.055556,0.0,0.0,0.0,0.0,0.027778,0.027778,0.027778,0.0,0.027778,0.0,0.0,0.0,0.0,0.138889
Zone_DH798,0.107143,0.035714,0.071429,0.035714,0.0,0.0,0.0,0.035714,0.0,0.0,0.0,0.0,0.071429,0.035714,0.0,0.0,0.071429,0.035714,0.107143,0.071429,0.0,0.035714,0.0,0.0,0.035714,0.035714,0.071429,0.0,0.0,0.0,0.035714,0.0,0.0,0.071429,0.0,0.035714,0.25,0.0,0.0,0.0,0.0,0.0,0.0,0.0,0.035714,0.017857,0.0,0.0,0.035714,0.017857,0.035714,0.0,0.035714,0.017857,0.107143,0.035714,0.017857,0.017857,0.0,0.0,0.0,0.035714,0.035714,0.053571,0.017857,0.017857,0.017857,0.017857,0.053571,0.035714,0.053571,0.035714,0.0,0.0,0.0,0.0,0.035714,0.107143,0.071429,0.0,0.0,0.035714,0.0,0.0,0.071429,0.071429,0.071429,0.0,0.035714,0.035714,0.035714,0.035714,0.0,0.0,0.035714,0.035714,0.035714,0.0,0.0,0.0,0.0,0.0,0.035714,0.0,0.0,0.0,0.035714,0.0,0.0,0.0,0.0,0.214286
Zone_DH799,0.098765,0.074074,0.074074,0.0,0.0,0.024691,0.0,0.024691,0.0,0.0,0.0,0.0,0.049383,0.024691,0.024691,0.0,0.024691,0.024691,0.098765,0.074074,0.0,0.049383,0.0,0.012346,0.037037,0.024691,0.098765,0.012346,0.0,0.0,0.049383,0.0,0.0,0.049383,0.024691,0.024691,0.239482,0.0,0.0,0.0,0.0,0.006472,0.012945,0.0,0.02589,0.012945,0.0,0.006472,0.02589,0.019417,0.019417,0.02589,0.045307,0.05178,0.07767,0.038835,0.006472,0.02589,0.0,0.012945,0.012945,0.012945,0.019417,0.064725,0.012945,0.02589,0.016181,0.012945,0.042071,0.032362,0.05178,0.042071,0.024691,0.0,0.0,0.0,0.049383,0.049383,0.049383,0.0,0.024691,0.024691,0.0,0.0,0.074074,0.049383,0.061728,0.049383,0.024691,0.037037,0.024691,0.024691,0.0,0.0,0.024691,0.049383,0.024691,0.0,0.0,0.0,0.0,0.0,0.0,0.037037,0.012346,0.012346,0.0,0.024691,0.0,0.0,0.0,0.246914
Zone_DH800,0.091743,0.055046,0.091743,0.055046,0.055046,0.018349,0.0,0.018349,0.0,0.0,0.0,0.0,0.018349,0.0,0.018349,0.0,0.018349,0.055046,0.055046,0.055046,0.018349,0.036697,0.045872,0.018349,0.036697,0.036697,0.055046,0.0,0.018349,0.0,0.055046,0.018349,0.0,0.036697,0.018349,0.0,0.255875,0.0,0.0,0.005222,0.005222,0.005222,0.015666,0.0,0.0,0.0,0.010444,0.005222,0.02611,0.0,0.010444,0.046997,0.041775,0.062663,0.020888,0.02611,0.046997,0.031332,0.015666,0.057441,0.015666,0.0,0.020888,0.010444,0.002611,0.033943,0.028721,0.010444,0.044386,0.02611,0.060052,0.057441,0.036697,0.018349,0.018349,0.0,0.018349,0.091743,0.0,0.018349,0.018349,0.018349,0.0,0.018349,0.055046,0.073394,0.045872,0.100917,0.0,0.027523,0.018349,0.0,0.018349,0.0,0.018349,0.0,0.018349,0.0,0.027523,0.0,0.0,0.018349,0.018349,0.045872,0.018349,0.009174,0.0,0.036697,0.0,0.0,0.0,0.192661
Zone_DH801,0.04,0.04,0.093333,0.106667,0.053333,0.026667,0.013333,0.0,0.013333,0.0,0.0,0.0,0.013333,0.026667,0.013333,0.013333,0.013333,0.053333,0.04,0.026667,0.04,0.053333,0.073333,0.006667,0.046667,0.04,0.02,0.0,0.026667,0.013333,0.04,0.0,0.0,0.013333,0.013333,0.026667,0.239726,0.0,0.0,0.003425,0.003425,0.017123,0.003425,0.0,0.0,0.0,0.010274,0.010274,0.020548,0.013699,0.010274,0.034247,0.065068,0.054795,0.027397,0.037671,0.044521,0.020548,0.017123,0.058219,0.017123,0.020548,0.017123,0.027397,0.001712,0.008562,0.023973,0.003425,0.042808,0.020548,0.053082,0.071918,0.04,0.013333,0.013333,0.013333,0.013333,0.053333,0.04,0.04,0.053333,0.053333,0.013333,0.053333,0.026667,0.026667,0.02,0.1,0.013333,0.02,0.013333,0.0,0.026667,0.0,0.006667,0.0,0.013333,0.0,0.046667,0.0,0.006667,0.013333,0.026667,0.04,0.013333,0.006667,0.0,0.026667,0.0,0.013333,0.0,0.14
Zone_DH802,0.02381,0.0,0.119048,0.190476,0.02381,0.0,0.02381,0.0,0.02381,0.02381,0.02381,0.0,0.0,0.02381,0.02381,0.02381,0.0,0.02381,0.047619,0.02381,0.047619,0.071429,0.047619,0.0,0.071429,0.047619,0.0,0.02381,0.02381,0.047619,0.0,0.0,0.0,0.0,0.0,0.0,0.253086,0.0,0.0,0.0,0.0,0.0,0.0,0.0,0.0,0.0,0.018519,0.006173,0.0,0.012346,0.024691,0.012346,0.037037,0.08642,0.061728,0.049383,0.024691,0.037037,0.012346,0.037037,0.030864,0.024691,0.012346,0.024691,0.012346,0.024691,0.0,0.012346,0.024691,0.024691,0.049383,0.08642,0.02381,0.047619,0.047619,0.02381,0.0,0.02381,0.047619,0.047619,0.047619,0.047619,0.0,0.047619,0.02381,0.02381,0.0,0.047619,0.0,0.02381,0.0,0.0,0.02381,0.02381,0.011905,0.0,0.02381,0.0,0.02381,0.0,0.011905,0.0,0.047619,0.02381,0.0,0.0,0.0,0.02381,0.0,0.02381,0.0,0.238095
Zone_DH805,0.107527,0.043011,0.010753,0.032258,0.021505,0.0,0.021505,0.0,0.021505,0.0,0.010753,0.021505,0.021505,0.032258,0.032258,0.021505,0.032258,0.064516,0.075269,0.043011,0.010753,0.032258,0.010753,0.021505,0.032258,0.032258,0.010753,0.032258,0.010753,0.0,0.043011,0.010753,0.021505,0.010753,0.053763,0.053763,0.221957,0.004773,0.0,0.004773,0.0,0.009547,0.009547,0.004773,0.009547,0.009547,0.01432,0.023866,0.009547,0.0,0.033413,0.02864,0.02864,0.062053,0.052506,0.047733,0.009547,0.02864,0.023866,0.019093,0.023866,0.023866,0.023866,0.02864,0.01432,0.023866,0.019093,0.01432,0.02864,0.019093,0.038186,0.085919,0.032258,0.010753,0.086022,0.075269,0.043011,0.172043,0.075269,0.064516,0.086022,0.043011,0.010753,0.021505,0.0,0.0,0.010753,0.021505,0.053763,0.064516,0.010753,0.021505,0.010753,0.010753,0.010753,0.0,0.010753,0.0,0.010753,0.010753,0.0,0.010753,0.0,0.0,0.0,0.0,0.0,0.021505,0.0,0.0,0.0,0.0
Zone_DH806,0.092593,0.037037,0.00463,0.018519,0.009259,0.0,0.009259,0.0,0.013889,0.00463,0.013889,0.013889,0.018519,0.027778,0.023148,0.027778,0.046296,0.125,0.074074,0.023148,0.018519,0.013889,0.00463,0.013889,0.013889,0.018519,0.009259,0.032407,0.00463,0.009259,0.027778,0.018519,0.018519,0.018519,0.092593,0.101852,0.225207,0.004132,0.002066,0.004132,0.002066,0.008264,0.008264,0.004132,0.004132,0.004132,0.006198,0.016529,0.010331,0.008264,0.02686,0.022727,0.028926,0.07438,0.06405,0.061983,0.022727,0.028926,0.022727,0.020661,0.018595,0.014463,0.016529,0.014463,0.010331,0.022727,0.014463,0.012397,0.020661,0.030992,0.039256,0.103306,0.023148,0.023148,0.092593,0.087963,0.050926,0.134259,0.106481,0.037037,0.064815,0.046296,0.027778,0.041667,0.027778,0.009259,0.00463,0.027778,0.027778,0.041667,0.00463,0.027778,0.018519,0.00463,0.00463,0.0,0.009259,0.0,0.00463,0.013889,0.00463,0.00463,0.00463,0.0,0.0,0.0,0.0,0.009259,0.0,0.0,0.00463,0.009259
Zone_DH807,0.103448,0.047745,0.037135,0.005305,0.015915,0.005305,0.01061,0.015915,0.007958,0.007958,0.01061,0.002653,0.018568,0.01061,0.018568,0.023873,0.050398,0.114058,0.071618,0.06366,0.018568,0.01061,0.005305,0.007958,0.007958,0.01061,0.002653,0.02122,0.007958,0.007958,0.005305,0.02122,0.013263,0.03183,0.076923,0.108753,0.2247,0.003431,0.002287,0.002287,0.001144,0.004574,0.005718,0.006861,0.002287,0.009148,0.001144,0.013722,0.005718,0.012579,0.01944,0.026301,0.037736,0.077759,0.090337,0.049171,0.040023,0.024014,0.013722,0.013722,0.016009,0.013722,0.012579,0.009148,0.010292,0.016009,0.011435,0.014866,0.014866,0.035449,0.043453,0.114351,0.018568,0.061008,0.106101,0.082228,0.061008,0.114058,0.087533,0.061008,0.05305,0.058355,0.047745,0.03183,0.037135,0.029178,0.007958,0.03183,0.005305,0.018568,0.01061,0.015915,0.007958,0.005305,0.002653,0.005305,0.01061,0.0,0.0,0.007958,0.002653,0.002653,0.002653,0.0,0.0,0.0,0.0,0.002653,0.002653,0.0,0.002653,0.005305
Zone_DH808,0.067194,0.035573,0.021739,0.003953,0.013834,0.007905,0.011858,0.01581,0.007905,0.009881,0.009881,0.001976,0.01581,0.023715,0.033597,0.055336,0.049407,0.108696,0.051383,0.043478,0.019763,0.009881,0.005929,0.003953,0.013834,0.007905,0.005929,0.009881,0.007905,0.01581,0.007905,0.029644,0.027668,0.061265,0.079051,0.104743,0.220911,0.000843,0.001686,0.00253,0.003373,0.003373,0.005902,0.007589,0.003373,0.008432,0.000843,0.009275,0.005902,0.013491,0.016863,0.032884,0.036256,0.080944,0.089376,0.052277,0.036256,0.021079,0.016863,0.016863,0.011804,0.013491,0.010118,0.013491,0.012648,0.013491,0.014334,0.013491,0.015177,0.032884,0.05059,0.111298,0.027668,0.073123,0.088933,0.090909,0.094862,0.100791,0.08498,0.061265,0.057312,0.055336,0.043478,0.033597,0.033597,0.037549,0.01581,0.025692,0.003953,0.013834,0.013834,0.007905,0.001976,0.003953,0.003953,0.003953,0.007905,0.001976,0.0,0.003953,0.001976,0.0,0.0,0.0,0.001976,0.0,0.0,0.0,0.001976,0.001976,0.0,0.0
Zone_DH809,0.042781,0.040998,0.02852,0.013369,0.01426,0.010695,0.009804,0.010695,0.00713,0.010695,0.010695,0.002674,0.016043,0.026738,0.024955,0.060606,0.044563,0.087344,0.083779,0.040998,0.030303,0.01426,0.00713,0.005348,0.012478,0.005348,0.00713,0.00713,0.008913,0.011586,0.010695,0.024064,0.026738,0.059715,0.089127,0.092692,0.219938,0.000776,0.001552,0.003879,0.003879,0.001552,0.006206,0.006982,0.001746,0.004655,0.001552,0.00834,0.011249,0.013189,0.011831,0.034329,0.041117,0.083786,0.088441,0.053336,0.032777,0.029092,0.019783,0.012995,0.009116,0.01474,0.00931,0.013964,0.010085,0.011637,0.01474,0.011637,0.017843,0.031032,0.052366,0.110551,0.029412,0.069519,0.086453,0.111408,0.108734,0.097148,0.083779,0.081105,0.043672,0.055258,0.035651,0.037433,0.025847,0.02852,0.024955,0.022282,0.005348,0.008913,0.011586,0.00713,0.002674,0.003565,0.005348,0.005348,0.0,0.001783,0.0,0.001783,0.001783,0.0,0.0,0.0,0.001783,0.0,0.0,0.0,0.0,0.001783,0.0,0.0
Zone_DH810,0.060164,0.06381,0.032817,0.022789,0.027347,0.018232,0.004558,0.005469,0.005469,0.005469,0.005469,0.015497,0.014585,0.018232,0.012762,0.045579,0.032817,0.06381,0.082042,0.06928,0.067457,0.030994,0.021878,0.005469,0.012762,0.003646,0.003646,0.003646,0.007293,0.011851,0.008204,0.010027,0.014585,0.033728,0.061987,0.096627,0.21345,0.0,0.0,0.003174,0.00238,0.00238,0.003967,0.003174,0.004959,0.006348,0.00238,0.00734,0.012299,0.009522,0.010514,0.035906,0.049197,0.088871,0.096013,0.061694,0.033525,0.024995,0.01706,0.007737,0.004959,0.011109,0.009522,0.019441,0.007141,0.011902,0.009522,0.009522,0.015076,0.026185,0.051974,0.126761,0.033728,0.060164,0.073838,0.117593,0.100273,0.099362,0.087511,0.077484,0.061076,0.051048,0.025524,0.051048,0.033728,0.019143,0.03464,0.01732,0.009116,0.007293,0.010027,0.005469,0.002735,0.007293,0.005469,0.003646,0.0,0.0,0.0,0.0,0.003646,0.0,0.0,0.001823,0.0,0.0,0.0,0.0,0.0,0.0,0.0,0.0
Zone_DH811,0.068592,0.086643,0.055957,0.038809,0.043321,0.030686,0.008123,0.009025,0.005415,0.001805,0.00361,0.017148,0.01083,0.00722,0.00361,0.00722,0.028881,0.043321,0.061372,0.088448,0.115523,0.057762,0.028881,0.016245,0.001805,0.00361,0.00722,0.00361,0.00361,0.008123,0.009025,0.004513,0.001805,0.008123,0.025271,0.084838,0.209059,0.0,0.000774,0.001549,0.001549,0.003097,0.002323,0.004646,0.005614,0.00542,0.00542,0.006775,0.008904,0.008517,0.021874,0.028455,0.058846,0.071622,0.095625,0.063298,0.039683,0.028649,0.015873,0.009098,0.007162,0.01084,0.009292,0.015873,0.006969,0.011614,0.006969,0.010066,0.015486,0.028649,0.057685,0.122726,0.031588,0.054152,0.062274,0.103791,0.101083,0.103791,0.104693,0.06769,0.060469,0.050542,0.032491,0.054152,0.033394,0.019856,0.025271,0.015343,0.01083,0.012635,0.008123,0.00722,0.004513,0.01083,0.00361,0.005415,0.00361,0.001805,0.00361,0.001805,0.00361,0.0,0.001805,0.0,0.0,0.0,0.0,0.0,0.0,0.0,0.0,0.0
Zone_DH812,0.067319,0.102815,0.058752,0.044064,0.046512,0.03672,0.007344,0.009792,0.009792,0.002448,0.002448,0.019584,0.009792,0.002448,0.004896,0.009792,0.022032,0.03672,0.051408,0.102815,0.117503,0.068543,0.02448,0.017136,0.004896,0.004896,0.014688,0.002448,0.002448,0.007344,0.007344,0.002448,0.0,0.007344,0.009792,0.0612,0.217516,0.001046,0.003137,0.003137,0.001046,0.002092,0.003137,0.004183,0.009412,0.005229,0.00732,0.006275,0.006275,0.010458,0.024052,0.023007,0.054379,0.072157,0.09098,0.065882,0.03451,0.028235,0.012549,0.00732,0.006275,0.012549,0.010458,0.010458,0.009412,0.012549,0.006275,0.010458,0.015686,0.024052,0.059869,0.128627,0.034272,0.046512,0.068543,0.095471,0.119951,0.088127,0.105263,0.053856,0.063647,0.053856,0.031824,0.044064,0.022032,0.02448,0.02448,0.014688,0.014688,0.014688,0.007344,0.007344,0.004896,0.007344,0.002448,0.007344,0.004896,0.002448,0.009792,0.002448,0.002448,0.004896,0.011016,0.002448,0.0,0.0,0.0,0.0,0.0,0.0,0.0,0.002448
Zone_DH813,0.102506,0.14123,0.063781,0.022779,0.022779,0.0,0.013667,0.009112,0.018223,0.004556,0.009112,0.009112,0.009112,0.004556,0.009112,0.013667,0.013667,0.031891,0.072893,0.136674,0.109339,0.036446,0.009112,0.013667,0.004556,0.0,0.022779,0.0,0.004556,0.004556,0.009112,0.009112,0.009112,0.009112,0.009112,0.041002,0.228946,0.0,0.004034,0.004034,0.0,0.0,0.004034,0.004034,0.010086,0.006051,0.006051,0.008069,0.008069,0.006051,0.012103,0.018154,0.046394,0.082703,0.11296,0.066566,0.016137,0.024206,0.010086,0.012103,0.008069,0.008069,0.006051,0.012103,0.018154,0.01412,0.010086,0.008069,0.010086,0.020171,0.065053,0.129097,0.022779,0.027335,0.082005,0.082005,0.136674,0.082005,0.077449,0.036446,0.050114,0.050114,0.045558,0.041002,0.031891,0.031891,0.009112,0.027335,0.018223,0.009112,0.0,0.018223,0.009112,0.0,0.004556,0.009112,0.009112,0.0,0.013667,0.013667,0.004556,0.013667,0.025057,0.004556,0.0,0.004556,0.0,0.0,0.0,0.0,0.0,0.009112
Zone_DH814,0.158537,0.04878,0.0,0.060976,0.012195,0.012195,0.012195,0.0,0.02439,0.012195,0.012195,0.036585,0.0,0.012195,0.012195,0.036585,0.036585,0.04878,0.04878,0.146341,0.02439,0.036585,0.02439,0.012195,0.012195,0.02439,0.0,0.02439,0.0,0.0,0.012195,0.012195,0.036585,0.02439,0.0,0.02439,0.25625,0.0,0.0,0.00625,0.00625,0.0,0.0,0.00625,0.01875,0.0125,0.01875,0.00625,0.01875,0.0125,0.0125,0.025,0.0375,0.0625,0.05,0.04375,0.025,0.04375,0.01875,0.025,0.0125,0.0125,0.0125,0.01875,0.01875,0.01875,0.0125,0.0125,0.01875,0.01875,0.03125,0.10625,0.0,0.012195,0.04878,0.121951,0.060976,0.073171,0.060976,0.012195,0.04878,0.060976,0.02439,0.02439,0.04878,0.060976,0.02439,0.04878,0.012195,0.02439,0.0,0.02439,0.036585,0.0,0.012195,0.012195,0.02439,0.0,0.012195,0.02439,0.0,0.02439,0.012195,0.012195,0.0,0.012195,0.0,0.0,0.0,0.0,0.0,0.02439
Zone_DH815,0.192308,0.076923,0.0,0.025641,0.0,0.012821,0.025641,0.0,0.012821,0.0,0.0,0.025641,0.0,0.012821,0.0,0.012821,0.025641,0.051282,0.051282,0.166667,0.038462,0.025641,0.025641,0.0,0.012821,0.025641,0.0,0.064103,0.012821,0.0,0.0,0.012821,0.038462,0.012821,0.0,0.038462,0.256579,0.0,0.0,0.006579,0.006579,0.0,0.0,0.006579,0.019737,0.019737,0.013158,0.0,0.006579,0.013158,0.0,0.026316,0.039474,0.072368,0.072368,0.039474,0.026316,0.032895,0.013158,0.019737,0.006579,0.019737,0.019737,0.026316,0.006579,0.013158,0.013158,0.013158,0.026316,0.0,0.019737,0.144737,0.0,0.012821,0.076923,0.128205,0.064103,0.102564,0.025641,0.012821,0.051282,0.051282,0.025641,0.025641,0.051282,0.012821,0.0,0.038462,0.0,0.038462,0.0,0.038462,0.038462,0.0,0.012821,0.0,0.025641,0.0,0.012821,0.012821,0.0,0.025641,0.012821,0.012821,0.0,0.012821,0.012821,0.0,0.0,0.012821,0.0,0.051282
Zone_DH816,0.114286,0.042857,0.014286,0.0,0.0,0.014286,0.014286,0.014286,0.0,0.014286,0.0,0.0,0.0,0.014286,0.014286,0.057143,0.042857,0.114286,0.071429,0.042857,0.014286,0.028571,0.0,0.028571,0.042857,0.028571,0.014286,0.057143,0.014286,0.0,0.0,0.014286,0.0,0.042857,0.042857,0.085714,0.278195,0.0,0.0,0.0,0.0,0.0,0.0,0.0,0.015038,0.015038,0.022556,0.0,0.0,0.0,0.015038,0.037594,0.052632,0.067669,0.082707,0.037594,0.030075,0.015038,0.022556,0.015038,0.0,0.007519,0.052632,0.007519,0.007519,0.0,0.015038,0.015038,0.030075,0.0,0.030075,0.12782,0.014286,0.028571,0.057143,0.057143,0.028571,0.071429,0.057143,0.028571,0.028571,0.057143,0.014286,0.028571,0.057143,0.028571,0.028571,0.0,0.014286,0.028571,0.014286,0.042857,0.014286,0.042857,0.028571,0.0,0.014286,0.0,0.014286,0.0,0.0,0.028571,0.014286,0.042857,0.0,0.0,0.028571,0.0,0.0,0.014286,0.0,0.071429
Zone_DH817,0.078125,0.015625,0.015625,0.0,0.0,0.03125,0.0,0.015625,0.0,0.015625,0.03125,0.03125,0.03125,0.015625,0.015625,0.046875,0.03125,0.078125,0.09375,0.03125,0.046875,0.03125,0.0,0.03125,0.046875,0.015625,0.03125,0.0,0.0,0.0,0.0,0.015625,0.0,0.0,0.0625,0.140625,0.267717,0.0,0.0,0.0,0.0,0.0,0.007874,0.0,0.015748,0.0,0.007874,0.015748,0.0,0.0,0.015748,0.023622,0.055118,0.062992,0.062992,0.03937,0.007874,0.055118,0.03937,0.023622,0.007874,0.007874,0.03937,0.015748,0.031496,0.0,0.0,0.023622,0.03937,0.007874,0.031496,0.094488,0.03125,0.03125,0.046875,0.03125,0.0625,0.078125,0.0625,0.046875,0.03125,0.078125,0.015625,0.03125,0.078125,0.03125,0.03125,0.0,0.015625,0.015625,0.015625,0.03125,0.015625,0.046875,0.03125,0.0,0.015625,0.0,0.0,0.0,0.0,0.0,0.015625,0.015625,0.0,0.0,0.015625,0.0,0.0,0.0,0.0,0.078125
Zone_DH818,0.042105,0.010526,0.010526,0.0,0.0,0.010526,0.0,0.0,0.042105,0.0,0.021053,0.021053,0.021053,0.021053,0.010526,0.010526,0.021053,0.231579,0.052632,0.010526,0.021053,0.021053,0.0,0.0,0.0,0.0,0.052632,0.010526,0.0,0.0,0.0,0.0,0.0,0.0,0.042105,0.315789,0.221445,0.004662,0.0,0.0,0.0,0.0,0.004662,0.004662,0.004662,0.0,0.004662,0.013986,0.0,0.0,0.004662,0.004662,0.037296,0.149184,0.153846,0.02331,0.004662,0.032634,0.013986,0.009324,0.009324,0.004662,0.041958,0.041958,0.018648,0.004662,0.0,0.009324,0.018648,0.004662,0.013986,0.13986,0.031579,0.147368,0.021053,0.021053,0.157895,0.168421,0.094737,0.021053,0.031579,0.052632,0.021053,0.031579,0.031579,0.021053,0.021053,0.0,0.010526,0.0,0.010526,0.010526,0.0,0.010526,0.010526,0.0,0.0,0.0,0.0,0.0,0.0,0.0,0.010526,0.0,0.0,0.0,0.0,0.0,0.0,0.0,0.0,0.063158
Zone_DH819,0.017544,0.017544,0.0,0.0,0.0,0.0,0.017544,0.0,0.070175,0.017544,0.017544,0.017544,0.0,0.035088,0.017544,0.0,0.0,0.263158,0.017544,0.017544,0.0,0.0,0.0,0.0,0.017544,0.0,0.070175,0.017544,0.0,0.017544,0.0,0.0,0.0,0.035088,0.017544,0.298246,0.210332,0.0,0.0,0.0,0.0,0.0,0.00738,0.00738,0.00738,0.00738,0.00738,0.01476,0.0,0.00738,0.00738,0.00738,0.00738,0.147601,0.177122,0.01476,0.0,0.00738,0.00738,0.00738,0.01476,0.0,0.066421,0.059041,0.01476,0.00738,0.00738,0.02952,0.00738,0.01476,0.00738,0.118081,0.035088,0.192982,0.017544,0.017544,0.175439,0.210526,0.087719,0.035088,0.0,0.052632,0.035088,0.017544,0.0,0.017544,0.017544,0.0,0.017544,0.0,0.0,0.0,0.017544,0.0,0.0,0.0,0.0,0.0,0.0,0.0,0.0,0.0,0.0,0.0,0.0,0.0,0.0,0.0,0.0,0.0,0.0,0.052632
Zone_DH820,0.074074,0.037037,0.0,0.0,0.037037,0.0,0.037037,0.0,0.0,0.037037,0.0,0.0,0.0,0.0,0.037037,0.0,0.074074,0.111111,0.148148,0.111111,0.0,0.0,0.037037,0.0,0.037037,0.0,0.0,0.0,0.037037,0.037037,0.0,0.0,0.0,0.148148,0.0,0.0,0.306931,0.0,0.0,0.0,0.0,0.0,0.0,0.0,0.019802,0.039604,0.0,0.0,0.0,0.019802,0.019802,0.019802,0.0,0.039604,0.138614,0.039604,0.019802,0.0,0.019802,0.019802,0.0,0.0,0.0,0.0,0.019802,0.0,0.019802,0.039604,0.019802,0.019802,0.09901,0.079208,0.037037,0.074074,0.037037,0.074074,0.074074,0.037037,0.111111,0.074074,0.0,0.0,0.074074,0.074074,0.037037,0.037037,0.037037,0.0,0.074074,0.0,0.0,0.0,0.074074,0.0,0.0,0.0,0.0,0.0,0.0,0.0,0.0,0.0,0.0,0.0,0.0,0.0,0.0,0.0,0.0,0.0,0.0,0.074074
Zone_DH821,0.177258,0.090301,0.036789,0.036789,0.020067,0.006689,0.020067,0.0,0.0,0.020067,0.013378,0.0,0.0,0.013378,0.006689,0.013378,0.026756,0.046823,0.133779,0.063545,0.046823,0.040134,0.020067,0.020067,0.020067,0.006689,0.0,0.0,0.006689,0.013378,0.0,0.0,0.006689,0.033445,0.020067,0.040134,0.224644,0.003353,0.003353,0.0,0.0,0.003353,0.003353,0.003353,0.008382,0.010059,0.003353,0.010059,0.011735,0.011735,0.020117,0.020117,0.018441,0.092205,0.130763,0.031852,0.025147,0.030176,0.021794,0.018441,0.010059,0.006706,0.0,0.003353,0.008382,0.020117,0.013412,0.026823,0.013412,0.036882,0.041911,0.11316,0.140468,0.063545,0.06689,0.046823,0.080268,0.073579,0.060201,0.026756,0.033445,0.036789,0.050167,0.053512,0.026756,0.020067,0.026756,0.006689,0.050167,0.010033,0.016722,0.010033,0.013378,0.006689,0.013378,0.0,0.006689,0.006689,0.010033,0.006689,0.0,0.0,0.0,0.006689,0.0,0.0,0.0,0.0,0.0,0.0,0.006689,0.023411
Zone_DH822,0.350352,0.047535,0.022887,0.022887,0.010563,0.003521,0.007042,0.0,0.0,0.003521,0.007042,0.003521,0.0,0.007042,0.0,0.007042,0.010563,0.017606,0.325704,0.033451,0.024648,0.021127,0.010563,0.010563,0.007042,0.003521,0.0,0.0,0.0,0.003521,0.0,0.0,0.003521,0.003521,0.014085,0.017606,0.211642,0.003326,0.00499,0.0,0.0,0.001663,0.001663,0.003326,0.002495,0.0,0.003326,0.003326,0.005821,0.004158,0.008316,0.008316,0.010811,0.191268,0.201247,0.0158,0.014137,0.014969,0.009148,0.005821,0.00499,0.00499,0.0,0.001663,0.005821,0.008316,0.00499,0.009979,0.00499,0.014969,0.021622,0.1921,0.119718,0.098592,0.084507,0.119718,0.059859,0.042254,0.03169,0.010563,0.028169,0.019366,0.033451,0.028169,0.021127,0.017606,0.014085,0.007042,0.024648,0.008803,0.015845,0.005282,0.022887,0.017606,0.017606,0.010563,0.007042,0.003521,0.005282,0.021127,0.0,0.045775,0.003521,0.003521,0.0,0.0,0.0,0.003521,0.024648,0.0,0.014085,0.008803
Zone_DH823,0.418902,0.031928,0.011494,0.006386,0.002554,0.002554,0.002554,0.0,0.0,0.0,0.0,0.002554,0.0,0.002554,0.002554,0.005109,0.002554,0.010217,0.443167,0.019157,0.010217,0.012771,0.0,0.0,0.0,0.0,0.0,0.0,0.0,0.0,0.0,0.0,0.0,0.002554,0.007663,0.002554,0.209329,0.001152,0.003455,0.0,0.0,0.0,0.0,0.002303,0.0,0.0,0.001152,0.0,0.001728,0.000576,0.002303,0.003455,0.006335,0.244745,0.237547,0.00691,0.005183,0.005759,0.001728,0.001728,0.001152,0.002303,0.0,0.001152,0.002303,0.001152,0.002303,0.002303,0.002303,0.002303,0.007774,0.239562,0.081737,0.117497,0.074074,0.176245,0.056194,0.040868,0.012771,0.012771,0.01788,0.014049,0.02682,0.030651,0.015326,0.028097,0.020434,0.010217,0.033206,0.005109,0.014049,0.003831,0.016603,0.015326,0.007663,0.007663,0.005109,0.002554,0.005109,0.038314,0.002554,0.038314,0.007663,0.002554,0.0,0.0,0.0,0.002554,0.038314,0.005109,0.007663,0.005109
Zone_DH824,0.366762,0.017192,0.008596,0.002865,0.0,0.0,0.0,0.0,0.0,0.002865,0.002865,0.005731,0.005731,0.005731,0.005731,0.002865,0.005731,0.014327,0.472779,0.014327,0.008596,0.0,0.0,0.002865,0.0,0.002865,0.005731,0.0,0.002865,0.002865,0.005731,0.008596,0.002865,0.011461,0.011461,0.0,0.221317,0.002508,0.002508,0.001254,0.0,0.0,0.001254,0.002508,0.001254,0.001254,0.002508,0.001254,0.001254,0.003762,0.001254,0.002508,0.010031,0.230721,0.215674,0.011285,0.002508,0.003762,0.003762,0.001254,0.0,0.001254,0.001254,0.003762,0.003762,0.0,0.001254,0.002508,0.003762,0.001254,0.012539,0.24326,0.017192,0.131805,0.074499,0.186246,0.077364,0.04298,0.020057,0.017192,0.005731,0.017192,0.025788,0.025788,0.008596,0.034384,0.031519,0.020057,0.025788,0.008596,0.014327,0.002865,0.014327,0.008596,0.002865,0.011461,0.005731,0.005731,0.002865,0.045845,0.005731,0.011461,0.037249,0.002865,0.0,0.0,0.0,0.002865,0.031519,0.005731,0.005731,0.011461
Zone_DH825,0.134969,0.03272,0.087935,0.01227,0.006135,0.0,0.0,0.00409,0.0,0.00409,0.00409,0.00818,0.01227,0.014315,0.014315,0.04499,0.01227,0.047035,0.208589,0.03681,0.05726,0.014315,0.00818,0.014315,0.00409,0.018405,0.01227,0.00409,0.006135,0.00409,0.01227,0.01227,0.00409,0.06135,0.02454,0.05726,0.236228,0.005135,0.007937,0.002801,0.001867,0.000934,0.001867,0.005602,0.003735,0.004202,0.006069,0.003735,0.011204,0.003735,0.003735,0.005135,0.028478,0.147526,0.135854,0.024276,0.018674,0.005602,0.006536,0.006536,0.001867,0.007003,0.005602,0.010271,0.016807,0.0,0.00747,0.003735,0.014472,0.020075,0.035948,0.199346,0.05317,0.071575,0.079755,0.147239,0.079755,0.06544,0.05726,0.0409,0.01636,0.02454,0.03272,0.02863,0.01227,0.02863,0.02045,0.02045,0.014315,0.014315,0.01227,0.006135,0.014315,0.01227,0.0,0.00818,0.00409,0.00409,0.0,0.010225,0.0,0.01227,0.03681,0.00818,0.00818,0.002045,0.0,0.00409,0.00409,0.0,0.0,0.04499
Zone_DH826,0.038394,0.024433,0.068063,0.013962,0.005236,0.0,0.00349,0.006981,0.00349,0.00349,0.00349,0.013962,0.010471,0.015707,0.005236,0.031414,0.013962,0.251309,0.031414,0.027923,0.045375,0.015707,0.010471,0.019197,0.00349,0.019197,0.008726,0.005236,0.005236,0.00349,0.010471,0.010471,0.00349,0.031414,0.026178,0.209424,0.229426,0.002909,0.003741,0.002494,0.001663,0.000831,0.001663,0.004988,0.003325,0.002078,0.003741,0.005819,0.011638,0.004156,0.009144,0.008728,0.025353,0.146301,0.159185,0.022444,0.015794,0.004156,0.00665,0.005819,0.002494,0.011222,0.006234,0.015794,0.018288,0.003325,0.00665,0.003325,0.009559,0.024522,0.032835,0.183707,0.08726,0.059337,0.080279,0.080279,0.17452,0.04014,0.052356,0.04712,0.026178,0.041885,0.034904,0.024433,0.013962,0.020942,0.010471,0.008726,0.034904,0.027923,0.006981,0.008726,0.010471,0.010471,0.001745,0.00349,0.0,0.00349,0.00349,0.005236,0.00349,0.008726,0.00349,0.00349,0.006981,0.005236,0.0,0.00349,0.006981,0.0,0.0,0.038394
Zone_DH827,0.023932,0.006838,0.003419,0.003419,0.003419,0.0,0.006838,0.010256,0.010256,0.010256,0.0,0.006838,0.0,0.008547,0.005128,0.015385,0.015385,0.394872,0.02906,0.017094,0.010256,0.005128,0.003419,0.017094,0.003419,0.010256,0.006838,0.005128,0.0,0.0,0.003419,0.003419,0.0,0.0,0.015385,0.345299,0.203397,0.0,0.0,0.002235,0.001788,0.000894,0.001788,0.001788,0.0,0.001788,0.0,0.00447,0.00447,0.005364,0.012964,0.009835,0.011176,0.192669,0.205633,0.013858,0.009835,0.007599,0.002682,0.006258,0.008046,0.014752,0.008046,0.020116,0.009835,0.008941,0.005811,0.004023,0.00447,0.016093,0.024139,0.175235,0.102564,0.061538,0.083761,0.080342,0.261538,0.05812,0.037607,0.02906,0.02735,0.059829,0.039316,0.032479,0.013675,0.003419,0.0,0.005128,0.025641,0.015385,0.008547,0.010256,0.001709,0.003419,0.001709,0.006838,0.0,0.0,0.003419,0.003419,0.003419,0.005128,0.0,0.0,0.0,0.003419,0.0,0.0,0.003419,0.0,0.0,0.008547
Zone_DH828,0.01046,0.012552,0.0,0.004184,0.0,0.0,0.008368,0.008368,0.035565,0.016736,0.0,0.004184,0.004184,0.01046,0.006276,0.018828,0.01046,0.393305,0.033473,0.012552,0.006276,0.01046,0.0,0.01046,0.004184,0.004184,0.008368,0.01046,0.0,0.0,0.004184,0.004184,0.002092,0.0,0.012552,0.332636,0.196323,0.0,0.0,0.0,0.0,0.000593,0.002372,0.0,0.001186,0.006524,0.000593,0.003559,0.005338,0.008897,0.013049,0.011269,0.005338,0.196323,0.201661,0.007711,0.010676,0.011269,0.003559,0.007117,0.00949,0.018387,0.016607,0.02669,0.006524,0.011862,0.008897,0.001186,0.001186,0.016607,0.018387,0.170819,0.121339,0.050209,0.062762,0.106695,0.269874,0.08159,0.020921,0.012552,0.020921,0.062762,0.041841,0.031381,0.01046,0.006276,0.0,0.008368,0.037657,0.006276,0.008368,0.004184,0.008368,0.004184,0.0,0.004184,0.0,0.0,0.0,0.004184,0.0,0.0,0.0,0.0,0.004184,0.004184,0.0,0.0,0.004184,0.0,0.0,0.002092
Zone_DH829,0.007194,0.014388,0.0,0.014388,0.007194,0.007194,0.007194,0.007194,0.043165,0.028777,0.0,0.0,0.007194,0.003597,0.010791,0.032374,0.02518,0.302158,0.043165,0.021583,0.017986,0.010791,0.007194,0.003597,0.014388,0.0,0.007194,0.028777,0.0,0.0,0.007194,0.0,0.010791,0.007194,0.021583,0.280576,0.187171,0.004206,0.0,0.0,0.004206,0.005258,0.004206,0.0,0.006309,0.011567,0.005258,0.0,0.01367,0.015773,0.012618,0.007361,0.011567,0.157729,0.164038,0.014721,0.012618,0.017876,0.012618,0.008412,0.018927,0.009464,0.024185,0.023134,0.003155,0.016824,0.019979,0.002103,0.014721,0.02103,0.026288,0.143007,0.140288,0.05036,0.043165,0.140288,0.133094,0.104317,0.007194,0.014388,0.021583,0.032374,0.05036,0.05036,0.021583,0.010791,0.0,0.007194,0.035971,0.007194,0.02518,0.021583,0.010791,0.014388,0.0,0.0,0.0,0.0,0.0,0.007194,0.0,0.007194,0.0,0.007194,0.007194,0.0,0.0,0.0,0.0,0.007194,0.007194,0.014388
Zone_DH830,0.016807,0.05042,0.033613,0.05042,0.05042,0.016807,0.0,0.016807,0.042017,0.033613,0.0,0.0,0.016807,0.033613,0.016807,0.05042,0.05042,0.016807,0.05042,0.033613,0.05042,0.05042,0.016807,0.016807,0.016807,0.0,0.033613,0.067227,0.016807,0.0,0.0,0.016807,0.033613,0.033613,0.016807,0.05042,0.232283,0.007874,0.0,0.0,0.007874,0.015748,0.015748,0.007874,0.015748,0.0,0.007874,0.023622,0.023622,0.023622,0.023622,0.023622,0.015748,0.023622,0.027559,0.047244,0.023622,0.03937,0.015748,0.023622,0.007874,0.007874,0.031496,0.03937,0.015748,0.007874,0.070866,0.031496,0.047244,0.03937,0.023622,0.031496,0.033613,0.033613,0.02521,0.0,0.033613,0.033613,0.016807,0.016807,0.016807,0.033613,0.033613,0.05042,0.084034,0.033613,0.0,0.033613,0.016807,0.084034,0.067227,0.033613,0.016807,0.033613,0.016807,0.0,0.0,0.016807,0.0,0.016807,0.0,0.016807,0.033613,0.016807,0.016807,0.0,0.0,0.0,0.016807,0.033613,0.016807,0.067227
Zone_DH831,0.02,0.02,0.04,0.04,0.04,0.0,0.0,0.0,0.04,0.04,0.0,0.0,0.04,0.06,0.02,0.04,0.08,0.0,0.04,0.06,0.02,0.06,0.02,0.02,0.0,0.0,0.02,0.06,0.02,0.0,0.0,0.02,0.04,0.04,0.02,0.08,0.245098,0.0,0.0,0.009804,0.0,0.019608,0.019608,0.009804,0.009804,0.0,0.009804,0.029412,0.019608,0.019608,0.029412,0.029412,0.019608,0.029412,0.019608,0.039216,0.029412,0.029412,0.009804,0.019608,0.009804,0.009804,0.029412,0.039216,0.019608,0.019608,0.068627,0.039216,0.039216,0.029412,0.019608,0.029412,0.02,0.04,0.02,0.0,0.04,0.02,0.02,0.0,0.02,0.04,0.04,0.02,0.08,0.04,0.02,0.04,0.0,0.08,0.08,0.02,0.0,0.02,0.02,0.0,0.0,0.04,0.0,0.0,0.0,0.0,0.04,0.0,0.02,0.0,0.0,0.0,0.04,0.02,0.02,0.14
Zone_DH832,0.0,0.074074,0.074074,0.074074,0.037037,0.0,0.0,0.0,0.0,0.0,0.0,0.0,0.111111,0.037037,0.037037,0.037037,0.074074,0.037037,0.037037,0.111111,0.0,0.074074,0.0,0.0,0.0,0.0,0.037037,0.0,0.0,0.0,0.0,0.0,0.037037,0.0,0.0,0.111111,0.272727,0.020202,0.0,0.020202,0.0,0.0,0.020202,0.0,0.020202,0.0,0.0,0.0,0.040404,0.020202,0.060606,0.0,0.040404,0.040404,0.020202,0.0,0.020202,0.0,0.020202,0.020202,0.020202,0.020202,0.060606,0.0,0.0,0.020202,0.040404,0.020202,0.060606,0.060606,0.060606,0.0,0.0,0.0,0.0,0.0,0.037037,0.074074,0.074074,0.0,0.0,0.037037,0.037037,0.0,0.111111,0.0,0.037037,0.0,0.0,0.074074,0.037037,0.0,0.0,0.0,0.037037,0.0,0.0,0.074074,0.0,0.0,0.0,0.0,0.037037,0.0,0.0,0.0,0.037037,0.0,0.037037,0.0,0.0,0.259259
Zone_DH833,0.096774,0.064516,0.064516,0.032258,0.0,0.032258,0.0,0.032258,0.0,0.0,0.0,0.0,0.064516,0.032258,0.0,0.0,0.064516,0.032258,0.096774,0.064516,0.0,0.032258,0.0,0.0,0.032258,0.032258,0.064516,0.032258,0.0,0.0,0.0,0.0,0.0,0.064516,0.0,0.064516,0.245902,0.016393,0.0,0.0,0.0,0.0,0.0,0.0,0.032787,0.016393,0.0,0.0,0.032787,0.02459,0.032787,0.016393,0.032787,0.016393,0.098361,0.032787,0.02459,0.016393,0.0,0.0,0.016393,0.032787,0.032787,0.065574,0.016393,0.0,0.016393,0.016393,0.032787,0.032787,0.065574,0.032787,0.0,0.0,0.0,0.0,0.032258,0.096774,0.064516,0.0,0.0,0.032258,0.0,0.0,0.064516,0.064516,0.096774,0.0,0.032258,0.032258,0.032258,0.032258,0.0,0.0,0.032258,0.064516,0.032258,0.0,0.0,0.0,0.0,0.0,0.032258,0.0,0.016129,0.0,0.032258,0.016129,0.0,0.0,0.0,0.193548
Zone_DH834,0.105263,0.105263,0.078947,0.0,0.0,0.026316,0.0,0.026316,0.0,0.0,0.0,0.0,0.052632,0.026316,0.026316,0.0,0.026316,0.026316,0.105263,0.026316,0.0,0.052632,0.0,0.013158,0.039474,0.026316,0.078947,0.026316,0.0,0.0,0.026316,0.026316,0.0,0.052632,0.0,0.026316,0.231293,0.013605,0.0,0.0,0.0,0.006803,0.0,0.0,0.027211,0.013605,0.013605,0.006803,0.027211,0.020408,0.020408,0.013605,0.034014,0.054422,0.081633,0.040816,0.013605,0.027211,0.0,0.013605,0.027211,0.013605,0.020408,0.054422,0.013605,0.0,0.030612,0.017007,0.030612,0.034014,0.054422,0.044218,0.026316,0.0,0.0,0.0,0.052632,0.052632,0.052632,0.0,0.026316,0.026316,0.0,0.0,0.078947,0.052632,0.065789,0.052632,0.026316,0.013158,0.026316,0.026316,0.0,0.0,0.026316,0.052632,0.026316,0.0,0.0,0.0,0.0,0.0,0.026316,0.039474,0.013158,0.013158,0.0,0.039474,0.0,0.0,0.0,0.184211
Zone_DH835,0.083333,0.083333,0.083333,0.027778,0.027778,0.0,0.0,0.027778,0.0,0.0,0.0,0.0,0.027778,0.027778,0.027778,0.0,0.027778,0.027778,0.055556,0.055556,0.0,0.027778,0.027778,0.013889,0.013889,0.083333,0.055556,0.027778,0.0,0.0,0.055556,0.027778,0.0,0.027778,0.0,0.055556,0.264463,0.0,0.0,0.0,0.008264,0.041322,0.0,0.0,0.0,0.0,0.016529,0.008264,0.016529,0.016529,0.008264,0.033058,0.057851,0.066116,0.016529,0.033058,0.066116,0.016529,0.008264,0.049587,0.016529,0.016529,0.024793,0.0,0.0,0.0,0.070248,0.020661,0.070248,0.008264,0.024793,0.020661,0.027778,0.0,0.0,0.0,0.027778,0.055556,0.0,0.0,0.083333,0.027778,0.027778,0.027778,0.055556,0.055556,0.041667,0.138889,0.0,0.013889,0.0,0.0,0.027778,0.0,0.0,0.0,0.027778,0.0,0.055556,0.0,0.0,0.0,0.027778,0.069444,0.013889,0.013889,0.0,0.069444,0.0,0.0,0.0,0.111111
Zone_DH836,0.021505,0.086022,0.107527,0.086022,0.021505,0.0,0.021505,0.0,0.021505,0.0,0.0,0.0,0.021505,0.043011,0.021505,0.021505,0.021505,0.021505,0.021505,0.043011,0.043011,0.021505,0.064516,0.0,0.043011,0.064516,0.032258,0.0,0.0,0.021505,0.064516,0.021505,0.0,0.0,0.0,0.043011,0.253521,0.0,0.0,0.0,0.005634,0.028169,0.011268,0.0,0.0,0.0,0.022535,0.0,0.005634,0.022535,0.022535,0.022535,0.056338,0.056338,0.011268,0.056338,0.04507,0.0,0.016901,0.078873,0.016901,0.022535,0.011268,0.033803,0.0,0.0,0.04507,0.022535,0.047887,0.011268,0.028169,0.04507,0.043011,0.0,0.0,0.021505,0.021505,0.021505,0.021505,0.021505,0.086022,0.043011,0.021505,0.064516,0.043011,0.0,0.010753,0.129032,0.0,0.010753,0.0,0.0,0.043011,0.0,0.0,0.0,0.021505,0.0,0.064516,0.0,0.0,0.0,0.043011,0.064516,0.0,0.032258,0.0,0.021505,0.0,0.0,0.0,0.150538
Zone_DH837,0.0,0.027778,0.083333,0.111111,0.0,0.0,0.027778,0.0,0.027778,0.027778,0.027778,0.0,0.027778,0.055556,0.027778,0.027778,0.0,0.0,0.0,0.083333,0.055556,0.027778,0.055556,0.0,0.055556,0.055556,0.0,0.027778,0.0,0.055556,0.055556,0.0,0.0,0.0,0.0,0.055556,0.25,0.0,0.0,0.0,0.0,0.027778,0.013889,0.0,0.0,0.0,0.013889,0.0,0.0,0.027778,0.041667,0.0,0.069444,0.069444,0.027778,0.069444,0.013889,0.0,0.013889,0.055556,0.027778,0.027778,0.013889,0.041667,0.0,0.013889,0.027778,0.027778,0.027778,0.013889,0.041667,0.041667,0.027778,0.027778,0.0,0.027778,0.0,0.0,0.027778,0.027778,0.083333,0.055556,0.027778,0.083333,0.027778,0.0,0.0,0.055556,0.0,0.027778,0.0,0.0,0.027778,0.0,0.0,0.0,0.027778,0.0,0.055556,0.0,0.0,0.0,0.027778,0.027778,0.0,0.027778,0.0,0.027778,0.0,0.0,0.0,0.277778
Zone_DH840,0.043478,0.065217,0.0,0.065217,0.043478,0.0,0.0,0.0,0.021739,0.0,0.021739,0.021739,0.0,0.043478,0.065217,0.043478,0.021739,0.065217,0.086957,0.021739,0.021739,0.021739,0.0,0.021739,0.043478,0.0,0.0,0.021739,0.0,0.0,0.065217,0.021739,0.043478,0.021739,0.065217,0.021739,0.227723,0.0,0.0,0.0,0.0,0.0,0.009901,0.0,0.009901,0.019802,0.009901,0.009901,0.0,0.0,0.029703,0.049505,0.059406,0.029703,0.069307,0.069307,0.009901,0.039604,0.019802,0.029703,0.009901,0.019802,0.019802,0.049505,0.019802,0.009901,0.029703,0.009901,0.019802,0.009901,0.059406,0.049505,0.043478,0.021739,0.108696,0.108696,0.065217,0.173913,0.065217,0.043478,0.108696,0.043478,0.021739,0.021739,0.0,0.0,0.021739,0.0,0.065217,0.065217,0.0,0.0,0.0,0.0,0.021739,0.0,0.0,0.0,0.0,0.0,0.0,0.0,0.0,0.0,0.0,0.0,0.0,0.0,0.0,0.0,0.0,0.0
Zone_DH841,0.041096,0.027397,0.0,0.041096,0.027397,0.0,0.013699,0.0,0.013699,0.0,0.013699,0.027397,0.013699,0.041096,0.054795,0.041096,0.027397,0.123288,0.054795,0.013699,0.013699,0.013699,0.0,0.027397,0.013699,0.013699,0.013699,0.068493,0.013699,0.0,0.041096,0.013699,0.041096,0.013699,0.09589,0.041096,0.240924,0.0,0.006601,0.0,0.0,0.0,0.006601,0.0,0.006601,0.006601,0.013201,0.013201,0.006601,0.013201,0.026403,0.033003,0.033003,0.052805,0.052805,0.066007,0.013201,0.039604,0.019802,0.019802,0.013201,0.026403,0.039604,0.019802,0.013201,0.013201,0.019802,0.013201,0.026403,0.013201,0.059406,0.072607,0.041096,0.013699,0.09589,0.068493,0.054795,0.109589,0.068493,0.041096,0.09589,0.041096,0.027397,0.068493,0.013699,0.013699,0.013699,0.027397,0.041096,0.054795,0.0,0.013699,0.013699,0.013699,0.013699,0.0,0.0,0.0,0.0,0.013699,0.0,0.013699,0.0,0.0,0.0,0.0,0.0,0.0,0.0,0.0,0.013699,0.013699
Zone_DH842,0.086957,0.017391,0.017391,0.0,0.008696,0.008696,0.0,0.0,0.026087,0.008696,0.0,0.008696,0.017391,0.017391,0.034783,0.069565,0.104348,0.147826,0.06087,0.008696,0.0,0.0,0.0,0.0,0.008696,0.017391,0.008696,0.026087,0.017391,0.0,0.0,0.008696,0.026087,0.034783,0.078261,0.130435,0.24165,0.003929,0.003929,0.0,0.0,0.003929,0.003929,0.011788,0.003929,0.007859,0.0,0.0,0.0,0.019646,0.027505,0.023576,0.039293,0.082515,0.066798,0.039293,0.047151,0.031434,0.023576,0.007859,0.015717,0.015717,0.019646,0.003929,0.011788,0.007859,0.011788,0.015717,0.007859,0.039293,0.051081,0.11002,0.026087,0.043478,0.086957,0.052174,0.078261,0.104348,0.113043,0.086957,0.034783,0.078261,0.052174,0.043478,0.026087,0.052174,0.0,0.034783,0.0,0.026087,0.0,0.017391,0.008696,0.0,0.0,0.0,0.0,0.0,0.0,0.017391,0.008696,0.0,0.0,0.0,0.0,0.0,0.0,0.0,0.0,0.0,0.0,0.008696
Zone_DH843,0.057554,0.014388,0.021583,0.0,0.007194,0.014388,0.007194,0.007194,0.014388,0.007194,0.014388,0.007194,0.021583,0.028777,0.043165,0.043165,0.086331,0.165468,0.064748,0.007194,0.0,0.007194,0.0,0.007194,0.014388,0.007194,0.007194,0.007194,0.021583,0.007194,0.007194,0.014388,0.007194,0.05036,0.079137,0.129496,0.226209,0.0,0.0,0.00312,0.00312,0.00624,0.00312,0.01248,0.00312,0.01248,0.0,0.00312,0.00624,0.015601,0.024961,0.037441,0.049922,0.068643,0.078003,0.043682,0.037441,0.034321,0.018721,0.01248,0.01248,0.01248,0.01248,0.0,0.00936,0.01248,0.00936,0.015601,0.015601,0.024961,0.071763,0.102964,0.021583,0.071942,0.057554,0.05036,0.093525,0.100719,0.100719,0.086331,0.035971,0.100719,0.05036,0.043165,0.021583,0.057554,0.007194,0.043165,0.0,0.014388,0.014388,0.0,0.0,0.0,0.0,0.0,0.007194,0.007194,0.0,0.007194,0.0,0.0,0.0,0.0,0.007194,0.0,0.0,0.0,0.0,0.0,0.0,0.0
Zone_DH844,0.044974,0.042328,0.031746,0.007937,0.010582,0.010582,0.005291,0.0,0.005291,0.010582,0.010582,0.005291,0.010582,0.042328,0.015873,0.058201,0.063492,0.148148,0.079365,0.031746,0.010582,0.026455,0.015873,0.005291,0.010582,0.0,0.0,0.005291,0.010582,0.021164,0.010582,0.010582,0.010582,0.05291,0.089947,0.084656,0.22303,0.0,0.0,0.009697,0.007273,0.004848,0.004848,0.002424,0.0,0.002424,0.0,0.004848,0.014545,0.009697,0.018182,0.036364,0.044848,0.086061,0.092121,0.05697,0.033939,0.032727,0.019394,0.01697,0.002424,0.009697,0.002424,0.002424,0.004848,0.009697,0.01697,0.014545,0.026667,0.02303,0.060606,0.105455,0.031746,0.060847,0.07672,0.121693,0.132275,0.10582,0.060847,0.089947,0.055556,0.047619,0.010582,0.058201,0.026455,0.02381,0.021164,0.031746,0.005291,0.005291,0.015873,0.0,0.002646,0.0,0.005291,0.0,0.0,0.005291,0.0,0.0,0.0,0.0,0.0,0.0,0.005291,0.0,0.0,0.0,0.0,0.0,0.0,0.0
Zone_DH845,0.063492,0.077098,0.036281,0.006803,0.013605,0.013605,0.004535,0.0,0.00907,0.004535,0.0,0.0,0.0,0.018141,0.004535,0.036281,0.036281,0.113379,0.108844,0.077098,0.058957,0.031746,0.013605,0.00907,0.00907,0.0,0.0,0.004535,0.0,0.00907,0.004535,0.0,0.004535,0.018141,0.081633,0.131519,0.217281,0.0,0.0,0.004042,0.006064,0.004042,0.004042,0.0,0.002021,0.002021,0.002021,0.006064,0.008085,0.010106,0.005053,0.03335,0.047499,0.089944,0.130369,0.062658,0.042446,0.025265,0.010106,0.010106,0.0,0.006064,0.002021,0.004042,0.004042,0.006064,0.014149,0.010106,0.022233,0.03335,0.050531,0.124811,0.045351,0.052154,0.056689,0.154195,0.126984,0.104308,0.061224,0.090703,0.056689,0.040816,0.024943,0.045351,0.040816,0.015873,0.027211,0.018141,0.004535,0.00907,0.004535,0.004535,0.002268,0.004535,0.004535,0.004535,0.0,0.0,0.0,0.0,0.0,0.0,0.0,0.0,0.0,0.0,0.0,0.0,0.0,0.0,0.0,0.0
Zone_DH846,0.078689,0.081967,0.039344,0.006557,0.02623,0.019672,0.0,0.0,0.006557,0.0,0.0,0.0,0.0,0.006557,0.006557,0.013115,0.032787,0.091803,0.085246,0.098361,0.104918,0.059016,0.006557,0.0,0.006557,0.0,0.013115,0.006557,0.0,0.006557,0.013115,0.006557,0.0,0.019672,0.032787,0.131148,0.218682,0.0,0.0,0.0,0.002896,0.002896,0.0,0.002896,0.002896,0.002896,0.008689,0.008689,0.002896,0.005793,0.005793,0.031861,0.056481,0.097031,0.101376,0.076756,0.046343,0.023172,0.008689,0.005793,0.002896,0.002896,0.008689,0.005793,0.008689,0.002896,0.008689,0.011586,0.011586,0.034757,0.063722,0.125272,0.032787,0.052459,0.045902,0.111475,0.104918,0.111475,0.07541,0.098361,0.045902,0.032787,0.02623,0.052459,0.052459,0.019672,0.032787,0.013115,0.006557,0.019672,0.013115,0.006557,0.0,0.019672,0.0,0.013115,0.0,0.0,0.013115,0.0,0.0,0.0,0.0,0.0,0.0,0.0,0.0,0.0,0.0,0.0,0.0,0.0
Zone_DH847,0.098214,0.116071,0.0625,0.035714,0.017857,0.017857,0.0,0.0,0.0,0.0,0.0,0.0,0.008929,0.0,0.0,0.0,0.017857,0.0625,0.053571,0.125,0.169643,0.080357,0.008929,0.0,0.008929,0.0,0.035714,0.0,0.008929,0.008929,0.026786,0.008929,0.0,0.0,0.008929,0.017857,0.243697,0.0,0.004202,0.0,0.0,0.0,0.0,0.004202,0.004202,0.004202,0.008403,0.004202,0.0,0.008403,0.016807,0.021008,0.05042,0.088235,0.088235,0.07563,0.033613,0.021008,0.008403,0.008403,0.012605,0.008403,0.012605,0.021008,0.004202,0.008403,0.004202,0.008403,0.016807,0.021008,0.067227,0.121849,0.044643,0.044643,0.071429,0.080357,0.116071,0.080357,0.071429,0.071429,0.071429,0.026786,0.044643,0.053571,0.035714,0.026786,0.017857,0.0,0.017857,0.026786,0.008929,0.0,0.0,0.017857,0.0,0.008929,0.008929,0.008929,0.017857,0.0,0.0,0.008929,0.008929,0.0,0.0,0.0,0.0,0.0,0.0,0.0,0.0,0.008929
Zone_DH848,0.105263,0.070175,0.052632,0.070175,0.0,0.0,0.017544,0.0,0.0,0.0,0.0,0.0,0.017544,0.0,0.0,0.0,0.017544,0.035088,0.052632,0.175439,0.140351,0.087719,0.017544,0.0,0.017544,0.0,0.070175,0.0,0.017544,0.0,0.017544,0.0,0.0,0.0,0.0,0.017544,0.281106,0.0,0.009217,0.0,0.0,0.0,0.0,0.0,0.009217,0.0,0.0,0.0,0.0,0.009217,0.009217,0.02765,0.036866,0.082949,0.064516,0.046083,0.02765,0.018433,0.0,0.018433,0.018433,0.009217,0.009217,0.036866,0.0,0.018433,0.009217,0.018433,0.009217,0.0,0.064516,0.165899,0.052632,0.052632,0.105263,0.087719,0.122807,0.087719,0.105263,0.017544,0.052632,0.035088,0.035088,0.035088,0.070175,0.017544,0.017544,0.0,0.0,0.0,0.0,0.0,0.017544,0.0,0.0,0.0,0.017544,0.0,0.0,0.0,0.0,0.017544,0.017544,0.0,0.0,0.017544,0.0,0.0,0.0,0.0,0.0,0.017544
Zone_DH849,0.104167,0.0625,0.0,0.0625,0.0,0.020833,0.020833,0.0,0.0,0.0,0.0,0.041667,0.0,0.0,0.0,0.020833,0.020833,0.041667,0.083333,0.25,0.041667,0.041667,0.041667,0.0,0.020833,0.041667,0.0,0.020833,0.0,0.0,0.0,0.020833,0.041667,0.0,0.0,0.0,0.272727,0.0,0.0,0.011364,0.011364,0.0,0.0,0.0,0.011364,0.011364,0.011364,0.0,0.011364,0.022727,0.011364,0.034091,0.034091,0.045455,0.034091,0.034091,0.034091,0.056818,0.022727,0.011364,0.011364,0.022727,0.011364,0.034091,0.0,0.022727,0.022727,0.0,0.011364,0.0,0.011364,0.170455,0.0,0.020833,0.041667,0.208333,0.083333,0.104167,0.020833,0.020833,0.041667,0.083333,0.041667,0.020833,0.0625,0.020833,0.020833,0.041667,0.0,0.041667,0.0,0.0,0.0625,0.0,0.0,0.0,0.020833,0.0,0.0,0.0,0.0,0.020833,0.0,0.0,0.0,0.020833,0.0,0.0,0.0,0.0,0.0,0.0
Zone_DH850,0.122449,0.040816,0.0,0.0,0.0,0.020408,0.020408,0.0,0.0,0.0,0.0,0.040816,0.0,0.0,0.0,0.020408,0.020408,0.061224,0.081633,0.22449,0.040816,0.040816,0.040816,0.0,0.020408,0.040816,0.0,0.061224,0.0,0.0,0.0,0.020408,0.040816,0.0,0.0,0.040816,0.28655,0.0,0.0,0.011696,0.011696,0.0,0.0,0.0,0.023392,0.011696,0.023392,0.0,0.011696,0.011696,0.0,0.046784,0.035088,0.035088,0.035088,0.035088,0.035088,0.046784,0.023392,0.0,0.011696,0.023392,0.011696,0.035088,0.0,0.023392,0.011696,0.0,0.011696,0.0,0.023392,0.163743,0.0,0.020408,0.081633,0.183673,0.081633,0.142857,0.0,0.020408,0.040816,0.040816,0.040816,0.040816,0.040816,0.0,0.0,0.040816,0.0,0.061224,0.0,0.020408,0.061224,0.0,0.0,0.0,0.020408,0.0,0.0,0.0,0.0,0.020408,0.0,0.020408,0.0,0.0,0.020408,0.0,0.0,0.0,0.0,0.0
Zone_DH851,0.125,0.0,0.0,0.0,0.0,0.0,0.0625,0.0,0.0,0.0,0.0,0.0,0.0,0.0,0.0,0.0625,0.0625,0.1875,0.0625,0.0,0.0625,0.0625,0.0,0.0,0.0,0.0625,0.0,0.125,0.0,0.0,0.0,0.0,0.0,0.0,0.0,0.125,0.380952,0.0,0.0,0.0,0.0,0.0,0.0,0.0,0.047619,0.0,0.047619,0.0,0.0,0.0,0.0,0.095238,0.0,0.047619,0.095238,0.0,0.095238,0.0,0.0,0.0,0.0,0.0,0.0,0.0,0.0,0.0,0.0,0.0,0.0,0.0,0.047619,0.142857,0.0,0.0625,0.125,0.125,0.0,0.25,0.0,0.0,0.0,0.0,0.0625,0.0625,0.0625,0.0,0.0,0.0,0.0,0.0625,0.0,0.0625,0.0,0.0,0.0,0.0,0.0,0.0,0.0,0.0,0.0,0.0,0.0,0.0625,0.0,0.0,0.0625,0.0,0.0,0.0,0.0,0.0
Zone_DH856,0.109375,0.070312,0.054688,0.03125,0.03125,0.015625,0.03125,0.0,0.0,0.0,0.03125,0.0,0.0,0.015625,0.0,0.03125,0.015625,0.0625,0.09375,0.078125,0.09375,0.03125,0.03125,0.015625,0.015625,0.015625,0.0,0.0,0.0,0.015625,0.0,0.0,0.015625,0.0,0.03125,0.0625,0.228782,0.00738,0.00738,0.0,0.0,0.00738,0.00738,0.00738,0.00738,0.0,0.00738,0.01476,0.00738,0.01845,0.02952,0.02952,0.0369,0.055351,0.070111,0.04059,0.04059,0.04428,0.03321,0.00738,0.01476,0.00738,0.0,0.00738,0.01476,0.02952,0.01476,0.01476,0.01476,0.04428,0.0369,0.092251,0.109375,0.109375,0.0625,0.03125,0.140625,0.0625,0.09375,0.03125,0.03125,0.03125,0.015625,0.0625,0.015625,0.015625,0.015625,0.015625,0.0,0.0,0.03125,0.015625,0.015625,0.0,0.015625,0.0,0.015625,0.015625,0.015625,0.015625,0.0,0.0,0.0,0.015625,0.0,0.0,0.0,0.0,0.0,0.0,0.0,0.0
Zone_DH857,0.139535,0.052326,0.069767,0.02907,0.023256,0.011628,0.023256,0.0,0.0,0.0,0.023256,0.0,0.0,0.011628,0.0,0.023256,0.011628,0.046512,0.209302,0.05814,0.069767,0.046512,0.023256,0.011628,0.011628,0.011628,0.0,0.0,0.0,0.011628,0.0,0.0,0.011628,0.0,0.023256,0.046512,0.233618,0.011396,0.005698,0.0,0.0,0.005698,0.005698,0.005698,0.005698,0.0,0.005698,0.011396,0.008547,0.014245,0.022792,0.022792,0.034188,0.074074,0.094017,0.045584,0.031339,0.034188,0.025641,0.008547,0.011396,0.005698,0.0,0.005698,0.011396,0.022792,0.011396,0.017094,0.011396,0.039886,0.02849,0.128205,0.093023,0.081395,0.05814,0.139535,0.104651,0.05814,0.069767,0.034884,0.023256,0.023256,0.011628,0.05814,0.011628,0.011628,0.011628,0.011628,0.011628,0.0,0.023256,0.011628,0.011628,0.023256,0.011628,0.0,0.023256,0.011628,0.011628,0.011628,0.0,0.0,0.0,0.011628,0.0,0.0,0.0,0.011628,0.0,0.0,0.011628,0.011628
Zone_DH858,0.274725,0.049451,0.016484,0.0,0.010989,0.010989,0.010989,0.0,0.0,0.0,0.0,0.0,0.0,0.010989,0.0,0.010989,0.0,0.021978,0.483516,0.032967,0.021978,0.010989,0.0,0.0,0.0,0.0,0.0,0.0,0.0,0.0,0.0,0.0,0.0,0.0,0.021978,0.010989,0.247222,0.005556,0.005556,0.0,0.0,0.0,0.0,0.005556,0.0,0.0,0.0,0.0,0.005556,0.002778,0.005556,0.005556,0.022222,0.180556,0.180556,0.019444,0.008333,0.016667,0.008333,0.0,0.005556,0.0,0.0,0.005556,0.0,0.005556,0.005556,0.005556,0.0,0.005556,0.011111,0.236111,0.032967,0.087912,0.076923,0.318681,0.054945,0.010989,0.010989,0.043956,0.010989,0.010989,0.0,0.032967,0.0,0.010989,0.021978,0.0,0.021978,0.010989,0.032967,0.0,0.021978,0.021978,0.0,0.0,0.010989,0.010989,0.021978,0.010989,0.010989,0.021978,0.0,0.010989,0.0,0.0,0.0,0.010989,0.0,0.021978,0.021978,0.010989
Zone_DH859,0.294118,0.0,0.014706,0.014706,0.0,0.0,0.0,0.0,0.0,0.0,0.0,0.0,0.014706,0.0,0.014706,0.0,0.0,0.029412,0.470588,0.0,0.029412,0.0,0.0,0.014706,0.0,0.014706,0.014706,0.0,0.0,0.0,0.0,0.0,0.014706,0.014706,0.044118,0.0,0.255639,0.007519,0.007519,0.0,0.0,0.0,0.0,0.007519,0.0,0.007519,0.007519,0.0,0.007519,0.015038,0.0,0.007519,0.022556,0.180451,0.172932,0.015038,0.007519,0.0,0.007519,0.0,0.0,0.007519,0.0,0.007519,0.0,0.0,0.0,0.007519,0.007519,0.0,0.015038,0.225564,0.0,0.014706,0.029412,0.323529,0.014706,0.014706,0.058824,0.058824,0.014706,0.014706,0.014706,0.029412,0.014706,0.044118,0.044118,0.0,0.044118,0.014706,0.014706,0.0,0.014706,0.0,0.0,0.0,0.014706,0.014706,0.014706,0.0,0.014706,0.029412,0.0,0.014706,0.0,0.0,0.0,0.014706,0.0,0.029412,0.029412,0.044118
Zone_DH860,0.020408,0.040816,0.086735,0.030612,0.010204,0.0,0.0,0.010204,0.0,0.0,0.010204,0.020408,0.020408,0.010204,0.010204,0.010204,0.020408,0.107143,0.061224,0.061224,0.071429,0.015306,0.020408,0.02551,0.010204,0.030612,0.020408,0.010204,0.0,0.010204,0.020408,0.010204,0.010204,0.020408,0.05102,0.142857,0.231056,0.007453,0.016149,0.002484,0.004969,0.002484,0.0,0.004969,0.004969,0.009938,0.009938,0.004969,0.017391,0.009938,0.009938,0.007453,0.06087,0.081988,0.063354,0.04472,0.034783,0.004969,0.012422,0.004969,0.004969,0.012422,0.004969,0.02236,0.024845,0.0,0.009938,0.004969,0.028571,0.045963,0.055901,0.132919,0.081633,0.076531,0.096939,0.117347,0.040816,0.040816,0.091837,0.040816,0.020408,0.010204,0.02551,0.030612,0.020408,0.040816,0.040816,0.010204,0.015306,0.02551,0.010204,0.0,0.020408,0.010204,0.0,0.010204,0.0,0.0,0.0,0.015306,0.0,0.010204,0.010204,0.020408,0.020408,0.005102,0.0,0.010204,0.0,0.0,0.0,0.030612
Zone_DH861,0.037383,0.023364,0.03972,0.009346,0.004673,0.0,0.0,0.009346,0.004673,0.004673,0.004673,0.004673,0.009346,0.014019,0.0,0.018692,0.004673,0.32243,0.028037,0.03271,0.03271,0.007009,0.014019,0.016355,0.004673,0.018692,0.007009,0.007009,0.0,0.0,0.004673,0.0,0.004673,0.004673,0.025701,0.280374,0.210293,0.00332,0.004981,0.00332,0.002214,0.001107,0.002214,0.0,0.002214,0.002214,0.004427,0.005534,0.009961,0.00332,0.009961,0.008854,0.024903,0.162701,0.174322,0.016602,0.016602,0.00332,0.00332,0.004427,0.00332,0.014388,0.006087,0.016602,0.017709,0.004427,0.004427,0.002214,0.012728,0.024903,0.032651,0.18041,0.098131,0.051402,0.088785,0.077103,0.212617,0.030374,0.056075,0.03972,0.025701,0.056075,0.035047,0.023364,0.014019,0.014019,0.014019,0.002336,0.028037,0.03271,0.004673,0.009346,0.011682,0.004673,0.002336,0.004673,0.0,0.0,0.004673,0.007009,0.004673,0.011682,0.004673,0.004673,0.009346,0.002336,0.0,0.004673,0.0,0.0,0.0,0.009346
Zone_DH862,0.024306,0.006944,0.003472,0.003472,0.0,0.0,0.003472,0.010417,0.010417,0.010417,0.0,0.003472,0.0,0.008681,0.005208,0.015625,0.015625,0.402778,0.029514,0.017361,0.006944,0.005208,0.003472,0.013889,0.003472,0.010417,0.006944,0.005208,0.0,0.0,0.003472,0.003472,0.0,0.0,0.015625,0.350694,0.203755,0.0,0.0,0.002289,0.001832,0.000916,0.001832,0.001832,0.0,0.001832,0.0,0.002747,0.004579,0.005495,0.013278,0.008242,0.009615,0.194597,0.209707,0.012363,0.008242,0.007784,0.002747,0.00641,0.008242,0.01511,0.008242,0.020604,0.010073,0.009158,0.005952,0.002289,0.002747,0.014652,0.024725,0.178114,0.104167,0.0625,0.085069,0.085069,0.265625,0.055556,0.03125,0.03125,0.027778,0.060764,0.039931,0.029514,0.013889,0.003472,0.0,0.005208,0.026042,0.015625,0.008681,0.010417,0.001736,0.003472,0.001736,0.003472,0.0,0.0,0.003472,0.003472,0.003472,0.005208,0.0,0.0,0.0,0.0,0.0,0.0,0.003472,0.0,0.0,0.008681
Zone_DH863,0.011013,0.013216,0.0,0.004405,0.0,0.0,0.004405,0.008811,0.037445,0.017621,0.0,0.004405,0.004405,0.011013,0.006608,0.011013,0.011013,0.396476,0.035242,0.013216,0.006608,0.011013,0.0,0.011013,0.004405,0.004405,0.008811,0.011013,0.0,0.0,0.004405,0.004405,0.002203,0.0,0.013216,0.328194,0.196292,0.0,0.0,0.0,0.0,0.000639,0.002558,0.0,0.001279,0.007033,0.000639,0.003836,0.005754,0.009591,0.014066,0.004476,0.005754,0.196292,0.199488,0.008312,0.007673,0.012148,0.003836,0.007673,0.01023,0.019821,0.017903,0.028772,0.007033,0.012788,0.009591,0.001279,0.001279,0.015345,0.017263,0.171355,0.127753,0.048458,0.066079,0.10793,0.26652,0.081498,0.022026,0.013216,0.022026,0.066079,0.044053,0.03304,0.011013,0.006608,0.0,0.008811,0.026432,0.002203,0.008811,0.004405,0.008811,0.004405,0.0,0.004405,0.0,0.0,0.0,0.004405,0.0,0.0,0.0,0.0,0.004405,0.0,0.0,0.0,0.004405,0.0,0.0,0.002203
Zone_DH864,0.007634,0.015267,0.0,0.007634,0.007634,0.007634,0.007634,0.007634,0.045802,0.022901,0.0,0.0,0.007634,0.003817,0.01145,0.034351,0.022901,0.305344,0.045802,0.022901,0.019084,0.01145,0.007634,0.003817,0.015267,0.0,0.007634,0.022901,0.0,0.0,0.007634,0.0,0.01145,0.007634,0.022901,0.278626,0.188053,0.004425,0.0,0.0,0.004425,0.005531,0.004425,0.0,0.006637,0.012168,0.005531,0.0,0.009956,0.016593,0.013274,0.007743,0.011062,0.158186,0.165929,0.015487,0.013274,0.018805,0.013274,0.004425,0.019912,0.005531,0.025442,0.022124,0.003319,0.017699,0.021018,0.002212,0.015487,0.022124,0.025442,0.140487,0.137405,0.045802,0.045802,0.148855,0.141221,0.10687,0.007634,0.015267,0.022901,0.034351,0.053435,0.053435,0.022901,0.01145,0.0,0.01145,0.034351,0.007634,0.019084,0.015267,0.01145,0.007634,0.0,0.0,0.0,0.0,0.0,0.007634,0.0,0.007634,0.0,0.007634,0.007634,0.0,0.0,0.0,0.0,0.007634,0.0,0.007634
Zone_DH865,0.0,0.036364,0.036364,0.036364,0.036364,0.036364,0.0,0.036364,0.018182,0.0,0.0,0.0,0.0,0.036364,0.0,0.109091,0.109091,0.036364,0.072727,0.036364,0.072727,0.0,0.036364,0.0,0.036364,0.0,0.072727,0.036364,0.0,0.0,0.0,0.0,0.036364,0.036364,0.036364,0.0,0.236842,0.017544,0.0,0.0,0.017544,0.017544,0.017544,0.0,0.017544,0.0,0.017544,0.035088,0.017544,0.052632,0.0,0.0,0.017544,0.0,0.061404,0.070175,0.0,0.017544,0.035088,0.0,0.017544,0.0,0.017544,0.035088,0.0,0.017544,0.070175,0.017544,0.052632,0.052632,0.035088,0.035088,0.072727,0.0,0.018182,0.0,0.0,0.072727,0.0,0.036364,0.036364,0.0,0.036364,0.072727,0.072727,0.0,0.0,0.036364,0.036364,0.145455,0.072727,0.036364,0.0,0.0,0.0,0.0,0.0,0.0,0.0,0.036364,0.0,0.036364,0.0,0.036364,0.036364,0.0,0.0,0.0,0.0,0.072727,0.0,0.036364
Zone_DH866,0.0,0.0,0.058824,0.058824,0.0,0.0,0.0,0.0,0.0,0.0,0.0,0.0,0.058824,0.058824,0.0,0.117647,0.176471,0.0,0.058824,0.0,0.0,0.0,0.058824,0.0,0.0,0.0,0.058824,0.058824,0.0,0.0,0.0,0.0,0.058824,0.058824,0.058824,0.058824,0.269841,0.0,0.0,0.0,0.0,0.031746,0.0,0.0,0.0,0.0,0.031746,0.063492,0.031746,0.063492,0.0,0.0,0.031746,0.0,0.063492,0.063492,0.0,0.0,0.031746,0.0,0.031746,0.0,0.0,0.031746,0.0,0.031746,0.063492,0.031746,0.0,0.031746,0.031746,0.063492,0.058824,0.0,0.0,0.0,0.0,0.058824,0.0,0.0,0.058824,0.0,0.058824,0.0,0.058824,0.0,0.058824,0.058824,0.0,0.176471,0.117647,0.058824,0.0,0.0,0.0,0.0,0.0,0.0,0.0,0.0,0.0,0.0,0.0,0.0,0.058824,0.0,0.0,0.0,0.058824,0.058824,0.0,0.058824
Zone_DH868,0.0,0.071429,0.071429,0.0,0.0,0.071429,0.0,0.0,0.0,0.0,0.0,0.0,0.071429,0.0,0.0,0.0,0.142857,0.071429,0.071429,0.0,0.0,0.071429,0.0,0.0,0.0,0.071429,0.0,0.071429,0.0,0.0,0.0,0.0,0.0,0.071429,0.0,0.142857,0.26,0.04,0.0,0.0,0.0,0.0,0.0,0.0,0.04,0.0,0.0,0.0,0.04,0.02,0.04,0.04,0.04,0.0,0.04,0.0,0.0,0.0,0.0,0.0,0.04,0.04,0.0,0.04,0.04,0.0,0.04,0.0,0.04,0.08,0.12,0.0,0.0,0.0,0.0,0.0,0.071429,0.071429,0.142857,0.0,0.0,0.0,0.0,0.0,0.071429,0.0,0.071429,0.0,0.071429,0.071429,0.071429,0.0,0.0,0.0,0.0,0.142857,0.0,0.0,0.0,0.0,0.0,0.0,0.0,0.0,0.035714,0.0,0.0,0.035714,0.0,0.0,0.0,0.142857
Zone_DH869,0.0,0.076923,0.076923,0.0,0.0,0.076923,0.0,0.076923,0.0,0.0,0.0,0.0,0.076923,0.0,0.0,0.0,0.076923,0.0,0.076923,0.0,0.0,0.0,0.0,0.0,0.076923,0.076923,0.076923,0.076923,0.0,0.0,0.0,0.0,0.0,0.076923,0.0,0.076923,0.307692,0.051282,0.0,0.0,0.0,0.0,0.0,0.0,0.0,0.0,0.0,0.0,0.0,0.025641,0.0,0.051282,0.051282,0.0,0.102564,0.0,0.051282,0.0,0.0,0.0,0.0,0.0,0.0,0.153846,0.051282,0.0,0.0,0.0,0.0,0.051282,0.102564,0.0,0.0,0.0,0.0,0.0,0.076923,0.076923,0.0,0.0,0.0,0.0,0.0,0.0,0.153846,0.0,0.0,0.0,0.076923,0.0,0.0,0.076923,0.0,0.0,0.0,0.153846,0.076923,0.0,0.0,0.0,0.0,0.0,0.0,0.0,0.038462,0.0,0.0,0.038462,0.0,0.0,0.0,0.230769
Zone_DH870,0.0,0.166667,0.0,0.0,0.0,0.0,0.0,0.0,0.0,0.0,0.0,0.0,0.083333,0.083333,0.0,0.0,0.083333,0.0,0.0,0.083333,0.0,0.083333,0.0,0.0,0.0,0.0,0.083333,0.083333,0.0,0.0,0.0,0.083333,0.0,0.0,0.0,0.166667,0.323529,0.0,0.0,0.0,0.0,0.0,0.0,0.0,0.0,0.0,0.058824,0.0,0.0,0.058824,0.0,0.058824,0.117647,0.0,0.0,0.058824,0.088235,0.0,0.0,0.0,0.0,0.0,0.0,0.0,0.0,0.0,0.117647,0.058824,0.0,0.0,0.0,0.058824,0.083333,0.0,0.0,0.0,0.083333,0.0,0.0,0.0,0.083333,0.0,0.083333,0.083333,0.083333,0.0,0.0,0.083333,0.0,0.0,0.0,0.0,0.0,0.0,0.0,0.0,0.0,0.0,0.0,0.0,0.0,0.0,0.083333,0.0,0.041667,0.0,0.0,0.125,0.0,0.0,0.0,0.166667
Zone_DH871,0.0,0.111111,0.074074,0.074074,0.0,0.0,0.037037,0.0,0.037037,0.0,0.0,0.0,0.037037,0.074074,0.0,0.037037,0.037037,0.0,0.0,0.074074,0.037037,0.0,0.037037,0.0,0.074074,0.037037,0.0,0.0,0.0,0.037037,0.074074,0.037037,0.0,0.0,0.0,0.074074,0.262136,0.0,0.0,0.0,0.0,0.038835,0.019417,0.0,0.0,0.0,0.019417,0.0,0.0,0.038835,0.038835,0.019417,0.058252,0.038835,0.019417,0.019417,0.019417,0.0,0.019417,0.058252,0.019417,0.038835,0.0,0.058252,0.0,0.0,0.058252,0.019417,0.038835,0.019417,0.038835,0.038835,0.074074,0.0,0.0,0.037037,0.037037,0.0,0.0,0.037037,0.111111,0.074074,0.037037,0.111111,0.037037,0.0,0.0,0.037037,0.0,0.0,0.0,0.0,0.0,0.0,0.0,0.0,0.037037,0.0,0.037037,0.0,0.0,0.0,0.074074,0.0,0.0,0.037037,0.0,0.037037,0.0,0.0,0.0,0.185185
Zone_DH872,0.0,0.045455,0.090909,0.045455,0.0,0.0,0.045455,0.0,0.045455,0.0,0.0,0.0,0.045455,0.045455,0.0,0.045455,0.0,0.0,0.0,0.136364,0.045455,0.0,0.045455,0.0,0.090909,0.045455,0.0,0.0,0.0,0.045455,0.090909,0.0,0.0,0.0,0.0,0.090909,0.261905,0.0,0.0,0.0,0.0,0.047619,0.02381,0.0,0.0,0.0,0.02381,0.0,0.0,0.02381,0.02381,0.0,0.071429,0.047619,0.02381,0.047619,0.0,0.0,0.02381,0.071429,0.02381,0.047619,0.0,0.071429,0.0,0.0,0.02381,0.02381,0.02381,0.02381,0.047619,0.02381,0.045455,0.0,0.0,0.045455,0.0,0.0,0.0,0.045455,0.136364,0.090909,0.045455,0.136364,0.045455,0.0,0.0,0.0,0.0,0.0,0.0,0.0,0.0,0.0,0.0,0.0,0.045455,0.0,0.045455,0.0,0.0,0.0,0.045455,0.0,0.0,0.045455,0.0,0.0,0.0,0.0,0.0,0.227273
